{"v":"4.7.0","fr":30,"ip":0,"op":94,"w":1920,"h":1080,"nm":"Comp 2","ddd":0,"assets":[],"layers":[{"ddd":0,"ind":1,"ty":4,"nm":"Shape Layer 1","ks":{"o":{"a":0,"k":100},"r":{"a":0,"k":0},"p":{"a":0,"k":[819,550,0]},"a":{"a":0,"k":[0,0,0]},"s":{"a":0,"k":[109.339,111.163,100]}},"ao":0,"ef":[{"ty":5,"nm":"Glow","mn":"ADBE Glo2","ix":1,"en":1,"ef":[{"ty":7,"nm":"Glow Based On","mn":"ADBE Glo2-0001","ix":1,"v":{"a":0,"k":2}},{"ty":0,"nm":"Glow Threshold","mn":"ADBE Glo2-0002","ix":2,"v":{"a":0,"k":153}},{"ty":0,"nm":"Glow Radius","mn":"ADBE Glo2-0003","ix":3,"v":{"a":0,"k":22}},{"ty":0,"nm":"Glow Intensity","mn":"ADBE Glo2-0004","ix":4,"v":{"a":0,"k":1}},{"ty":7,"nm":"Composite Original","mn":"ADBE Glo2-0005","ix":5,"v":{"a":0,"k":1}},{"ty":7,"nm":"Glow Operation","mn":"ADBE Glo2-0006","ix":6,"v":{"a":0,"k":3}},{"ty":7,"nm":"Glow Colors","mn":"ADBE Glo2-0007","ix":7,"v":{"a":0,"k":2}},{"ty":7,"nm":"Color Looping","mn":"ADBE Glo2-0008","ix":8,"v":{"a":0,"k":3}},{"ty":0,"nm":"Color Loops","mn":"ADBE Glo2-0009","ix":9,"v":{"a":0,"k":1}},{"ty":0,"nm":"Color Phase","mn":"ADBE Glo2-0010","ix":10,"v":{"a":0,"k":8}},{"ty":0,"nm":"A & B Midpoint","mn":"ADBE Glo2-0011","ix":11,"v":{"a":0,"k":0.5}},{"ty":2,"nm":"Color A","mn":"ADBE Glo2-0012","ix":12,"v":{"a":0,"k":[1,1,1,0]}},{"ty":2,"nm":"Color B","mn":"ADBE Glo2-0013","ix":13,"v":{"a":0,"k":[0,0,0,0]}},{"ty":7,"nm":"Glow Dimensions","mn":"ADBE Glo2-0014","ix":14,"v":{"a":0,"k":1}},{"ty":7,"nm":"GPU Rendering","mn":"ADBE Force CPU GPU","ix":15,"v":{"a":0,"k":1}}]}],"shapes":[{"ty":"gr","it":[{"ind":0,"ty":"sh","ix":1,"ks":{"a":0,"k":{"i":[[0,0],[-28.277,1.178],[-56.717,6.945],[-49,2],[-65,-4],[-43.097,0.756],[-50,-1],[-38,0],[-58,-2],[-58.624,6.727],[-43.087,-1.231],[0,0]],"o":[[0,0],[72,-3],[49,-6],[57.093,-2.33],[40.727,2.506],[57,-1],[56.069,1.121],[66.708,0],[59.964,2.068],[61,-7],[35,1],[0,0]],"v":[[-514,-187],[-350,37],[-211,-190],[-97,32],[27,-196],[137,31],[248,-205],[360,32],[486,-214],[615,37],[719,-215],[868,33]],"c":false}},"nm":"Path 1","mn":"ADBE Vector Shape - Group"},{"ty":"gs","o":{"a":0,"k":100},"w":{"a":0,"k":25},"g":{"p":3,"k":{"a":0,"k":[0,0.405,0.024,0.983,0.426,0.3,0.414,0.956,1,0.195,0.803,0.93]}},"s":{"a":0,"k":[0,0]},"e":{"a":0,"k":[100,0]},"t":1,"lc":2,"lj":1,"ml":4,"nm":"Gradient Stroke 1","mn":"ADBE Vector Graphic - G-Stroke"},{"ty":"tr","p":{"a":0,"k":[-91.359,46.511],"ix":2},"a":{"a":0,"k":[0,0],"ix":1},"s":{"a":0,"k":[122.495,114.732],"ix":3},"r":{"a":0,"k":0,"ix":6},"o":{"a":0,"k":100,"ix":7},"sk":{"a":0,"k":0,"ix":4},"sa":{"a":0,"k":0,"ix":5},"nm":"Transform"}],"nm":"Shape 1","np":3,"cix":2,"ix":1,"mn":"ADBE Vector Group"},{"ty":"tm","s":{"a":1,"k":[{"i":{"x":[0.667],"y":[1]},"o":{"x":[0.333],"y":[0]},"n":["0p667_1_0p333_0"],"t":32,"s":[0],"e":[100]},{"t":92}],"ix":1},"e":{"a":1,"k":[{"i":{"x":[0.667],"y":[1]},"o":{"x":[0.333],"y":[0]},"n":["0p667_1_0p333_0"],"t":0,"s":[0],"e":[100]},{"t":60}],"ix":2},"o":{"a":0,"k":0,"ix":3},"m":1,"ix":2,"nm":"Trim Paths 1","mn":"ADBE Vector Filter - Trim"}],"ip":0,"op":94,"st":0,"bm":0,"sr":1},{"ddd":0,"ind":2,"ty":1,"nm":"Dark Red Solid 2","ks":{"o":{"a":0,"k":100},"r":{"a":0,"k":0},"p":{"a":0,"k":[960,540,0]},"a":{"a":0,"k":[960,540,0]},"s":{"a":0,"k":[100,100,100]}},"ao":0,"sw":1920,"sh":1080,"sc":"#030303","ip":0,"op":94,"st":0,"bm":0,"sr":1}]}