{"v":"4.11.1","fr":60,"ip":0,"op":157,"w":1920,"h":1080,"nm":"Comp 5","ddd":0,"assets":[],"fonts":{"list":[{"fName":"MarckScript-Regular","fFamily":"Marck Script","fStyle":"Regular","ascent":69.1214263435686}]},"layers":[{"ddd":0,"ind":1,"ty":5,"nm":"Happy  Diwali","sr":1,"ks":{"o":{"a":0,"k":100,"ix":11},"r":{"a":1,"k":[{"i":{"x":[0.123],"y":[1]},"o":{"x":[0.938],"y":[0]},"n":["0p123_1_0p938_0"],"t":15,"s":[0],"e":[360]},{"t":21}],"ix":10},"p":{"a":0,"k":[956,524,0],"ix":2},"a":{"a":0,"k":[0,0,0],"ix":1},"s":{"a":1,"k":[{"i":{"x":[0,0,0.667],"y":[1,1,1]},"o":{"x":[0.815,0.815,0.333],"y":[0,0,0]},"n":["0_1_0p815_0","0_1_0p815_0","0p667_1_0p333_0"],"t":15,"s":[19,19,100],"e":[105,105,100]},{"t":21}],"ix":6}},"ao":0,"t":{"d":{"k":[{"s":{"s":108,"f":"MarckScript-Regular","t":"Happy \rDiwali","j":2,"tr":-25,"lh":119,"ls":15,"fc":[0.03,0.81,0.97],"sc":[0.04,0.93,0.98],"sw":6,"of":true},"t":0}]},"p":{},"m":{"g":1,"a":{"a":0,"k":[0,0],"ix":2}},"a":[]},"ip":0,"op":158,"st":0,"bm":0},{"ddd":0,"ind":2,"ty":4,"nm":"Shape Layer 14","sr":1,"ks":{"o":{"a":0,"k":100,"ix":11},"r":{"a":0,"k":0,"ix":10},"p":{"a":0,"k":[1682,232,0],"ix":2},"a":{"a":0,"k":[0,0,0],"ix":1},"s":{"a":0,"k":[100,100,100],"ix":6}},"ao":0,"shapes":[{"ty":"gr","it":[{"ind":0,"ty":"sh","ix":1,"ks":{"a":0,"k":{"i":[[0,0],[0,0]],"o":[[0,0],[0,0]],"v":[[1,0],[0,-340]],"c":false},"ix":2},"nm":"Path 1","mn":"ADBE Vector Shape - Group","hd":false},{"ty":"tm","s":{"a":1,"k":[{"i":{"x":[0.667],"y":[1]},"o":{"x":[0.333],"y":[0]},"n":["0p667_1_0p333_0"],"t":115,"s":[0],"e":[100]},{"t":136}],"ix":1},"e":{"a":1,"k":[{"i":{"x":[0],"y":[1]},"o":{"x":[0.333],"y":[0]},"n":["0_1_0p333_0"],"t":121,"s":[0],"e":[100]},{"t":145}],"ix":2},"o":{"a":0,"k":0,"ix":3},"m":1,"ix":2,"nm":"Trim Paths 1","mn":"ADBE Vector Filter - Trim","hd":false},{"ty":"st","c":{"a":0,"k":[0.974448529412,0.95231143727,0.95231143727,1],"ix":3},"o":{"a":0,"k":100,"ix":4},"w":{"a":1,"k":[{"i":{"x":[0],"y":[1]},"o":{"x":[0.333],"y":[0]},"n":["0_1_0p333_0"],"t":115,"s":[35],"e":[6]},{"t":145}],"ix":5},"lc":1,"lj":1,"ml":4,"nm":"Stroke 1","mn":"ADBE Vector Graphic - Stroke","hd":false},{"ty":"rp","c":{"a":0,"k":12,"ix":1},"o":{"a":0,"k":0,"ix":2},"m":1,"ix":5,"tr":{"ty":"tr","p":{"a":0,"k":[0,0],"ix":2},"a":{"a":0,"k":[0,0],"ix":1},"s":{"a":0,"k":[100,100],"ix":3},"r":{"a":0,"k":30,"ix":4},"so":{"a":0,"k":100,"ix":5},"eo":{"a":0,"k":100,"ix":6},"nm":"Transform"},"nm":"Repeater 1","mn":"ADBE Vector Filter - Repeater","hd":false},{"ty":"tr","p":{"a":0,"k":[0,0],"ix":2},"a":{"a":0,"k":[0,0],"ix":1},"s":{"a":0,"k":[100,100],"ix":3},"r":{"a":0,"k":0,"ix":6},"o":{"a":0,"k":100,"ix":7},"sk":{"a":0,"k":0,"ix":4},"sa":{"a":0,"k":0,"ix":5},"nm":"Transform"}],"nm":"Shape 1","np":5,"cix":2,"ix":1,"mn":"ADBE Vector Group","hd":false}],"ip":115,"op":157,"st":115,"bm":0},{"ddd":0,"ind":3,"ty":4,"nm":"Shape Layer 13","sr":1,"ks":{"o":{"a":0,"k":100,"ix":11},"r":{"a":0,"k":0,"ix":10},"p":{"a":0,"k":[294,852,0],"ix":2},"a":{"a":0,"k":[0,0,0],"ix":1},"s":{"a":0,"k":[100,100,100],"ix":6}},"ao":0,"shapes":[{"ty":"gr","it":[{"ind":0,"ty":"sh","ix":1,"ks":{"a":0,"k":{"i":[[0,0],[0,0]],"o":[[0,0],[0,0]],"v":[[1,0],[0,-340]],"c":false},"ix":2},"nm":"Path 1","mn":"ADBE Vector Shape - Group","hd":false},{"ty":"tm","s":{"a":1,"k":[{"i":{"x":[0.667],"y":[1]},"o":{"x":[0.333],"y":[0]},"n":["0p667_1_0p333_0"],"t":115,"s":[0],"e":[100]},{"t":136}],"ix":1},"e":{"a":1,"k":[{"i":{"x":[0],"y":[1]},"o":{"x":[0.333],"y":[0]},"n":["0_1_0p333_0"],"t":121,"s":[0],"e":[100]},{"t":145}],"ix":2},"o":{"a":0,"k":0,"ix":3},"m":1,"ix":2,"nm":"Trim Paths 1","mn":"ADBE Vector Filter - Trim","hd":false},{"ty":"st","c":{"a":0,"k":[0.974448529412,0.95231143727,0.95231143727,1],"ix":3},"o":{"a":0,"k":100,"ix":4},"w":{"a":1,"k":[{"i":{"x":[0],"y":[1]},"o":{"x":[0.333],"y":[0]},"n":["0_1_0p333_0"],"t":115,"s":[35],"e":[6]},{"t":145}],"ix":5},"lc":1,"lj":1,"ml":4,"nm":"Stroke 1","mn":"ADBE Vector Graphic - Stroke","hd":false},{"ty":"rp","c":{"a":0,"k":12,"ix":1},"o":{"a":0,"k":0,"ix":2},"m":1,"ix":5,"tr":{"ty":"tr","p":{"a":0,"k":[0,0],"ix":2},"a":{"a":0,"k":[0,0],"ix":1},"s":{"a":0,"k":[100,100],"ix":3},"r":{"a":0,"k":30,"ix":4},"so":{"a":0,"k":100,"ix":5},"eo":{"a":0,"k":100,"ix":6},"nm":"Transform"},"nm":"Repeater 1","mn":"ADBE Vector Filter - Repeater","hd":false},{"ty":"tr","p":{"a":0,"k":[0,0],"ix":2},"a":{"a":0,"k":[0,0],"ix":1},"s":{"a":0,"k":[100,100],"ix":3},"r":{"a":0,"k":0,"ix":6},"o":{"a":0,"k":100,"ix":7},"sk":{"a":0,"k":0,"ix":4},"sa":{"a":0,"k":0,"ix":5},"nm":"Transform"}],"nm":"Shape 1","np":5,"cix":2,"ix":1,"mn":"ADBE Vector Group","hd":false}],"ip":115,"op":157,"st":115,"bm":0},{"ddd":0,"ind":4,"ty":4,"nm":"Shape Layer 12","sr":1,"ks":{"o":{"a":0,"k":100,"ix":11},"r":{"a":0,"k":0,"ix":10},"p":{"a":0,"k":[274,248,0],"ix":2},"a":{"a":0,"k":[0,0,0],"ix":1},"s":{"a":0,"k":[100,100,100],"ix":6}},"ao":0,"shapes":[{"ty":"gr","it":[{"ind":0,"ty":"sh","ix":1,"ks":{"a":0,"k":{"i":[[0,0],[0,0]],"o":[[0,0],[0,0]],"v":[[1,0],[0,-340]],"c":false},"ix":2},"nm":"Path 1","mn":"ADBE Vector Shape - Group","hd":false},{"ty":"tm","s":{"a":1,"k":[{"i":{"x":[0.667],"y":[1]},"o":{"x":[0.333],"y":[0]},"n":["0p667_1_0p333_0"],"t":104,"s":[0],"e":[100]},{"t":125}],"ix":1},"e":{"a":1,"k":[{"i":{"x":[0],"y":[1]},"o":{"x":[0.333],"y":[0]},"n":["0_1_0p333_0"],"t":110,"s":[0],"e":[100]},{"t":134}],"ix":2},"o":{"a":0,"k":0,"ix":3},"m":1,"ix":2,"nm":"Trim Paths 1","mn":"ADBE Vector Filter - Trim","hd":false},{"ty":"st","c":{"a":0,"k":[0.974448529412,0.95231143727,0.95231143727,1],"ix":3},"o":{"a":0,"k":100,"ix":4},"w":{"a":1,"k":[{"i":{"x":[0],"y":[1]},"o":{"x":[0.333],"y":[0]},"n":["0_1_0p333_0"],"t":104,"s":[35],"e":[6]},{"t":134}],"ix":5},"lc":1,"lj":1,"ml":4,"nm":"Stroke 1","mn":"ADBE Vector Graphic - Stroke","hd":false},{"ty":"rp","c":{"a":0,"k":12,"ix":1},"o":{"a":0,"k":0,"ix":2},"m":1,"ix":5,"tr":{"ty":"tr","p":{"a":0,"k":[0,0],"ix":2},"a":{"a":0,"k":[0,0],"ix":1},"s":{"a":0,"k":[100,100],"ix":3},"r":{"a":0,"k":30,"ix":4},"so":{"a":0,"k":100,"ix":5},"eo":{"a":0,"k":100,"ix":6},"nm":"Transform"},"nm":"Repeater 1","mn":"ADBE Vector Filter - Repeater","hd":false},{"ty":"tr","p":{"a":0,"k":[0,0],"ix":2},"a":{"a":0,"k":[0,0],"ix":1},"s":{"a":0,"k":[100,100],"ix":3},"r":{"a":0,"k":0,"ix":6},"o":{"a":0,"k":100,"ix":7},"sk":{"a":0,"k":0,"ix":4},"sa":{"a":0,"k":0,"ix":5},"nm":"Transform"}],"nm":"Shape 1","np":5,"cix":2,"ix":1,"mn":"ADBE Vector Group","hd":false}],"ip":104,"op":146,"st":104,"bm":0},{"ddd":0,"ind":5,"ty":4,"nm":"Shape Layer 11","sr":1,"ks":{"o":{"a":0,"k":100,"ix":11},"r":{"a":0,"k":0,"ix":10},"p":{"a":0,"k":[1578,792,0],"ix":2},"a":{"a":0,"k":[0,0,0],"ix":1},"s":{"a":0,"k":[100,100,100],"ix":6}},"ao":0,"shapes":[{"ty":"gr","it":[{"ind":0,"ty":"sh","ix":1,"ks":{"a":0,"k":{"i":[[0,0],[0,0]],"o":[[0,0],[0,0]],"v":[[1,0],[0,-340]],"c":false},"ix":2},"nm":"Path 1","mn":"ADBE Vector Shape - Group","hd":false},{"ty":"tm","s":{"a":1,"k":[{"i":{"x":[0.667],"y":[1]},"o":{"x":[0.333],"y":[0]},"n":["0p667_1_0p333_0"],"t":99,"s":[0],"e":[100]},{"t":120}],"ix":1},"e":{"a":1,"k":[{"i":{"x":[0],"y":[1]},"o":{"x":[0.333],"y":[0]},"n":["0_1_0p333_0"],"t":105,"s":[0],"e":[100]},{"t":129}],"ix":2},"o":{"a":0,"k":0,"ix":3},"m":1,"ix":2,"nm":"Trim Paths 1","mn":"ADBE Vector Filter - Trim","hd":false},{"ty":"st","c":{"a":0,"k":[0.974448529412,0.95231143727,0.95231143727,1],"ix":3},"o":{"a":0,"k":100,"ix":4},"w":{"a":1,"k":[{"i":{"x":[0],"y":[1]},"o":{"x":[0.333],"y":[0]},"n":["0_1_0p333_0"],"t":99,"s":[35],"e":[6]},{"t":129}],"ix":5},"lc":1,"lj":1,"ml":4,"nm":"Stroke 1","mn":"ADBE Vector Graphic - Stroke","hd":false},{"ty":"rp","c":{"a":0,"k":12,"ix":1},"o":{"a":0,"k":0,"ix":2},"m":1,"ix":5,"tr":{"ty":"tr","p":{"a":0,"k":[0,0],"ix":2},"a":{"a":0,"k":[0,0],"ix":1},"s":{"a":0,"k":[100,100],"ix":3},"r":{"a":0,"k":30,"ix":4},"so":{"a":0,"k":100,"ix":5},"eo":{"a":0,"k":100,"ix":6},"nm":"Transform"},"nm":"Repeater 1","mn":"ADBE Vector Filter - Repeater","hd":false},{"ty":"tr","p":{"a":0,"k":[0,0],"ix":2},"a":{"a":0,"k":[0,0],"ix":1},"s":{"a":0,"k":[100,100],"ix":3},"r":{"a":0,"k":0,"ix":6},"o":{"a":0,"k":100,"ix":7},"sk":{"a":0,"k":0,"ix":4},"sa":{"a":0,"k":0,"ix":5},"nm":"Transform"}],"nm":"Shape 1","np":5,"cix":2,"ix":1,"mn":"ADBE Vector Group","hd":false}],"ip":99,"op":141,"st":99,"bm":0},{"ddd":0,"ind":6,"ty":4,"nm":"Shape Layer 10","sr":1,"ks":{"o":{"a":0,"k":100,"ix":11},"r":{"a":0,"k":0,"ix":10},"p":{"a":0,"k":[962,544,0],"ix":2},"a":{"a":0,"k":[0,0,0],"ix":1},"s":{"a":0,"k":[100,100,100],"ix":6}},"ao":0,"shapes":[{"ty":"gr","it":[{"ind":0,"ty":"sh","ix":1,"ks":{"a":0,"k":{"i":[[0,0],[0,0]],"o":[[0,0],[0,0]],"v":[[1,0],[0,-340]],"c":false},"ix":2},"nm":"Path 1","mn":"ADBE Vector Shape - Group","hd":false},{"ty":"tm","s":{"a":1,"k":[{"i":{"x":[0.667],"y":[1]},"o":{"x":[0.333],"y":[0]},"n":["0p667_1_0p333_0"],"t":99,"s":[0],"e":[100]},{"t":120}],"ix":1},"e":{"a":1,"k":[{"i":{"x":[0],"y":[1]},"o":{"x":[0.333],"y":[0]},"n":["0_1_0p333_0"],"t":105,"s":[0],"e":[100]},{"t":129}],"ix":2},"o":{"a":0,"k":0,"ix":3},"m":1,"ix":2,"nm":"Trim Paths 1","mn":"ADBE Vector Filter - Trim","hd":false},{"ty":"st","c":{"a":0,"k":[0.974448529412,0.95231143727,0.95231143727,1],"ix":3},"o":{"a":0,"k":100,"ix":4},"w":{"a":1,"k":[{"i":{"x":[0],"y":[1]},"o":{"x":[0.333],"y":[0]},"n":["0_1_0p333_0"],"t":99,"s":[35],"e":[6]},{"t":129}],"ix":5},"lc":1,"lj":1,"ml":4,"nm":"Stroke 1","mn":"ADBE Vector Graphic - Stroke","hd":false},{"ty":"rp","c":{"a":0,"k":12,"ix":1},"o":{"a":0,"k":0,"ix":2},"m":1,"ix":5,"tr":{"ty":"tr","p":{"a":0,"k":[0,0],"ix":2},"a":{"a":0,"k":[0,0],"ix":1},"s":{"a":0,"k":[100,100],"ix":3},"r":{"a":0,"k":30,"ix":4},"so":{"a":0,"k":100,"ix":5},"eo":{"a":0,"k":100,"ix":6},"nm":"Transform"},"nm":"Repeater 1","mn":"ADBE Vector Filter - Repeater","hd":false},{"ty":"tr","p":{"a":0,"k":[0,0],"ix":2},"a":{"a":0,"k":[0,0],"ix":1},"s":{"a":0,"k":[100,100],"ix":3},"r":{"a":0,"k":0,"ix":6},"o":{"a":0,"k":100,"ix":7},"sk":{"a":0,"k":0,"ix":4},"sa":{"a":0,"k":0,"ix":5},"nm":"Transform"}],"nm":"Shape 1","np":5,"cix":2,"ix":1,"mn":"ADBE Vector Group","hd":false}],"ip":99,"op":141,"st":99,"bm":0},{"ddd":0,"ind":7,"ty":4,"nm":"Shape Layer 9","sr":1,"ks":{"o":{"a":0,"k":100,"ix":11},"r":{"a":0,"k":0,"ix":10},"p":{"a":0,"k":[962,544,0],"ix":2},"a":{"a":0,"k":[0,0,0],"ix":1},"s":{"a":0,"k":[100,100,100],"ix":6}},"ao":0,"shapes":[{"ty":"gr","it":[{"ind":0,"ty":"sh","ix":1,"ks":{"a":0,"k":{"i":[[0,0],[0,0]],"o":[[0,0],[0,0]],"v":[[1,0],[0,-340]],"c":false},"ix":2},"nm":"Path 1","mn":"ADBE Vector Shape - Group","hd":false},{"ty":"tm","s":{"a":1,"k":[{"i":{"x":[0.667],"y":[1]},"o":{"x":[0.333],"y":[0]},"n":["0p667_1_0p333_0"],"t":92,"s":[0],"e":[100]},{"t":113}],"ix":1},"e":{"a":1,"k":[{"i":{"x":[0],"y":[1]},"o":{"x":[0.333],"y":[0]},"n":["0_1_0p333_0"],"t":98,"s":[0],"e":[100]},{"t":122}],"ix":2},"o":{"a":0,"k":0,"ix":3},"m":1,"ix":2,"nm":"Trim Paths 1","mn":"ADBE Vector Filter - Trim","hd":false},{"ty":"st","c":{"a":0,"k":[0.974448529412,0.95231143727,0.95231143727,1],"ix":3},"o":{"a":0,"k":100,"ix":4},"w":{"a":1,"k":[{"i":{"x":[0],"y":[1]},"o":{"x":[0.333],"y":[0]},"n":["0_1_0p333_0"],"t":92,"s":[35],"e":[6]},{"t":122}],"ix":5},"lc":1,"lj":1,"ml":4,"nm":"Stroke 1","mn":"ADBE Vector Graphic - Stroke","hd":false},{"ty":"rp","c":{"a":0,"k":12,"ix":1},"o":{"a":0,"k":0,"ix":2},"m":1,"ix":5,"tr":{"ty":"tr","p":{"a":0,"k":[0,0],"ix":2},"a":{"a":0,"k":[0,0],"ix":1},"s":{"a":0,"k":[100,100],"ix":3},"r":{"a":0,"k":30,"ix":4},"so":{"a":0,"k":100,"ix":5},"eo":{"a":0,"k":100,"ix":6},"nm":"Transform"},"nm":"Repeater 1","mn":"ADBE Vector Filter - Repeater","hd":false},{"ty":"tr","p":{"a":0,"k":[0,0],"ix":2},"a":{"a":0,"k":[0,0],"ix":1},"s":{"a":0,"k":[100,100],"ix":3},"r":{"a":0,"k":0,"ix":6},"o":{"a":0,"k":100,"ix":7},"sk":{"a":0,"k":0,"ix":4},"sa":{"a":0,"k":0,"ix":5},"nm":"Transform"}],"nm":"Shape 1","np":5,"cix":2,"ix":1,"mn":"ADBE Vector Group","hd":false}],"ip":92,"op":134,"st":92,"bm":0},{"ddd":0,"ind":8,"ty":4,"nm":"Shape Layer 8","sr":1,"ks":{"o":{"a":0,"k":100,"ix":11},"r":{"a":0,"k":0,"ix":10},"p":{"a":0,"k":[1354,228,0],"ix":2},"a":{"a":0,"k":[0,0,0],"ix":1},"s":{"a":0,"k":[100,100,100],"ix":6}},"ao":0,"shapes":[{"ty":"gr","it":[{"ind":0,"ty":"sh","ix":1,"ks":{"a":0,"k":{"i":[[0,0],[0,0]],"o":[[0,0],[0,0]],"v":[[1,0],[0,-340]],"c":false},"ix":2},"nm":"Path 1","mn":"ADBE Vector Shape - Group","hd":false},{"ty":"tm","s":{"a":1,"k":[{"i":{"x":[0.667],"y":[1]},"o":{"x":[0.333],"y":[0]},"n":["0p667_1_0p333_0"],"t":82,"s":[0],"e":[100]},{"t":103}],"ix":1},"e":{"a":1,"k":[{"i":{"x":[0],"y":[1]},"o":{"x":[0.333],"y":[0]},"n":["0_1_0p333_0"],"t":88,"s":[0],"e":[100]},{"t":112}],"ix":2},"o":{"a":0,"k":0,"ix":3},"m":1,"ix":2,"nm":"Trim Paths 1","mn":"ADBE Vector Filter - Trim","hd":false},{"ty":"st","c":{"a":0,"k":[0.974448529412,0.95231143727,0.95231143727,1],"ix":3},"o":{"a":0,"k":100,"ix":4},"w":{"a":1,"k":[{"i":{"x":[0],"y":[1]},"o":{"x":[0.333],"y":[0]},"n":["0_1_0p333_0"],"t":82,"s":[35],"e":[6]},{"t":112}],"ix":5},"lc":1,"lj":1,"ml":4,"nm":"Stroke 1","mn":"ADBE Vector Graphic - Stroke","hd":false},{"ty":"rp","c":{"a":0,"k":12,"ix":1},"o":{"a":0,"k":0,"ix":2},"m":1,"ix":5,"tr":{"ty":"tr","p":{"a":0,"k":[0,0],"ix":2},"a":{"a":0,"k":[0,0],"ix":1},"s":{"a":0,"k":[100,100],"ix":3},"r":{"a":0,"k":30,"ix":4},"so":{"a":0,"k":100,"ix":5},"eo":{"a":0,"k":100,"ix":6},"nm":"Transform"},"nm":"Repeater 1","mn":"ADBE Vector Filter - Repeater","hd":false},{"ty":"tr","p":{"a":0,"k":[0,0],"ix":2},"a":{"a":0,"k":[0,0],"ix":1},"s":{"a":0,"k":[100,100],"ix":3},"r":{"a":0,"k":0,"ix":6},"o":{"a":0,"k":100,"ix":7},"sk":{"a":0,"k":0,"ix":4},"sa":{"a":0,"k":0,"ix":5},"nm":"Transform"}],"nm":"Shape 1","np":5,"cix":2,"ix":1,"mn":"ADBE Vector Group","hd":false}],"ip":82,"op":124,"st":82,"bm":0},{"ddd":0,"ind":9,"ty":4,"nm":"Shape Layer 7","sr":1,"ks":{"o":{"a":0,"k":100,"ix":11},"r":{"a":0,"k":0,"ix":10},"p":{"a":0,"k":[250,804,0],"ix":2},"a":{"a":0,"k":[0,0,0],"ix":1},"s":{"a":0,"k":[100,100,100],"ix":6}},"ao":0,"shapes":[{"ty":"gr","it":[{"ind":0,"ty":"sh","ix":1,"ks":{"a":0,"k":{"i":[[0,0],[0,0]],"o":[[0,0],[0,0]],"v":[[1,0],[0,-340]],"c":false},"ix":2},"nm":"Path 1","mn":"ADBE Vector Shape - Group","hd":false},{"ty":"tm","s":{"a":1,"k":[{"i":{"x":[0.667],"y":[1]},"o":{"x":[0.333],"y":[0]},"n":["0p667_1_0p333_0"],"t":82,"s":[0],"e":[100]},{"t":103}],"ix":1},"e":{"a":1,"k":[{"i":{"x":[0],"y":[1]},"o":{"x":[0.333],"y":[0]},"n":["0_1_0p333_0"],"t":88,"s":[0],"e":[100]},{"t":112}],"ix":2},"o":{"a":0,"k":0,"ix":3},"m":1,"ix":2,"nm":"Trim Paths 1","mn":"ADBE Vector Filter - Trim","hd":false},{"ty":"st","c":{"a":0,"k":[0.974448529412,0.95231143727,0.95231143727,1],"ix":3},"o":{"a":0,"k":100,"ix":4},"w":{"a":1,"k":[{"i":{"x":[0],"y":[1]},"o":{"x":[0.333],"y":[0]},"n":["0_1_0p333_0"],"t":82,"s":[35],"e":[6]},{"t":112}],"ix":5},"lc":1,"lj":1,"ml":4,"nm":"Stroke 1","mn":"ADBE Vector Graphic - Stroke","hd":false},{"ty":"rp","c":{"a":0,"k":12,"ix":1},"o":{"a":0,"k":0,"ix":2},"m":1,"ix":5,"tr":{"ty":"tr","p":{"a":0,"k":[0,0],"ix":2},"a":{"a":0,"k":[0,0],"ix":1},"s":{"a":0,"k":[100,100],"ix":3},"r":{"a":0,"k":30,"ix":4},"so":{"a":0,"k":100,"ix":5},"eo":{"a":0,"k":100,"ix":6},"nm":"Transform"},"nm":"Repeater 1","mn":"ADBE Vector Filter - Repeater","hd":false},{"ty":"tr","p":{"a":0,"k":[0,0],"ix":2},"a":{"a":0,"k":[0,0],"ix":1},"s":{"a":0,"k":[100,100],"ix":3},"r":{"a":0,"k":0,"ix":6},"o":{"a":0,"k":100,"ix":7},"sk":{"a":0,"k":0,"ix":4},"sa":{"a":0,"k":0,"ix":5},"nm":"Transform"}],"nm":"Shape 1","np":5,"cix":2,"ix":1,"mn":"ADBE Vector Group","hd":false}],"ip":82,"op":124,"st":82,"bm":0},{"ddd":0,"ind":10,"ty":4,"nm":"Shape Layer 6","sr":1,"ks":{"o":{"a":0,"k":100,"ix":11},"r":{"a":0,"k":0,"ix":10},"p":{"a":0,"k":[566,560,0],"ix":2},"a":{"a":0,"k":[0,0,0],"ix":1},"s":{"a":0,"k":[100,100,100],"ix":6}},"ao":0,"shapes":[{"ty":"gr","it":[{"ind":0,"ty":"sh","ix":1,"ks":{"a":0,"k":{"i":[[0,0],[0,0]],"o":[[0,0],[0,0]],"v":[[1,0],[0,-340]],"c":false},"ix":2},"nm":"Path 1","mn":"ADBE Vector Shape - Group","hd":false},{"ty":"tm","s":{"a":1,"k":[{"i":{"x":[0.667],"y":[1]},"o":{"x":[0.333],"y":[0]},"n":["0p667_1_0p333_0"],"t":76,"s":[0],"e":[100]},{"t":97}],"ix":1},"e":{"a":1,"k":[{"i":{"x":[0],"y":[1]},"o":{"x":[0.333],"y":[0]},"n":["0_1_0p333_0"],"t":82,"s":[0],"e":[100]},{"t":106}],"ix":2},"o":{"a":0,"k":0,"ix":3},"m":1,"ix":2,"nm":"Trim Paths 1","mn":"ADBE Vector Filter - Trim","hd":false},{"ty":"st","c":{"a":0,"k":[0.974448529412,0.95231143727,0.95231143727,1],"ix":3},"o":{"a":0,"k":100,"ix":4},"w":{"a":1,"k":[{"i":{"x":[0],"y":[1]},"o":{"x":[0.333],"y":[0]},"n":["0_1_0p333_0"],"t":76,"s":[35],"e":[6]},{"t":106}],"ix":5},"lc":1,"lj":1,"ml":4,"nm":"Stroke 1","mn":"ADBE Vector Graphic - Stroke","hd":false},{"ty":"rp","c":{"a":0,"k":12,"ix":1},"o":{"a":0,"k":0,"ix":2},"m":1,"ix":5,"tr":{"ty":"tr","p":{"a":0,"k":[0,0],"ix":2},"a":{"a":0,"k":[0,0],"ix":1},"s":{"a":0,"k":[100,100],"ix":3},"r":{"a":0,"k":30,"ix":4},"so":{"a":0,"k":100,"ix":5},"eo":{"a":0,"k":100,"ix":6},"nm":"Transform"},"nm":"Repeater 1","mn":"ADBE Vector Filter - Repeater","hd":false},{"ty":"tr","p":{"a":0,"k":[0,0],"ix":2},"a":{"a":0,"k":[0,0],"ix":1},"s":{"a":0,"k":[100,100],"ix":3},"r":{"a":0,"k":0,"ix":6},"o":{"a":0,"k":100,"ix":7},"sk":{"a":0,"k":0,"ix":4},"sa":{"a":0,"k":0,"ix":5},"nm":"Transform"}],"nm":"Shape 1","np":5,"cix":2,"ix":1,"mn":"ADBE Vector Group","hd":false}],"ip":76,"op":118,"st":76,"bm":0},{"ddd":0,"ind":11,"ty":4,"nm":"Shape Layer 5","sr":1,"ks":{"o":{"a":0,"k":100,"ix":11},"r":{"a":0,"k":0,"ix":10},"p":{"a":0,"k":[1270,824,0],"ix":2},"a":{"a":0,"k":[0,0,0],"ix":1},"s":{"a":0,"k":[100,100,100],"ix":6}},"ao":0,"shapes":[{"ty":"gr","it":[{"ind":0,"ty":"sh","ix":1,"ks":{"a":0,"k":{"i":[[0,0],[0,0]],"o":[[0,0],[0,0]],"v":[[1,0],[0,-340]],"c":false},"ix":2},"nm":"Path 1","mn":"ADBE Vector Shape - Group","hd":false},{"ty":"tm","s":{"a":1,"k":[{"i":{"x":[0.667],"y":[1]},"o":{"x":[0.333],"y":[0]},"n":["0p667_1_0p333_0"],"t":76,"s":[0],"e":[100]},{"t":97}],"ix":1},"e":{"a":1,"k":[{"i":{"x":[0],"y":[1]},"o":{"x":[0.333],"y":[0]},"n":["0_1_0p333_0"],"t":82,"s":[0],"e":[100]},{"t":106}],"ix":2},"o":{"a":0,"k":0,"ix":3},"m":1,"ix":2,"nm":"Trim Paths 1","mn":"ADBE Vector Filter - Trim","hd":false},{"ty":"st","c":{"a":0,"k":[0.974448529412,0.95231143727,0.95231143727,1],"ix":3},"o":{"a":0,"k":100,"ix":4},"w":{"a":1,"k":[{"i":{"x":[0],"y":[1]},"o":{"x":[0.333],"y":[0]},"n":["0_1_0p333_0"],"t":76,"s":[35],"e":[6]},{"t":106}],"ix":5},"lc":1,"lj":1,"ml":4,"nm":"Stroke 1","mn":"ADBE Vector Graphic - Stroke","hd":false},{"ty":"rp","c":{"a":0,"k":12,"ix":1},"o":{"a":0,"k":0,"ix":2},"m":1,"ix":5,"tr":{"ty":"tr","p":{"a":0,"k":[0,0],"ix":2},"a":{"a":0,"k":[0,0],"ix":1},"s":{"a":0,"k":[100,100],"ix":3},"r":{"a":0,"k":30,"ix":4},"so":{"a":0,"k":100,"ix":5},"eo":{"a":0,"k":100,"ix":6},"nm":"Transform"},"nm":"Repeater 1","mn":"ADBE Vector Filter - Repeater","hd":false},{"ty":"tr","p":{"a":0,"k":[0,0],"ix":2},"a":{"a":0,"k":[0,0],"ix":1},"s":{"a":0,"k":[100,100],"ix":3},"r":{"a":0,"k":0,"ix":6},"o":{"a":0,"k":100,"ix":7},"sk":{"a":0,"k":0,"ix":4},"sa":{"a":0,"k":0,"ix":5},"nm":"Transform"}],"nm":"Shape 1","np":5,"cix":2,"ix":1,"mn":"ADBE Vector Group","hd":false}],"ip":76,"op":118,"st":76,"bm":0},{"ddd":0,"ind":12,"ty":4,"nm":"Shape Layer 4","sr":1,"ks":{"o":{"a":0,"k":100,"ix":11},"r":{"a":0,"k":0,"ix":10},"p":{"a":0,"k":[982,444,0],"ix":2},"a":{"a":0,"k":[0,0,0],"ix":1},"s":{"a":0,"k":[100,100,100],"ix":6}},"ao":0,"shapes":[{"ty":"gr","it":[{"ind":0,"ty":"sh","ix":1,"ks":{"a":0,"k":{"i":[[0,0],[0,0]],"o":[[0,0],[0,0]],"v":[[1,0],[0,-340]],"c":false},"ix":2},"nm":"Path 1","mn":"ADBE Vector Shape - Group","hd":false},{"ty":"tm","s":{"a":1,"k":[{"i":{"x":[0.667],"y":[1]},"o":{"x":[0.333],"y":[0]},"n":["0p667_1_0p333_0"],"t":54,"s":[0],"e":[100]},{"t":75}],"ix":1},"e":{"a":1,"k":[{"i":{"x":[0],"y":[1]},"o":{"x":[0.333],"y":[0]},"n":["0_1_0p333_0"],"t":60,"s":[0],"e":[100]},{"t":84}],"ix":2},"o":{"a":0,"k":0,"ix":3},"m":1,"ix":2,"nm":"Trim Paths 1","mn":"ADBE Vector Filter - Trim","hd":false},{"ty":"st","c":{"a":0,"k":[0.974448529412,0.95231143727,0.95231143727,1],"ix":3},"o":{"a":0,"k":100,"ix":4},"w":{"a":1,"k":[{"i":{"x":[0],"y":[1]},"o":{"x":[0.333],"y":[0]},"n":["0_1_0p333_0"],"t":54,"s":[35],"e":[6]},{"t":84}],"ix":5},"lc":1,"lj":1,"ml":4,"nm":"Stroke 1","mn":"ADBE Vector Graphic - Stroke","hd":false},{"ty":"rp","c":{"a":0,"k":12,"ix":1},"o":{"a":0,"k":0,"ix":2},"m":1,"ix":5,"tr":{"ty":"tr","p":{"a":0,"k":[0,0],"ix":2},"a":{"a":0,"k":[0,0],"ix":1},"s":{"a":0,"k":[100,100],"ix":3},"r":{"a":0,"k":30,"ix":4},"so":{"a":0,"k":100,"ix":5},"eo":{"a":0,"k":100,"ix":6},"nm":"Transform"},"nm":"Repeater 1","mn":"ADBE Vector Filter - Repeater","hd":false},{"ty":"tr","p":{"a":0,"k":[0,0],"ix":2},"a":{"a":0,"k":[0,0],"ix":1},"s":{"a":0,"k":[100,100],"ix":3},"r":{"a":0,"k":0,"ix":6},"o":{"a":0,"k":100,"ix":7},"sk":{"a":0,"k":0,"ix":4},"sa":{"a":0,"k":0,"ix":5},"nm":"Transform"}],"nm":"Shape 1","np":5,"cix":2,"ix":1,"mn":"ADBE Vector Group","hd":false}],"ip":54,"op":96,"st":54,"bm":0},{"ddd":0,"ind":13,"ty":4,"nm":"Shape Layer 3","sr":1,"ks":{"o":{"a":0,"k":100,"ix":11},"r":{"a":0,"k":0,"ix":10},"p":{"a":0,"k":[322,268,0],"ix":2},"a":{"a":0,"k":[0,0,0],"ix":1},"s":{"a":0,"k":[100,100,100],"ix":6}},"ao":0,"shapes":[{"ty":"gr","it":[{"ind":0,"ty":"sh","ix":1,"ks":{"a":0,"k":{"i":[[0,0],[0,0]],"o":[[0,0],[0,0]],"v":[[1,0],[0,-340]],"c":false},"ix":2},"nm":"Path 1","mn":"ADBE Vector Shape - Group","hd":false},{"ty":"tm","s":{"a":1,"k":[{"i":{"x":[0.667],"y":[1]},"o":{"x":[0.333],"y":[0]},"n":["0p667_1_0p333_0"],"t":26,"s":[0],"e":[100]},{"t":47}],"ix":1},"e":{"a":1,"k":[{"i":{"x":[0],"y":[1]},"o":{"x":[0.333],"y":[0]},"n":["0_1_0p333_0"],"t":32,"s":[0],"e":[100]},{"t":56}],"ix":2},"o":{"a":0,"k":0,"ix":3},"m":1,"ix":2,"nm":"Trim Paths 1","mn":"ADBE Vector Filter - Trim","hd":false},{"ty":"st","c":{"a":0,"k":[0.974448529412,0.95231143727,0.95231143727,1],"ix":3},"o":{"a":0,"k":100,"ix":4},"w":{"a":1,"k":[{"i":{"x":[0],"y":[1]},"o":{"x":[0.333],"y":[0]},"n":["0_1_0p333_0"],"t":26,"s":[35],"e":[6]},{"t":56}],"ix":5},"lc":1,"lj":1,"ml":4,"nm":"Stroke 1","mn":"ADBE Vector Graphic - Stroke","hd":false},{"ty":"rp","c":{"a":0,"k":12,"ix":1},"o":{"a":0,"k":0,"ix":2},"m":1,"ix":5,"tr":{"ty":"tr","p":{"a":0,"k":[0,0],"ix":2},"a":{"a":0,"k":[0,0],"ix":1},"s":{"a":0,"k":[100,100],"ix":3},"r":{"a":0,"k":30,"ix":4},"so":{"a":0,"k":100,"ix":5},"eo":{"a":0,"k":100,"ix":6},"nm":"Transform"},"nm":"Repeater 1","mn":"ADBE Vector Filter - Repeater","hd":false},{"ty":"tr","p":{"a":0,"k":[0,0],"ix":2},"a":{"a":0,"k":[0,0],"ix":1},"s":{"a":0,"k":[100,100],"ix":3},"r":{"a":0,"k":0,"ix":6},"o":{"a":0,"k":100,"ix":7},"sk":{"a":0,"k":0,"ix":4},"sa":{"a":0,"k":0,"ix":5},"nm":"Transform"}],"nm":"Shape 1","np":5,"cix":2,"ix":1,"mn":"ADBE Vector Group","hd":false}],"ip":26,"op":68,"st":26,"bm":0},{"ddd":0,"ind":14,"ty":4,"nm":"Shape Layer 2","sr":1,"ks":{"o":{"a":0,"k":100,"ix":11},"r":{"a":0,"k":0,"ix":10},"p":{"a":0,"k":[960,540,0],"ix":2},"a":{"a":0,"k":[0,0,0],"ix":1},"s":{"a":0,"k":[100,100,100],"ix":6}},"ao":0,"shapes":[{"ty":"gr","it":[{"ind":0,"ty":"sh","ix":1,"ks":{"a":0,"k":{"i":[[0,0],[0,0]],"o":[[0,0],[0,0]],"v":[[1,0],[0,-340]],"c":false},"ix":2},"nm":"Path 1","mn":"ADBE Vector Shape - Group","hd":false},{"ty":"tm","s":{"a":1,"k":[{"i":{"x":[0.667],"y":[1]},"o":{"x":[0.333],"y":[0]},"n":["0p667_1_0p333_0"],"t":5,"s":[0],"e":[100]},{"t":26}],"ix":1},"e":{"a":1,"k":[{"i":{"x":[0],"y":[1]},"o":{"x":[0.333],"y":[0]},"n":["0_1_0p333_0"],"t":11,"s":[0],"e":[100]},{"t":35}],"ix":2},"o":{"a":0,"k":0,"ix":3},"m":1,"ix":2,"nm":"Trim Paths 1","mn":"ADBE Vector Filter - Trim","hd":false},{"ty":"st","c":{"a":0,"k":[0.974448529412,0.95231143727,0.95231143727,1],"ix":3},"o":{"a":0,"k":100,"ix":4},"w":{"a":1,"k":[{"i":{"x":[0],"y":[1]},"o":{"x":[0.333],"y":[0]},"n":["0_1_0p333_0"],"t":5,"s":[35],"e":[6]},{"t":35}],"ix":5},"lc":1,"lj":1,"ml":4,"nm":"Stroke 1","mn":"ADBE Vector Graphic - Stroke","hd":false},{"ty":"rp","c":{"a":0,"k":12,"ix":1},"o":{"a":0,"k":0,"ix":2},"m":1,"ix":5,"tr":{"ty":"tr","p":{"a":0,"k":[0,0],"ix":2},"a":{"a":0,"k":[0,0],"ix":1},"s":{"a":0,"k":[100,100],"ix":3},"r":{"a":0,"k":30,"ix":4},"so":{"a":0,"k":100,"ix":5},"eo":{"a":0,"k":100,"ix":6},"nm":"Transform"},"nm":"Repeater 1","mn":"ADBE Vector Filter - Repeater","hd":false},{"ty":"tr","p":{"a":0,"k":[0,0],"ix":2},"a":{"a":0,"k":[0,0],"ix":1},"s":{"a":0,"k":[100,100],"ix":3},"r":{"a":0,"k":0,"ix":6},"o":{"a":0,"k":100,"ix":7},"sk":{"a":0,"k":0,"ix":4},"sa":{"a":0,"k":0,"ix":5},"nm":"Transform"}],"nm":"Shape 1","np":5,"cix":2,"ix":1,"mn":"ADBE Vector Group","hd":false}],"ip":5,"op":50,"st":5,"bm":0},{"ddd":0,"ind":15,"ty":4,"nm":"Shape Layer 1","sr":1,"ks":{"o":{"a":0,"k":100,"ix":11},"r":{"a":0,"k":0,"ix":10},"p":{"a":0,"k":[960,540,0],"ix":2},"a":{"a":0,"k":[0,0,0],"ix":1},"s":{"a":0,"k":[100,100,100],"ix":6}},"ao":0,"shapes":[{"ty":"gr","it":[{"ind":0,"ty":"sh","ix":1,"ks":{"a":0,"k":{"i":[[0,0],[0,0]],"o":[[0,0],[0,0]],"v":[[1,0],[0,-340]],"c":false},"ix":2},"nm":"Path 1","mn":"ADBE Vector Shape - Group","hd":false},{"ty":"tm","s":{"a":1,"k":[{"i":{"x":[0.667],"y":[1]},"o":{"x":[0.333],"y":[0]},"n":["0p667_1_0p333_0"],"t":0,"s":[0],"e":[100]},{"t":21}],"ix":1},"e":{"a":1,"k":[{"i":{"x":[0],"y":[1]},"o":{"x":[0.333],"y":[0]},"n":["0_1_0p333_0"],"t":6,"s":[0],"e":[100]},{"t":30}],"ix":2},"o":{"a":0,"k":0,"ix":3},"m":1,"ix":2,"nm":"Trim Paths 1","mn":"ADBE Vector Filter - Trim","hd":false},{"ty":"st","c":{"a":0,"k":[0.974448529412,0.95231143727,0.95231143727,1],"ix":3},"o":{"a":0,"k":100,"ix":4},"w":{"a":1,"k":[{"i":{"x":[0],"y":[1]},"o":{"x":[0.333],"y":[0]},"n":["0_1_0p333_0"],"t":0,"s":[35],"e":[6]},{"t":30}],"ix":5},"lc":1,"lj":1,"ml":4,"nm":"Stroke 1","mn":"ADBE Vector Graphic - Stroke","hd":false},{"ty":"rp","c":{"a":0,"k":12,"ix":1},"o":{"a":0,"k":0,"ix":2},"m":1,"ix":5,"tr":{"ty":"tr","p":{"a":0,"k":[0,0],"ix":2},"a":{"a":0,"k":[0,0],"ix":1},"s":{"a":0,"k":[100,100],"ix":3},"r":{"a":0,"k":30,"ix":4},"so":{"a":0,"k":100,"ix":5},"eo":{"a":0,"k":100,"ix":6},"nm":"Transform"},"nm":"Repeater 1","mn":"ADBE Vector Filter - Repeater","hd":false},{"ty":"tr","p":{"a":0,"k":[0,0],"ix":2},"a":{"a":0,"k":[0,0],"ix":1},"s":{"a":0,"k":[100,100],"ix":3},"r":{"a":0,"k":0,"ix":6},"o":{"a":0,"k":100,"ix":7},"sk":{"a":0,"k":0,"ix":4},"sa":{"a":0,"k":0,"ix":5},"nm":"Transform"}],"nm":"Shape 1","np":5,"cix":2,"ix":1,"mn":"ADBE Vector Group","hd":false}],"ip":0,"op":50,"st":0,"bm":0}],"chars":[{"ch":"H","size":108,"style":"Regular","w":82.5,"data":{"shapes":[{"ty":"gr","it":[{"ind":0,"ty":"sh","ix":1,"ks":{"a":0,"k":{"i":[[1.966,-4.5],[3.2,-9.333],[3.933,-0.666],[-8.334,5.2],[0,1.367],[1.3,0.5],[3.4,0],[6.533,-1.9],[4.4,-3.5],[0,-4.133],[-1.534,-2.666],[-2.934,-1.866],[0,0],[0.466,1.1],[0,1.534],[-6.267,3.134],[-9.667,0.134],[4.933,-14.4],[7.366,-5.233],[0,-6.4],[-1.733,-1.667],[-2.666,0],[-6.867,4.933],[-2.2,2.533],[-1.3,2.134],[-1.334,2.9],[-0.334,1.067],[-4,0],[0,-4.133],[-0.334,-1.133],[0,0],[-0.167,2.267],[-0.267,2.4],[-1.4,3.867],[-1.4,0.467],[0,0],[3.066,0],[-4.467,8.734],[0,0]],"o":[[-1.967,4.5],[-8.267,0.8],[5.066,-14.533],[1.933,-1.2],[0,-1.366],[-1.3,-0.5],[-6.734,0],[-6.534,1.9],[-4.4,3.5],[0,2.467],[1.533,2.667],[0,0],[-1.734,-2.333],[-0.467,-1.1],[0,-4.866],[6.266,-3.133],[-8.934,6.134],[-13.067,3.134],[-7.366,5.234],[0,2.533],[1.734,1.666],[6.466,0],[2.4,-1.734],[2.2,-2.533],[1.3,-2.133],[1.333,-2.9],[8.133,-0.933],[-2.2,7.534],[0,1.2],[0,0],[0.066,-0.8],[0.166,-2.266],[0.266,-2.4],[4.066,0],[0,0],[-1.134,-0.266],[4.8,-13.733],[0,0],[-3.534,5.6]],"v":[[66.75,-48.55],[59,-27.8],[40.7,-25.6],[60.8,-55.2],[63.7,-59.05],[61.75,-61.85],[54.7,-62.6],[34.8,-59.75],[18.4,-51.65],[11.8,-40.2],[14.1,-32.5],[20.8,-25.7],[24.2,-28.9],[20.9,-34.05],[20.2,-38],[29.6,-50],[53.5,-54.9],[32.7,-24.1],[2.05,-11.55],[-9,5.9],[-6.4,12.2],[0.2,14.7],[20.2,7.3],[27.1,0.9],[32.35,-6.1],[36.3,-13.65],[38.8,-19.6],[57,-21],[53.7,-3.5],[54.2,0],[59.8,0],[60.15,-4.6],[60.8,-11.6],[63.3,-21],[71.5,-21.7],[71.9,-27.4],[65.6,-27.8],[79.5,-61.5],[75,-63.7]],"c":true},"ix":2},"nm":"H","mn":"ADBE Vector Shape - Group","hd":false},{"ind":1,"ty":"sh","ix":2,"ks":{"a":0,"k":{"i":[[1.1,1.033],[0,1.866],[-5.434,3.7],[-8.867,1.467],[2.233,-3.5],[3.3,-2.167],[2.433,0]],"o":[[-1.1,-1.034],[0,-4.666],[5.433,-3.7],[-1.6,6.134],[-2.234,3.5],[-3.3,2.166],[-2.434,0]],"v":[[2.95,6.25],[1.3,1.9],[9.45,-10.65],[30.9,-18.4],[25.15,-3.95],[16.85,4.55],[8.25,7.8]],"c":true},"ix":2},"nm":"H","mn":"ADBE Vector Shape - Group","hd":false}],"nm":"H","np":5,"cix":2,"ix":1,"mn":"ADBE Vector Group","hd":false}]},"fFamily":"Marck Script"},{"ch":"a","size":108,"style":"Regular","w":46.9,"data":{"shapes":[{"ty":"gr","it":[{"ind":0,"ty":"sh","ix":1,"ks":{"a":0,"k":{"i":[[0.533,-0.4],[0.233,-0.2],[0.3,-0.2],[0.2,-0.1],[0.2,-0.066],[0.633,0],[0.633,0.634],[0,0.934],[-4.134,8.334],[0,0],[4.4,-4.2],[3,0],[0,3.967],[-4.634,4],[-6.067,1.334],[0,0],[0,0],[5.6,-2.866],[3.6,-4.566],[0,-4.666],[-1.3,-1.433],[-2.534,0],[-2.634,1.267],[-3.6,3.667],[0,0],[0,-1.933],[-3.934,0],[-2.5,1.8],[-0.934,2],[0,0]],"o":[[-0.534,0.4],[-0.234,0.2],[-0.3,0.2],[-0.2,0.1],[-0.2,0.067],[-0.634,0],[-0.634,-0.633],[0,-2.266],[0,0],[-2.934,5.667],[-4.4,4.2],[-3.2,0],[0,-3.966],[4.633,-4],[0,0],[0,0],[-5.6,0.067],[-5.6,2.867],[-3.6,4.567],[0,2.534],[1.3,1.434],[2.533,0],[2.633,-1.266],[0,0],[-1,2.667],[0,4.134],[2.066,0],[2.5,-1.8],[0,0],[-0.334,0.267]],"v":[[42.6,-9.1],[41.45,-8.2],[40.65,-7.6],[39.9,-7.15],[39.3,-6.9],[38.05,-6.8],[36.15,-7.75],[35.2,-10.1],[41.4,-26],[37.2,-28.5],[26.2,-13.7],[15.1,-7.4],[10.3,-13.35],[17.25,-25.3],[33.3,-33.3],[37.5,-34.2],[37.3,-37.5],[20.5,-33.1],[6.7,-21.95],[1.3,-8.1],[3.25,-2.15],[9,0],[16.75,-1.9],[26.1,-9.3],[29.8,-13.1],[28.3,-6.2],[34.2,0],[41.05,-2.7],[46.2,-8.4],[43.9,-10.1]],"c":true},"ix":2},"nm":"a","mn":"ADBE Vector Shape - Group","hd":false}],"nm":"a","np":3,"cix":2,"ix":1,"mn":"ADBE Vector Group","hd":false}]},"fFamily":"Marck Script"},{"ch":"p","size":108,"style":"Regular","w":49.5,"data":{"shapes":[{"ty":"gr","it":[{"ind":0,"ty":"sh","ix":1,"ks":{"a":0,"k":{"i":[[5.066,-7.6],[0,3.167],[2.066,2.867],[0,0],[0,-4.266],[6.266,-17.6],[2.367,-6.5],[0.134,-0.4],[0,0],[-4.034,9.566],[-4.634,6.467],[-3.667,0],[-0.967,-1.1],[0,-1.666],[3.133,-4.2],[3.6,0],[3.466,0.467],[0,0],[-2.867,0],[-5.167,6.1],[0,7.2],[1.533,1.7],[2.8,0],[3.733,-2.766]],"o":[[1.266,-5.6],[0,-3.166],[0,0],[1.733,3.467],[0,1.667],[-2.267,6.4],[-2.366,6.5],[0,0],[3,-10.8],[4.033,-9.566],[4.633,-6.466],[1.533,0],[0.966,1.1],[0,4.4],[-3.134,4.2],[-0.867,0],[0,0],[1.666,1],[6.466,0],[5.166,-6.1],[0,-2.6],[-1.534,-1.7],[-2.8,0],[-3.734,2.767]],"v":[[15.9,-18.4],[17.8,-31.55],[14.7,-40.6],[9.7,-38.1],[12.3,-26.5],[2.9,2.4],[-4.05,21.75],[-7.8,32.1],[-1.8,34.2],[8.75,3.65],[21.75,-20.4],[34.2,-30.1],[37.95,-28.45],[39.4,-24.3],[34.7,-11.4],[24.6,-5.1],[18.1,-5.8],[15.7,-1.5],[22.5,0],[39.95,-9.15],[47.7,-29.1],[45.4,-35.55],[38.9,-38.1],[29.1,-33.95]],"c":true},"ix":2},"nm":"p","mn":"ADBE Vector Shape - Group","hd":false}],"nm":"p","np":3,"cix":2,"ix":1,"mn":"ADBE Vector Group","hd":false}]},"fFamily":"Marck Script"},{"ch":"y","size":108,"style":"Regular","w":45.1,"data":{"shapes":[{"ty":"gr","it":[{"ind":0,"ty":"sh","ix":1,"ks":{"a":0,"k":{"i":[[0,0],[-1.834,5.767],[-0.534,2.2],[0,0],[2.766,-2.633],[2.2,0],[1.133,1],[0,2.934],[-2.934,6.067],[-0.2,0.2],[0,0],[2.1,-5.5],[0,-3.066],[-1.5,-1.6],[-2.5,0],[-2.267,1.067],[-5.734,8.6],[0,0],[0,-11.534],[-1.667,-1.734],[-2.8,0],[-3.334,4.4],[-1.234,2.233],[-1.234,4.3],[-0.8,4.4],[-0.267,0.2],[0,0]],"o":[[0.666,-3.066],[1.833,-5.766],[0,0],[-5.8,7.8],[-2.767,2.634],[-2.2,0],[-1.134,-1],[0,-2.933],[1.666,-3.333],[0,0],[-2.6,3.734],[-2.1,5.5],[0,3.067],[1.5,1.6],[2.5,0],[4.6,-2],[0,0],[-19.334,7],[0,3],[1.666,1.733],[5.666,0],[1.666,-2.2],[1.233,-2.234],[1.233,-4.3],[5.933,-2.2],[0,0],[0,0]],"v":[[34,-3.1],[37.75,-16.35],[41.3,-28.3],[37.7,-30.4],[24.85,-14.75],[17.4,-10.8],[12.4,-12.3],[10.7,-18.2],[15.1,-31.7],[17.9,-37],[13,-39.1],[5.95,-25.25],[2.8,-12.4],[5.05,-5.4],[11.05,-3],[18.2,-4.6],[33.7,-20.5],[28.3,-1.5],[-0.7,26.3],[1.8,33.4],[8.5,36],[22,29.4],[26.35,22.75],[30.05,12.95],[33.1,-0.1],[42.4,-3.7],[42.1,-6.3]],"c":true},"ix":2},"nm":"y","mn":"ADBE Vector Shape - Group","hd":false},{"ind":1,"ty":"sh","ix":2,"ks":{"a":0,"k":{"i":[[6.666,0],[0.933,1],[0,1.6],[-6,4.533],[-4.2,1.933]],"o":[[-1.4,0],[-0.934,-1],[0,-4.267],[3.2,-2.467],[-3.467,16.8]],"v":[[12.5,26.7],[9,25.2],[7.6,21.3],[16.6,8.1],[27.7,1.5]],"c":true},"ix":2},"nm":"y","mn":"ADBE Vector Shape - Group","hd":false}],"nm":"y","np":5,"cix":2,"ix":1,"mn":"ADBE Vector Group","hd":false}]},"fFamily":"Marck Script"},{"ch":" ","size":108,"style":"Regular","w":48,"data":{},"fFamily":"Marck Script"},{"ch":"\r","size":108,"style":"Regular","w":0,"fFamily":"Marck Script"},{"ch":"D","size":108,"style":"Regular","w":68.4,"data":{"shapes":[{"ty":"gr","it":[{"ind":0,"ty":"sh","ix":1,"ks":{"a":0,"k":{"i":[[4.533,-2.933],[0,-4.833],[-6,-3.8],[-6.867,0],[3.733,-7.466],[0,-0.533],[-1.934,0],[0,0],[-4.6,-0.067],[-5.6,5.334],[0,9.2],[8.233,6.867],[11.6,0]],"o":[[-4.534,2.934],[0,4.834],[6,3.8],[-1.934,7.8],[-1.134,2.2],[0,1.467],[0,0],[2.733,0],[8.6,0.133],[5.6,-5.333],[0,-9.2],[-8.234,-6.866],[-7.134,0]],"v":[[5.8,-59.4],[-1,-47.75],[8,-34.8],[27.3,-29.1],[18.8,-6.2],[17.1,-2.1],[20,0.1],[24.7,0.1],[35.7,0.2],[57,-7.6],[65.4,-29.4],[53.05,-53.5],[23.3,-63.8]],"c":true},"ix":2},"nm":"D","mn":"ADBE Vector Shape - Group","hd":false},{"ind":1,"ty":"sh","ix":2,"ks":{"a":0,"k":{"i":[[-6.6,-6.8],[0,-9.666],[2.6,-3.3],[4.433,0],[6.666,0.534],[-2.6,8.4],[-1.334,0.467],[0,0],[0.533,0],[0,4.134],[0,0],[2.066,-8.733],[3.5,2.834],[0,3.634],[-2.534,1.867],[-4.4,0]],"o":[[6.6,6.8],[0,5.6],[-2.6,3.3],[-4.434,0],[2.8,-6.133],[6.066,-0.933],[0,0],[-5.667,0.667],[1.733,-6.8],[0,0],[-0.334,2.534],[-5.867,-0.733],[-3.5,-2.833],[0,-3.633],[2.533,-1.866],[9.333,0]],"v":[[46.8,-49.5],[56.7,-24.8],[52.8,-11.45],[42.25,-6.5],[25.6,-7.3],[33.7,-29.1],[44.8,-31.2],[44.3,-34.5],[35,-33.5],[37.6,-49.9],[31.6,-50.5],[28,-33.6],[13.95,-38.95],[8.7,-48.65],[12.5,-56.9],[22.9,-59.7]],"c":true},"ix":2},"nm":"D","mn":"ADBE Vector Shape - Group","hd":false}],"nm":"D","np":5,"cix":2,"ix":1,"mn":"ADBE Vector Group","hd":false}]},"fFamily":"Marck Script"},{"ch":"i","size":108,"style":"Regular","w":26.8,"data":{"shapes":[{"ty":"gr","it":[{"ind":0,"ty":"sh","ix":1,"ks":{"a":0,"k":{"i":[[-0.8,1.2],[0,1.4],[0.933,0.867],[1.466,0],[0.933,-1.133],[0,-1.666],[-3.734,0]],"o":[[0.8,-1.2],[0,-1.4],[-0.934,-0.866],[-1.467,0],[-0.934,1.134],[0,3],[1.333,0]],"v":[[24.6,-44.2],[25.8,-48.1],[24.4,-51.5],[20.8,-52.8],[17.2,-51.1],[15.8,-46.9],[21.4,-42.4]],"c":true},"ix":2},"nm":"i","mn":"ADBE Vector Shape - Group","hd":false},{"ind":1,"ty":"sh","ix":2,"ks":{"a":0,"k":{"i":[[1.8,0],[0.666,0.667],[0,1.567],[-2.034,5.534],[-1.4,2.534],[0,0],[1.2,-2.266],[0,-6.466],[-3.734,0],[-2.634,2.167],[-1.6,3.067],[0,0]],"o":[[-0.934,0],[-0.667,-0.666],[0,-1.566],[2.033,-5.533],[0,0],[-0.2,0.4],[-5.334,10.4],[0,5.2],[2.133,0],[2.633,-2.166],[0,0],[-3.2,3.6]],"v":[[12.6,-7.5],[10.2,-8.5],[9.2,-11.85],[12.25,-22.5],[17.4,-34.6],[13.1,-37.2],[11,-33.2],[3,-7.9],[8.6,-0.1],[15.75,-3.35],[22.1,-11.2],[20.1,-12.9]],"c":true},"ix":2},"nm":"i","mn":"ADBE Vector Shape - Group","hd":false}],"nm":"i","np":5,"cix":2,"ix":1,"mn":"ADBE Vector Group","hd":false}]},"fFamily":"Marck Script"},{"ch":"w","size":108,"style":"Regular","w":59.7,"data":{"shapes":[{"ty":"gr","it":[{"ind":0,"ty":"sh","ix":1,"ks":{"a":0,"k":{"i":[[6.266,-10.733],[0.433,4.767],[0.566,2.034],[1.466,0],[3.966,-5.3],[3.266,-6.266],[1.133,5.934],[0.333,0.6],[1.933,-0.533],[-1.6,-13.4],[-0.667,-1.333],[-0.634,-0.233],[-1.034,0],[-0.6,1.267],[-0.934,1.934],[-3.467,3.734],[-0.234,-0.733],[-0.067,-0.3],[-0.134,-0.366],[-0.067,-0.4],[-0.067,-0.4],[-0.1,-0.766],[-0.067,-0.7],[-0.2,-1.466],[-0.267,-2.066],[-0.7,-1.466],[-0.567,-0.233],[-0.9,0],[-0.867,1.8],[-7.067,8.734],[0,0],[0,0]],"o":[[-0.734,-3.2],[-0.434,-4.766],[-0.567,-2.033],[-1.267,0],[-3.967,5.3],[-1.734,-8],[-0.534,-3.066],[-1.934,0],[1.466,4.867],[0.333,2.667],[0.666,1.334],[0.633,0.234],[1.033,0],[2.733,-5.8],[2.466,-5.066],[0.133,0.534],[0.233,0.734],[0.066,0.3],[0.133,0.367],[0.066,0.4],[0.066,0.4],[0.1,0.767],[0.066,0.7],[0.2,1.467],[0.266,2.067],[0.7,1.467],[0.566,0.234],[0.9,0],[3.4,-8.6],[0,0],[0,0],[-8.067,7.4]],"v":[[36.3,-11.7],[34.55,-23.65],[33.05,-33.85],[30,-36.9],[22.15,-28.95],[11.3,-11.6],[7,-32.5],[5.7,-38],[-0.1,-37.2],[4.5,-9.8],[6,-3.8],[7.95,-1.45],[10.45,-1.1],[12.9,-3],[18.4,-14.6],[27.3,-27.8],[27.85,-25.9],[28.3,-24.35],[28.6,-23.35],[28.9,-22.2],[29.1,-21],[29.35,-19.25],[29.6,-17.05],[30,-13.8],[30.7,-8.5],[32.15,-3.2],[34.05,-0.65],[36.25,-0.3],[38.9,-3],[54.6,-29],[60.6,-36.3],[57.8,-38.9]],"c":true},"ix":2},"nm":"w","mn":"ADBE Vector Shape - Group","hd":false}],"nm":"w","np":3,"cix":2,"ix":1,"mn":"ADBE Vector Group","hd":false}]},"fFamily":"Marck Script"},{"ch":"l","size":108,"style":"Regular","w":27.1,"data":{"shapes":[{"ty":"gr","it":[{"ind":0,"ty":"sh","ix":1,"ks":{"a":0,"k":{"i":[[1.866,0],[0,3.134],[-5.267,12.5],[-6.534,12.667],[0,0],[6.133,-15.433],[0,-4.666],[-1.267,-1.6],[-2,0],[-1.634,1.566],[-2.267,3.534],[0,0]],"o":[[-2.334,0],[0,-5.466],[5.266,-12.5],[0,0],[-6.467,11.734],[-6.134,15.434],[0,2.4],[1.266,1.6],[2,0],[1.633,-1.566],[0,0],[-1.867,2.8]],"v":[[11,-5.4],[7.5,-10.1],[15.4,-37.05],[33.1,-74.8],[28.7,-77.2],[9.8,-36.45],[0.6,-6.3],[2.5,-0.3],[7.4,2.1],[12.85,-0.25],[18.7,-7.9],[16.6,-9.6]],"c":true},"ix":2},"nm":"l","mn":"ADBE Vector Shape - Group","hd":false}],"nm":"l","np":3,"cix":2,"ix":1,"mn":"ADBE Vector Group","hd":false}]},"fFamily":"Marck Script"}]}