{"v":"4.7.0","fr":30,"ip":0,"op":61,"w":1920,"h":1080,"nm":"Comp 1","ddd":0,"assets":[],"layers":[{"ddd":0,"ind":1,"ty":4,"nm":"Shape Layer 2","ks":{"o":{"a":0,"k":100},"r":{"a":0,"k":0},"p":{"a":0,"k":[960,540,0]},"a":{"a":0,"k":[0,0,0]},"s":{"a":0,"k":[100,100,100]}},"ao":0,"ef":[{"ty":5,"nm":"Venetian Blinds","mn":"ADBE Venetian Blinds","ix":1,"en":1,"ef":[{"ty":0,"nm":"Transition Completion","mn":"ADBE Venetian Blinds-0001","ix":1,"v":{"a":0,"k":45}},{"ty":0,"nm":"Direction","mn":"ADBE Venetian Blinds-0002","ix":2,"v":{"a":0,"k":-315}},{"ty":0,"nm":"Width","mn":"ADBE Venetian Blinds-0003","ix":3,"v":{"a":0,"k":43}},{"ty":0,"nm":"Feather","mn":"ADBE Venetian Blinds-0004","ix":4,"v":{"a":0,"k":1}}]}],"shapes":[{"d":1,"ty":"el","s":{"a":0,"k":[834,834]},"p":{"a":0,"k":[0,0]},"nm":"Ellipse Path 1","mn":"ADBE Vector Shape - Ellipse"},{"ty":"tm","s":{"a":1,"k":[{"i":{"x":[0.667],"y":[1]},"o":{"x":[0.167],"y":[0.033]},"n":["0p667_1_0p167_0p033"],"t":0,"s":[0],"e":[61]},{"i":{"x":[0.667],"y":[1]},"o":{"x":[0.167],"y":[0.033]},"n":["0p667_1_0p167_0p033"],"t":41,"s":[61],"e":[100]},{"t":60}],"ix":1},"e":{"a":1,"k":[{"i":{"x":[0.667],"y":[1]},"o":{"x":[0.167],"y":[0.033]},"n":["0p667_1_0p167_0p033"],"t":0,"s":[0],"e":[100]},{"t":51}],"ix":2},"o":{"a":0,"k":0,"ix":3},"m":1,"ix":2,"nm":"Trim Paths 1","mn":"ADBE Vector Filter - Trim"},{"ty":"gs","o":{"a":0,"k":100},"w":{"a":0,"k":57},"g":{"p":3,"k":{"a":0,"k":[0,0.166,1,0,0.426,0.211,0.969,0.453,1,0.256,0.938,0.906]}},"s":{"a":0,"k":[-88,49]},"e":{"a":0,"k":[87,167]},"t":1,"lc":2,"lj":2,"nm":"Gradient Stroke 1","mn":"ADBE Vector Graphic - G-Stroke"}],"ip":0,"op":61,"st":0,"bm":0,"sr":1},{"ddd":0,"ind":2,"ty":4,"nm":"Shape Layer 1","ks":{"o":{"a":0,"k":100},"r":{"a":0,"k":0},"p":{"a":0,"k":[960,540,0]},"a":{"a":0,"k":[0,0,0]},"s":{"a":0,"k":[100,100,100]}},"ao":0,"ef":[{"ty":5,"nm":"Venetian Blinds","mn":"ADBE Venetian Blinds","ix":1,"en":1,"ef":[{"ty":0,"nm":"Transition Completion","mn":"ADBE Venetian Blinds-0001","ix":1,"v":{"a":0,"k":45}},{"ty":0,"nm":"Direction","mn":"ADBE Venetian Blinds-0002","ix":2,"v":{"a":0,"k":-315}},{"ty":0,"nm":"Width","mn":"ADBE Venetian Blinds-0003","ix":3,"v":{"a":0,"k":43}},{"ty":0,"nm":"Feather","mn":"ADBE Venetian Blinds-0004","ix":4,"v":{"a":0,"k":1}}]}],"shapes":[{"d":1,"ty":"el","s":{"a":0,"k":[655,655]},"p":{"a":0,"k":[0,0]},"nm":"Ellipse Path 1","mn":"ADBE Vector Shape - Ellipse"},{"ty":"tm","s":{"a":1,"k":[{"i":{"x":[0.833],"y":[1]},"o":{"x":[0.167],"y":[0.033]},"n":["0p833_1_0p167_0p033"],"t":1,"s":[100],"e":[61]},{"i":{"x":[0.833],"y":[1]},"o":{"x":[0.167],"y":[0.033]},"n":["0p833_1_0p167_0p033"],"t":15,"s":[61],"e":[0]},{"t":52}],"ix":1},"e":{"a":1,"k":[{"i":{"x":[0.833],"y":[1]},"o":{"x":[0.167],"y":[0.033]},"n":["0p833_1_0p167_0p033"],"t":25,"s":[100],"e":[0]},{"t":54}],"ix":2},"o":{"a":0,"k":0,"ix":3},"m":1,"ix":2,"nm":"Trim Paths 1","mn":"ADBE Vector Filter - Trim"},{"ty":"gs","o":{"a":0,"k":100},"w":{"a":0,"k":35},"g":{"p":3,"k":{"a":0,"k":[0,0.166,1,0,0.426,0.211,0.969,0.453,1,0.256,0.938,0.906]}},"s":{"a":0,"k":[-88,49]},"e":{"a":0,"k":[87,167]},"t":1,"lc":2,"lj":2,"nm":"Gradient Stroke 1","mn":"ADBE Vector Graphic - G-Stroke"}],"ip":0,"op":61,"st":0,"bm":0,"sr":1}]}