{"v":"5.1.16","fr":30,"ip":0,"op":59,"w":300,"h":300,"nm":"Circular spin","ddd":0,"assets":[],"layers":[{"ddd":0,"ind":1,"ty":3,"nm":"NULL CONTROL","sr":1,"ks":{"o":{"a":0,"k":0,"ix":11},"r":{"a":1,"k":[{"i":{"x":[0.833],"y":[0.833]},"o":{"x":[0.167],"y":[0.167]},"n":["0p833_0p833_0p167_0p167"],"t":0,"s":[0],"e":[90]},{"t":60}],"ix":10},"p":{"a":0,"k":[150,150,0],"ix":2},"a":{"a":0,"k":[60,60,0],"ix":1},"s":{"a":1,"k":[{"i":{"x":[0.19,0.19,0.19],"y":[1,1,1]},"o":{"x":[0.167,0.167,0.167],"y":[0.167,0.167,-1.181]},"n":["0p19_1_0p167_0p167","0p19_1_0p167_0p167","0p19_1_0p167_-1p181"],"t":0,"s":[100,100,100],"e":[85,85,100]},{"i":{"x":[0.833,0.833,0.833],"y":[0.833,0.833,-0.181]},"o":{"x":[0.6,0.6,0.6],"y":[0,0,0]},"n":["0p833_0p833_0p6_0","0p833_0p833_0p6_0","0p833_-0p181_0p6_0"],"t":30,"s":[85,85,100],"e":[100,100,100]},{"t":60}],"ix":6}},"ao":0,"ip":0,"op":10500,"st":0,"bm":0},{"ddd":0,"ind":2,"ty":3,"nm":"NULL CONTROL 2","parent":1,"sr":1,"ks":{"o":{"a":0,"k":0,"ix":11},"r":{"a":1,"k":[{"i":{"x":[0.63],"y":[1]},"o":{"x":[0.37],"y":[0]},"n":["0p63_1_0p37_0"],"t":0,"s":[-45],"e":[45]},{"t":60}],"ix":10},"p":{"a":0,"k":[60,60,0],"ix":2},"a":{"a":0,"k":[60,60,0],"ix":1},"s":{"a":1,"k":[{"i":{"x":[0.833,0.833,0.833],"y":[0.833,0.833,0.833]},"o":{"x":[0.167,0.167,0.167],"y":[0.167,0.167,0.167]},"n":["0p833_0p833_0p167_0p167","0p833_0p833_0p167_0p167","0p833_0p833_0p167_0p167"],"t":0,"s":[43,43,100],"e":[43,43,100]},{"t":60}],"ix":6}},"ao":0,"ip":0,"op":10500,"st":0,"bm":0},{"ddd":0,"ind":3,"ty":4,"nm":"Shape Layer 2","sr":1,"ks":{"o":{"a":0,"k":100,"ix":11},"r":{"a":0,"k":0,"ix":10},"p":{"a":0,"k":[120.75,136.5,0],"ix":2},"a":{"a":0,"k":[0,0,0],"ix":1},"s":{"a":0,"k":[100,100,100],"ix":6}},"ao":0,"shapes":[{"ty":"gr","it":[{"ind":0,"ty":"sh","ix":1,"ks":{"a":0,"k":{"i":[[0,0],[0,0],[0,0]],"o":[[0,0],[0,0],[0,0]],"v":[[-17.5,16.5],[13,47],[80,-20]],"c":false},"ix":2},"nm":"Path 1","mn":"ADBE Vector Shape - Group","hd":false},{"ty":"gs","o":{"a":0,"k":100,"ix":9},"w":{"a":0,"k":5,"ix":10},"g":{"p":3,"k":{"a":0,"k":[0,0,0.951,0.726,0.5,0,0.891,0.782,1,0,0.831,0.838],"ix":8}},"s":{"a":0,"k":[0,0],"ix":4},"e":{"a":0,"k":[100,0],"ix":5},"t":1,"lc":1,"lj":1,"ml":4,"nm":"Gradient Stroke 1","mn":"ADBE Vector Graphic - G-Stroke","hd":false},{"ty":"tr","p":{"a":0,"k":[0,0],"ix":2},"a":{"a":0,"k":[0,0],"ix":1},"s":{"a":0,"k":[100,100],"ix":3},"r":{"a":0,"k":0,"ix":6},"o":{"a":0,"k":100,"ix":7},"sk":{"a":0,"k":0,"ix":4},"sa":{"a":0,"k":0,"ix":5},"nm":"Transform"}],"nm":"Shape 1","np":3,"cix":2,"ix":1,"mn":"ADBE Vector Group","hd":false},{"ty":"tm","s":{"a":0,"k":0,"ix":1},"e":{"a":1,"k":[{"i":{"x":[0.19],"y":[1]},"o":{"x":[0.6],"y":[0]},"n":["0p19_1_0p6_0"],"t":1298,"s":[0],"e":[100]},{"t":1328}],"ix":2},"o":{"a":0,"k":0,"ix":3},"m":1,"ix":2,"nm":"Trim Paths 1","mn":"ADBE Vector Filter - Trim","hd":false}],"ip":1298,"op":11798,"st":1298,"bm":0},{"ddd":0,"ind":4,"ty":4,"nm":"Shape Layer 1","sr":1,"ks":{"o":{"a":0,"k":100,"ix":11},"r":{"a":1,"k":[{"i":{"x":[0.19],"y":[1]},"o":{"x":[0.6],"y":[0]},"n":["0p19_1_0p6_0"],"t":1296,"s":[90],"e":[0]},{"t":1326}],"ix":10},"p":{"a":0,"k":[150,150,0],"ix":2},"a":{"a":0,"k":[0,-6,0],"ix":1},"s":{"a":0,"k":[100,100,100],"ix":6}},"ao":0,"shapes":[{"ty":"gr","it":[{"ind":0,"ty":"sh","ix":1,"ks":{"a":0,"k":{"i":[[45.516,0],[0,-45.516],[-45.516,0],[0,45.516]],"o":[[-45.516,0],[0,45.516],[45.516,0],[0,-45.516]],"v":[[0,-82.414],[-82.414,0],[0,82.414],[82.414,0]],"c":true},"ix":2},"nm":"Path 1","mn":"ADBE Vector Shape - Group","hd":false},{"ty":"gs","o":{"a":0,"k":100,"ix":9},"w":{"a":0,"k":5,"ix":10},"g":{"p":3,"k":{"a":0,"k":[0,0,0.951,0.726,0.5,0,0.891,0.782,1,0,0.831,0.838],"ix":8}},"s":{"a":0,"k":[-59.504,-26.012],"ix":4},"e":{"a":0,"k":[100,0],"ix":5},"t":1,"lc":1,"lj":1,"ml":4,"nm":"Gradient Stroke 1","mn":"ADBE Vector Graphic - G-Stroke","hd":false},{"ty":"tr","p":{"a":0,"k":[0,-6],"ix":2},"a":{"a":0,"k":[0,0],"ix":1},"s":{"a":0,"k":[100,100],"ix":3},"r":{"a":0,"k":0,"ix":6},"o":{"a":0,"k":100,"ix":7},"sk":{"a":0,"k":0,"ix":4},"sa":{"a":0,"k":0,"ix":5},"nm":"Transform"}],"nm":"Ellipse 1","np":3,"cix":2,"ix":1,"mn":"ADBE Vector Group","hd":false},{"ty":"tm","s":{"a":0,"k":0,"ix":1},"e":{"a":1,"k":[{"i":{"x":[0.19],"y":[1]},"o":{"x":[0.6],"y":[0]},"n":["0p19_1_0p6_0"],"t":1296,"s":[0],"e":[100]},{"t":1326}],"ix":2},"o":{"a":0,"k":0,"ix":3},"m":1,"ix":2,"nm":"Trim Paths 1","mn":"ADBE Vector Filter - Trim","hd":false}],"ip":1296,"op":11796,"st":1296,"bm":0},{"ddd":0,"ind":5,"ty":4,"nm":"Shape Layer 8","parent":2,"sr":1,"ks":{"o":{"a":0,"k":100,"ix":11},"r":{"a":0,"k":45,"ix":10},"p":{"a":1,"k":[{"i":{"x":0.36,"y":1},"o":{"x":0.167,"y":0.167},"n":"0p36_1_0p167_0p167","t":0,"s":[60,60,0],"e":[-28.035,110.558,0],"to":[0,0,0],"ti":[0,0,0]},{"i":{"x":0.833,"y":0.833},"o":{"x":0.64,"y":0},"n":"0p833_0p833_0p64_0","t":30,"s":[-28.035,110.558,0],"e":[60,60,0],"to":[0,0,0],"ti":[0,0,0]},{"t":60}],"ix":2},"a":{"a":0,"k":[31.359,-99.641,0],"ix":1},"s":{"a":1,"k":[{"i":{"x":[0.36,0.36,0.36],"y":[1,1,1]},"o":{"x":[0.167,0.167,0.167],"y":[0.167,0.167,-0.283]},"n":["0p36_1_0p167_0p167","0p36_1_0p167_0p167","0p36_1_0p167_-0p283"],"t":0,"s":[118,118,100],"e":[236,236,100]},{"i":{"x":[0.833,0.833,0.833],"y":[0.833,0.833,0.86]},"o":{"x":[0.64,0.64,0.64],"y":[0,0,0]},"n":["0p833_0p833_0p64_0","0p833_0p833_0p64_0","0p833_0p86_0p64_0"],"t":30,"s":[236,236,100],"e":[118,118,100]},{"t":60}],"ix":6}},"ao":0,"shapes":[{"ty":"gr","it":[{"ind":0,"ty":"sh","ix":1,"ks":{"a":0,"k":{"i":[[3.115,0],[0,-3.115],[-3.115,0],[0,3.115]],"o":[[-3.115,0],[0,3.115],[3.115,0],[0,-3.115]],"v":[[0,-5.641],[-5.641,0],[0,5.641],[5.641,0]],"c":true},"ix":2},"nm":"Path 1","mn":"ADBE Vector Shape - Group","hd":false},{"ty":"gs","o":{"a":0,"k":100,"ix":9},"w":{"a":0,"k":5,"ix":10},"g":{"p":3,"k":{"a":0,"k":[0,0,0.951,0.726,0.5,0,0.891,0.782,1,0,0.831,0.838],"ix":8}},"s":{"a":0,"k":[0,0],"ix":4},"e":{"a":0,"k":[100,0],"ix":5},"t":1,"lc":1,"lj":1,"ml":4,"nm":"Gradient Stroke 1","mn":"ADBE Vector Graphic - G-Stroke","hd":false},{"ty":"fl","c":{"a":0,"k":[0.112940447938,0.141086638208,0.188909313725,1],"ix":4},"o":{"a":0,"k":100,"ix":5},"r":1,"nm":"Fill 1","mn":"ADBE Vector Graphic - Fill","hd":false},{"ty":"tr","p":{"a":0,"k":[31.359,-99.641],"ix":2},"a":{"a":0,"k":[0,0],"ix":1},"s":{"a":0,"k":[100,100],"ix":3},"r":{"a":0,"k":0,"ix":6},"o":{"a":0,"k":100,"ix":7},"sk":{"a":0,"k":0,"ix":4},"sa":{"a":0,"k":0,"ix":5},"nm":"Transform"}],"nm":"Ellipse 1","np":3,"cix":2,"ix":1,"mn":"ADBE Vector Group","hd":false}],"ip":0,"op":10500,"st":0,"bm":0},{"ddd":0,"ind":6,"ty":4,"nm":"Shape Layer 6","parent":1,"sr":1,"ks":{"o":{"a":0,"k":100,"ix":11},"r":{"a":0,"k":-45,"ix":10},"p":{"a":1,"k":[{"i":{"x":0.36,"y":1},"o":{"x":0.167,"y":0.167},"n":"0p36_1_0p167_0p167","t":0,"s":[60,60,0],"e":[110.558,148.035,0],"to":[0,0,0],"ti":[0,0,0]},{"i":{"x":0.833,"y":0.833},"o":{"x":0.64,"y":0},"n":"0p833_0p833_0p64_0","t":30,"s":[110.558,148.035,0],"e":[60,60,0],"to":[0,0,0],"ti":[0,0,0]},{"t":60}],"ix":2},"a":{"a":0,"k":[31.359,-99.641,0],"ix":1},"s":{"a":0,"k":[100,100,100],"ix":6}},"ao":0,"shapes":[{"ty":"gr","it":[{"ind":0,"ty":"sh","ix":1,"ks":{"a":0,"k":{"i":[[3.115,0],[0,-3.115],[-3.115,0],[0,3.115]],"o":[[-3.115,0],[0,3.115],[3.115,0],[0,-3.115]],"v":[[0,-5.641],[-5.641,0],[0,5.641],[5.641,0]],"c":true},"ix":2},"nm":"Path 1","mn":"ADBE Vector Shape - Group","hd":false},{"ty":"gs","o":{"a":0,"k":100,"ix":9},"w":{"a":0,"k":5,"ix":10},"g":{"p":3,"k":{"a":0,"k":[0,0,0.951,0.726,0.5,0,0.891,0.782,1,0,0.831,0.838],"ix":8}},"s":{"a":0,"k":[0,0],"ix":4},"e":{"a":0,"k":[100,0],"ix":5},"t":1,"lc":1,"lj":1,"ml":4,"nm":"Gradient Stroke 1","mn":"ADBE Vector Graphic - G-Stroke","hd":false},{"ty":"fl","c":{"a":0,"k":[0.112940447938,0.141086638208,0.188909313725,1],"ix":4},"o":{"a":0,"k":100,"ix":5},"r":1,"nm":"Fill 1","mn":"ADBE Vector Graphic - Fill","hd":false},{"ty":"tr","p":{"a":0,"k":[31.359,-99.641],"ix":2},"a":{"a":0,"k":[0,0],"ix":1},"s":{"a":0,"k":[100,100],"ix":3},"r":{"a":0,"k":0,"ix":6},"o":{"a":0,"k":100,"ix":7},"sk":{"a":0,"k":0,"ix":4},"sa":{"a":0,"k":0,"ix":5},"nm":"Transform"}],"nm":"Ellipse 1","np":3,"cix":2,"ix":1,"mn":"ADBE Vector Group","hd":false}],"ip":0,"op":10500,"st":0,"bm":0},{"ddd":0,"ind":7,"ty":4,"nm":"Shape Layer 4","parent":2,"sr":1,"ks":{"o":{"a":0,"k":100,"ix":11},"r":{"a":0,"k":-45,"ix":10},"p":{"a":1,"k":[{"i":{"x":0.36,"y":1},"o":{"x":0.167,"y":0.167},"n":"0p36_1_0p167_0p167","t":0,"s":[60,60,0],"e":[110.558,148.035,0],"to":[0,0,0],"ti":[0,0,0]},{"i":{"x":0.833,"y":0.833},"o":{"x":0.64,"y":0},"n":"0p833_0p833_0p64_0","t":30,"s":[110.558,148.035,0],"e":[60,60,0],"to":[0,0,0],"ti":[0,0,0]},{"t":60}],"ix":2},"a":{"a":0,"k":[31.359,-99.641,0],"ix":1},"s":{"a":1,"k":[{"i":{"x":[0.36,0.36,0.36],"y":[1,1,1]},"o":{"x":[0.167,0.167,0.167],"y":[0.167,0.167,-0.283]},"n":["0p36_1_0p167_0p167","0p36_1_0p167_0p167","0p36_1_0p167_-0p283"],"t":0,"s":[118,118,100],"e":[236,236,100]},{"i":{"x":[0.833,0.833,0.833],"y":[0.833,0.833,0.86]},"o":{"x":[0.64,0.64,0.64],"y":[0,0,0]},"n":["0p833_0p833_0p64_0","0p833_0p833_0p64_0","0p833_0p86_0p64_0"],"t":30,"s":[236,236,100],"e":[118,118,100]},{"t":60}],"ix":6}},"ao":0,"shapes":[{"ty":"gr","it":[{"ind":0,"ty":"sh","ix":1,"ks":{"a":0,"k":{"i":[[3.115,0],[0,-3.115],[-3.115,0],[0,3.115]],"o":[[-3.115,0],[0,3.115],[3.115,0],[0,-3.115]],"v":[[0,-5.641],[-5.641,0],[0,5.641],[5.641,0]],"c":true},"ix":2},"nm":"Path 1","mn":"ADBE Vector Shape - Group","hd":false},{"ty":"gs","o":{"a":0,"k":100,"ix":9},"w":{"a":0,"k":5,"ix":10},"g":{"p":3,"k":{"a":0,"k":[0,0,0.951,0.726,0.5,0,0.891,0.782,1,0,0.831,0.838],"ix":8}},"s":{"a":0,"k":[0,0],"ix":4},"e":{"a":0,"k":[100,0],"ix":5},"t":1,"lc":1,"lj":1,"ml":4,"nm":"Gradient Stroke 1","mn":"ADBE Vector Graphic - G-Stroke","hd":false},{"ty":"fl","c":{"a":0,"k":[0.112940447938,0.141086638208,0.188909313725,1],"ix":4},"o":{"a":0,"k":100,"ix":5},"r":1,"nm":"Fill 1","mn":"ADBE Vector Graphic - Fill","hd":false},{"ty":"tr","p":{"a":0,"k":[31.359,-99.641],"ix":2},"a":{"a":0,"k":[0,0],"ix":1},"s":{"a":0,"k":[100,100],"ix":3},"r":{"a":0,"k":0,"ix":6},"o":{"a":0,"k":100,"ix":7},"sk":{"a":0,"k":0,"ix":4},"sa":{"a":0,"k":0,"ix":5},"nm":"Transform"}],"nm":"Ellipse 1","np":3,"cix":2,"ix":1,"mn":"ADBE Vector Group","hd":false}],"ip":0,"op":10500,"st":0,"bm":0},{"ddd":0,"ind":8,"ty":4,"nm":"Shape Layer 9","parent":1,"sr":1,"ks":{"o":{"a":0,"k":100,"ix":11},"r":{"a":0,"k":45,"ix":10},"p":{"a":1,"k":[{"i":{"x":0.36,"y":1},"o":{"x":0.167,"y":0.167},"n":"0p36_1_0p167_0p167","t":0,"s":[60,60,0],"e":[148.035,9.442,0],"to":[0,0,0],"ti":[0,0,0]},{"i":{"x":0.833,"y":0.833},"o":{"x":0.64,"y":0},"n":"0p833_0p833_0p64_0","t":30,"s":[148.035,9.442,0],"e":[60,60,0],"to":[0,0,0],"ti":[0,0,0]},{"t":60}],"ix":2},"a":{"a":0,"k":[31.359,-99.641,0],"ix":1},"s":{"a":1,"k":[{"i":{"x":[0.36,0.36,0.36],"y":[1,1,1]},"o":{"x":[0.167,0.167,0.167],"y":[0.167,0.167,-0.142]},"n":["0p36_1_0p167_0p167","0p36_1_0p167_0p167","0p36_1_0p167_-0p142"],"t":0,"s":[118,118,100],"e":[100,100,100]},{"i":{"x":[0.833,0.833,0.833],"y":[0.833,0.833,1]},"o":{"x":[0.64,0.64,0.64],"y":[0,0,0]},"n":["0p833_0p833_0p64_0","0p833_0p833_0p64_0","0p833_1_0p64_0"],"t":30,"s":[100,100,100],"e":[118,118,100]},{"t":60}],"ix":6}},"ao":0,"shapes":[{"ty":"gr","it":[{"ind":0,"ty":"sh","ix":1,"ks":{"a":0,"k":{"i":[[3.115,0],[0,-3.115],[-3.115,0],[0,3.115]],"o":[[-3.115,0],[0,3.115],[3.115,0],[0,-3.115]],"v":[[0,-5.641],[-5.641,0],[0,5.641],[5.641,0]],"c":true},"ix":2},"nm":"Path 1","mn":"ADBE Vector Shape - Group","hd":false},{"ty":"gs","o":{"a":0,"k":100,"ix":9},"w":{"a":0,"k":5,"ix":10},"g":{"p":3,"k":{"a":0,"k":[0,0,0.951,0.726,0.5,0,0.891,0.782,1,0,0.831,0.838],"ix":8}},"s":{"a":0,"k":[0,0],"ix":4},"e":{"a":0,"k":[100,0],"ix":5},"t":1,"lc":1,"lj":1,"ml":4,"nm":"Gradient Stroke 1","mn":"ADBE Vector Graphic - G-Stroke","hd":false},{"ty":"fl","c":{"a":0,"k":[0.112940447938,0.141086638208,0.188909313725,1],"ix":4},"o":{"a":0,"k":100,"ix":5},"r":1,"nm":"Fill 1","mn":"ADBE Vector Graphic - Fill","hd":false},{"ty":"tr","p":{"a":0,"k":[31.359,-99.641],"ix":2},"a":{"a":0,"k":[0,0],"ix":1},"s":{"a":0,"k":[100,100],"ix":3},"r":{"a":0,"k":0,"ix":6},"o":{"a":0,"k":100,"ix":7},"sk":{"a":0,"k":0,"ix":4},"sa":{"a":0,"k":0,"ix":5},"nm":"Transform"}],"nm":"Ellipse 1","np":3,"cix":2,"ix":1,"mn":"ADBE Vector Group","hd":false}],"ip":0,"op":10500,"st":0,"bm":0},{"ddd":0,"ind":9,"ty":4,"nm":"Shape Layer 7","parent":2,"sr":1,"ks":{"o":{"a":0,"k":100,"ix":11},"r":{"a":0,"k":45,"ix":10},"p":{"a":1,"k":[{"i":{"x":0.36,"y":1},"o":{"x":0.167,"y":0.167},"n":"0p36_1_0p167_0p167","t":0,"s":[60,60,0],"e":[148.035,9.442,0],"to":[0,0,0],"ti":[0,0,0]},{"i":{"x":0.833,"y":0.833},"o":{"x":0.64,"y":0},"n":"0p833_0p833_0p64_0","t":30,"s":[148.035,9.442,0],"e":[60,60,0],"to":[0,0,0],"ti":[0,0,0]},{"t":60}],"ix":2},"a":{"a":0,"k":[31.359,-99.641,0],"ix":1},"s":{"a":1,"k":[{"i":{"x":[0.36,0.36,0.36],"y":[1,1,1]},"o":{"x":[0.167,0.167,0.167],"y":[0.167,0.167,-0.14]},"n":["0p36_1_0p167_0p167","0p36_1_0p167_0p167","0p36_1_0p167_-0p14"],"t":0,"s":[118,118,100],"e":[236,236,100]},{"i":{"x":[0.833,0.833,0.833],"y":[0.833,0.833,0.86]},"o":{"x":[0.64,0.64,0.64],"y":[0,0,0]},"n":["0p833_0p833_0p64_0","0p833_0p833_0p64_0","0p833_0p86_0p64_0"],"t":30,"s":[236,236,100],"e":[118,118,100]},{"t":60}],"ix":6}},"ao":0,"shapes":[{"ty":"gr","it":[{"ind":0,"ty":"sh","ix":1,"ks":{"a":0,"k":{"i":[[3.115,0],[0,-3.115],[-3.115,0],[0,3.115]],"o":[[-3.115,0],[0,3.115],[3.115,0],[0,-3.115]],"v":[[0,-5.641],[-5.641,0],[0,5.641],[5.641,0]],"c":true},"ix":2},"nm":"Path 1","mn":"ADBE Vector Shape - Group","hd":false},{"ty":"gs","o":{"a":0,"k":100,"ix":9},"w":{"a":0,"k":5,"ix":10},"g":{"p":3,"k":{"a":0,"k":[0,0,0.951,0.726,0.5,0,0.891,0.782,1,0,0.831,0.838],"ix":8}},"s":{"a":0,"k":[0,0],"ix":4},"e":{"a":0,"k":[100,0],"ix":5},"t":1,"lc":1,"lj":1,"ml":4,"nm":"Gradient Stroke 1","mn":"ADBE Vector Graphic - G-Stroke","hd":false},{"ty":"fl","c":{"a":0,"k":[0.112940447938,0.141086638208,0.188909313725,1],"ix":4},"o":{"a":0,"k":100,"ix":5},"r":1,"nm":"Fill 1","mn":"ADBE Vector Graphic - Fill","hd":false},{"ty":"tr","p":{"a":0,"k":[31.359,-99.641],"ix":2},"a":{"a":0,"k":[0,0],"ix":1},"s":{"a":0,"k":[100,100],"ix":3},"r":{"a":0,"k":0,"ix":6},"o":{"a":0,"k":100,"ix":7},"sk":{"a":0,"k":0,"ix":4},"sa":{"a":0,"k":0,"ix":5},"nm":"Transform"}],"nm":"Ellipse 1","np":3,"cix":2,"ix":1,"mn":"ADBE Vector Group","hd":false}],"ip":0,"op":10500,"st":0,"bm":0},{"ddd":0,"ind":10,"ty":4,"nm":"Shape Layer 5","parent":1,"sr":1,"ks":{"o":{"a":0,"k":100,"ix":11},"r":{"a":0,"k":-45,"ix":10},"p":{"a":1,"k":[{"i":{"x":0.36,"y":1},"o":{"x":0.167,"y":0.167},"n":"0p36_1_0p167_0p167","t":0,"s":[60,60,0],"e":[9.442,-28.035,0],"to":[0,0,0],"ti":[0,0,0]},{"i":{"x":0.833,"y":0.833},"o":{"x":0.64,"y":0},"n":"0p833_0p833_0p64_0","t":30,"s":[9.442,-28.035,0],"e":[60,60,0],"to":[0,0,0],"ti":[0,0,0]},{"t":60}],"ix":2},"a":{"a":0,"k":[31.359,-99.641,0],"ix":1},"s":{"a":0,"k":[100,100,100],"ix":6}},"ao":0,"shapes":[{"ty":"gr","it":[{"ind":0,"ty":"sh","ix":1,"ks":{"a":0,"k":{"i":[[3.115,0],[0,-3.115],[-3.115,0],[0,3.115]],"o":[[-3.115,0],[0,3.115],[3.115,0],[0,-3.115]],"v":[[0,-5.641],[-5.641,0],[0,5.641],[5.641,0]],"c":true},"ix":2},"nm":"Path 1","mn":"ADBE Vector Shape - Group","hd":false},{"ty":"gs","o":{"a":0,"k":100,"ix":9},"w":{"a":0,"k":5,"ix":10},"g":{"p":3,"k":{"a":0,"k":[0,0,0.951,0.726,0.5,0,0.891,0.782,1,0,0.831,0.838],"ix":8}},"s":{"a":0,"k":[0,0],"ix":4},"e":{"a":0,"k":[100,0],"ix":5},"t":1,"lc":1,"lj":1,"ml":4,"nm":"Gradient Stroke 1","mn":"ADBE Vector Graphic - G-Stroke","hd":false},{"ty":"fl","c":{"a":0,"k":[0.112940447938,0.141086638208,0.188909313725,1],"ix":4},"o":{"a":0,"k":100,"ix":5},"r":1,"nm":"Fill 1","mn":"ADBE Vector Graphic - Fill","hd":false},{"ty":"tr","p":{"a":0,"k":[31.359,-99.641],"ix":2},"a":{"a":0,"k":[0,0],"ix":1},"s":{"a":0,"k":[100,100],"ix":3},"r":{"a":0,"k":0,"ix":6},"o":{"a":0,"k":100,"ix":7},"sk":{"a":0,"k":0,"ix":4},"sa":{"a":0,"k":0,"ix":5},"nm":"Transform"}],"nm":"Ellipse 1","np":3,"cix":2,"ix":1,"mn":"ADBE Vector Group","hd":false}],"ip":0,"op":10500,"st":0,"bm":0},{"ddd":0,"ind":11,"ty":4,"nm":"Shape Layer 3","parent":2,"sr":1,"ks":{"o":{"a":0,"k":100,"ix":11},"r":{"a":0,"k":-45,"ix":10},"p":{"a":1,"k":[{"i":{"x":0.36,"y":1},"o":{"x":0.167,"y":0.167},"n":"0p36_1_0p167_0p167","t":0,"s":[60,60,0],"e":[9.442,-28.035,0],"to":[0,0,0],"ti":[0,0,0]},{"i":{"x":0.833,"y":0.833},"o":{"x":0.64,"y":0},"n":"0p833_0p833_0p64_0","t":30,"s":[9.442,-28.035,0],"e":[60,60,0],"to":[0,0,0],"ti":[0,0,0]},{"t":60}],"ix":2},"a":{"a":0,"k":[31.359,-99.641,0],"ix":1},"s":{"a":1,"k":[{"i":{"x":[0.36,0.36,0.36],"y":[1,1,1]},"o":{"x":[0.167,0.167,0.167],"y":[0.167,0.167,-0.283]},"n":["0p36_1_0p167_0p167","0p36_1_0p167_0p167","0p36_1_0p167_-0p283"],"t":0,"s":[118,118,100],"e":[236,236,100]},{"i":{"x":[0.833,0.833,0.833],"y":[0.833,0.833,0.86]},"o":{"x":[0.64,0.64,0.64],"y":[0,0,0]},"n":["0p833_0p833_0p64_0","0p833_0p833_0p64_0","0p833_0p86_0p64_0"],"t":30,"s":[236,236,100],"e":[118,118,100]},{"t":60}],"ix":6}},"ao":0,"shapes":[{"ty":"gr","it":[{"ind":0,"ty":"sh","ix":1,"ks":{"a":0,"k":{"i":[[3.115,0],[0,-3.115],[-3.115,0],[0,3.115]],"o":[[-3.115,0],[0,3.115],[3.115,0],[0,-3.115]],"v":[[0,-5.641],[-5.641,0],[0,5.641],[5.641,0]],"c":true},"ix":2},"nm":"Path 1","mn":"ADBE Vector Shape - Group","hd":false},{"ty":"gs","o":{"a":0,"k":100,"ix":9},"w":{"a":0,"k":5,"ix":10},"g":{"p":3,"k":{"a":0,"k":[0,0,0.951,0.726,0.5,0,0.891,0.782,1,0,0.831,0.838],"ix":8}},"s":{"a":0,"k":[0,0],"ix":4},"e":{"a":0,"k":[100,0],"ix":5},"t":1,"lc":1,"lj":1,"ml":4,"nm":"Gradient Stroke 1","mn":"ADBE Vector Graphic - G-Stroke","hd":false},{"ty":"fl","c":{"a":0,"k":[0.112940447938,0.141086638208,0.188909313725,1],"ix":4},"o":{"a":0,"k":100,"ix":5},"r":1,"nm":"Fill 1","mn":"ADBE Vector Graphic - Fill","hd":false},{"ty":"tr","p":{"a":0,"k":[31.359,-99.641],"ix":2},"a":{"a":0,"k":[0,0],"ix":1},"s":{"a":0,"k":[100,100],"ix":3},"r":{"a":0,"k":0,"ix":6},"o":{"a":0,"k":100,"ix":7},"sk":{"a":0,"k":0,"ix":4},"sa":{"a":0,"k":0,"ix":5},"nm":"Transform"}],"nm":"Ellipse 1","np":3,"cix":2,"ix":1,"mn":"ADBE Vector Group","hd":false}],"ip":0,"op":10500,"st":0,"bm":0},{"ddd":0,"ind":12,"ty":4,"nm":"Shape Layer 10","parent":1,"sr":1,"ks":{"o":{"a":0,"k":100,"ix":11},"r":{"a":0,"k":45,"ix":10},"p":{"a":1,"k":[{"i":{"x":0.36,"y":1},"o":{"x":0.167,"y":0.167},"n":"0p36_1_0p167_0p167","t":0,"s":[60,60,0],"e":[-28.035,110.558,0],"to":[0,0,0],"ti":[0,0,0]},{"i":{"x":0.833,"y":0.833},"o":{"x":0.64,"y":0},"n":"0p833_0p833_0p64_0","t":30,"s":[-28.035,110.558,0],"e":[60,60,0],"to":[0,0,0],"ti":[0,0,0]},{"t":60}],"ix":2},"a":{"a":0,"k":[31.359,-99.641,0],"ix":1},"s":{"a":0,"k":[100,100,100],"ix":6}},"ao":0,"shapes":[{"ty":"gr","it":[{"ind":0,"ty":"sh","ix":1,"ks":{"a":0,"k":{"i":[[3.115,0],[0,-3.115],[-3.115,0],[0,3.115]],"o":[[-3.115,0],[0,3.115],[3.115,0],[0,-3.115]],"v":[[0,-5.641],[-5.641,0],[0,5.641],[5.641,0]],"c":true},"ix":2},"nm":"Path 1","mn":"ADBE Vector Shape - Group","hd":false},{"ty":"gs","o":{"a":0,"k":100,"ix":9},"w":{"a":0,"k":5,"ix":10},"g":{"p":3,"k":{"a":0,"k":[0,0,0.951,0.726,0.5,0,0.891,0.782,1,0,0.831,0.838],"ix":8}},"s":{"a":0,"k":[0,0],"ix":4},"e":{"a":0,"k":[100,0],"ix":5},"t":1,"lc":1,"lj":1,"ml":4,"nm":"Gradient Stroke 1","mn":"ADBE Vector Graphic - G-Stroke","hd":false},{"ty":"fl","c":{"a":0,"k":[0.112940447938,0.141086638208,0.188909313725,1],"ix":4},"o":{"a":0,"k":100,"ix":5},"r":1,"nm":"Fill 1","mn":"ADBE Vector Graphic - Fill","hd":false},{"ty":"tr","p":{"a":0,"k":[31.359,-99.641],"ix":2},"a":{"a":0,"k":[0,0],"ix":1},"s":{"a":0,"k":[100,100],"ix":3},"r":{"a":0,"k":0,"ix":6},"o":{"a":0,"k":100,"ix":7},"sk":{"a":0,"k":0,"ix":4},"sa":{"a":0,"k":0,"ix":5},"nm":"Transform"}],"nm":"Ellipse 1","np":3,"cix":2,"ix":1,"mn":"ADBE Vector Group","hd":false}],"ip":0,"op":10500,"st":0,"bm":0}],"markers":[]}