{"v":"4.6.9","fr":29.9700012207031,"ip":0,"op":120.0000048877,"w":800,"h":600,"nm":"Bold","ddd":0,"assets":[],"layers":[{"ddd":0,"ind":1,"ty":4,"nm":"Bold","ks":{"o":{"a":1,"k":[{"i":{"x":[0],"y":[1]},"o":{"x":[0.167],"y":[0.167]},"n":["0_1_0p167_0p167"],"t":30,"s":[25],"e":[100]},{"i":{"x":[0.833],"y":[0.833]},"o":{"x":[0.167],"y":[0.167]},"n":["0p833_0p833_0p167_0p167"],"t":40,"s":[100],"e":[100]},{"i":{"x":[0],"y":[1]},"o":{"x":[0.167],"y":[0.167]},"n":["0_1_0p167_0p167"],"t":105,"s":[100],"e":[25]},{"t":115.000004684046}]},"r":{"a":0,"k":0},"p":{"a":0,"k":[520.688,299.938,0]},"a":{"a":0,"k":[0,0,0]},"s":{"a":0,"k":[100,100,100]}},"ao":0,"shapes":[{"ty":"gr","it":[{"ind":0,"ty":"sh","ix":1,"ks":{"a":0,"k":{"i":[[0,0],[0,0],[-10.925,0],[0,9.816],[9.605,0],[0,0],[-9.737,0],[0,8.128],[10.634,0]],"o":[[0,0],[0,0],[10.925,0],[0,-9.816],[-9.605,0],[0,0],[10.001,0],[0,-8.128],[-9.737,0]],"v":[[-137.677,-26.938],[-137.677,27],[-120.26,27],[-100.073,13.463],[-120.26,-0.074],[-137.202,-0.074],[-121.606,-0.074],[-103.952,-13.928],[-121.606,-26.938]],"c":true}},"nm":"Path 1","mn":"ADBE Vector Shape - Group"},{"ty":"st","c":{"a":0,"k":[0.105882,0.105882,0.105882,1]},"o":{"a":0,"k":100},"w":{"a":1,"k":[{"i":{"x":[0],"y":[1]},"o":{"x":[0.167],"y":[0.167]},"n":["0_1_0p167_0p167"],"t":30,"s":[8],"e":[12]},{"i":{"x":[0.833],"y":[0.833]},"o":{"x":[0.167],"y":[0.167]},"n":["0p833_0p833_0p167_0p167"],"t":40,"s":[12],"e":[12]},{"i":{"x":[0],"y":[1]},"o":{"x":[0.167],"y":[0.167]},"n":["0_1_0p167_0p167"],"t":105,"s":[12],"e":[8]},{"t":115.000004684046}]},"lc":1,"lj":1,"ml":4,"nm":"Stroke 1","mn":"ADBE Vector Graphic - Stroke"},{"ty":"tr","p":{"a":0,"k":[0,0],"ix":2},"a":{"a":0,"k":[0,0],"ix":1},"s":{"a":0,"k":[100,100],"ix":3},"r":{"a":0,"k":0,"ix":6},"o":{"a":0,"k":100,"ix":7},"sk":{"a":0,"k":0,"ix":4},"sa":{"a":0,"k":0,"ix":5},"nm":"Transform"}],"nm":"Shape 1","np":3,"cix":2,"ix":1,"mn":"ADBE Vector Group"}],"ip":0,"op":450.000018328876,"st":0,"bm":0,"sr":1},{"ddd":0,"ind":2,"ty":4,"nm":"Button Draw 1","ks":{"o":{"a":1,"k":[{"i":{"x":[0],"y":[1]},"o":{"x":[0.167],"y":[0.167]},"n":["0_1_0p167_0p167"],"t":105,"s":[100],"e":[0]},{"t":120.0000048877}]},"r":{"a":0,"k":0},"p":{"a":0,"k":[400.5,300.5,0]},"a":{"a":0,"k":[0,0,0]},"s":{"a":0,"k":[100,100,100]}},"ao":0,"shapes":[{"ty":"gr","it":[{"ind":0,"ty":"sh","ix":1,"ks":{"a":0,"k":{"i":[[11,0],[0,0],[0,11],[0,0],[-11,0],[0,0],[0,-11],[0,0]],"o":[[0,0],[-11,0],[0,0],[0,-11],[0,0],[11,0],[0,0],[0,11]],"v":[[42.5,62.5],[-42.5,62.5],[-62.5,42.5],[-62.5,-42.5],[-42.5,-62.5],[42.5,-62.5],[62.5,-42.5],[62.5,42.5]],"c":true}},"nm":"Path 1","mn":"ADBE Vector Shape - Group"},{"ty":"st","c":{"a":0,"k":[0.105882,0.105882,0.105882,1]},"o":{"a":0,"k":100},"w":{"a":1,"k":[{"i":{"x":[0],"y":[1]},"o":{"x":[0.167],"y":[0.167]},"n":["0_1_0p167_0p167"],"t":105,"s":[4],"e":[2]},{"t":120.0000048877}]},"lc":1,"lj":1,"ml":4,"nm":"Stroke 1","mn":"ADBE Vector Graphic - Stroke"},{"ty":"tr","p":{"a":0,"k":[0,0],"ix":2},"a":{"a":0,"k":[0,0],"ix":1},"s":{"a":0,"k":[100,100],"ix":3},"r":{"a":0,"k":0,"ix":6},"o":{"a":0,"k":100,"ix":7},"sk":{"a":0,"k":0,"ix":4},"sa":{"a":0,"k":0,"ix":5},"nm":"Transform"}],"nm":"Shape 1","np":3,"cix":2,"ix":1,"mn":"ADBE Vector Group"},{"ty":"tm","s":{"a":1,"k":[{"i":{"x":[0],"y":[1]},"o":{"x":[0.167],"y":[0.167]},"n":["0_1_0p167_0p167"],"t":30,"s":[100],"e":[0]},{"t":45.0000018328876}],"ix":1},"e":{"a":0,"k":100,"ix":2},"o":{"a":0,"k":-147,"ix":3},"m":1,"ix":2,"nm":"Trim Paths 1","mn":"ADBE Vector Filter - Trim"}],"ip":0,"op":450.000018328876,"st":0,"bm":0,"sr":1},{"ddd":0,"ind":3,"ty":4,"nm":"Button Border 1","ks":{"o":{"a":0,"k":25},"r":{"a":0,"k":0},"p":{"a":0,"k":[400.5,300.5,0]},"a":{"a":0,"k":[0,0,0]},"s":{"a":0,"k":[100,100,100]}},"ao":0,"shapes":[{"ty":"gr","it":[{"ind":0,"ty":"sh","ix":1,"ks":{"a":0,"k":{"i":[[11,0],[0,0],[0,11],[0,0],[-11,0],[0,0],[0,-11],[0,0]],"o":[[0,0],[-11,0],[0,0],[0,-11],[0,0],[11,0],[0,0],[0,11]],"v":[[42.5,62.5],[-42.5,62.5],[-62.5,42.5],[-62.5,-42.5],[-42.5,-62.5],[42.5,-62.5],[62.5,-42.5],[62.5,42.5]],"c":true}},"nm":"Path 1","mn":"ADBE Vector Shape - Group"},{"ty":"st","c":{"a":0,"k":[0.105882,0.105882,0.105882,1]},"o":{"a":0,"k":100},"w":{"a":0,"k":2},"lc":1,"lj":1,"ml":4,"nm":"Stroke 1","mn":"ADBE Vector Graphic - Stroke"},{"ty":"tr","p":{"a":0,"k":[0,0],"ix":2},"a":{"a":0,"k":[0,0],"ix":1},"s":{"a":0,"k":[100,100],"ix":3},"r":{"a":0,"k":0,"ix":6},"o":{"a":0,"k":100,"ix":7},"sk":{"a":0,"k":0,"ix":4},"sa":{"a":0,"k":0,"ix":5},"nm":"Transform"}],"nm":"Shape 1","np":3,"cix":2,"ix":1,"mn":"ADBE Vector Group"}],"ip":0,"op":450.000018328876,"st":0,"bm":0,"sr":1}]}