{"v":"4.6.9","fr":29.9700012207031,"ip":0,"op":204.00000830909,"w":800,"h":600,"nm":"Flash 1","ddd":0,"assets":[{"id":"comp_0","layers":[{"ddd":0,"ind":1,"ty":4,"nm":"R Mask 3","td":1,"ks":{"o":{"a":1,"k":[{"i":{"x":[0],"y":[1]},"o":{"x":[0.167],"y":[0.167]},"n":["0_1_0p167_0p167"],"t":72,"s":[25],"e":[100]},{"t":90.0000036657751}]},"r":{"a":0,"k":0},"p":{"a":1,"k":[{"i":{"x":0,"y":1},"o":{"x":0.167,"y":0.167},"n":"0_1_0p167_0p167","t":72,"s":[405.375,300.375,0],"e":[435.375,300.375,0],"to":[5,0,0],"ti":[-5,0,0]},{"t":90.0000036657751}]},"a":{"a":0,"k":[0,0,0]},"s":{"a":0,"k":[100,100,100]}},"ao":0,"shapes":[{"ty":"gr","it":[{"ind":0,"ty":"sh","ix":1,"ks":{"a":0,"k":{"i":[[3.058,0],[0,0],[0,0],[2.47,0],[0,0],[0.616,-1.814],[0,0],[-3.063,0],[0,0],[0,0],[-2.466,0],[0,0],[-0.615,1.811],[0,0]],"o":[[0,0],[0,0],[0,-2.47],[0,0],[-1.915,0],[0,0],[-0.986,2.9],[0,0],[0,0],[0,2.466],[0,0],[1.912,0],[0,0],[0.984,-2.896]],"v":[[-17.416,-10.333],[-30.485,-10.333],[-30.485,-53.861],[-34.957,-58.333],[-145.282,-58.333],[-149.516,-55.3],[-171.81,4.423],[-167.576,10.333],[-154.516,10.333],[-154.516,53.869],[-150.052,58.333],[-39.715,58.333],[-35.487,55.305],[-13.188,-4.432]],"c":true}},"nm":"Path 1","mn":"ADBE Vector Shape - Group"},{"ty":"fl","c":{"a":0,"k":[0.105882,0.105882,0.105882,1]},"o":{"a":0,"k":100},"r":1,"nm":"Fill 1","mn":"ADBE Vector Graphic - Fill"},{"ty":"tr","p":{"a":0,"k":[0,0],"ix":2},"a":{"a":0,"k":[0,0],"ix":1},"s":{"a":0,"k":[100,100],"ix":3},"r":{"a":0,"k":0,"ix":6},"o":{"a":0,"k":100,"ix":7},"sk":{"a":0,"k":0,"ix":4},"sa":{"a":0,"k":0,"ix":5},"nm":"Transform"}],"nm":"Shape 1","np":3,"cix":2,"ix":1,"mn":"ADBE Vector Group"}],"ip":0,"op":315.000012830213,"st":0,"bm":0,"sr":1},{"ddd":0,"ind":2,"ty":4,"nm":"R Cam 3","tt":2,"ks":{"o":{"a":1,"k":[{"i":{"x":[0.833],"y":[0.833]},"o":{"x":[0.167],"y":[0.167]},"n":["0p833_0p833_0p167_0p167"],"t":72,"s":[0],"e":[100]},{"t":73.000002973351}]},"r":{"a":0,"k":0},"p":{"a":0,"k":[427.25,300,0]},"a":{"a":0,"k":[0,0,0]},"s":{"a":0,"k":[100,100,100]}},"ao":0,"shapes":[{"ty":"gr","it":[{"ind":0,"ty":"sh","ix":1,"ks":{"a":0,"k":{"i":[[8.005,0],[0,0],[0,0],[0,0],[0,5.507],[0,0],[5.502,0],[0,0],[0,0]],"o":[[0,0],[0,0],[0,0],[5.502,0],[0,0],[0,-5.507],[0,0],[0,0],[-1.583,-4.53]],"v":[[-12.755,-44],[-27.25,-44],[-27.25,44],[17.245,44],[27.25,33.987],[27.25,-18.987],[17.245,-29],[2.133,-29],[0.25,-33.987]],"c":true}},"nm":"Path 1","mn":"ADBE Vector Shape - Group"},{"ty":"fl","c":{"a":0,"k":[0.105882,0.105882,0.105882,1]},"o":{"a":0,"k":100},"r":1,"nm":"Fill 1","mn":"ADBE Vector Graphic - Fill"},{"ty":"tr","p":{"a":0,"k":[0,0],"ix":2},"a":{"a":0,"k":[0,0],"ix":1},"s":{"a":0,"k":[100,100],"ix":3},"r":{"a":0,"k":0,"ix":6},"o":{"a":0,"k":100,"ix":7},"sk":{"a":0,"k":0,"ix":4},"sa":{"a":0,"k":0,"ix":5},"nm":"Transform"}],"nm":"Shape 1","np":3,"cix":2,"ix":1,"mn":"ADBE Vector Group"}],"ip":0,"op":315.000012830213,"st":0,"bm":0,"sr":1},{"ddd":0,"ind":3,"ty":4,"nm":"R Mask 2","td":1,"ks":{"o":{"a":1,"k":[{"i":{"x":[0],"y":[1]},"o":{"x":[0.167],"y":[0.167]},"n":["0_1_0p167_0p167"],"t":66,"s":[25],"e":[100]},{"t":81.0000032991976}]},"r":{"a":0,"k":0},"p":{"a":1,"k":[{"i":{"x":0,"y":1},"o":{"x":0.167,"y":0.167},"n":"0_1_0p167_0p167","t":66,"s":[405.375,300.375,0],"e":[505.375,300.375,0],"to":[16.6666660308838,0,0],"ti":[-16.6666660308838,0,0]},{"t":81.0000032991976}]},"a":{"a":0,"k":[0,0,0]},"s":{"a":0,"k":[100,100,100]}},"ao":0,"shapes":[{"ty":"gr","it":[{"ind":0,"ty":"sh","ix":1,"ks":{"a":0,"k":{"i":[[3.058,0],[0,0],[0,0],[2.47,0],[0,0],[0.616,-1.814],[0,0],[-3.063,0],[0,0],[0,0],[-2.466,0],[0,0],[-0.615,1.811],[0,0]],"o":[[0,0],[0,0],[0,-2.47],[0,0],[-1.915,0],[0,0],[-0.986,2.9],[0,0],[0,0],[0,2.466],[0,0],[1.912,0],[0,0],[0.984,-2.896]],"v":[[-17.416,-10.333],[-30.485,-10.333],[-30.485,-53.861],[-34.957,-58.333],[-145.282,-58.333],[-149.516,-55.3],[-171.81,4.423],[-167.576,10.333],[-154.516,10.333],[-154.516,53.869],[-150.052,58.333],[-39.715,58.333],[-35.487,55.305],[-13.188,-4.432]],"c":true}},"nm":"Path 1","mn":"ADBE Vector Shape - Group"},{"ty":"fl","c":{"a":0,"k":[0.105882,0.105882,0.105882,1]},"o":{"a":0,"k":100},"r":1,"nm":"Fill 1","mn":"ADBE Vector Graphic - Fill"},{"ty":"tr","p":{"a":0,"k":[0,0],"ix":2},"a":{"a":0,"k":[0,0],"ix":1},"s":{"a":0,"k":[100,100],"ix":3},"r":{"a":0,"k":0,"ix":6},"o":{"a":0,"k":100,"ix":7},"sk":{"a":0,"k":0,"ix":4},"sa":{"a":0,"k":0,"ix":5},"nm":"Transform"}],"nm":"Shape 1","np":3,"cix":2,"ix":1,"mn":"ADBE Vector Group"}],"ip":0,"op":315.000012830213,"st":0,"bm":0,"sr":1},{"ddd":0,"ind":4,"ty":4,"nm":"R Cam 2","tt":1,"ks":{"o":{"a":1,"k":[{"i":{"x":[0.833],"y":[0.833]},"o":{"x":[0.167],"y":[0.167]},"n":["0p833_0p833_0p167_0p167"],"t":72,"s":[100],"e":[0]},{"t":73.000002973351}]},"r":{"a":0,"k":0},"p":{"a":0,"k":[427.25,300,0]},"a":{"a":0,"k":[0,0,0]},"s":{"a":0,"k":[100,100,100]}},"ao":0,"shapes":[{"ty":"gr","it":[{"ind":0,"ty":"sh","ix":1,"ks":{"a":0,"k":{"i":[[8.005,0],[0,0],[0,0],[0,0],[0,5.507],[0,0],[5.502,0],[0,0],[0,0]],"o":[[0,0],[0,0],[0,0],[5.502,0],[0,0],[0,-5.507],[0,0],[0,0],[-1.583,-4.53]],"v":[[-12.755,-44],[-27.25,-44],[-27.25,44],[17.245,44],[27.25,33.987],[27.25,-18.987],[17.245,-29],[2.133,-29],[0.25,-33.987]],"c":true}},"nm":"Path 1","mn":"ADBE Vector Shape - Group"},{"ty":"fl","c":{"a":0,"k":[0.105882,0.105882,0.105882,1]},"o":{"a":0,"k":100},"r":1,"nm":"Fill 1","mn":"ADBE Vector Graphic - Fill"},{"ty":"tr","p":{"a":0,"k":[0,0],"ix":2},"a":{"a":0,"k":[0,0],"ix":1},"s":{"a":0,"k":[100,100],"ix":3},"r":{"a":0,"k":0,"ix":6},"o":{"a":0,"k":100,"ix":7},"sk":{"a":0,"k":0,"ix":4},"sa":{"a":0,"k":0,"ix":5},"nm":"Transform"}],"nm":"Shape 1","np":3,"cix":2,"ix":1,"mn":"ADBE Vector Group"}],"ip":0,"op":315.000012830213,"st":0,"bm":0,"sr":1},{"ddd":0,"ind":5,"ty":4,"nm":"R Mask 1","td":1,"ks":{"o":{"a":0,"k":100},"r":{"a":0,"k":0},"p":{"a":1,"k":[{"i":{"x":0,"y":1},"o":{"x":0.167,"y":0.167},"n":"0_1_0p167_0p167","t":60,"s":[435.375,300.375,0],"e":[505.375,300.375,0],"to":[11.6666669845581,0,0],"ti":[-11.6666669845581,0,0]},{"t":70.0000028511585}]},"a":{"a":0,"k":[0,0,0]},"s":{"a":0,"k":[100,100,100]}},"ao":0,"shapes":[{"ty":"gr","it":[{"ind":0,"ty":"sh","ix":1,"ks":{"a":0,"k":{"i":[[3.058,0],[0,0],[0,0],[2.47,0],[0,0],[0.616,-1.814],[0,0],[-3.063,0],[0,0],[0,0],[-2.466,0],[0,0],[-0.615,1.811],[0,0]],"o":[[0,0],[0,0],[0,-2.47],[0,0],[-1.915,0],[0,0],[-0.986,2.9],[0,0],[0,0],[0,2.466],[0,0],[1.912,0],[0,0],[0.984,-2.896]],"v":[[-17.416,-10.333],[-30.485,-10.333],[-30.485,-53.861],[-34.957,-58.333],[-145.282,-58.333],[-149.516,-55.3],[-171.81,4.423],[-167.576,10.333],[-154.516,10.333],[-154.516,53.869],[-150.052,58.333],[-39.715,58.333],[-35.487,55.305],[-13.188,-4.432]],"c":true}},"nm":"Path 1","mn":"ADBE Vector Shape - Group"},{"ty":"fl","c":{"a":0,"k":[0.105882,0.105882,0.105882,1]},"o":{"a":0,"k":100},"r":1,"nm":"Fill 1","mn":"ADBE Vector Graphic - Fill"},{"ty":"tr","p":{"a":0,"k":[0,0],"ix":2},"a":{"a":0,"k":[0,0],"ix":1},"s":{"a":0,"k":[100,100],"ix":3},"r":{"a":0,"k":0,"ix":6},"o":{"a":0,"k":100,"ix":7},"sk":{"a":0,"k":0,"ix":4},"sa":{"a":0,"k":0,"ix":5},"nm":"Transform"}],"nm":"Shape 1","np":3,"cix":2,"ix":1,"mn":"ADBE Vector Group"}],"ip":0,"op":315.000012830213,"st":0,"bm":0,"sr":1},{"ddd":0,"ind":6,"ty":4,"nm":"R Cam 1","tt":2,"ks":{"o":{"a":0,"k":25},"r":{"a":0,"k":0},"p":{"a":0,"k":[426.75,300,0]},"a":{"a":0,"k":[0,0,0]},"s":{"a":0,"k":[100,100,100]}},"ao":0,"shapes":[{"ty":"gr","it":[{"ind":0,"ty":"sh","ix":1,"ks":{"a":0,"k":{"i":[[8.005,0],[0,0],[0,0],[0,0],[0,5.507],[0,0],[5.502,0],[0,0],[0,0]],"o":[[0,0],[0,0],[0,0],[5.502,0],[0,0],[0,-5.507],[0,0],[0,0],[-1.583,-4.53]],"v":[[-12.755,-44],[-27.25,-44],[-27.25,44],[17.245,44],[27.25,33.987],[27.25,-18.987],[17.245,-29],[2.133,-29],[0.25,-33.987]],"c":true}},"nm":"Path 1","mn":"ADBE Vector Shape - Group"},{"ty":"fl","c":{"a":0,"k":[0.1058824,0.1058824,0.1058824,1]},"o":{"a":0,"k":100},"r":1,"nm":"Fill 1","mn":"ADBE Vector Graphic - Fill"},{"ty":"tr","p":{"a":0,"k":[0,0],"ix":2},"a":{"a":0,"k":[0,0],"ix":1},"s":{"a":0,"k":[100,100],"ix":3},"r":{"a":0,"k":0,"ix":6},"o":{"a":0,"k":100,"ix":7},"sk":{"a":0,"k":0,"ix":4},"sa":{"a":0,"k":0,"ix":5},"nm":"Transform"}],"nm":"Shape 1","np":3,"cix":2,"ix":1,"mn":"ADBE Vector Group"}],"ip":0,"op":315.000012830213,"st":0,"bm":0,"sr":1},{"ddd":0,"ind":7,"ty":4,"nm":"L Mask 3","td":1,"ks":{"o":{"a":1,"k":[{"i":{"x":[0],"y":[1]},"o":{"x":[0.167],"y":[0.167]},"n":["0_1_0p167_0p167"],"t":72,"s":[25],"e":[100]},{"t":90.0000036657751}]},"r":{"a":0,"k":0},"p":{"a":1,"k":[{"i":{"x":0,"y":1},"o":{"x":0.167,"y":0.167},"n":"0_1_0p167_0p167","t":72,"s":[575.625,300.625,0],"e":[550.625,300.625,0],"to":[-4.16666650772095,0,0],"ti":[4.16666650772095,0,0]},{"t":90.0000036657751}]},"a":{"a":0,"k":[0,0,0]},"s":{"a":0,"k":[100,100,100]}},"ao":0,"shapes":[{"ty":"gr","it":[{"ind":0,"ty":"sh","ix":1,"ks":{"a":0,"k":{"i":[[3.058,0],[0,0],[0,0],[2.47,0],[0,0],[0.616,-1.814],[0,0],[-3.063,0],[0,0],[0,0],[-2.466,0],[0,0],[-0.615,1.811],[0,0]],"o":[[0,0],[0,0],[0,-2.47],[0,0],[-1.915,0],[0,0],[-0.986,2.9],[0,0],[0,0],[0,2.466],[0,0],[1.912,0],[0,0],[0.984,-2.896]],"v":[[-17.416,-10.333],[-30.485,-10.333],[-30.485,-53.861],[-34.957,-58.333],[-145.282,-58.333],[-149.516,-55.3],[-171.81,4.423],[-167.576,10.333],[-154.516,10.333],[-154.516,53.869],[-150.052,58.333],[-39.715,58.333],[-35.487,55.305],[-13.188,-4.432]],"c":true}},"nm":"Path 1","mn":"ADBE Vector Shape - Group"},{"ty":"fl","c":{"a":0,"k":[0.105882,0.105882,0.105882,1]},"o":{"a":0,"k":100},"r":1,"nm":"Fill 1","mn":"ADBE Vector Graphic - Fill"},{"ty":"tr","p":{"a":0,"k":[0,0],"ix":2},"a":{"a":0,"k":[0,0],"ix":1},"s":{"a":0,"k":[100,100],"ix":3},"r":{"a":0,"k":0,"ix":6},"o":{"a":0,"k":100,"ix":7},"sk":{"a":0,"k":0,"ix":4},"sa":{"a":0,"k":0,"ix":5},"nm":"Transform"}],"nm":"Shape 1","np":3,"cix":2,"ix":1,"mn":"ADBE Vector Group"}],"ip":0,"op":315.000012830213,"st":0,"bm":0,"sr":1},{"ddd":0,"ind":8,"ty":4,"nm":"L Cam 3","tt":2,"ks":{"o":{"a":1,"k":[{"i":{"x":[0.833],"y":[0.833]},"o":{"x":[0.167],"y":[0.167]},"n":["0p833_0p833_0p167_0p167"],"t":72,"s":[0],"e":[100]},{"t":73.000002973351}]},"r":{"a":0,"k":0},"p":{"a":0,"k":[372.75,300,0]},"a":{"a":0,"k":[0,0,0]},"s":{"a":0,"k":[100,100,100]}},"ao":0,"shapes":[{"ty":"gr","it":[{"ind":0,"ty":"sh","ix":1,"ks":{"a":0,"k":{"i":[[0,0],[0,0],[1.583,-4.53],[0,0],[0,0],[0,-5.507],[0,0],[-5.502,0],[0,0]],"o":[[0,0],[-8.004,0],[0,0],[0,0],[-5.502,0],[0,0],[0,5.507],[0,0],[0,0]],"v":[[27.25,-44],[12.754,-44],[-0.25,-33.987],[-2.133,-29],[-17.246,-29],[-27.25,-18.987],[-27.25,33.987],[-17.246,44],[27.25,44]],"c":true}},"nm":"Path 1","mn":"ADBE Vector Shape - Group"},{"ty":"fl","c":{"a":0,"k":[0.105882,0.105882,0.105882,1]},"o":{"a":0,"k":100},"r":1,"nm":"Fill 1","mn":"ADBE Vector Graphic - Fill"},{"ty":"tr","p":{"a":0,"k":[0,0],"ix":2},"a":{"a":0,"k":[0,0],"ix":1},"s":{"a":0,"k":[100,100],"ix":3},"r":{"a":0,"k":0,"ix":6},"o":{"a":0,"k":100,"ix":7},"sk":{"a":0,"k":0,"ix":4},"sa":{"a":0,"k":0,"ix":5},"nm":"Transform"}],"nm":"Shape 1","np":3,"cix":2,"ix":1,"mn":"ADBE Vector Group"}],"ip":0,"op":315.000012830213,"st":0,"bm":0,"sr":1},{"ddd":0,"ind":9,"ty":4,"nm":"L Mask 2","td":1,"ks":{"o":{"a":1,"k":[{"i":{"x":[0],"y":[1]},"o":{"x":[0.167],"y":[0.167]},"n":["0_1_0p167_0p167"],"t":66,"s":[25],"e":[100]},{"t":81.0000032991976}]},"r":{"a":0,"k":0},"p":{"a":1,"k":[{"i":{"x":0,"y":1},"o":{"x":0.167,"y":0.167},"n":"0_1_0p167_0p167","t":66,"s":[575.625,300.625,0],"e":[480.625,300.625,0],"to":[-15.8333330154419,0,0],"ti":[15.8333330154419,0,0]},{"t":81.0000032991976}]},"a":{"a":0,"k":[0,0,0]},"s":{"a":0,"k":[100,100,100]}},"ao":0,"shapes":[{"ty":"gr","it":[{"ind":0,"ty":"sh","ix":1,"ks":{"a":0,"k":{"i":[[3.058,0],[0,0],[0,0],[2.47,0],[0,0],[0.616,-1.814],[0,0],[-3.063,0],[0,0],[0,0],[-2.466,0],[0,0],[-0.615,1.811],[0,0]],"o":[[0,0],[0,0],[0,-2.47],[0,0],[-1.915,0],[0,0],[-0.986,2.9],[0,0],[0,0],[0,2.466],[0,0],[1.912,0],[0,0],[0.984,-2.896]],"v":[[-17.416,-10.333],[-30.485,-10.333],[-30.485,-53.861],[-34.957,-58.333],[-145.282,-58.333],[-149.516,-55.3],[-171.81,4.423],[-167.576,10.333],[-154.516,10.333],[-154.516,53.869],[-150.052,58.333],[-39.715,58.333],[-35.487,55.305],[-13.188,-4.432]],"c":true}},"nm":"Path 1","mn":"ADBE Vector Shape - Group"},{"ty":"fl","c":{"a":0,"k":[0.105882,0.105882,0.105882,1]},"o":{"a":0,"k":100},"r":1,"nm":"Fill 1","mn":"ADBE Vector Graphic - Fill"},{"ty":"tr","p":{"a":0,"k":[0,0],"ix":2},"a":{"a":0,"k":[0,0],"ix":1},"s":{"a":0,"k":[100,100],"ix":3},"r":{"a":0,"k":0,"ix":6},"o":{"a":0,"k":100,"ix":7},"sk":{"a":0,"k":0,"ix":4},"sa":{"a":0,"k":0,"ix":5},"nm":"Transform"}],"nm":"Shape 1","np":3,"cix":2,"ix":1,"mn":"ADBE Vector Group"}],"ip":0,"op":315.000012830213,"st":0,"bm":0,"sr":1},{"ddd":0,"ind":10,"ty":4,"nm":"L Cam 2","tt":1,"ks":{"o":{"a":1,"k":[{"i":{"x":[0.833],"y":[0.833]},"o":{"x":[0.167],"y":[0.167]},"n":["0p833_0p833_0p167_0p167"],"t":72,"s":[100],"e":[0]},{"t":73.000002973351}]},"r":{"a":0,"k":0},"p":{"a":0,"k":[372.75,300,0]},"a":{"a":0,"k":[0,0,0]},"s":{"a":0,"k":[100,100,100]}},"ao":0,"shapes":[{"ty":"gr","it":[{"ind":0,"ty":"sh","ix":1,"ks":{"a":0,"k":{"i":[[0,0],[0,0],[1.583,-4.53],[0,0],[0,0],[0,-5.507],[0,0],[-5.502,0],[0,0]],"o":[[0,0],[-8.004,0],[0,0],[0,0],[-5.502,0],[0,0],[0,5.507],[0,0],[0,0]],"v":[[27.25,-44],[12.754,-44],[-0.25,-33.987],[-2.133,-29],[-17.246,-29],[-27.25,-18.987],[-27.25,33.987],[-17.246,44],[27.25,44]],"c":true}},"nm":"Path 1","mn":"ADBE Vector Shape - Group"},{"ty":"fl","c":{"a":0,"k":[0.105882,0.105882,0.105882,1]},"o":{"a":0,"k":100},"r":1,"nm":"Fill 1","mn":"ADBE Vector Graphic - Fill"},{"ty":"tr","p":{"a":0,"k":[0,0],"ix":2},"a":{"a":0,"k":[0,0],"ix":1},"s":{"a":0,"k":[100,100],"ix":3},"r":{"a":0,"k":0,"ix":6},"o":{"a":0,"k":100,"ix":7},"sk":{"a":0,"k":0,"ix":4},"sa":{"a":0,"k":0,"ix":5},"nm":"Transform"}],"nm":"Shape 1","np":3,"cix":2,"ix":1,"mn":"ADBE Vector Group"}],"ip":0,"op":315.000012830213,"st":0,"bm":0,"sr":1},{"ddd":0,"ind":11,"ty":4,"nm":"L Mask 1","td":1,"ks":{"o":{"a":0,"k":100},"r":{"a":0,"k":0},"p":{"a":1,"k":[{"i":{"x":0,"y":1},"o":{"x":0.167,"y":0.167},"n":"0_1_0p167_0p167","t":60,"s":[550.625,300.625,0],"e":[480.625,300.625,0],"to":[-11.6666669845581,0,0],"ti":[11.6666669845581,0,0]},{"t":70.0000028511585}]},"a":{"a":0,"k":[0,0,0]},"s":{"a":0,"k":[100,100,100]}},"ao":0,"shapes":[{"ty":"gr","it":[{"ind":0,"ty":"sh","ix":1,"ks":{"a":0,"k":{"i":[[3.058,0],[0,0],[0,0],[2.47,0],[0,0],[0.616,-1.814],[0,0],[-3.063,0],[0,0],[0,0],[-2.466,0],[0,0],[-0.615,1.811],[0,0]],"o":[[0,0],[0,0],[0,-2.47],[0,0],[-1.915,0],[0,0],[-0.986,2.9],[0,0],[0,0],[0,2.466],[0,0],[1.912,0],[0,0],[0.984,-2.896]],"v":[[-17.416,-10.333],[-30.485,-10.333],[-30.485,-53.861],[-34.957,-58.333],[-145.282,-58.333],[-149.516,-55.3],[-171.81,4.423],[-167.576,10.333],[-154.516,10.333],[-154.516,53.869],[-150.052,58.333],[-39.715,58.333],[-35.487,55.305],[-13.188,-4.432]],"c":true}},"nm":"Path 1","mn":"ADBE Vector Shape - Group"},{"ty":"fl","c":{"a":0,"k":[0.105882,0.105882,0.105882,1]},"o":{"a":0,"k":100},"r":1,"nm":"Fill 1","mn":"ADBE Vector Graphic - Fill"},{"ty":"tr","p":{"a":0,"k":[0,0],"ix":2},"a":{"a":0,"k":[0,0],"ix":1},"s":{"a":0,"k":[100,100],"ix":3},"r":{"a":0,"k":0,"ix":6},"o":{"a":0,"k":100,"ix":7},"sk":{"a":0,"k":0,"ix":4},"sa":{"a":0,"k":0,"ix":5},"nm":"Transform"}],"nm":"Shape 1","np":3,"cix":2,"ix":1,"mn":"ADBE Vector Group"}],"ip":0,"op":315.000012830213,"st":0,"bm":0,"sr":1},{"ddd":0,"ind":12,"ty":4,"nm":"L Cam 1","tt":2,"ks":{"o":{"a":0,"k":25},"r":{"a":0,"k":0},"p":{"a":0,"k":[372.75,300,0]},"a":{"a":0,"k":[0,0,0]},"s":{"a":0,"k":[100,100,100]}},"ao":0,"shapes":[{"ty":"gr","it":[{"ind":0,"ty":"sh","ix":1,"ks":{"a":0,"k":{"i":[[0,0],[0,0],[1.583,-4.53],[0,0],[0,0],[0,-5.507],[0,0],[-5.502,0],[0,0]],"o":[[0,0],[-8.004,0],[0,0],[0,0],[-5.502,0],[0,0],[0,5.507],[0,0],[0,0]],"v":[[27.25,-44],[12.754,-44],[-0.25,-33.987],[-2.133,-29],[-17.246,-29],[-27.25,-18.987],[-27.25,33.987],[-17.246,44],[27.25,44]],"c":true}},"nm":"Path 1","mn":"ADBE Vector Shape - Group"},{"ty":"fl","c":{"a":0,"k":[0.1058824,0.1058824,0.1058824,1]},"o":{"a":0,"k":100},"r":1,"nm":"Fill 1","mn":"ADBE Vector Graphic - Fill"},{"ty":"tr","p":{"a":0,"k":[0,0],"ix":2},"a":{"a":0,"k":[0,0],"ix":1},"s":{"a":0,"k":[100,100],"ix":3},"r":{"a":0,"k":0,"ix":6},"o":{"a":0,"k":100,"ix":7},"sk":{"a":0,"k":0,"ix":4},"sa":{"a":0,"k":0,"ix":5},"nm":"Transform"}],"nm":"Shape 1","np":3,"cix":2,"ix":1,"mn":"ADBE Vector Group"}],"ip":0,"op":315.000012830213,"st":0,"bm":0,"sr":1}]},{"id":"comp_1","layers":[{"ddd":0,"ind":1,"ty":4,"nm":"R Mask 3","td":1,"ks":{"o":{"a":1,"k":[{"i":{"x":[0],"y":[1]},"o":{"x":[0.167],"y":[0.167]},"n":["0_1_0p167_0p167"],"t":72,"s":[25],"e":[100]},{"t":90.0000036657751}]},"r":{"a":0,"k":0},"p":{"a":1,"k":[{"i":{"x":0,"y":1},"o":{"x":0.167,"y":0.167},"n":"0_1_0p167_0p167","t":72,"s":[405.375,300.375,0],"e":[435.375,300.375,0],"to":[5,0,0],"ti":[-5,0,0]},{"t":90.0000036657751}]},"a":{"a":0,"k":[0,0,0]},"s":{"a":0,"k":[100,100,100]}},"ao":0,"shapes":[{"ty":"gr","it":[{"ind":0,"ty":"sh","ix":1,"ks":{"a":0,"k":{"i":[[3.058,0],[0,0],[0,0],[2.47,0],[0,0],[0.616,-1.814],[0,0],[-3.063,0],[0,0],[0,0],[-2.466,0],[0,0],[-0.615,1.811],[0,0]],"o":[[0,0],[0,0],[0,-2.47],[0,0],[-1.915,0],[0,0],[-0.986,2.9],[0,0],[0,0],[0,2.466],[0,0],[1.912,0],[0,0],[0.984,-2.896]],"v":[[-17.416,-10.333],[-30.485,-10.333],[-30.485,-53.861],[-34.957,-58.333],[-145.282,-58.333],[-149.516,-55.3],[-171.81,4.423],[-167.576,10.333],[-154.516,10.333],[-154.516,53.869],[-150.052,58.333],[-39.715,58.333],[-35.487,55.305],[-13.188,-4.432]],"c":true}},"nm":"Path 1","mn":"ADBE Vector Shape - Group"},{"ty":"fl","c":{"a":0,"k":[0.105882,0.105882,0.105882,1]},"o":{"a":0,"k":100},"r":1,"nm":"Fill 1","mn":"ADBE Vector Graphic - Fill"},{"ty":"tr","p":{"a":0,"k":[0,0],"ix":2},"a":{"a":0,"k":[0,0],"ix":1},"s":{"a":0,"k":[100,100],"ix":3},"r":{"a":0,"k":0,"ix":6},"o":{"a":0,"k":100,"ix":7},"sk":{"a":0,"k":0,"ix":4},"sa":{"a":0,"k":0,"ix":5},"nm":"Transform"}],"nm":"Shape 1","np":3,"cix":2,"ix":1,"mn":"ADBE Vector Group"}],"ip":0,"op":315.000012830213,"st":0,"bm":0,"sr":1},{"ddd":0,"ind":2,"ty":4,"nm":"R Cam 3","tt":2,"ks":{"o":{"a":1,"k":[{"i":{"x":[0.833],"y":[0.833]},"o":{"x":[0.167],"y":[0.167]},"n":["0p833_0p833_0p167_0p167"],"t":72,"s":[0],"e":[25]},{"t":73.000002973351}]},"r":{"a":0,"k":0},"p":{"a":0,"k":[427.25,300,0]},"a":{"a":0,"k":[0,0,0]},"s":{"a":0,"k":[100,100,100]}},"ao":0,"shapes":[{"ty":"gr","it":[{"ind":0,"ty":"sh","ix":1,"ks":{"a":0,"k":{"i":[[8.005,0],[0,0],[0,0],[0,0],[0,5.507],[0,0],[5.502,0],[0,0],[0,0]],"o":[[0,0],[0,0],[0,0],[5.502,0],[0,0],[0,-5.507],[0,0],[0,0],[-1.583,-4.53]],"v":[[-12.755,-44],[-27.25,-44],[-27.25,44],[17.245,44],[27.25,33.987],[27.25,-18.987],[17.245,-29],[2.133,-29],[0.25,-33.987]],"c":true}},"nm":"Path 1","mn":"ADBE Vector Shape - Group"},{"ty":"fl","c":{"a":0,"k":[0.105882,0.105882,0.105882,1]},"o":{"a":0,"k":100},"r":1,"nm":"Fill 1","mn":"ADBE Vector Graphic - Fill"},{"ty":"tr","p":{"a":0,"k":[0,0],"ix":2},"a":{"a":0,"k":[0,0],"ix":1},"s":{"a":0,"k":[100,100],"ix":3},"r":{"a":0,"k":0,"ix":6},"o":{"a":0,"k":100,"ix":7},"sk":{"a":0,"k":0,"ix":4},"sa":{"a":0,"k":0,"ix":5},"nm":"Transform"}],"nm":"Shape 1","np":3,"cix":2,"ix":1,"mn":"ADBE Vector Group"}],"ip":0,"op":315.000012830213,"st":0,"bm":0,"sr":1},{"ddd":0,"ind":3,"ty":4,"nm":"R Mask 2","td":1,"ks":{"o":{"a":1,"k":[{"i":{"x":[0],"y":[1]},"o":{"x":[0.167],"y":[0.167]},"n":["0_1_0p167_0p167"],"t":66,"s":[25],"e":[100]},{"t":81.0000032991976}]},"r":{"a":0,"k":0},"p":{"a":1,"k":[{"i":{"x":0,"y":1},"o":{"x":0.167,"y":0.167},"n":"0_1_0p167_0p167","t":66,"s":[405.375,300.375,0],"e":[505.375,300.375,0],"to":[16.6666660308838,0,0],"ti":[-16.6666660308838,0,0]},{"t":81.0000032991976}]},"a":{"a":0,"k":[0,0,0]},"s":{"a":0,"k":[100,100,100]}},"ao":0,"shapes":[{"ty":"gr","it":[{"ind":0,"ty":"sh","ix":1,"ks":{"a":0,"k":{"i":[[3.058,0],[0,0],[0,0],[2.47,0],[0,0],[0.616,-1.814],[0,0],[-3.063,0],[0,0],[0,0],[-2.466,0],[0,0],[-0.615,1.811],[0,0]],"o":[[0,0],[0,0],[0,-2.47],[0,0],[-1.915,0],[0,0],[-0.986,2.9],[0,0],[0,0],[0,2.466],[0,0],[1.912,0],[0,0],[0.984,-2.896]],"v":[[-17.416,-10.333],[-30.485,-10.333],[-30.485,-53.861],[-34.957,-58.333],[-145.282,-58.333],[-149.516,-55.3],[-171.81,4.423],[-167.576,10.333],[-154.516,10.333],[-154.516,53.869],[-150.052,58.333],[-39.715,58.333],[-35.487,55.305],[-13.188,-4.432]],"c":true}},"nm":"Path 1","mn":"ADBE Vector Shape - Group"},{"ty":"fl","c":{"a":0,"k":[0.105882,0.105882,0.105882,1]},"o":{"a":0,"k":100},"r":1,"nm":"Fill 1","mn":"ADBE Vector Graphic - Fill"},{"ty":"tr","p":{"a":0,"k":[0,0],"ix":2},"a":{"a":0,"k":[0,0],"ix":1},"s":{"a":0,"k":[100,100],"ix":3},"r":{"a":0,"k":0,"ix":6},"o":{"a":0,"k":100,"ix":7},"sk":{"a":0,"k":0,"ix":4},"sa":{"a":0,"k":0,"ix":5},"nm":"Transform"}],"nm":"Shape 1","np":3,"cix":2,"ix":1,"mn":"ADBE Vector Group"}],"ip":0,"op":315.000012830213,"st":0,"bm":0,"sr":1},{"ddd":0,"ind":4,"ty":4,"nm":"R Cam 2","tt":1,"ks":{"o":{"a":1,"k":[{"i":{"x":[0.833],"y":[0.833]},"o":{"x":[0.167],"y":[0.167]},"n":["0p833_0p833_0p167_0p167"],"t":72,"s":[25],"e":[0]},{"t":73.000002973351}]},"r":{"a":0,"k":0},"p":{"a":0,"k":[427.25,300,0]},"a":{"a":0,"k":[0,0,0]},"s":{"a":0,"k":[100,100,100]}},"ao":0,"shapes":[{"ty":"gr","it":[{"ind":0,"ty":"sh","ix":1,"ks":{"a":0,"k":{"i":[[8.005,0],[0,0],[0,0],[0,0],[0,5.507],[0,0],[5.502,0],[0,0],[0,0]],"o":[[0,0],[0,0],[0,0],[5.502,0],[0,0],[0,-5.507],[0,0],[0,0],[-1.583,-4.53]],"v":[[-12.755,-44],[-27.25,-44],[-27.25,44],[17.245,44],[27.25,33.987],[27.25,-18.987],[17.245,-29],[2.133,-29],[0.25,-33.987]],"c":true}},"nm":"Path 1","mn":"ADBE Vector Shape - Group"},{"ty":"fl","c":{"a":0,"k":[0.105882,0.105882,0.105882,1]},"o":{"a":0,"k":100},"r":1,"nm":"Fill 1","mn":"ADBE Vector Graphic - Fill"},{"ty":"tr","p":{"a":0,"k":[0,0],"ix":2},"a":{"a":0,"k":[0,0],"ix":1},"s":{"a":0,"k":[100,100],"ix":3},"r":{"a":0,"k":0,"ix":6},"o":{"a":0,"k":100,"ix":7},"sk":{"a":0,"k":0,"ix":4},"sa":{"a":0,"k":0,"ix":5},"nm":"Transform"}],"nm":"Shape 1","np":3,"cix":2,"ix":1,"mn":"ADBE Vector Group"}],"ip":0,"op":315.000012830213,"st":0,"bm":0,"sr":1},{"ddd":0,"ind":5,"ty":4,"nm":"R Mask 1","td":1,"ks":{"o":{"a":0,"k":100},"r":{"a":0,"k":0},"p":{"a":1,"k":[{"i":{"x":0,"y":1},"o":{"x":0.167,"y":0.167},"n":"0_1_0p167_0p167","t":60,"s":[435.375,300.375,0],"e":[505.375,300.375,0],"to":[11.6666669845581,0,0],"ti":[-11.6666669845581,0,0]},{"t":70.0000028511585}]},"a":{"a":0,"k":[0,0,0]},"s":{"a":0,"k":[100,100,100]}},"ao":0,"shapes":[{"ty":"gr","it":[{"ind":0,"ty":"sh","ix":1,"ks":{"a":0,"k":{"i":[[3.058,0],[0,0],[0,0],[2.47,0],[0,0],[0.616,-1.814],[0,0],[-3.063,0],[0,0],[0,0],[-2.466,0],[0,0],[-0.615,1.811],[0,0]],"o":[[0,0],[0,0],[0,-2.47],[0,0],[-1.915,0],[0,0],[-0.986,2.9],[0,0],[0,0],[0,2.466],[0,0],[1.912,0],[0,0],[0.984,-2.896]],"v":[[-17.416,-10.333],[-30.485,-10.333],[-30.485,-53.861],[-34.957,-58.333],[-145.282,-58.333],[-149.516,-55.3],[-171.81,4.423],[-167.576,10.333],[-154.516,10.333],[-154.516,53.869],[-150.052,58.333],[-39.715,58.333],[-35.487,55.305],[-13.188,-4.432]],"c":true}},"nm":"Path 1","mn":"ADBE Vector Shape - Group"},{"ty":"fl","c":{"a":0,"k":[0.105882,0.105882,0.105882,1]},"o":{"a":0,"k":100},"r":1,"nm":"Fill 1","mn":"ADBE Vector Graphic - Fill"},{"ty":"tr","p":{"a":0,"k":[0,0],"ix":2},"a":{"a":0,"k":[0,0],"ix":1},"s":{"a":0,"k":[100,100],"ix":3},"r":{"a":0,"k":0,"ix":6},"o":{"a":0,"k":100,"ix":7},"sk":{"a":0,"k":0,"ix":4},"sa":{"a":0,"k":0,"ix":5},"nm":"Transform"}],"nm":"Shape 1","np":3,"cix":2,"ix":1,"mn":"ADBE Vector Group"}],"ip":0,"op":315.000012830213,"st":0,"bm":0,"sr":1},{"ddd":0,"ind":6,"ty":4,"nm":"R Cam 1","tt":2,"ks":{"o":{"a":0,"k":100},"r":{"a":0,"k":0},"p":{"a":0,"k":[426.75,300,0]},"a":{"a":0,"k":[0,0,0]},"s":{"a":0,"k":[100,100,100]}},"ao":0,"shapes":[{"ty":"gr","it":[{"ind":0,"ty":"sh","ix":1,"ks":{"a":0,"k":{"i":[[8.005,0],[0,0],[0,0],[0,0],[0,5.507],[0,0],[5.502,0],[0,0],[0,0]],"o":[[0,0],[0,0],[0,0],[5.502,0],[0,0],[0,-5.507],[0,0],[0,0],[-1.583,-4.53]],"v":[[-12.755,-44],[-27.25,-44],[-27.25,44],[17.245,44],[27.25,33.987],[27.25,-18.987],[17.245,-29],[2.133,-29],[0.25,-33.987]],"c":true}},"nm":"Path 1","mn":"ADBE Vector Shape - Group"},{"ty":"fl","c":{"a":0,"k":[0.1058824,0.1058824,0.1058824,1]},"o":{"a":0,"k":100},"r":1,"nm":"Fill 1","mn":"ADBE Vector Graphic - Fill"},{"ty":"tr","p":{"a":0,"k":[0,0],"ix":2},"a":{"a":0,"k":[0,0],"ix":1},"s":{"a":0,"k":[100,100],"ix":3},"r":{"a":0,"k":0,"ix":6},"o":{"a":0,"k":100,"ix":7},"sk":{"a":0,"k":0,"ix":4},"sa":{"a":0,"k":0,"ix":5},"nm":"Transform"}],"nm":"Shape 1","np":3,"cix":2,"ix":1,"mn":"ADBE Vector Group"}],"ip":0,"op":315.000012830213,"st":0,"bm":0,"sr":1},{"ddd":0,"ind":7,"ty":4,"nm":"L Mask 3","td":1,"ks":{"o":{"a":1,"k":[{"i":{"x":[0],"y":[1]},"o":{"x":[0.167],"y":[0.167]},"n":["0_1_0p167_0p167"],"t":72,"s":[25],"e":[100]},{"t":90.0000036657751}]},"r":{"a":0,"k":0},"p":{"a":1,"k":[{"i":{"x":0,"y":1},"o":{"x":0.167,"y":0.167},"n":"0_1_0p167_0p167","t":72,"s":[575.625,300.625,0],"e":[550.625,300.625,0],"to":[-4.16666650772095,0,0],"ti":[4.16666650772095,0,0]},{"t":90.0000036657751}]},"a":{"a":0,"k":[0,0,0]},"s":{"a":0,"k":[100,100,100]}},"ao":0,"shapes":[{"ty":"gr","it":[{"ind":0,"ty":"sh","ix":1,"ks":{"a":0,"k":{"i":[[3.058,0],[0,0],[0,0],[2.47,0],[0,0],[0.616,-1.814],[0,0],[-3.063,0],[0,0],[0,0],[-2.466,0],[0,0],[-0.615,1.811],[0,0]],"o":[[0,0],[0,0],[0,-2.47],[0,0],[-1.915,0],[0,0],[-0.986,2.9],[0,0],[0,0],[0,2.466],[0,0],[1.912,0],[0,0],[0.984,-2.896]],"v":[[-17.416,-10.333],[-30.485,-10.333],[-30.485,-53.861],[-34.957,-58.333],[-145.282,-58.333],[-149.516,-55.3],[-171.81,4.423],[-167.576,10.333],[-154.516,10.333],[-154.516,53.869],[-150.052,58.333],[-39.715,58.333],[-35.487,55.305],[-13.188,-4.432]],"c":true}},"nm":"Path 1","mn":"ADBE Vector Shape - Group"},{"ty":"fl","c":{"a":0,"k":[0.105882,0.105882,0.105882,1]},"o":{"a":0,"k":100},"r":1,"nm":"Fill 1","mn":"ADBE Vector Graphic - Fill"},{"ty":"tr","p":{"a":0,"k":[0,0],"ix":2},"a":{"a":0,"k":[0,0],"ix":1},"s":{"a":0,"k":[100,100],"ix":3},"r":{"a":0,"k":0,"ix":6},"o":{"a":0,"k":100,"ix":7},"sk":{"a":0,"k":0,"ix":4},"sa":{"a":0,"k":0,"ix":5},"nm":"Transform"}],"nm":"Shape 1","np":3,"cix":2,"ix":1,"mn":"ADBE Vector Group"}],"ip":0,"op":315.000012830213,"st":0,"bm":0,"sr":1},{"ddd":0,"ind":8,"ty":4,"nm":"L Cam 3","tt":2,"ks":{"o":{"a":1,"k":[{"i":{"x":[0.833],"y":[0.833]},"o":{"x":[0.167],"y":[0.167]},"n":["0p833_0p833_0p167_0p167"],"t":72,"s":[0],"e":[25]},{"t":73.000002973351}]},"r":{"a":0,"k":0},"p":{"a":0,"k":[372.75,300,0]},"a":{"a":0,"k":[0,0,0]},"s":{"a":0,"k":[100,100,100]}},"ao":0,"shapes":[{"ty":"gr","it":[{"ind":0,"ty":"sh","ix":1,"ks":{"a":0,"k":{"i":[[0,0],[0,0],[1.583,-4.53],[0,0],[0,0],[0,-5.507],[0,0],[-5.502,0],[0,0]],"o":[[0,0],[-8.004,0],[0,0],[0,0],[-5.502,0],[0,0],[0,5.507],[0,0],[0,0]],"v":[[27.25,-44],[12.754,-44],[-0.25,-33.987],[-2.133,-29],[-17.246,-29],[-27.25,-18.987],[-27.25,33.987],[-17.246,44],[27.25,44]],"c":true}},"nm":"Path 1","mn":"ADBE Vector Shape - Group"},{"ty":"fl","c":{"a":0,"k":[0.105882,0.105882,0.105882,1]},"o":{"a":0,"k":100},"r":1,"nm":"Fill 1","mn":"ADBE Vector Graphic - Fill"},{"ty":"tr","p":{"a":0,"k":[0,0],"ix":2},"a":{"a":0,"k":[0,0],"ix":1},"s":{"a":0,"k":[100,100],"ix":3},"r":{"a":0,"k":0,"ix":6},"o":{"a":0,"k":100,"ix":7},"sk":{"a":0,"k":0,"ix":4},"sa":{"a":0,"k":0,"ix":5},"nm":"Transform"}],"nm":"Shape 1","np":3,"cix":2,"ix":1,"mn":"ADBE Vector Group"}],"ip":0,"op":315.000012830213,"st":0,"bm":0,"sr":1},{"ddd":0,"ind":9,"ty":4,"nm":"L Mask 2","td":1,"ks":{"o":{"a":1,"k":[{"i":{"x":[0],"y":[1]},"o":{"x":[0.167],"y":[0.167]},"n":["0_1_0p167_0p167"],"t":66,"s":[25],"e":[100]},{"t":81.0000032991976}]},"r":{"a":0,"k":0},"p":{"a":1,"k":[{"i":{"x":0,"y":1},"o":{"x":0.167,"y":0.167},"n":"0_1_0p167_0p167","t":66,"s":[575.625,300.625,0],"e":[480.625,300.625,0],"to":[-15.8333330154419,0,0],"ti":[15.8333330154419,0,0]},{"t":81.0000032991976}]},"a":{"a":0,"k":[0,0,0]},"s":{"a":0,"k":[100,100,100]}},"ao":0,"shapes":[{"ty":"gr","it":[{"ind":0,"ty":"sh","ix":1,"ks":{"a":0,"k":{"i":[[3.058,0],[0,0],[0,0],[2.47,0],[0,0],[0.616,-1.814],[0,0],[-3.063,0],[0,0],[0,0],[-2.466,0],[0,0],[-0.615,1.811],[0,0]],"o":[[0,0],[0,0],[0,-2.47],[0,0],[-1.915,0],[0,0],[-0.986,2.9],[0,0],[0,0],[0,2.466],[0,0],[1.912,0],[0,0],[0.984,-2.896]],"v":[[-17.416,-10.333],[-30.485,-10.333],[-30.485,-53.861],[-34.957,-58.333],[-145.282,-58.333],[-149.516,-55.3],[-171.81,4.423],[-167.576,10.333],[-154.516,10.333],[-154.516,53.869],[-150.052,58.333],[-39.715,58.333],[-35.487,55.305],[-13.188,-4.432]],"c":true}},"nm":"Path 1","mn":"ADBE Vector Shape - Group"},{"ty":"fl","c":{"a":0,"k":[0.105882,0.105882,0.105882,1]},"o":{"a":0,"k":100},"r":1,"nm":"Fill 1","mn":"ADBE Vector Graphic - Fill"},{"ty":"tr","p":{"a":0,"k":[0,0],"ix":2},"a":{"a":0,"k":[0,0],"ix":1},"s":{"a":0,"k":[100,100],"ix":3},"r":{"a":0,"k":0,"ix":6},"o":{"a":0,"k":100,"ix":7},"sk":{"a":0,"k":0,"ix":4},"sa":{"a":0,"k":0,"ix":5},"nm":"Transform"}],"nm":"Shape 1","np":3,"cix":2,"ix":1,"mn":"ADBE Vector Group"}],"ip":0,"op":315.000012830213,"st":0,"bm":0,"sr":1},{"ddd":0,"ind":10,"ty":4,"nm":"L Cam 2","tt":1,"ks":{"o":{"a":1,"k":[{"i":{"x":[0.833],"y":[0.833]},"o":{"x":[0.167],"y":[0.167]},"n":["0p833_0p833_0p167_0p167"],"t":72,"s":[25],"e":[0]},{"t":73.000002973351}]},"r":{"a":0,"k":0},"p":{"a":0,"k":[372.75,300,0]},"a":{"a":0,"k":[0,0,0]},"s":{"a":0,"k":[100,100,100]}},"ao":0,"shapes":[{"ty":"gr","it":[{"ind":0,"ty":"sh","ix":1,"ks":{"a":0,"k":{"i":[[0,0],[0,0],[1.583,-4.53],[0,0],[0,0],[0,-5.507],[0,0],[-5.502,0],[0,0]],"o":[[0,0],[-8.004,0],[0,0],[0,0],[-5.502,0],[0,0],[0,5.507],[0,0],[0,0]],"v":[[27.25,-44],[12.754,-44],[-0.25,-33.987],[-2.133,-29],[-17.246,-29],[-27.25,-18.987],[-27.25,33.987],[-17.246,44],[27.25,44]],"c":true}},"nm":"Path 1","mn":"ADBE Vector Shape - Group"},{"ty":"fl","c":{"a":0,"k":[0.105882,0.105882,0.105882,1]},"o":{"a":0,"k":100},"r":1,"nm":"Fill 1","mn":"ADBE Vector Graphic - Fill"},{"ty":"tr","p":{"a":0,"k":[0,0],"ix":2},"a":{"a":0,"k":[0,0],"ix":1},"s":{"a":0,"k":[100,100],"ix":3},"r":{"a":0,"k":0,"ix":6},"o":{"a":0,"k":100,"ix":7},"sk":{"a":0,"k":0,"ix":4},"sa":{"a":0,"k":0,"ix":5},"nm":"Transform"}],"nm":"Shape 1","np":3,"cix":2,"ix":1,"mn":"ADBE Vector Group"}],"ip":0,"op":315.000012830213,"st":0,"bm":0,"sr":1},{"ddd":0,"ind":11,"ty":4,"nm":"L Mask 1","td":1,"ks":{"o":{"a":0,"k":100},"r":{"a":0,"k":0},"p":{"a":1,"k":[{"i":{"x":0,"y":1},"o":{"x":0.167,"y":0.167},"n":"0_1_0p167_0p167","t":60,"s":[550.625,300.625,0],"e":[480.625,300.625,0],"to":[-11.6666669845581,0,0],"ti":[11.6666669845581,0,0]},{"t":70.0000028511585}]},"a":{"a":0,"k":[0,0,0]},"s":{"a":0,"k":[100,100,100]}},"ao":0,"shapes":[{"ty":"gr","it":[{"ind":0,"ty":"sh","ix":1,"ks":{"a":0,"k":{"i":[[3.058,0],[0,0],[0,0],[2.47,0],[0,0],[0.616,-1.814],[0,0],[-3.063,0],[0,0],[0,0],[-2.466,0],[0,0],[-0.615,1.811],[0,0]],"o":[[0,0],[0,0],[0,-2.47],[0,0],[-1.915,0],[0,0],[-0.986,2.9],[0,0],[0,0],[0,2.466],[0,0],[1.912,0],[0,0],[0.984,-2.896]],"v":[[-17.416,-10.333],[-30.485,-10.333],[-30.485,-53.861],[-34.957,-58.333],[-145.282,-58.333],[-149.516,-55.3],[-171.81,4.423],[-167.576,10.333],[-154.516,10.333],[-154.516,53.869],[-150.052,58.333],[-39.715,58.333],[-35.487,55.305],[-13.188,-4.432]],"c":true}},"nm":"Path 1","mn":"ADBE Vector Shape - Group"},{"ty":"fl","c":{"a":0,"k":[0.105882,0.105882,0.105882,1]},"o":{"a":0,"k":100},"r":1,"nm":"Fill 1","mn":"ADBE Vector Graphic - Fill"},{"ty":"tr","p":{"a":0,"k":[0,0],"ix":2},"a":{"a":0,"k":[0,0],"ix":1},"s":{"a":0,"k":[100,100],"ix":3},"r":{"a":0,"k":0,"ix":6},"o":{"a":0,"k":100,"ix":7},"sk":{"a":0,"k":0,"ix":4},"sa":{"a":0,"k":0,"ix":5},"nm":"Transform"}],"nm":"Shape 1","np":3,"cix":2,"ix":1,"mn":"ADBE Vector Group"}],"ip":0,"op":315.000012830213,"st":0,"bm":0,"sr":1},{"ddd":0,"ind":12,"ty":4,"nm":"L Cam 1","tt":2,"ks":{"o":{"a":0,"k":100},"r":{"a":0,"k":0},"p":{"a":0,"k":[372.75,300,0]},"a":{"a":0,"k":[0,0,0]},"s":{"a":0,"k":[100,100,100]}},"ao":0,"shapes":[{"ty":"gr","it":[{"ind":0,"ty":"sh","ix":1,"ks":{"a":0,"k":{"i":[[0,0],[0,0],[1.583,-4.53],[0,0],[0,0],[0,-5.507],[0,0],[-5.502,0],[0,0]],"o":[[0,0],[-8.004,0],[0,0],[0,0],[-5.502,0],[0,0],[0,5.507],[0,0],[0,0]],"v":[[27.25,-44],[12.754,-44],[-0.25,-33.987],[-2.133,-29],[-17.246,-29],[-27.25,-18.987],[-27.25,33.987],[-17.246,44],[27.25,44]],"c":true}},"nm":"Path 1","mn":"ADBE Vector Shape - Group"},{"ty":"fl","c":{"a":0,"k":[0.1058824,0.1058824,0.1058824,1]},"o":{"a":0,"k":100},"r":1,"nm":"Fill 1","mn":"ADBE Vector Graphic - Fill"},{"ty":"tr","p":{"a":0,"k":[0,0],"ix":2},"a":{"a":0,"k":[0,0],"ix":1},"s":{"a":0,"k":[100,100],"ix":3},"r":{"a":0,"k":0,"ix":6},"o":{"a":0,"k":100,"ix":7},"sk":{"a":0,"k":0,"ix":4},"sa":{"a":0,"k":0,"ix":5},"nm":"Transform"}],"nm":"Shape 1","np":3,"cix":2,"ix":1,"mn":"ADBE Vector Group"}],"ip":0,"op":315.000012830213,"st":0,"bm":0,"sr":1}]}],"fonts":{"list":[{"fName":"Gotham-Bold","fFamily":"Gotham","fStyle":"Bold","ascent":72.9995727539062}]},"layers":[{"ddd":0,"ind":1,"ty":5,"nm":"FLASH OFF","ks":{"o":{"a":1,"k":[{"i":{"x":[0],"y":[1]},"o":{"x":[0.167],"y":[0.167]},"n":["0_1_0p167_0p167"],"t":156,"s":[0],"e":[25]},{"i":{"x":[0.833],"y":[0.833]},"o":{"x":[0.167],"y":[0.167]},"n":["0p833_0p833_0p167_0p167"],"t":180,"s":[25],"e":[25]},{"i":{"x":[0.833],"y":[0.833]},"o":{"x":[0.167],"y":[0.167]},"n":["0p833_0p833_0p167_0p167"],"t":194,"s":[25],"e":[0]},{"t":204.00000830909}]},"r":{"a":0,"k":0},"p":{"a":0,"k":[399.933,414,0]},"a":{"a":0,"k":[0,0,0]},"s":{"a":0,"k":[100,100,100]}},"ao":0,"t":{"d":{"k":[{"s":{"s":24,"f":"Gotham-Bold","t":"FLASH OFF","j":2,"tr":0,"lh":28.8,"ls":0,"fc":[0.11,0.11,0.11]},"t":0}]},"p":{},"m":{"g":1,"a":{"a":0,"k":[0,0]}},"a":[]},"ip":90.0000036657751,"op":405.000016495988,"st":90.0000036657751,"bm":0,"sr":1},{"ddd":0,"ind":2,"ty":5,"nm":"FLASH ON","ks":{"o":{"a":1,"k":[{"i":{"x":[0],"y":[1]},"o":{"x":[0.167],"y":[0.167]},"n":["0_1_0p167_0p167"],"t":66,"s":[0],"e":[100]},{"i":{"x":[0.833],"y":[0.833]},"o":{"x":[0.167],"y":[0.167]},"n":["0p833_0p833_0p167_0p167"],"t":90,"s":[100],"e":[100]},{"i":{"x":[0.833],"y":[0.833]},"o":{"x":[0.167],"y":[0.167]},"n":["0p833_0p833_0p167_0p167"],"t":105,"s":[100],"e":[0]},{"t":115.000004684046}]},"r":{"a":0,"k":0},"p":{"a":0,"k":[399.933,414,0]},"a":{"a":0,"k":[0,0,0]},"s":{"a":0,"k":[100,100,100]}},"ao":0,"t":{"d":{"k":[{"s":{"s":24,"f":"Gotham-Bold","t":"FLASH ON","j":2,"tr":0,"lh":28.8,"ls":0,"fc":[0.11,0.11,0.11]},"t":0}]},"p":{},"m":{"g":1,"a":{"a":0,"k":[0,0]}},"a":[]},"ip":0,"op":315.000012830213,"st":0,"bm":0,"sr":1},{"ddd":0,"ind":3,"ty":0,"nm":"On 1","refId":"comp_0","ks":{"o":{"a":0,"k":100},"r":{"a":0,"k":0},"p":{"a":0,"k":[400,300,0]},"a":{"a":0,"k":[400,300,0]},"s":{"a":0,"k":[100,100,100]}},"ao":0,"w":800,"h":600,"ip":0,"op":90.0000036657751,"st":0,"bm":0,"sr":1},{"ddd":0,"ind":4,"ty":0,"nm":"Off 1","refId":"comp_1","ks":{"o":{"a":0,"k":100},"r":{"a":0,"k":0},"p":{"a":0,"k":[400,300,0]},"a":{"a":0,"k":[400,300,0]},"s":{"a":0,"k":[100,100,100]}},"ao":0,"w":800,"h":600,"ip":90.0000036657751,"op":405.000016495988,"st":90.0000036657751,"bm":0,"sr":1}],"chars":[{"ch":"F","size":24,"style":"Bold","w":65.6,"data":{"shapes":[{"ty":"gr","it":[{"ind":0,"ty":"sh","ix":1,"ks":{"a":0,"k":{"i":[[8.459,0],[23.969,0],[23.969,-27.292],[57.605,-27.292],[57.605,-41.391],[23.969,-41.391],[23.969,-56.396],[62.137,-56.396],[62.137,-70.496],[8.459,-70.496]],"o":[[8.459,0],[23.969,0],[23.969,-27.292],[57.605,-27.292],[57.605,-41.391],[23.969,-41.391],[23.969,-56.396],[62.137,-56.396],[62.137,-70.496],[8.459,-70.496]],"v":[[8.459,0],[23.969,0],[23.969,-27.292],[57.605,-27.292],[57.605,-41.391],[23.969,-41.391],[23.969,-56.396],[62.137,-56.396],[62.137,-70.496],[8.459,-70.496]],"c":true}},"nm":"F","mn":"ADBE Vector Shape - Group"}],"nm":"F","np":3,"cix":2,"ix":1,"mn":"ADBE Vector Group"},{"ty":"gr","it":[{"ind":0,"ty":"sh","ix":1,"ks":{"a":0,"k":{"i":[[0,0],[0,0],[0,0],[0,0],[0,0],[0,0],[0,0],[0,0],[0,0],[0,0]],"o":[[0,0],[0,0],[0,0],[0,0],[0,0],[0,0],[0,0],[0,0],[0,0],[0,0]],"v":[[74.059,0],[89.568,0],[89.568,-27.292],[123.204,-27.292],[123.204,-41.391],[89.568,-41.391],[89.568,-56.396],[127.736,-56.396],[127.736,-70.496],[74.059,-70.496]],"c":true}},"nm":"F","mn":"ADBE Vector Shape - Group"}],"nm":"F","np":3,"cix":2,"ix":2,"mn":"ADBE Vector Group"}]},"fFamily":"Gotham"},{"ch":"L","size":24,"style":"Bold","w":61.9,"data":{"shapes":[{"ty":"gr","it":[{"ind":0,"ty":"sh","ix":1,"ks":{"a":0,"k":{"i":[[8.459,0],[59.116,0],[59.116,-14.099],[23.969,-14.099],[23.969,-70.496],[8.459,-70.496]],"o":[[8.459,0],[59.116,0],[59.116,-14.099],[23.969,-14.099],[23.969,-70.496],[8.459,-70.496]],"v":[[8.459,0],[59.116,0],[59.116,-14.099],[23.969,-14.099],[23.969,-70.496],[8.459,-70.496]],"c":true}},"nm":"L","mn":"ADBE Vector Shape - Group"}],"nm":"L","np":3,"cix":2,"ix":1,"mn":"ADBE Vector Group"},{"ty":"gr","it":[{"ind":0,"ty":"sh","ix":1,"ks":{"a":0,"k":{"i":[[0,0],[0,0],[0,0],[0,0],[0,0],[0,0]],"o":[[0,0],[0,0],[0,0],[0,0],[0,0],[0,0]],"v":[[70.358,0],[121.014,0],[121.014,-14.099],[85.867,-14.099],[85.867,-70.496],[70.358,-70.496]],"c":true}},"nm":"L","mn":"ADBE Vector Shape - Group"}],"nm":"L","np":3,"cix":2,"ix":2,"mn":"ADBE Vector Group"}]},"fFamily":"Gotham"},{"ch":"A","size":24,"style":"Bold","w":77,"data":{"shapes":[{"ty":"gr","it":[{"ind":0,"ty":"sh","ix":1,"ks":{"a":0,"k":{"i":[[2.417,0],[18.228,0],[24.673,-15.811],[54.483,-15.811],[60.928,0],[77.142,0],[46.93,-70.999],[32.629,-70.999]],"o":[[2.417,0],[18.228,0],[24.673,-15.811],[54.483,-15.811],[60.928,0],[77.142,0],[46.93,-70.999],[32.629,-70.999]],"v":[[2.417,0],[18.228,0],[24.673,-15.811],[54.483,-15.811],[60.928,0],[77.142,0],[46.93,-70.999],[32.629,-70.999]],"c":true}},"nm":"A","mn":"ADBE Vector Shape - Group"},{"ind":1,"ty":"sh","ix":2,"ks":{"a":0,"k":{"i":[[30.212,-29.507],[39.578,-52.368],[48.944,-29.507]],"o":[[30.212,-29.507],[39.578,-52.368],[48.944,-29.507]],"v":[[30.212,-29.507],[39.578,-52.368],[48.944,-29.507]],"c":true}},"nm":"A","mn":"ADBE Vector Shape - Group"}],"nm":"A","np":5,"cix":2,"ix":1,"mn":"ADBE Vector Group"},{"ty":"gr","it":[{"ind":0,"ty":"sh","ix":1,"ks":{"a":0,"k":{"i":[[0,0],[0,0],[0,0],[0,0],[0,0],[0,0],[0,0],[0,0]],"o":[[0,0],[0,0],[0,0],[0,0],[0,0],[0,0],[0,0],[0,0]],"v":[[79.417,0],[95.229,0],[101.674,-15.811],[131.483,-15.811],[137.929,0],[154.143,0],[123.93,-70.999],[109.63,-70.999]],"c":true}},"nm":"A","mn":"ADBE Vector Shape - Group"},{"ind":1,"ty":"sh","ix":2,"ks":{"a":0,"k":{"i":[[0,0],[0,0],[0,0]],"o":[[0,0],[0,0],[0,0]],"v":[[107.213,-29.507],[116.579,-52.368],[125.945,-29.507]],"c":true}},"nm":"A","mn":"ADBE Vector Shape - Group"},{"ty":"mm","mm":1,"nm":"Merge Paths 1","mn":"ADBE Vector Filter - Merge"}],"nm":"A","np":5,"cix":2,"ix":2,"mn":"ADBE Vector Group"}]},"fFamily":"Gotham"},{"ch":"S","size":24,"style":"Bold","w":63,"data":{"shapes":[{"ty":"gr","it":[{"ind":0,"ty":"sh","ix":1,"ks":{"a":0,"k":{"i":[[22.861,1.007],[59.418,-6.849],[59.418,-21.048],[51.362,-38.471],[21.854,-46.829],[21.854,-51.663],[24.975,-57.806],[43.002,-55.188],[57.303,-62.54],[41.391,-71.503],[6.445,-63.043],[6.445,-50.052],[15.61,-32.125],[44.009,-23.465],[44.009,-19.336],[40.183,-12.689],[19.135,-16.012],[3.625,-10.272]],"o":[[48.743,1.007],[59.418,-20.847],[59.418,-33.334],[24.875,-45.319],[21.854,-51.462],[21.854,-55.087],[36.859,-57.806],[49.246,-50.858],[50.153,-68.28],[16.718,-71.503],[6.445,-50.253],[6.445,-36.054],[41.593,-25.479],[44.009,-19.537],[44.009,-15.207],[25.781,-12.689],[12.79,-21.249],[12.084,-2.719]],"v":[[33.536,1.007],[59.418,-20.847],[59.418,-21.048],[37.061,-42.197],[21.854,-51.462],[21.854,-51.663],[30.917,-57.806],[49.246,-50.858],[57.303,-62.54],[31.119,-71.503],[6.445,-50.253],[6.445,-50.052],[29.81,-28.5],[44.009,-19.537],[44.009,-19.336],[33.838,-12.689],[12.79,-21.249],[3.625,-10.272]],"c":true}},"nm":"S","mn":"ADBE Vector Shape - Group"}],"nm":"S","np":3,"cix":2,"ix":1,"mn":"ADBE Vector Group"},{"ty":"gr","it":[{"ind":0,"ty":"sh","ix":1,"ks":{"a":0,"k":{"i":[[-10.675,0],[0,13.998],[0,0],[14.301,3.726],[0,4.633],[0,0],[-5.942,0],[-6.244,-4.33],[0,0],[10.272,0],[0,-12.79],[0,0],[-14.2,-3.625],[0,-3.928],[0,0],[6.345,0],[6.345,5.237],[0,0]],"o":[[15.207,0],[0,0],[0,-12.286],[-12.186,-3.122],[0,0],[0,-3.424],[5.942,0],[0,0],[-7.15,-5.74],[-14.401,0],[0,0],[0,13.998],[11.783,3.021],[0,0],[0,4.129],[-8.057,0],[0,0],[8.459,7.553]],"v":[[96.536,1.007],[122.418,-20.847],[122.418,-21.048],[100.061,-42.197],[84.854,-51.462],[84.854,-51.663],[93.918,-57.806],[112.247,-50.858],[120.303,-62.54],[94.119,-71.503],[69.446,-50.253],[69.446,-50.052],[92.81,-28.5],[107.01,-19.537],[107.01,-19.336],[96.838,-12.689],[75.79,-21.249],[66.626,-10.272]],"c":true}},"nm":"S","mn":"ADBE Vector Shape - Group"}],"nm":"S","np":3,"cix":2,"ix":2,"mn":"ADBE Vector Group"}]},"fFamily":"Gotham"},{"ch":"H","size":24,"style":"Bold","w":76,"data":{"shapes":[{"ty":"gr","it":[{"ind":0,"ty":"sh","ix":1,"ks":{"a":0,"k":{"i":[[8.459,0],[23.969,0],[23.969,-28.299],[52.57,-28.299],[52.57,0],[68.079,0],[68.079,-70.496],[52.57,-70.496],[52.57,-42.599],[23.969,-42.599],[23.969,-70.496],[8.459,-70.496]],"o":[[8.459,0],[23.969,0],[23.969,-28.299],[52.57,-28.299],[52.57,0],[68.079,0],[68.079,-70.496],[52.57,-70.496],[52.57,-42.599],[23.969,-42.599],[23.969,-70.496],[8.459,-70.496]],"v":[[8.459,0],[23.969,0],[23.969,-28.299],[52.57,-28.299],[52.57,0],[68.079,0],[68.079,-70.496],[52.57,-70.496],[52.57,-42.599],[23.969,-42.599],[23.969,-70.496],[8.459,-70.496]],"c":true}},"nm":"H","mn":"ADBE Vector Shape - Group"}],"nm":"H","np":3,"cix":2,"ix":1,"mn":"ADBE Vector Group"},{"ty":"gr","it":[{"ind":0,"ty":"sh","ix":1,"ks":{"a":0,"k":{"i":[[0,0],[0,0],[0,0],[0,0],[0,0],[0,0],[0,0],[0,0],[0,0],[0,0],[0,0],[0,0]],"o":[[0,0],[0,0],[0,0],[0,0],[0,0],[0,0],[0,0],[0,0],[0,0],[0,0],[0,0],[0,0]],"v":[[84.459,0],[99.968,0],[99.968,-28.299],[128.569,-28.299],[128.569,0],[144.078,0],[144.078,-70.496],[128.569,-70.496],[128.569,-42.599],[99.968,-42.599],[99.968,-70.496],[84.459,-70.496]],"c":true}},"nm":"H","mn":"ADBE Vector Shape - Group"}],"nm":"H","np":3,"cix":2,"ix":2,"mn":"ADBE Vector Group"}]},"fFamily":"Gotham"},{"ch":" ","size":24,"style":"Bold","w":30,"data":{},"fFamily":"Gotham"},{"ch":"O","size":24,"style":"Bold","w":85,"data":{"shapes":[{"ty":"gr","it":[{"ind":0,"ty":"sh","ix":1,"ks":{"a":0,"k":{"i":[[20.947,1.208],[80.264,-15.207],[80.264,-35.449],[64.655,-71.704],[5.338,-55.289],[5.338,-35.046]],"o":[[64.453,1.208],[80.264,-35.248],[80.264,-55.49],[21.149,-71.704],[5.338,-35.248],[5.338,-15.005]],"v":[[42.7,1.208],[80.264,-35.248],[80.264,-35.449],[42.902,-71.704],[5.338,-35.248],[5.338,-35.046]],"c":true}},"nm":"O","mn":"ADBE Vector Shape - Group"},{"ind":1,"ty":"sh","ix":2,"ks":{"a":0,"k":{"i":[[55.39,-13.092],[21.552,-23.163],[21.552,-35.449],[30.212,-57.404],[64.05,-47.333],[64.05,-35.046]],"o":[[30.414,-13.092],[21.552,-35.248],[21.552,-47.534],[55.188,-57.404],[64.05,-35.248],[64.05,-22.961]],"v":[[42.902,-13.092],[21.552,-35.248],[21.552,-35.449],[42.7,-57.404],[64.05,-35.248],[64.05,-35.046]],"c":true}},"nm":"O","mn":"ADBE Vector Shape - Group"}],"nm":"O","np":5,"cix":2,"ix":1,"mn":"ADBE Vector Group"},{"ty":"gr","it":[{"ind":0,"ty":"sh","ix":1,"ks":{"a":0,"k":{"i":[[-21.753,0],[0,20.041],[0,0],[21.753,0],[0,-20.041],[0,0]],"o":[[21.753,0],[0,0],[0,-20.041],[-21.753,0],[0,0],[0,20.041]],"v":[[127.699,1.208],[165.263,-35.248],[165.263,-35.449],[127.901,-71.704],[90.337,-35.248],[90.337,-35.046]],"c":true}},"nm":"O","mn":"ADBE Vector Shape - Group"},{"ind":1,"ty":"sh","ix":2,"ks":{"a":0,"k":{"i":[[12.488,0],[0,12.085],[0,0],[-12.488,0],[0,-12.085],[0,0]],"o":[[-12.488,0],[0,0],[0,-12.085],[12.488,0],[0,0],[0,12.085]],"v":[[127.901,-13.092],[106.551,-35.248],[106.551,-35.449],[127.699,-57.404],[149.049,-35.248],[149.049,-35.046]],"c":true}},"nm":"O","mn":"ADBE Vector Shape - Group"},{"ty":"mm","mm":1,"nm":"Merge Paths 1","mn":"ADBE Vector Filter - Merge"}],"nm":"O","np":5,"cix":2,"ix":2,"mn":"ADBE Vector Group"}]},"fFamily":"Gotham"},{"ch":"N","size":24,"style":"Bold","w":79,"data":{"shapes":[{"ty":"gr","it":[{"ind":0,"ty":"sh","ix":1,"ks":{"a":0,"k":{"i":[[8.459,0],[23.767,0],[23.767,-44.815],[57.907,0],[71.1,0],[71.1,-70.496],[55.792,-70.496],[55.792,-27.09],[22.76,-70.496],[8.459,-70.496]],"o":[[8.459,0],[23.767,0],[23.767,-44.815],[57.907,0],[71.1,0],[71.1,-70.496],[55.792,-70.496],[55.792,-27.09],[22.76,-70.496],[8.459,-70.496]],"v":[[8.459,0],[23.767,0],[23.767,-44.815],[57.907,0],[71.1,0],[71.1,-70.496],[55.792,-70.496],[55.792,-27.09],[22.76,-70.496],[8.459,-70.496]],"c":true}},"nm":"N","mn":"ADBE Vector Shape - Group"}],"nm":"N","np":3,"cix":2,"ix":1,"mn":"ADBE Vector Group"},{"ty":"gr","it":[{"ind":0,"ty":"sh","ix":1,"ks":{"a":0,"k":{"i":[[0,0],[0,0],[0,0],[0,0],[0,0],[0,0],[0,0],[0,0],[0,0],[0,0]],"o":[[0,0],[0,0],[0,0],[0,0],[0,0],[0,0],[0,0],[0,0],[0,0],[0,0]],"v":[[87.459,0],[102.766,0],[102.766,-44.815],[136.906,0],[150.099,0],[150.099,-70.496],[134.792,-70.496],[134.792,-27.09],[101.759,-70.496],[87.459,-70.496]],"c":true}},"nm":"N","mn":"ADBE Vector Shape - Group"}],"nm":"N","np":3,"cix":2,"ix":2,"mn":"ADBE Vector Group"}]},"fFamily":"Gotham"}]}