{"v":"4.12.2","fr":29.9700012207031,"ip":0,"op":70.0000028511585,"w":680,"h":680,"nm":"success 2","ddd":0,"assets":[{"id":"comp_6","layers":[{"ddd":0,"ind":1,"ty":4,"nm":"“图层 18”轮廓","sr":1,"ks":{"o":{"a":0,"k":100,"ix":11},"r":{"a":0,"k":0,"ix":10},"p":{"a":0,"k":[340,340,0],"ix":2},"a":{"a":0,"k":[340,340,0],"ix":1},"s":{"a":0,"k":[100,100,100],"ix":6}},"ao":0,"shapes":[{"ty":"gr","it":[{"ind":0,"ty":"sh","ix":1,"ks":{"a":0,"k":{"i":[[0,0],[24.412,0],[15.709,15.709]],"o":[[-15.771,16.222],[-23.971,0],[0,0]],"v":[[61.812,-13.15],[-0.43,13.15],[-61.812,-12.275]],"c":false},"ix":2},"nm":"路径 1","mn":"ADBE Vector Shape - Group","hd":false},{"ty":"st","c":{"a":0,"k":[0.011764705882,0.874509803922,0.870588235294,1],"ix":3},"o":{"a":0,"k":100,"ix":4},"w":{"a":0,"k":16,"ix":5},"lc":2,"lj":1,"ml":10,"nm":"描边 1","mn":"ADBE Vector Graphic - Stroke","hd":false},{"ty":"tr","p":{"a":0,"k":[340.43,381.021],"ix":2},"a":{"a":0,"k":[0,0],"ix":1},"s":{"a":0,"k":[100,100],"ix":3},"r":{"a":0,"k":0,"ix":6},"o":{"a":0,"k":100,"ix":7},"sk":{"a":0,"k":0,"ix":4},"sa":{"a":0,"k":0,"ix":5},"nm":"变换"}],"nm":"组 1","np":2,"cix":2,"ix":1,"mn":"ADBE Vector Group","hd":false},{"ty":"tm","s":{"a":0,"k":0,"ix":1},"e":{"a":1,"k":[{"i":{"x":[0.5],"y":[1]},"o":{"x":[0.5],"y":[0]},"n":["0p5_1_0p5_0"],"t":14,"s":[0],"e":[100]},{"t":21.0000008553475}],"ix":2},"o":{"a":0,"k":0,"ix":3},"m":1,"ix":2,"nm":"修剪路径 1","mn":"ADBE Vector Filter - Trim","hd":false}],"ip":0,"op":590.000024031193,"st":-10.0000004073083,"bm":0},{"ddd":0,"ind":2,"ty":4,"nm":"“图层 19”轮廓","sr":1,"ks":{"o":{"a":0,"k":100,"ix":11},"r":{"a":0,"k":0,"ix":10},"p":{"a":0,"k":[391.377,302.02,0],"ix":2},"a":{"a":0,"k":[391.377,302.02,0],"ix":1},"s":{"a":1,"k":[{"i":{"x":[0.833,0.833,0.833],"y":[0.833,0.833,0.833]},"o":{"x":[0.167,0.167,0.167],"y":[0.167,0.167,0.167]},"n":["0p833_0p833_0p167_0p167","0p833_0p833_0p167_0p167","0p833_0p833_0p167_0p167"],"t":30,"s":[0,0,100],"e":[160,160,100]},{"i":{"x":[0.833,0.833,0.833],"y":[0.833,0.833,0.833]},"o":{"x":[0.167,0.167,0.167],"y":[0.167,0.167,0.167]},"n":["0p833_0p833_0p167_0p167","0p833_0p833_0p167_0p167","0p833_0p833_0p167_0p167"],"t":35,"s":[160,160,100],"e":[100,100,100]},{"t":39.0000015885026}],"ix":6}},"ao":0,"shapes":[{"ty":"gr","it":[{"ind":0,"ty":"sh","ix":1,"ks":{"a":0,"k":{"i":[[9.374,0],[0,-9.374],[-9.374,0],[0,9.374]],"o":[[-9.374,0],[0,9.374],[9.374,0],[0,-9.374]],"v":[[0,-17],[-17,0],[0,17],[17,0]],"c":true},"ix":2},"nm":"路径 1","mn":"ADBE Vector Shape - Group","hd":false},{"ty":"fl","c":{"a":0,"k":[0.011764705882,0.874509803922,0.870588235294,1],"ix":4},"o":{"a":0,"k":100,"ix":5},"r":1,"nm":"填充 1","mn":"ADBE Vector Graphic - Fill","hd":false},{"ty":"tr","p":{"a":0,"k":[391.377,302.02],"ix":2},"a":{"a":0,"k":[0,0],"ix":1},"s":{"a":0,"k":[100,100],"ix":3},"r":{"a":0,"k":0,"ix":6},"o":{"a":0,"k":100,"ix":7},"sk":{"a":0,"k":0,"ix":4},"sa":{"a":0,"k":0,"ix":5},"nm":"变换"}],"nm":"组 1","np":2,"cix":2,"ix":1,"mn":"ADBE Vector Group","hd":false}],"ip":16.0000006516934,"op":616.000025090194,"st":16.0000006516934,"bm":0},{"ddd":0,"ind":3,"ty":4,"nm":"“图层 20”轮廓","sr":1,"ks":{"o":{"a":0,"k":100,"ix":11},"r":{"a":0,"k":0,"ix":10},"p":{"a":0,"k":[288.622,302.02,0],"ix":2},"a":{"a":0,"k":[288.622,302.02,0],"ix":1},"s":{"a":1,"k":[{"i":{"x":[0.833,0.833,0.833],"y":[0.833,0.833,0.833]},"o":{"x":[0.167,0.167,0.167],"y":[0.167,0.167,0.167]},"n":["0p833_0p833_0p167_0p167","0p833_0p833_0p167_0p167","0p833_0p833_0p167_0p167"],"t":23,"s":[0,0,100],"e":[160,160,100]},{"i":{"x":[0.833,0.833,0.833],"y":[0.833,0.833,0.833]},"o":{"x":[0.167,0.167,0.167],"y":[0.167,0.167,0.167]},"n":["0p833_0p833_0p167_0p167","0p833_0p833_0p167_0p167","0p833_0p833_0p167_0p167"],"t":28,"s":[160,160,100],"e":[100,100,100]},{"t":32.0000013033867}],"ix":6}},"ao":0,"shapes":[{"ty":"gr","it":[{"ind":0,"ty":"sh","ix":1,"ks":{"a":0,"k":{"i":[[9.374,0],[0,-9.374],[-9.374,0],[0,9.374]],"o":[[-9.374,0],[0,9.374],[9.374,0],[0,-9.374]],"v":[[0,-17],[-17,0],[0,17],[17,0]],"c":true},"ix":2},"nm":"路径 1","mn":"ADBE Vector Shape - Group","hd":false},{"ty":"fl","c":{"a":0,"k":[0.011764705882,0.874509803922,0.870588235294,1],"ix":4},"o":{"a":0,"k":100,"ix":5},"r":1,"nm":"填充 1","mn":"ADBE Vector Graphic - Fill","hd":false},{"ty":"tr","p":{"a":0,"k":[288.622,302.02],"ix":2},"a":{"a":0,"k":[0,0],"ix":1},"s":{"a":0,"k":[100,100],"ix":3},"r":{"a":0,"k":0,"ix":6},"o":{"a":0,"k":100,"ix":7},"sk":{"a":0,"k":0,"ix":4},"sa":{"a":0,"k":0,"ix":5},"nm":"变换"}],"nm":"组 1","np":2,"cix":2,"ix":1,"mn":"ADBE Vector Group","hd":false}],"ip":9.00000036657752,"op":609.000024805079,"st":9.00000036657752,"bm":0},{"ddd":0,"ind":4,"ty":4,"nm":"“图层 4”轮廓","sr":1,"ks":{"o":{"a":0,"k":100,"ix":11},"r":{"a":0,"k":0,"ix":10},"p":{"a":0,"k":[340,340,0],"ix":2},"a":{"a":0,"k":[340,340,0],"ix":1},"s":{"a":0,"k":[100,100,100],"ix":6}},"ao":0,"shapes":[{"ty":"gr","it":[{"ind":0,"ty":"sh","ix":1,"ks":{"a":0,"k":{"i":[[0,-82.843],[82.843,0],[0,82.843],[-82.843,0]],"o":[[0,82.843],[-82.843,0],[0,-82.843],[82.843,0]],"v":[[150,0],[0,150],[-150,0],[0,-150]],"c":true},"ix":2},"nm":"路径 1","mn":"ADBE Vector Shape - Group","hd":false},{"ty":"st","c":{"a":0,"k":[0.011764705882,0.874509803922,0.870588235294,1],"ix":3},"o":{"a":0,"k":100,"ix":4},"w":{"a":0,"k":12,"ix":5},"lc":2,"lj":2,"nm":"描边 1","mn":"ADBE Vector Graphic - Stroke","hd":false},{"ty":"tr","p":{"a":0,"k":[340,340.02],"ix":2},"a":{"a":0,"k":[0,0],"ix":1},"s":{"a":0,"k":[100,100],"ix":3},"r":{"a":0,"k":0,"ix":6},"o":{"a":0,"k":100,"ix":7},"sk":{"a":0,"k":0,"ix":4},"sa":{"a":0,"k":0,"ix":5},"nm":"变换"}],"nm":"组 1","np":2,"cix":2,"ix":1,"mn":"ADBE Vector Group","hd":false},{"ty":"tm","s":{"a":0,"k":0,"ix":1},"e":{"a":1,"k":[{"i":{"x":[0.833],"y":[0.833]},"o":{"x":[0.167],"y":[0.167]},"n":["0p833_0p833_0p167_0p167"],"t":0,"s":[0],"e":[100]},{"t":12.00000048877}],"ix":2},"o":{"a":0,"k":0,"ix":3},"m":1,"ix":2,"nm":"修剪路径 1","mn":"ADBE Vector Filter - Trim","hd":false}],"ip":0,"op":600.000024438501,"st":0,"bm":0}]}],"layers":[{"ddd":0,"ind":1,"ty":0,"nm":"face","refId":"comp_6","sr":1,"ks":{"o":{"a":0,"k":100,"ix":11},"r":{"a":1,"k":[{"i":{"x":[0.833],"y":[0.833]},"o":{"x":[0.167],"y":[0.167]},"n":["0p833_0p833_0p167_0p167"],"t":0,"s":[45],"e":[0]},{"t":10.2787504186621}],"ix":10},"p":{"a":0,"k":[340,340,0],"ix":2},"a":{"a":0,"k":[340,340,0],"ix":1},"s":{"a":1,"k":[{"i":{"x":[0.76,0.76,0.76],"y":[1,1,1]},"o":{"x":[0.32,0.32,0.32],"y":[0,0,0]},"n":["0p76_1_0p32_0","0p76_1_0p32_0","0p76_1_0p32_0"],"t":0,"s":[1,1,100],"e":[120,120,100]},{"i":{"x":[0.76,0.76,0.76],"y":[1,1,1]},"o":{"x":[0.24,0.24,0.24],"y":[0,0,0]},"n":["0p76_1_0p24_0","0p76_1_0p24_0","0p76_1_0p24_0"],"t":10.279,"s":[120,120,100],"e":[90,90,100]},{"i":{"x":[0.76,0.76,0.76],"y":[1,1,1]},"o":{"x":[0.24,0.24,0.24],"y":[0,0,0]},"n":["0p76_1_0p24_0","0p76_1_0p24_0","0p76_1_0p24_0"],"t":16.748,"s":[90,90,100],"e":[110,110,100]},{"i":{"x":[0.76,0.76,0.76],"y":[1,1,1]},"o":{"x":[0.24,0.24,0.24],"y":[0,0,0]},"n":["0p76_1_0p24_0","0p76_1_0p24_0","0p76_1_0p24_0"],"t":22.14,"s":[110,110,100],"e":[95,95,100]},{"i":{"x":[0.76,0.76,0.76],"y":[1,1,1]},"o":{"x":[0.24,0.24,0.24],"y":[0,0,0]},"n":["0p76_1_0p24_0","0p76_1_0p24_0","0p76_1_0p24_0"],"t":27.675,"s":[95,95,100],"e":[100,100,100]},{"t":34.0000013848484}],"ix":6}},"ao":0,"w":680,"h":680,"ip":0,"op":600.000024438501,"st":0,"bm":0},{"ddd":0,"ind":2,"ty":4,"nm":"“图层 14”轮廓","sr":1,"ks":{"o":{"a":1,"k":[{"i":{"x":[0.833],"y":[0.833]},"o":{"x":[0.167],"y":[0.167]},"n":["0p833_0p833_0p167_0p167"],"t":57.286,"s":[100],"e":[0]},{"t":62.0000025253118}],"ix":11},"r":{"a":0,"k":0,"ix":10},"p":{"a":0,"k":[116.833,561.948,0],"ix":2},"a":{"a":0,"k":[228.416,532.974,0],"ix":1},"s":{"a":1,"k":[{"i":{"x":[0.833,0.833,0.833],"y":[0.833,0.833,0.833]},"o":{"x":[0.167,0.167,0.167],"y":[0.167,0.167,0.167]},"n":["0p833_0p833_0p167_0p167","0p833_0p833_0p167_0p167","0p833_0p833_0p167_0p167"],"t":51,"s":[0,0,100],"e":[200,200,100]},{"t":62.0000025253118}],"ix":6}},"ao":0,"shapes":[{"ty":"gr","it":[{"ind":0,"ty":"sh","ix":1,"ks":{"a":0,"k":{"i":[[0,-17.144],[17.144,0],[0,17.143],[-17.144,0]],"o":[[0,17.143],[-17.144,0],[0,-17.144],[17.144,0]],"v":[[31.04,0],[0,31.041],[-31.04,0],[0,-31.04]],"c":true},"ix":2},"nm":"路径 1","mn":"ADBE Vector Shape - Group","hd":false},{"ty":"fl","c":{"a":0,"k":[0.580392156863,0.788235294118,0.635294117647,1],"ix":4},"o":{"a":1,"k":[{"i":{"x":[0.833],"y":[0.833]},"o":{"x":[0.167],"y":[0.167]},"n":["0p833_0p833_0p167_0p167"],"t":51,"s":[100],"e":[100]},{"i":{"x":[0.833],"y":[0.833]},"o":{"x":[0.167],"y":[0.167]},"n":["0p833_0p833_0p167_0p167"],"t":58,"s":[100],"e":[0]},{"t":62.0000025253118}],"ix":5},"r":1,"nm":"填充 1","mn":"ADBE Vector Graphic - Fill","hd":false},{"ty":"st","c":{"a":0,"k":[0.580392156863,0.788235294118,0.635294117647,1],"ix":3},"o":{"a":0,"k":100,"ix":4},"w":{"a":0,"k":2,"ix":5},"lc":1,"lj":1,"ml":10,"nm":"描边 1","mn":"ADBE Vector Graphic - Stroke","hd":false},{"ty":"tr","p":{"a":0,"k":[228.416,532.974],"ix":2},"a":{"a":0,"k":[0,0],"ix":1},"s":{"a":0,"k":[100,100],"ix":3},"r":{"a":0,"k":0,"ix":6},"o":{"a":0,"k":100,"ix":7},"sk":{"a":0,"k":0,"ix":4},"sa":{"a":0,"k":0,"ix":5},"nm":"变换"}],"nm":"组 1","np":3,"cix":2,"ix":1,"mn":"ADBE Vector Group","hd":false}],"ip":51.0000020772726,"op":651.000026515774,"st":51.0000020772726,"bm":0},{"ddd":0,"ind":3,"ty":4,"nm":"“图层 5”轮廓 6","sr":1,"ks":{"o":{"a":1,"k":[{"i":{"x":[0.833],"y":[0.833]},"o":{"x":[0.167],"y":[0.167]},"n":["0p833_0p833_0p167_0p167"],"t":36,"s":[0],"e":[100]},{"t":38.0000015477717}],"ix":11},"r":{"a":0,"k":0,"ix":10},"p":{"a":1,"k":[{"i":{"x":0.77,"y":1},"o":{"x":0.167,"y":0.184},"n":"0p77_1_0p167_0p184","t":29,"s":[340.816,337.916,0],"e":[113.816,554.916,0],"to":[-37.8333320617676,36.1666679382324,0],"ti":[37.8333320617676,-36.1666679382324,0]},{"t":41.0000016699642}],"ix":2},"a":{"a":0,"k":[132.816,381.916,0],"ix":1},"s":{"a":1,"k":[{"i":{"x":[0.833,0.833,0.833],"y":[0.833,0.833,0.833]},"o":{"x":[0.167,0.167,0.167],"y":[0.167,0.167,0.167]},"n":["0p833_0p833_0p167_0p167","0p833_0p833_0p167_0p167","0p833_0p833_0p167_0p167"],"t":41,"s":[150,150,100],"e":[0,0,100]},{"t":46.0000018736184}],"ix":6}},"ao":0,"shapes":[{"ty":"gr","it":[{"ind":0,"ty":"sh","ix":1,"ks":{"a":0,"k":{"i":[[0,-10.979],[10.979,0],[0,10.979],[-10.978,0]],"o":[[0,10.979],[-10.978,0],[0,-10.979],[10.979,0]],"v":[[19.879,0],[0,19.879],[-19.879,0],[0,-19.879]],"c":true},"ix":2},"nm":"路径 1","mn":"ADBE Vector Shape - Group","hd":false},{"ty":"fl","c":{"a":0,"k":[0.129411764706,0.956862745098,0.666666666667,1],"ix":4},"o":{"a":0,"k":100,"ix":5},"r":1,"nm":"填充 1","mn":"ADBE Vector Graphic - Fill","hd":false},{"ty":"tr","p":{"a":0,"k":[132.816,381.916],"ix":2},"a":{"a":0,"k":[0,0],"ix":1},"s":{"a":0,"k":[100,100],"ix":3},"r":{"a":0,"k":0,"ix":6},"o":{"a":0,"k":100,"ix":7},"sk":{"a":0,"k":0,"ix":4},"sa":{"a":0,"k":0,"ix":5},"nm":"变换"}],"nm":"组 1","np":2,"cix":2,"ix":1,"mn":"ADBE Vector Group","hd":false}],"ip":29.0000011811942,"op":629.000025619695,"st":29.0000011811942,"bm":0},{"ddd":0,"ind":4,"ty":4,"nm":"“图层 5”轮廓 7","sr":1,"ks":{"o":{"a":1,"k":[{"i":{"x":[0.833],"y":[0.833]},"o":{"x":[0.167],"y":[0.167]},"n":["0p833_0p833_0p167_0p167"],"t":43,"s":[0],"e":[50]},{"t":45.0000018328876}],"ix":11},"r":{"a":0,"k":0,"ix":10},"p":{"a":1,"k":[{"i":{"x":0.77,"y":1},"o":{"x":0.167,"y":0.205},"n":"0p77_1_0p167_0p205","t":36,"s":[340.816,337.916,0],"e":[514.816,501.916,0],"to":[29,27.3333339691162,0],"ti":[-29,-27.3333339691162,0]},{"t":48.0000019550801}],"ix":2},"a":{"a":0,"k":[132.816,381.916,0],"ix":1},"s":{"a":1,"k":[{"i":{"x":[0.833,0.833,0.833],"y":[0.833,0.833,0.833]},"o":{"x":[0.167,0.167,0.167],"y":[0.167,0.167,0.167]},"n":["0p833_0p833_0p167_0p167","0p833_0p833_0p167_0p167","0p833_0p833_0p167_0p167"],"t":48,"s":[100,100,100],"e":[0,0,100]},{"t":53.0000021587343}],"ix":6}},"ao":0,"shapes":[{"ty":"gr","it":[{"ind":0,"ty":"sh","ix":1,"ks":{"a":0,"k":{"i":[[0,-10.979],[10.979,0],[0,10.979],[-10.978,0]],"o":[[0,10.979],[-10.978,0],[0,-10.979],[10.979,0]],"v":[[19.879,0],[0,19.879],[-19.879,0],[0,-19.879]],"c":true},"ix":2},"nm":"路径 1","mn":"ADBE Vector Shape - Group","hd":false},{"ty":"fl","c":{"a":0,"k":[1,0.411764705882,0.313725490196,1],"ix":4},"o":{"a":0,"k":100,"ix":5},"r":1,"nm":"填充 1","mn":"ADBE Vector Graphic - Fill","hd":false},{"ty":"tr","p":{"a":0,"k":[132.816,381.916],"ix":2},"a":{"a":0,"k":[0,0],"ix":1},"s":{"a":0,"k":[100,100],"ix":3},"r":{"a":0,"k":0,"ix":6},"o":{"a":0,"k":100,"ix":7},"sk":{"a":0,"k":0,"ix":4},"sa":{"a":0,"k":0,"ix":5},"nm":"变换"}],"nm":"组 1","np":2,"cix":2,"ix":1,"mn":"ADBE Vector Group","hd":false}],"ip":36.0000014663101,"op":636.000025904811,"st":36.0000014663101,"bm":0},{"ddd":0,"ind":5,"ty":4,"nm":"“图层 5”轮廓","sr":1,"ks":{"o":{"a":1,"k":[{"i":{"x":[0.833],"y":[0.833]},"o":{"x":[0.167],"y":[0.167]},"n":["0p833_0p833_0p167_0p167"],"t":39,"s":[0],"e":[100]},{"i":{"x":[0.833],"y":[0.833]},"o":{"x":[0.167],"y":[0.167]},"n":["0p833_0p833_0p167_0p167"],"t":41,"s":[100],"e":[100]},{"t":90.0000036657751}],"ix":11},"r":{"a":0,"k":0,"ix":10},"p":{"a":1,"k":[{"i":{"x":0.77,"y":1},"o":{"x":0.167,"y":0.166},"n":"0p77_1_0p167_0p166","t":32,"s":[340.816,337.916,0],"e":[54.816,263.916,0],"to":[-47.6666679382324,-12.3333330154419,0],"ti":[47.6666679382324,12.3333330154419,0]},{"t":44.0000017921567}],"ix":2},"a":{"a":0,"k":[132.816,381.916,0],"ix":1},"s":{"a":1,"k":[{"i":{"x":[0.833,0.833,0.833],"y":[0.833,0.833,0.833]},"o":{"x":[0.167,0.167,0.167],"y":[0.167,0.167,0.167]},"n":["0p833_0p833_0p167_0p167","0p833_0p833_0p167_0p167","0p833_0p833_0p167_0p167"],"t":44,"s":[100,100,100],"e":[0,0,100]},{"t":49.0000019958109}],"ix":6}},"ao":0,"shapes":[{"ty":"gr","it":[{"ind":0,"ty":"sh","ix":1,"ks":{"a":0,"k":{"i":[[0,-10.979],[10.979,0],[0,10.979],[-10.978,0]],"o":[[0,10.979],[-10.978,0],[0,-10.979],[10.979,0]],"v":[[19.879,0],[0,19.879],[-19.879,0],[0,-19.879]],"c":true},"ix":2},"nm":"路径 1","mn":"ADBE Vector Shape - Group","hd":false},{"ty":"fl","c":{"a":0,"k":[0.127540693096,0.823918062098,0.957215073529,1],"ix":4},"o":{"a":0,"k":100,"ix":5},"r":1,"nm":"填充 1","mn":"ADBE Vector Graphic - Fill","hd":false},{"ty":"tr","p":{"a":0,"k":[132.816,381.916],"ix":2},"a":{"a":0,"k":[0,0],"ix":1},"s":{"a":0,"k":[100,100],"ix":3},"r":{"a":0,"k":0,"ix":6},"o":{"a":0,"k":100,"ix":7},"sk":{"a":0,"k":0,"ix":4},"sa":{"a":0,"k":0,"ix":5},"nm":"变换"}],"nm":"组 1","np":2,"cix":2,"ix":1,"mn":"ADBE Vector Group","hd":false}],"ip":32.0000013033867,"op":632.000025741888,"st":32.0000013033867,"bm":0},{"ddd":0,"ind":6,"ty":4,"nm":"“图层 5”轮廓 5","sr":1,"ks":{"o":{"a":1,"k":[{"i":{"x":[0.833],"y":[0.833]},"o":{"x":[0.167],"y":[0.167]},"n":["0p833_0p833_0p167_0p167"],"t":47,"s":[0],"e":[100]},{"i":{"x":[0.833],"y":[0.833]},"o":{"x":[0.167],"y":[0.167]},"n":["0p833_0p833_0p167_0p167"],"t":48,"s":[100],"e":[0]},{"t":56.0000022809268}],"ix":11},"r":{"a":0,"k":0,"ix":10},"p":{"a":0,"k":[580.261,563.179,0],"ix":2},"a":{"a":0,"k":[132.816,381.916,0],"ix":1},"s":{"a":1,"k":[{"i":{"x":[0.833,0.833,0.833],"y":[0.833,0.833,0.833]},"o":{"x":[0.167,0.167,0.167],"y":[0.167,0.167,0.167]},"n":["0p833_0p833_0p167_0p167","0p833_0p833_0p167_0p167","0p833_0p833_0p167_0p167"],"t":39,"s":[0,0,100],"e":[200,200,100]},{"t":56.0000022809268}],"ix":6}},"ao":0,"shapes":[{"ty":"gr","it":[{"ind":0,"ty":"sh","ix":1,"ks":{"a":0,"k":{"i":[[0,-10.979],[10.979,0],[0,10.979],[-10.978,0]],"o":[[0,10.979],[-10.978,0],[0,-10.979],[10.979,0]],"v":[[19.879,0],[0,19.879],[-19.879,0],[0,-19.879]],"c":true},"ix":2},"nm":"路径 1","mn":"ADBE Vector Shape - Group","hd":false},{"ty":"st","c":{"a":0,"k":[1,0.412286945418,0.314935691684,1],"ix":3},"o":{"a":0,"k":100,"ix":4},"w":{"a":0,"k":2,"ix":5},"lc":1,"lj":1,"ml":4,"nm":"描边 1","mn":"ADBE Vector Graphic - Stroke","hd":false},{"ty":"tr","p":{"a":0,"k":[132.816,381.916],"ix":2},"a":{"a":0,"k":[0,0],"ix":1},"s":{"a":0,"k":[100,100],"ix":3},"r":{"a":0,"k":0,"ix":6},"o":{"a":0,"k":100,"ix":7},"sk":{"a":0,"k":0,"ix":4},"sa":{"a":0,"k":0,"ix":5},"nm":"变换"}],"nm":"组 1","np":3,"cix":2,"ix":1,"mn":"ADBE Vector Group","hd":false}],"ip":39.0000015885026,"op":639.000026027004,"st":39.0000015885026,"bm":0},{"ddd":0,"ind":7,"ty":4,"nm":"“图层 5”轮廓 4","sr":1,"ks":{"o":{"a":1,"k":[{"i":{"x":[0.833],"y":[0.833]},"o":{"x":[0.167],"y":[0.167]},"n":["0p833_0p833_0p167_0p167"],"t":37,"s":[0],"e":[100]},{"t":39.0000015885026}],"ix":11},"r":{"a":0,"k":0,"ix":10},"p":{"a":1,"k":[{"i":{"x":0.77,"y":1},"o":{"x":0.167,"y":0.156},"n":"0p77_1_0p167_0p156","t":30,"s":[340.816,337.916,0],"e":[629.816,258.916,0],"to":[48.1666679382324,-13.1666669845581,0],"ti":[-48.1666679382324,13.1666669845581,0]},{"t":42.0000017106951}],"ix":2},"a":{"a":0,"k":[132.816,381.916,0],"ix":1},"s":{"a":1,"k":[{"i":{"x":[0.833,0.833,0.833],"y":[0.833,0.833,0.833]},"o":{"x":[0.167,0.167,0.167],"y":[0.167,0.167,0.167]},"n":["0p833_0p833_0p167_0p167","0p833_0p833_0p167_0p167","0p833_0p833_0p167_0p167"],"t":42,"s":[150,150,100],"e":[0,0,100]},{"t":47.0000019143492}],"ix":6}},"ao":0,"shapes":[{"ty":"gr","it":[{"ind":0,"ty":"sh","ix":1,"ks":{"a":0,"k":{"i":[[0,-10.979],[10.979,0],[0,10.979],[-10.978,0]],"o":[[0,10.979],[-10.978,0],[0,-10.979],[10.979,0]],"v":[[19.879,0],[0,19.879],[-19.879,0],[0,-19.879]],"c":true},"ix":2},"nm":"路径 1","mn":"ADBE Vector Shape - Group","hd":false},{"ty":"fl","c":{"a":0,"k":[0.407843137255,0.601001634785,1,1],"ix":4},"o":{"a":0,"k":100,"ix":5},"r":1,"nm":"填充 1","mn":"ADBE Vector Graphic - Fill","hd":false},{"ty":"tr","p":{"a":0,"k":[132.816,381.916],"ix":2},"a":{"a":0,"k":[0,0],"ix":1},"s":{"a":0,"k":[100,100],"ix":3},"r":{"a":0,"k":0,"ix":6},"o":{"a":0,"k":100,"ix":7},"sk":{"a":0,"k":0,"ix":4},"sa":{"a":0,"k":0,"ix":5},"nm":"变换"}],"nm":"组 1","np":2,"cix":2,"ix":1,"mn":"ADBE Vector Group","hd":false}],"ip":30.0000012219251,"op":630.000025660426,"st":30.0000012219251,"bm":0},{"ddd":0,"ind":8,"ty":4,"nm":"“图层 3”轮廓","sr":1,"ks":{"o":{"a":0,"k":100,"ix":11},"r":{"a":0,"k":0,"ix":10},"p":{"a":0,"k":[554.209,126.852,0],"ix":2},"a":{"a":0,"k":[313.345,115.403,0],"ix":1},"s":{"a":1,"k":[{"i":{"x":[0.833,0.833,0.833],"y":[0.833,0.833,0.833]},"o":{"x":[0.167,0.167,0.167],"y":[0.167,0.167,0.167]},"n":["0p833_0p833_0p167_0p167","0p833_0p833_0p167_0p167","0p833_0p833_0p167_0p167"],"t":52,"s":[0,0,100],"e":[240,240,100]},{"t":64.0000026067734}],"ix":6}},"ao":0,"shapes":[{"ty":"gr","it":[{"ind":0,"ty":"sh","ix":1,"ks":{"a":0,"k":{"i":[[0,0]],"o":[[0,0]],"v":[[-104.794,304.168]],"c":false},"ix":2},"nm":"路径 1","mn":"ADBE Vector Shape - Group","hd":false},{"ty":"st","c":{"a":0,"k":[0.988235294118,0.639215686275,0.325490196078,1],"ix":3},"o":{"a":0,"k":100,"ix":4},"w":{"a":0,"k":4,"ix":5},"lc":1,"lj":1,"ml":4,"nm":"描边 1","mn":"ADBE Vector Graphic - Stroke","hd":false},{"ty":"fl","c":{"a":0,"k":[0.988235294118,0.639215686275,0.325490196078,1],"ix":4},"o":{"a":0,"k":100,"ix":5},"r":1,"nm":"填充 1","mn":"ADBE Vector Graphic - Fill","hd":false},{"ty":"tr","p":{"a":0,"k":[0,0],"ix":2},"a":{"a":0,"k":[0,0],"ix":1},"s":{"a":0,"k":[100,100],"ix":3},"r":{"a":0,"k":0,"ix":6},"o":{"a":0,"k":100,"ix":7},"sk":{"a":0,"k":0,"ix":4},"sa":{"a":0,"k":0,"ix":5},"nm":"变换"}],"nm":"形状 1","np":3,"cix":2,"ix":1,"mn":"ADBE Vector Group","hd":false},{"ty":"gr","it":[{"ind":0,"ty":"sh","ix":1,"ks":{"a":0,"k":{"i":[[0,-15.759],[15.759,0],[0,15.759],[-15.758,0]],"o":[[0,15.759],[-15.758,0],[0,-15.759],[15.759,0]],"v":[[28.534,0],[-0.001,28.534],[-28.534,0],[-0.001,-28.534]],"c":true},"ix":2},"nm":"路径 1","mn":"ADBE Vector Shape - Group","hd":false},{"ty":"st","c":{"a":0,"k":[0.988235294118,0.639215686275,0.325490196078,1],"ix":3},"o":{"a":1,"k":[{"i":{"x":[0.833],"y":[0.833]},"o":{"x":[0.167],"y":[0.167]},"n":["0p833_0p833_0p167_0p167"],"t":52,"s":[0],"e":[100]},{"i":{"x":[0.833],"y":[0.833]},"o":{"x":[0.167],"y":[0.167]},"n":["0p833_0p833_0p167_0p167"],"t":60,"s":[100],"e":[0]},{"t":64.0000026067734}],"ix":4},"w":{"a":0,"k":2,"ix":5},"lc":1,"lj":1,"ml":4,"nm":"描边 1","mn":"ADBE Vector Graphic - Stroke","hd":false},{"ty":"fl","c":{"a":0,"k":[0.988235294118,0.639215686275,0.325490196078,1],"ix":4},"o":{"a":1,"k":[{"i":{"x":[0.833],"y":[0.833]},"o":{"x":[0.167],"y":[0.167]},"n":["0p833_0p833_0p167_0p167"],"t":55,"s":[100],"e":[0]},{"t":58.0000023623884}],"ix":5},"r":1,"nm":"填充 1","mn":"ADBE Vector Graphic - Fill","hd":false},{"ty":"tr","p":{"a":0,"k":[313.617,112.505],"ix":2},"a":{"a":0,"k":[0,0],"ix":1},"s":{"a":0,"k":[100,100],"ix":3},"r":{"a":0,"k":0,"ix":6},"o":{"a":0,"k":100,"ix":7},"sk":{"a":0,"k":0,"ix":4},"sa":{"a":0,"k":0,"ix":5},"nm":"变换"}],"nm":"组 1","np":3,"cix":2,"ix":2,"mn":"ADBE Vector Group","hd":false}],"ip":52.0000021180034,"op":652.000026556505,"st":52.0000021180034,"bm":0},{"ddd":0,"ind":9,"ty":4,"nm":"“图层 5”轮廓 3","sr":1,"ks":{"o":{"a":1,"k":[{"i":{"x":[0.833],"y":[0.833]},"o":{"x":[0.167],"y":[0.167]},"n":["0p833_0p833_0p167_0p167"],"t":35,"s":[0],"e":[100]},{"t":37.0000015070409}],"ix":11},"r":{"a":0,"k":0,"ix":10},"p":{"a":1,"k":[{"i":{"x":0.77,"y":1},"o":{"x":0.167,"y":0.167},"n":"0p77_1_0p167_0p167","t":28,"s":[340.816,337.916,0],"e":[357.816,62.916,0],"to":[2.83333325386047,-45.8333396911621,0],"ti":[5.99982286075829e-10,-0.66666668653488,0]},{"t":40.0000016292334}],"ix":2},"a":{"a":0,"k":[132.816,381.916,0],"ix":1},"s":{"a":1,"k":[{"i":{"x":[0.833,0.833,0.833],"y":[0.833,0.833,0.833]},"o":{"x":[0.167,0.167,0.167],"y":[0.167,0.167,0.167]},"n":["0p833_0p833_0p167_0p167","0p833_0p833_0p167_0p167","0p833_0p833_0p167_0p167"],"t":40,"s":[150,150,100],"e":[0,0,100]},{"t":45.0000018328876}],"ix":6}},"ao":0,"shapes":[{"ty":"gr","it":[{"ind":0,"ty":"sh","ix":1,"ks":{"a":0,"k":{"i":[[0,-10.979],[10.979,0],[0,10.979],[-10.978,0]],"o":[[0,10.979],[-10.978,0],[0,-10.979],[10.979,0]],"v":[[19.879,0],[0,19.879],[-19.879,0],[0,-19.879]],"c":true},"ix":2},"nm":"路径 1","mn":"ADBE Vector Shape - Group","hd":false},{"ty":"fl","c":{"a":0,"k":[0.680527810489,1,0.40906865737,1],"ix":4},"o":{"a":0,"k":100,"ix":5},"r":1,"nm":"填充 1","mn":"ADBE Vector Graphic - Fill","hd":false},{"ty":"tr","p":{"a":0,"k":[132.816,381.916],"ix":2},"a":{"a":0,"k":[0,0],"ix":1},"s":{"a":0,"k":[100,100],"ix":3},"r":{"a":0,"k":0,"ix":6},"o":{"a":0,"k":100,"ix":7},"sk":{"a":0,"k":0,"ix":4},"sa":{"a":0,"k":0,"ix":5},"nm":"变换"}],"nm":"组 1","np":2,"cix":2,"ix":1,"mn":"ADBE Vector Group","hd":false}],"ip":28.0000011404634,"op":628.000025578964,"st":28.0000011404634,"bm":0},{"ddd":0,"ind":10,"ty":4,"nm":"“图层 5”轮廓 2","sr":1,"ks":{"o":{"a":1,"k":[{"i":{"x":[0.833],"y":[0.833]},"o":{"x":[0.167],"y":[0.167]},"n":["0p833_0p833_0p167_0p167"],"t":30,"s":[0],"e":[100]},{"t":32.0000013033867}],"ix":11},"r":{"a":0,"k":0,"ix":10},"p":{"a":1,"k":[{"i":{"x":0.77,"y":1},"o":{"x":0.167,"y":0.137},"n":"0p77_1_0p167_0p137","t":23,"s":[340.816,337.916,0],"e":[124.816,107.916,0],"to":[-36,-38.3333320617676,0],"ti":[36,38.3333320617676,0]},{"t":35.0000014255792}],"ix":2},"a":{"a":0,"k":[132.816,381.916,0],"ix":1},"s":{"a":1,"k":[{"i":{"x":[0.833,0.833,0.833],"y":[0.833,0.833,0.833]},"o":{"x":[0.167,0.167,0.167],"y":[0.167,0.167,0.167]},"n":["0p833_0p833_0p167_0p167","0p833_0p833_0p167_0p167","0p833_0p833_0p167_0p167"],"t":35,"s":[150,150,100],"e":[0,0,100]},{"t":40.0000016292334}],"ix":6}},"ao":0,"shapes":[{"ty":"gr","it":[{"ind":0,"ty":"sh","ix":1,"ks":{"a":0,"k":{"i":[[0,-10.979],[10.979,0],[0,10.979],[-10.978,0]],"o":[[0,10.979],[-10.978,0],[0,-10.979],[10.979,0]],"v":[[19.879,0],[0,19.879],[-19.879,0],[0,-19.879]],"c":true},"ix":2},"nm":"路径 1","mn":"ADBE Vector Shape - Group","hd":false},{"ty":"fl","c":{"a":0,"k":[0.127540693096,0.957215073529,0.665685257257,1],"ix":4},"o":{"a":0,"k":100,"ix":5},"r":1,"nm":"填充 1","mn":"ADBE Vector Graphic - Fill","hd":false},{"ty":"tr","p":{"a":0,"k":[132.816,381.916],"ix":2},"a":{"a":0,"k":[0,0],"ix":1},"s":{"a":0,"k":[100,100],"ix":3},"r":{"a":0,"k":0,"ix":6},"o":{"a":0,"k":100,"ix":7},"sk":{"a":0,"k":0,"ix":4},"sa":{"a":0,"k":0,"ix":5},"nm":"变换"}],"nm":"组 1","np":2,"cix":2,"ix":1,"mn":"ADBE Vector Group","hd":false}],"ip":23.0000009368092,"op":623.00002537531,"st":23.0000009368092,"bm":0}]}