{"v":"4.6.9","fr":29.9700012207031,"ip":0,"op":372.000015151871,"w":800,"h":600,"nm":"Send Button","ddd":0,"assets":[{"id":"comp_1","layers":[{"ddd":0,"ind":1,"ty":4,"nm":"loader","ks":{"o":{"a":0,"k":100},"r":{"a":0,"k":0},"p":{"a":0,"k":[400,300,0]},"a":{"a":0,"k":[0,0,0]},"s":{"a":0,"k":[100,100,100]}},"ao":0,"shapes":[{"ty":"gr","it":[{"ind":0,"ty":"sh","ix":1,"ks":{"a":0,"k":{"i":[[0,-37.371],[37.371,0],[0,37.371],[-37.371,0]],"o":[[0,37.371],[-37.371,0],[0,-37.371],[37.371,0]],"v":[[67.667,0],[0,67.667],[-67.667,0],[0,-67.667]],"c":true}},"nm":"Path 1","mn":"ADBE Vector Shape - Group"},{"ty":"st","c":{"a":0,"k":[0.1058824,0.1058824,0.1058824,1]},"o":{"a":0,"k":100},"w":{"a":0,"k":8},"lc":1,"lj":1,"ml":4,"nm":"Stroke 1","mn":"ADBE Vector Graphic - Stroke"},{"ty":"tr","p":{"a":0,"k":[0,0],"ix":2},"a":{"a":0,"k":[0,0],"ix":1},"s":{"a":0,"k":[100,100],"ix":3},"r":{"a":0,"k":0,"ix":6},"o":{"a":0,"k":100,"ix":7},"sk":{"a":0,"k":0,"ix":4},"sa":{"a":0,"k":0,"ix":5},"nm":"Transform"}],"nm":"Shape 1","np":3,"cix":2,"ix":1,"mn":"ADBE Vector Group"},{"ty":"tm","s":{"a":1,"k":[{"i":{"x":[0],"y":[1]},"o":{"x":[0.333],"y":[0]},"n":["0_1_0p333_0"],"t":60,"s":[0],"e":[37]},{"i":{"x":[0.667],"y":[0.667]},"o":{"x":[0.167],"y":[0.167]},"n":["0p667_0p667_0p167_0p167"],"t":115,"s":[37],"e":[37]},{"i":{"x":[0.667],"y":[1]},"o":{"x":[0.333],"y":[0]},"n":["0p667_1_0p333_0"],"t":120,"s":[37],"e":[65]},{"i":{"x":[0.667],"y":[1]},"o":{"x":[0.167],"y":[0.167]},"n":["0p667_1_0p167_0p167"],"t":160,"s":[65],"e":[73]},{"i":{"x":[0],"y":[1]},"o":{"x":[0.333],"y":[0]},"n":["0_1_0p333_0"],"t":180,"s":[73],"e":[87]},{"i":{"x":[0.667],"y":[0.667]},"o":{"x":[0.167],"y":[0.167]},"n":["0p667_0p667_0p167_0p167"],"t":205,"s":[87],"e":[87]},{"i":{"x":[0],"y":[1]},"o":{"x":[0.333],"y":[0]},"n":["0_1_0p333_0"],"t":224,"s":[87],"e":[100]},{"t":270.000010997325}],"ix":1},"e":{"a":0,"k":0,"ix":2},"o":{"a":0,"k":-90,"ix":3},"m":1,"ix":2,"nm":"Trim Paths 1","mn":"ADBE Vector Filter - Trim"}],"ip":0,"op":450.000018328876,"st":0,"bm":0,"sr":1},{"ddd":0,"ind":2,"ty":4,"nm":"loader ring","ks":{"o":{"a":0,"k":100},"r":{"a":0,"k":0},"p":{"a":0,"k":[400,300,0]},"a":{"a":0,"k":[0,0,0]},"s":{"a":0,"k":[100,100,100]}},"ao":0,"shapes":[{"ty":"gr","it":[{"ind":0,"ty":"sh","ix":1,"ks":{"a":0,"k":{"i":[[0,-37.371],[37.371,0],[0,37.371],[-37.371,0]],"o":[[0,37.371],[-37.371,0],[0,-37.371],[37.371,0]],"v":[[67.667,0],[0,67.667],[-67.667,0],[0,-67.667]],"c":true}},"nm":"Path 1","mn":"ADBE Vector Shape - Group"},{"ty":"st","c":{"a":0,"k":[0.1058824,0.1058824,0.1058824,1]},"o":{"a":0,"k":25},"w":{"a":0,"k":8},"lc":1,"lj":1,"ml":4,"nm":"Stroke 1","mn":"ADBE Vector Graphic - Stroke"},{"ty":"tr","p":{"a":0,"k":[0,0],"ix":2},"a":{"a":0,"k":[0,0],"ix":1},"s":{"a":0,"k":[100,100],"ix":3},"r":{"a":0,"k":0,"ix":6},"o":{"a":0,"k":100,"ix":7},"sk":{"a":0,"k":0,"ix":4},"sa":{"a":0,"k":0,"ix":5},"nm":"Transform"}],"nm":"Shape 1","np":3,"cix":2,"ix":1,"mn":"ADBE Vector Group"}],"ip":0,"op":450.000018328876,"st":0,"bm":0,"sr":1}]}],"layers":[{"ddd":0,"ind":1,"ty":4,"nm":"check","ks":{"o":{"a":1,"k":[{"i":{"x":[0],"y":[1]},"o":{"x":[0.167],"y":[0.167]},"n":["0_1_0p167_0p167"],"t":357,"s":[100],"e":[0]},{"t":367.000014948216}]},"r":{"a":0,"k":0},"p":{"a":0,"k":[400,300,0]},"a":{"a":0,"k":[0,0,0]},"s":{"a":1,"k":[{"i":{"x":[0.667,0.667,0.667],"y":[1,1,0.667]},"o":{"x":[0.333,0.333,0.333],"y":[0,0,0.333]},"n":["0p667_1_0p333_0","0p667_1_0p333_0","0p667_0p667_0p333_0p333"],"t":279,"s":[0,0,100],"e":[135,135,100]},{"i":{"x":[0.667,0.667,0.667],"y":[1,1,0.667]},"o":{"x":[0.333,0.333,0.333],"y":[0,0,0.333]},"n":["0p667_1_0p333_0","0p667_1_0p333_0","0p667_0p667_0p333_0p333"],"t":284,"s":[135,135,100],"e":[100,100,100]},{"i":{"x":[0.833,0.833,0.833],"y":[0.833,0.833,0.833]},"o":{"x":[0.167,0.167,0.167],"y":[0.167,0.167,0.167]},"n":["0p833_0p833_0p167_0p167","0p833_0p833_0p167_0p167","0p833_0p833_0p167_0p167"],"t":286,"s":[100,100,100],"e":[100,100,100]},{"i":{"x":[0.833,0.833,0.833],"y":[0.833,0.833,0.833]},"o":{"x":[0.167,0.167,0.167],"y":[0.167,0.167,0.167]},"n":["0p833_0p833_0p167_0p167","0p833_0p833_0p167_0p167","0p833_0p833_0p167_0p167"],"t":357,"s":[100,100,100],"e":[50,50,100]},{"t":367.000014948216}]}},"ao":0,"shapes":[{"ty":"gr","it":[{"ind":0,"ty":"sh","ix":1,"ks":{"a":0,"k":{"i":[[0.777,0.777],[0,0],[-0.784,0.784],[0,0],[-0.784,-0.784],[0,0],[0,0],[-0.774,-0.794],[0,0],[0.795,-0.774],[0,0]],"o":[[0,0],[-0.784,-0.784],[0,0],[0.784,-0.784],[0,0],[0,0],[0.794,-0.774],[0,0],[0.774,0.794],[0,0],[-0.787,0.767]],"v":[[-8.604,19.749],[-26.929,1.423],[-26.929,-1.417],[-22.195,-6.151],[-19.354,-6.151],[-7.105,6.097],[19.425,-19.76],[22.265,-19.723],[26.939,-14.928],[26.902,-12.088],[-5.782,19.767]],"c":true}},"nm":"Path 1","mn":"ADBE Vector Shape - Group"},{"ty":"fl","c":{"a":0,"k":[1,1,1,1]},"o":{"a":0,"k":100},"r":1,"nm":"Fill 1","mn":"ADBE Vector Graphic - Fill"},{"ty":"tr","p":{"a":0,"k":[0,0],"ix":2},"a":{"a":0,"k":[0,0],"ix":1},"s":{"a":0,"k":[100,100],"ix":3},"r":{"a":0,"k":0,"ix":6},"o":{"a":0,"k":100,"ix":7},"sk":{"a":0,"k":0,"ix":4},"sa":{"a":0,"k":0,"ix":5},"nm":"Transform"}],"nm":"Shape 1","np":3,"cix":2,"ix":1,"mn":"ADBE Vector Group"}],"ip":0,"op":450.000018328876,"st":0,"bm":0,"sr":1},{"ddd":0,"ind":2,"ty":0,"nm":"Sending Loader","refId":"comp_1","ks":{"o":{"a":1,"k":[{"i":{"x":[0.833],"y":[0.833]},"o":{"x":[0.167],"y":[0.167]},"n":["0p833_0p833_0p167_0p167"],"t":278,"s":[100],"e":[0]},{"t":284.000011567557}]},"r":{"a":0,"k":0},"p":{"a":0,"k":[400,300,0]},"a":{"a":0,"k":[400,300,0]},"s":{"a":1,"k":[{"i":{"x":[0,0,0.667],"y":[1,1,0.667]},"o":{"x":[0.167,0.167,0.167],"y":[0.167,0.167,0.167]},"n":["0_1_0p167_0p167","0_1_0p167_0p167","0p667_0p667_0p167_0p167"],"t":59,"s":[78,78,100],"e":[100,100,100]},{"i":{"x":[0.833,0.833,0.833],"y":[0.833,0.833,0.833]},"o":{"x":[0.167,0.167,0.167],"y":[0.167,0.167,0.167]},"n":["0p833_0p833_0p167_0p167","0p833_0p833_0p167_0p167","0p833_0p833_0p167_0p167"],"t":75,"s":[100,100,100],"e":[100,100,100]},{"i":{"x":[0.833,0.833,0.833],"y":[0.833,0.833,0.833]},"o":{"x":[1,1,0.333],"y":[0,0,0.333]},"n":["0p833_0p833_1_0","0p833_0p833_1_0","0p833_0p833_0p333_0p333"],"t":278,"s":[100,100,100],"e":[125,125,100]},{"t":284.000011567557}]}},"ao":0,"w":800,"h":600,"ip":9.00000036657752,"op":459.000018695453,"st":9.00000036657752,"bm":0,"sr":1},{"ddd":0,"ind":3,"ty":4,"nm":"button mask","td":1,"ks":{"o":{"a":0,"k":100},"r":{"a":0,"k":0},"p":{"a":0,"k":[400,300,0]},"a":{"a":0,"k":[0,0,0]},"s":{"a":0,"k":[100,100,100]}},"ao":0,"shapes":[{"ty":"gr","it":[{"ind":0,"ty":"sh","ix":1,"ks":{"a":0,"k":{"i":[[0,-30.698],[30.698,0],[0,30.698],[-30.698,0]],"o":[[0,30.698],[-30.698,0],[0,-30.698],[30.698,0]],"v":[[55.585,0],[0,55.585],[-55.585,0],[0,-55.585]],"c":true}},"nm":"Path 1","mn":"ADBE Vector Shape - Group"},{"ty":"fl","c":{"a":0,"k":[0.105882,0.105882,0.105882,1]},"o":{"a":0,"k":100},"r":1,"nm":"Fill 1","mn":"ADBE Vector Graphic - Fill"},{"ty":"tr","p":{"a":0,"k":[0,0],"ix":2},"a":{"a":0,"k":[0,0],"ix":1},"s":{"a":0,"k":[100,100],"ix":3},"r":{"a":0,"k":0,"ix":6},"o":{"a":0,"k":100,"ix":7},"sk":{"a":0,"k":0,"ix":4},"sa":{"a":0,"k":0,"ix":5},"nm":"Transform"}],"nm":"Shape 1","np":3,"cix":2,"ix":1,"mn":"ADBE Vector Group"}],"ip":0,"op":450.000018328876,"st":0,"bm":0,"sr":1},{"ddd":0,"ind":4,"ty":4,"nm":"plane","tt":1,"ks":{"o":{"a":0,"k":100},"r":{"a":0,"k":0},"p":{"a":1,"k":[{"i":{"x":0.833,"y":0.833},"o":{"x":1,"y":0},"n":"0p833_0p833_1_0","t":61,"s":[396,304,0],"e":[485.5,213,0],"to":[14.9166669845581,-15.1666669845581,0],"ti":[-15,15,0]},{"i":{"x":0.833,"y":0.833},"o":{"x":0.167,"y":0.167},"n":"0p833_0p833_0p167_0p167","t":75,"s":[485.5,213,0],"e":[485.5,213,0],"to":[0,0,0],"ti":[0,0,0]},{"i":{"x":0.833,"y":0.833},"o":{"x":0.167,"y":0.167},"n":"0p833_0p833_0p167_0p167","t":355,"s":[485.5,213,0],"e":[305.5,393,0],"to":[0,0,0],"ti":[0,0,0]},{"i":{"x":0,"y":1},"o":{"x":0.167,"y":0.167},"n":"0_1_0p167_0p167","t":356,"s":[305.5,393,0],"e":[396,304,0],"to":[0,0,0],"ti":[-15.0833330154419,14.8333330154419,0]},{"t":372.000015151871}]},"a":{"a":0,"k":[0,0,0]},"s":{"a":0,"k":[100,100,100]}},"ao":0,"shapes":[{"ty":"gr","it":[{"ind":0,"ty":"sh","ix":1,"ks":{"a":0,"k":{"i":[[0.36,-0.442],[0,0],[0,0],[-0.721,2.14],[0,0],[2.229,-0.75],[0,0],[-1.772,-1.4],[0,0],[0,0]],"o":[[0,0],[0,0],[1.4,1.772],[0,0],[0.75,-2.229],[0,0],[-2.14,0.721],[0,0],[0,0],[0.442,-0.36]],"v":[[10.761,-10.094],[-4.175,8.751],[5.67,25.775],[10.598,24.92],[26.797,-23.193],[23.194,-26.797],[-24.92,-10.598],[-25.775,-5.67],[-8.751,4.175],[10.094,-10.761]],"c":true}},"nm":"Path 1","mn":"ADBE Vector Shape - Group"},{"ty":"fl","c":{"a":0,"k":[1,1,1,1]},"o":{"a":0,"k":100},"r":1,"nm":"Fill 1","mn":"ADBE Vector Graphic - Fill"},{"ty":"tr","p":{"a":0,"k":[0,0],"ix":2},"a":{"a":0,"k":[0,0],"ix":1},"s":{"a":0,"k":[100,100],"ix":3},"r":{"a":0,"k":0,"ix":6},"o":{"a":0,"k":100,"ix":7},"sk":{"a":0,"k":0,"ix":4},"sa":{"a":0,"k":0,"ix":5},"nm":"Transform"}],"nm":"Shape 1","np":3,"cix":2,"ix":1,"mn":"ADBE Vector Group"}],"ip":0,"op":450.000018328876,"st":0,"bm":0,"sr":1},{"ddd":0,"ind":5,"ty":4,"nm":"button","ks":{"o":{"a":0,"k":100},"r":{"a":0,"k":0},"p":{"a":0,"k":[400,300,0]},"a":{"a":0,"k":[0,0,0]},"s":{"a":0,"k":[100,100,100]}},"ao":0,"shapes":[{"ty":"gr","it":[{"ind":0,"ty":"sh","ix":1,"ks":{"a":0,"k":{"i":[[0,-30.698],[30.698,0],[0,30.698],[-30.698,0]],"o":[[0,30.698],[-30.698,0],[0,-30.698],[30.698,0]],"v":[[55.585,0],[0,55.585],[-55.585,0],[0,-55.585]],"c":true}},"nm":"Path 1","mn":"ADBE Vector Shape - Group"},{"ty":"fl","c":{"a":0,"k":[0.105882,0.105882,0.105882,1]},"o":{"a":0,"k":100},"r":1,"nm":"Fill 1","mn":"ADBE Vector Graphic - Fill"},{"ty":"tr","p":{"a":0,"k":[0,0],"ix":2},"a":{"a":0,"k":[0,0],"ix":1},"s":{"a":0,"k":[100,100],"ix":3},"r":{"a":0,"k":0,"ix":6},"o":{"a":0,"k":100,"ix":7},"sk":{"a":0,"k":0,"ix":4},"sa":{"a":0,"k":0,"ix":5},"nm":"Transform"}],"nm":"Shape 1","np":3,"cix":2,"ix":1,"mn":"ADBE Vector Group"}],"ip":0,"op":450.000018328876,"st":0,"bm":0,"sr":1}]}