{"v":"4.10.1","fr":60,"ip":0,"op":232,"w":800,"h":800,"nm":"Eye_Preview","ddd":0,"assets":[{"id":"comp_24","layers":[{"ddd":0,"ind":1,"ty":4,"nm":"Matte","td":1,"sr":1,"ks":{"o":{"a":0,"k":100,"ix":11},"r":{"a":0,"k":0,"ix":10},"p":{"a":0,"k":[75,75,0],"ix":2},"a":{"a":0,"k":[75,75,0],"ix":1},"s":{"a":0,"k":[100,100,100],"ix":6}},"ao":0,"shapes":[{"ty":"gr","it":[{"ind":0,"ty":"sh","ix":1,"ks":{"a":1,"k":[{"i":{"x":0.667,"y":1},"o":{"x":1,"y":0},"n":"0p667_1_1_0","t":9,"s":[{"i":[[0,0],[30.292,0],[0,0],[-30.291,0]],"o":[[0,0],[-30.291,0],[0,0],[30.292,0]],"v":[[50.702,0.064],[-0.001,35.296],[-50.702,0.064],[-0.001,-35.297]],"c":true}],"e":[{"i":[[0,0],[30.292,0],[0,0],[-30.291,0]],"o":[[0,0],[-30.291,0],[0,0],[30.292,0]],"v":[[50.702,0.064],[-0.001,20.852],[-50.702,0.064],[-0.001,20.009]],"c":true}]},{"t":26}],"ix":2},"nm":"Path 3","mn":"ADBE Vector Shape - Group","hd":false},{"ty":"fl","c":{"a":0,"k":[0,0,0,1],"ix":4},"o":{"a":0,"k":100,"ix":5},"r":1,"nm":"Fill 1","mn":"ADBE Vector Graphic - Fill","hd":false},{"ty":"tr","p":{"a":0,"k":[75.003,76.069],"ix":2},"a":{"a":0,"k":[0,0],"ix":1},"s":{"a":0,"k":[100,100],"ix":3},"r":{"a":0,"k":0,"ix":6},"o":{"a":0,"k":100,"ix":7},"sk":{"a":0,"k":0,"ix":4},"sa":{"a":0,"k":0,"ix":5},"nm":"Transform"}],"nm":"Group 1","np":2,"cix":2,"ix":1,"mn":"ADBE Vector Group","hd":false}],"ip":0,"op":27,"st":-165,"bm":0},{"ddd":0,"ind":2,"ty":4,"nm":"Eye","tt":1,"sr":1,"ks":{"o":{"a":0,"k":100,"ix":11},"r":{"a":0,"k":0,"ix":10},"p":{"a":0,"k":[75,75,0],"ix":2},"a":{"a":0,"k":[75,75,0],"ix":1},"s":{"a":0,"k":[100,100,100],"ix":6}},"ao":0,"shapes":[{"ty":"gr","it":[{"ind":0,"ty":"sh","ix":1,"ks":{"a":1,"k":[{"i":{"x":0.667,"y":1},"o":{"x":1,"y":0},"n":"0p667_1_1_0","t":9,"s":[{"i":[[0,0],[30.292,0],[0,0],[-30.291,0]],"o":[[0,0],[-30.291,0],[0,0],[30.292,0]],"v":[[50.702,0.064],[-0.001,35.296],[-50.702,0.064],[-0.001,-35.297]],"c":true}],"e":[{"i":[[0,0],[30.292,0],[0,0],[-30.291,0]],"o":[[0,0],[-30.291,0],[0,0],[30.292,0]],"v":[[50.702,0.064],[-0.001,20.852],[-50.702,0.064],[-0.001,20.009]],"c":true}]},{"t":26}],"ix":2},"nm":"Path 3","mn":"ADBE Vector Shape - Group","hd":false},{"ty":"tr","p":{"a":0,"k":[75.003,76.069],"ix":2},"a":{"a":0,"k":[0,0],"ix":1},"s":{"a":0,"k":[100,100],"ix":3},"r":{"a":0,"k":0,"ix":6},"o":{"a":0,"k":100,"ix":7},"sk":{"a":0,"k":0,"ix":4},"sa":{"a":0,"k":0,"ix":5},"nm":"Transform"}],"nm":"Group 1","np":1,"cix":2,"ix":1,"mn":"ADBE Vector Group","hd":false},{"ty":"st","c":{"a":0,"k":[0,0,0,1],"ix":3},"o":{"a":0,"k":100,"ix":4},"w":{"a":0,"k":5,"ix":5},"lc":1,"lj":1,"ml":4,"nm":"Stroke 1","mn":"ADBE Vector Graphic - Stroke","hd":false}],"ip":0,"op":27,"st":-165,"bm":0},{"ddd":0,"ind":3,"ty":4,"nm":"Matte","td":1,"sr":1,"ks":{"o":{"a":0,"k":100,"ix":11},"r":{"a":0,"k":0,"ix":10},"p":{"a":0,"k":[75,75,0],"ix":2},"a":{"a":0,"k":[75,75,0],"ix":1},"s":{"a":0,"k":[100,100,100],"ix":6}},"ao":0,"shapes":[{"ty":"gr","it":[{"ind":0,"ty":"sh","ix":1,"ks":{"a":1,"k":[{"i":{"x":0.667,"y":1},"o":{"x":1,"y":0},"n":"0p667_1_1_0","t":9,"s":[{"i":[[0,0],[30.292,0],[0,0],[-30.291,0]],"o":[[0,0],[-30.291,0],[0,0],[30.292,0]],"v":[[50.702,0.064],[-0.001,35.296],[-50.702,0.064],[-0.001,-35.297]],"c":true}],"e":[{"i":[[0,0],[30.292,0],[0,0],[-30.291,0]],"o":[[0,0],[-30.291,0],[0,0],[30.292,0]],"v":[[50.702,0.064],[-0.001,20.852],[-50.702,0.064],[-0.001,20.009]],"c":true}]},{"t":26}],"ix":2},"nm":"Path 3","mn":"ADBE Vector Shape - Group","hd":false},{"ty":"fl","c":{"a":0,"k":[0,0,0,1],"ix":4},"o":{"a":0,"k":100,"ix":5},"r":1,"nm":"Fill 1","mn":"ADBE Vector Graphic - Fill","hd":false},{"ty":"tr","p":{"a":0,"k":[75.003,76.069],"ix":2},"a":{"a":0,"k":[0,0],"ix":1},"s":{"a":0,"k":[100,100],"ix":3},"r":{"a":0,"k":0,"ix":6},"o":{"a":0,"k":100,"ix":7},"sk":{"a":0,"k":0,"ix":4},"sa":{"a":0,"k":0,"ix":5},"nm":"Transform"}],"nm":"Group 1","np":2,"cix":2,"ix":1,"mn":"ADBE Vector Group","hd":false}],"ip":0,"op":27,"st":-165,"bm":0},{"ddd":0,"ind":4,"ty":4,"nm":"Eye","tt":1,"sr":1,"ks":{"o":{"a":0,"k":100,"ix":11},"r":{"a":0,"k":0,"ix":10},"p":{"a":0,"k":[75,75,0],"ix":2},"a":{"a":0,"k":[75,75,0],"ix":1},"s":{"a":0,"k":[100,100,100],"ix":6}},"ao":0,"shapes":[{"ty":"gr","it":[{"ind":0,"ty":"sh","ix":1,"ks":{"a":1,"k":[{"i":{"x":0.667,"y":1},"o":{"x":1,"y":0},"n":"0p667_1_1_0","t":9,"s":[{"i":[[0,0],[30.292,0],[0,0],[-30.291,0]],"o":[[0,0],[-30.291,0],[0,0],[30.292,0]],"v":[[50.702,0.064],[-0.001,35.296],[-50.702,0.064],[-0.001,-35.297]],"c":true}],"e":[{"i":[[0,0],[30.292,0],[0,0],[-30.291,0]],"o":[[0,0],[-30.291,0],[0,0],[30.292,0]],"v":[[50.702,0.064],[-0.001,20.852],[-50.702,0.064],[-0.001,20.009]],"c":true}]},{"t":26}],"ix":2},"nm":"Path 3","mn":"ADBE Vector Shape - Group","hd":false},{"ind":1,"ty":"sh","ix":2,"ks":{"a":0,"k":{"i":[[0,13.652],[13.651,0],[0,-13.65],[-13.65,0]],"o":[[0,-13.65],[-13.65,0],[0,13.652],[13.651,0]],"v":[[24.832,0.064],[-0.001,-24.766],[-24.831,0.064],[-0.001,24.896]],"c":true},"ix":2},"nm":"Path 4","mn":"ADBE Vector Shape - Group","hd":false},{"ty":"fl","c":{"a":0,"k":[0,0,0,1],"ix":4},"o":{"a":0,"k":100,"ix":5},"r":1,"nm":"Fill 1","mn":"ADBE Vector Graphic - Fill","hd":false},{"ty":"tr","p":{"a":0,"k":[75.003,76.069],"ix":2},"a":{"a":0,"k":[0,0],"ix":1},"s":{"a":0,"k":[100,100],"ix":3},"r":{"a":0,"k":0,"ix":6},"o":{"a":0,"k":100,"ix":7},"sk":{"a":0,"k":0,"ix":4},"sa":{"a":0,"k":0,"ix":5},"nm":"Transform"}],"nm":"Group 1","np":3,"cix":2,"ix":1,"mn":"ADBE Vector Group","hd":false},{"ty":"gr","it":[{"ind":0,"ty":"sh","ix":1,"ks":{"a":0,"k":{"i":[[5.981,0],[0,-5.98],[-6.11,0],[0,6.111]],"o":[[-6.11,0],[0,6.111],[5.981,0],[0,-5.98]],"v":[[-0.001,-11.116],[-11.051,0.064],[-0.001,11.116],[11.181,0.064]],"c":true},"ix":2},"nm":"Path 1","mn":"ADBE Vector Shape - Group","hd":false},{"ty":"fl","c":{"a":0,"k":[0,0,0,1],"ix":4},"o":{"a":0,"k":100,"ix":5},"r":1,"nm":"Fill 1","mn":"ADBE Vector Graphic - Fill","hd":false},{"ty":"tr","p":{"a":0,"k":[75.003,76.069],"ix":2},"a":{"a":0,"k":[0,0],"ix":1},"s":{"a":0,"k":[100,100],"ix":3},"r":{"a":0,"k":0,"ix":6},"o":{"a":0,"k":100,"ix":7},"sk":{"a":0,"k":0,"ix":4},"sa":{"a":0,"k":0,"ix":5},"nm":"Transform"}],"nm":"Group 2","np":2,"cix":2,"ix":2,"mn":"ADBE Vector Group","hd":false}],"ip":0,"op":27,"st":-165,"bm":0}]},{"id":"comp_25","layers":[{"ddd":0,"ind":1,"ty":4,"nm":"Matte 3","td":1,"sr":1,"ks":{"o":{"a":0,"k":100,"ix":11},"r":{"a":0,"k":0,"ix":10},"p":{"a":0,"k":[75,75,0],"ix":2},"a":{"a":0,"k":[75,75,0],"ix":1},"s":{"a":0,"k":[100,100,100],"ix":6}},"ao":0,"shapes":[{"ty":"gr","it":[{"ind":0,"ty":"sh","ix":1,"ks":{"a":1,"k":[{"i":{"x":0.667,"y":1},"o":{"x":0.69,"y":0},"n":"0p667_1_0p69_0","t":29,"s":[{"i":[[0,0],[30.292,0],[0,0],[-30.291,0]],"o":[[0,0],[-30.291,0],[0,0],[30.292,0]],"v":[[50.702,0.064],[-0.001,35.296],[-50.702,0.064],[-0.001,-35.297]],"c":true}],"e":[{"i":[[0,0],[30.292,0],[0,0],[-30.291,0]],"o":[[0,0],[-30.291,0],[0,0],[30.292,0]],"v":[[50.702,0.064],[-0.001,20.852],[-50.702,0.064],[-0.001,20.009]],"c":true}]},{"i":{"x":0,"y":1},"o":{"x":0.333,"y":0},"n":"0_1_0p333_0","t":35,"s":[{"i":[[0,0],[30.292,0],[0,0],[-30.291,0]],"o":[[0,0],[-30.291,0],[0,0],[30.292,0]],"v":[[50.702,0.064],[-0.001,20.852],[-50.702,0.064],[-0.001,20.009]],"c":true}],"e":[{"i":[[0,0],[30.292,0],[0,0],[-30.291,0]],"o":[[0,0],[-30.291,0],[0,0],[30.292,0]],"v":[[50.702,0.064],[-0.001,35.296],[-50.702,0.064],[-0.001,-35.297]],"c":true}]},{"i":{"x":0.667,"y":1},"o":{"x":0.167,"y":0},"n":"0p667_1_0p167_0","t":52,"s":[{"i":[[0,0],[30.292,0],[0,0],[-30.291,0]],"o":[[0,0],[-30.291,0],[0,0],[30.292,0]],"v":[[50.702,0.064],[-0.001,35.296],[-50.702,0.064],[-0.001,-35.297]],"c":true}],"e":[{"i":[[0,0],[30.292,0],[0,0],[-30.291,0]],"o":[[0,0],[-30.291,0],[0,0],[30.292,0]],"v":[[50.702,0.064],[-0.001,35.296],[-50.702,0.064],[-0.001,-35.297]],"c":true}]},{"i":{"x":0.667,"y":1},"o":{"x":0.69,"y":0},"n":"0p667_1_0p69_0","t":67,"s":[{"i":[[0,0],[30.292,0],[0,0],[-30.291,0]],"o":[[0,0],[-30.291,0],[0,0],[30.292,0]],"v":[[50.702,0.064],[-0.001,35.296],[-50.702,0.064],[-0.001,-35.297]],"c":true}],"e":[{"i":[[0,0],[30.292,0],[0,0],[-30.291,0]],"o":[[0,0],[-30.291,0],[0,0],[30.292,0]],"v":[[50.702,0.064],[-0.001,20.852],[-50.702,0.064],[-0.001,20.009]],"c":true}]},{"i":{"x":0,"y":1},"o":{"x":0.333,"y":0},"n":"0_1_0p333_0","t":73,"s":[{"i":[[0,0],[30.292,0],[0,0],[-30.291,0]],"o":[[0,0],[-30.291,0],[0,0],[30.292,0]],"v":[[50.702,0.064],[-0.001,20.852],[-50.702,0.064],[-0.001,20.009]],"c":true}],"e":[{"i":[[0,0],[30.292,0],[0,0],[-30.291,0]],"o":[[0,0],[-30.291,0],[0,0],[30.292,0]],"v":[[50.702,0.064],[-0.001,35.296],[-50.702,0.064],[-0.001,-35.297]],"c":true}]},{"i":{"x":0.667,"y":1},"o":{"x":0.167,"y":0},"n":"0p667_1_0p167_0","t":90,"s":[{"i":[[0,0],[30.292,0],[0,0],[-30.291,0]],"o":[[0,0],[-30.291,0],[0,0],[30.292,0]],"v":[[50.702,0.064],[-0.001,35.296],[-50.702,0.064],[-0.001,-35.297]],"c":true}],"e":[{"i":[[0,0],[30.292,0],[0,0],[-30.291,0]],"o":[[0,0],[-30.291,0],[0,0],[30.292,0]],"v":[[50.702,0.064],[-0.001,35.296],[-50.702,0.064],[-0.001,-35.297]],"c":true}]},{"i":{"x":0.667,"y":1},"o":{"x":0.69,"y":0},"n":"0p667_1_0p69_0","t":115,"s":[{"i":[[0,0],[30.292,0],[0,0],[-30.291,0]],"o":[[0,0],[-30.291,0],[0,0],[30.292,0]],"v":[[50.702,0.064],[-0.001,35.296],[-50.702,0.064],[-0.001,-35.297]],"c":true}],"e":[{"i":[[0,0],[30.292,0],[0,0],[-30.291,0]],"o":[[0,0],[-30.291,0],[0,0],[30.292,0]],"v":[[50.702,0.064],[-0.001,20.852],[-50.702,0.064],[-0.001,20.009]],"c":true}]},{"i":{"x":0,"y":1},"o":{"x":0.333,"y":0},"n":"0_1_0p333_0","t":121,"s":[{"i":[[0,0],[30.292,0],[0,0],[-30.291,0]],"o":[[0,0],[-30.291,0],[0,0],[30.292,0]],"v":[[50.702,0.064],[-0.001,20.852],[-50.702,0.064],[-0.001,20.009]],"c":true}],"e":[{"i":[[0,0],[30.292,0],[0,0],[-30.291,0]],"o":[[0,0],[-30.291,0],[0,0],[30.292,0]],"v":[[50.702,0.064],[-0.001,35.296],[-50.702,0.064],[-0.001,-35.297]],"c":true}]},{"t":138}],"ix":2},"nm":"Path 3","mn":"ADBE Vector Shape - Group","hd":false},{"ty":"fl","c":{"a":0,"k":[0,0,0,1],"ix":4},"o":{"a":0,"k":100,"ix":5},"r":1,"nm":"Fill 1","mn":"ADBE Vector Graphic - Fill","hd":false},{"ty":"tr","p":{"a":0,"k":[75.003,76.069],"ix":2},"a":{"a":0,"k":[0,0],"ix":1},"s":{"a":0,"k":[100,100],"ix":3},"r":{"a":0,"k":0,"ix":6},"o":{"a":0,"k":100,"ix":7},"sk":{"a":0,"k":0,"ix":4},"sa":{"a":0,"k":0,"ix":5},"nm":"Transform"}],"nm":"Group 1","np":2,"cix":2,"ix":1,"mn":"ADBE Vector Group","hd":false}],"ip":0,"op":170,"st":-133,"bm":0},{"ddd":0,"ind":2,"ty":4,"nm":"Eye Top 2","tt":1,"sr":1,"ks":{"o":{"a":0,"k":100,"ix":11},"r":{"a":0,"k":0,"ix":10},"p":{"a":0,"k":[75,75,0],"ix":2},"a":{"a":0,"k":[75,75,0],"ix":1},"s":{"a":0,"k":[100,100,100],"ix":6}},"ao":0,"shapes":[{"ty":"gr","it":[{"ind":0,"ty":"sh","ix":1,"ks":{"a":1,"k":[{"i":{"x":0.667,"y":1},"o":{"x":0.69,"y":0},"n":"0p667_1_0p69_0","t":29,"s":[{"i":[[0,0],[30.292,0],[0,0],[-30.291,0]],"o":[[0,0],[-30.291,0],[0,0],[30.292,0]],"v":[[50.702,0.064],[-0.001,35.296],[-50.702,0.064],[-0.001,-35.297]],"c":true}],"e":[{"i":[[0,0],[30.292,0],[0,0],[-30.291,0]],"o":[[0,0],[-30.291,0],[0,0],[30.292,0]],"v":[[50.702,0.064],[-0.001,20.852],[-50.702,0.064],[-0.001,20.009]],"c":true}]},{"i":{"x":0,"y":1},"o":{"x":0.333,"y":0},"n":"0_1_0p333_0","t":35,"s":[{"i":[[0,0],[30.292,0],[0,0],[-30.291,0]],"o":[[0,0],[-30.291,0],[0,0],[30.292,0]],"v":[[50.702,0.064],[-0.001,20.852],[-50.702,0.064],[-0.001,20.009]],"c":true}],"e":[{"i":[[0,0],[30.292,0],[0,0],[-30.291,0]],"o":[[0,0],[-30.291,0],[0,0],[30.292,0]],"v":[[50.702,0.064],[-0.001,35.296],[-50.702,0.064],[-0.001,-35.297]],"c":true}]},{"i":{"x":0.667,"y":1},"o":{"x":0.167,"y":0},"n":"0p667_1_0p167_0","t":52,"s":[{"i":[[0,0],[30.292,0],[0,0],[-30.291,0]],"o":[[0,0],[-30.291,0],[0,0],[30.292,0]],"v":[[50.702,0.064],[-0.001,35.296],[-50.702,0.064],[-0.001,-35.297]],"c":true}],"e":[{"i":[[0,0],[30.292,0],[0,0],[-30.291,0]],"o":[[0,0],[-30.291,0],[0,0],[30.292,0]],"v":[[50.702,0.064],[-0.001,35.296],[-50.702,0.064],[-0.001,-35.297]],"c":true}]},{"i":{"x":0.667,"y":1},"o":{"x":0.69,"y":0},"n":"0p667_1_0p69_0","t":67,"s":[{"i":[[0,0],[30.292,0],[0,0],[-30.291,0]],"o":[[0,0],[-30.291,0],[0,0],[30.292,0]],"v":[[50.702,0.064],[-0.001,35.296],[-50.702,0.064],[-0.001,-35.297]],"c":true}],"e":[{"i":[[0,0],[30.292,0],[0,0],[-30.291,0]],"o":[[0,0],[-30.291,0],[0,0],[30.292,0]],"v":[[50.702,0.064],[-0.001,20.852],[-50.702,0.064],[-0.001,20.009]],"c":true}]},{"i":{"x":0,"y":1},"o":{"x":0.333,"y":0},"n":"0_1_0p333_0","t":73,"s":[{"i":[[0,0],[30.292,0],[0,0],[-30.291,0]],"o":[[0,0],[-30.291,0],[0,0],[30.292,0]],"v":[[50.702,0.064],[-0.001,20.852],[-50.702,0.064],[-0.001,20.009]],"c":true}],"e":[{"i":[[0,0],[30.292,0],[0,0],[-30.291,0]],"o":[[0,0],[-30.291,0],[0,0],[30.292,0]],"v":[[50.702,0.064],[-0.001,35.296],[-50.702,0.064],[-0.001,-35.297]],"c":true}]},{"i":{"x":0.667,"y":1},"o":{"x":0.167,"y":0},"n":"0p667_1_0p167_0","t":90,"s":[{"i":[[0,0],[30.292,0],[0,0],[-30.291,0]],"o":[[0,0],[-30.291,0],[0,0],[30.292,0]],"v":[[50.702,0.064],[-0.001,35.296],[-50.702,0.064],[-0.001,-35.297]],"c":true}],"e":[{"i":[[0,0],[30.292,0],[0,0],[-30.291,0]],"o":[[0,0],[-30.291,0],[0,0],[30.292,0]],"v":[[50.702,0.064],[-0.001,35.296],[-50.702,0.064],[-0.001,-35.297]],"c":true}]},{"i":{"x":0.667,"y":1},"o":{"x":0.69,"y":0},"n":"0p667_1_0p69_0","t":115,"s":[{"i":[[0,0],[30.292,0],[0,0],[-30.291,0]],"o":[[0,0],[-30.291,0],[0,0],[30.292,0]],"v":[[50.702,0.064],[-0.001,35.296],[-50.702,0.064],[-0.001,-35.297]],"c":true}],"e":[{"i":[[0,0],[30.292,0],[0,0],[-30.291,0]],"o":[[0,0],[-30.291,0],[0,0],[30.292,0]],"v":[[50.702,0.064],[-0.001,20.852],[-50.702,0.064],[-0.001,20.009]],"c":true}]},{"i":{"x":0,"y":1},"o":{"x":0.333,"y":0},"n":"0_1_0p333_0","t":121,"s":[{"i":[[0,0],[30.292,0],[0,0],[-30.291,0]],"o":[[0,0],[-30.291,0],[0,0],[30.292,0]],"v":[[50.702,0.064],[-0.001,20.852],[-50.702,0.064],[-0.001,20.009]],"c":true}],"e":[{"i":[[0,0],[30.292,0],[0,0],[-30.291,0]],"o":[[0,0],[-30.291,0],[0,0],[30.292,0]],"v":[[50.702,0.064],[-0.001,35.296],[-50.702,0.064],[-0.001,-35.297]],"c":true}]},{"t":138}],"ix":2},"nm":"Path 3","mn":"ADBE Vector Shape - Group","hd":false},{"ty":"tr","p":{"a":0,"k":[75.003,76.069],"ix":2},"a":{"a":0,"k":[0,0],"ix":1},"s":{"a":0,"k":[100,100],"ix":3},"r":{"a":0,"k":0,"ix":6},"o":{"a":0,"k":100,"ix":7},"sk":{"a":0,"k":0,"ix":4},"sa":{"a":0,"k":0,"ix":5},"nm":"Transform"}],"nm":"Group 1","np":1,"cix":2,"ix":1,"mn":"ADBE Vector Group","hd":false},{"ty":"st","c":{"a":0,"k":[0,0,0,1],"ix":3},"o":{"a":0,"k":100,"ix":4},"w":{"a":0,"k":5,"ix":5},"lc":1,"lj":1,"ml":4,"nm":"Stroke 1","mn":"ADBE Vector Graphic - Stroke","hd":false}],"ip":0,"op":170,"st":-133,"bm":0},{"ddd":0,"ind":3,"ty":4,"nm":"Eye 3","td":1,"sr":1,"ks":{"o":{"a":0,"k":100,"ix":11},"r":{"a":0,"k":0,"ix":10},"p":{"a":0,"k":[75,75,0],"ix":2},"a":{"a":0,"k":[75,75,0],"ix":1},"s":{"a":0,"k":[100,100,100],"ix":6}},"ao":0,"shapes":[{"ty":"gr","it":[{"ind":0,"ty":"sh","ix":1,"ks":{"a":1,"k":[{"i":{"x":0.667,"y":1},"o":{"x":0.69,"y":0},"n":"0p667_1_0p69_0","t":29,"s":[{"i":[[0,0],[30.292,0],[0,0],[-30.291,0]],"o":[[0,0],[-30.291,0],[0,0],[30.292,0]],"v":[[50.702,0.064],[-0.001,35.296],[-50.702,0.064],[-0.001,-35.297]],"c":true}],"e":[{"i":[[0,0],[30.292,0],[0,0],[-30.291,0]],"o":[[0,0],[-30.291,0],[0,0],[30.292,0]],"v":[[50.702,0.064],[-0.001,20.852],[-50.702,0.064],[-0.001,20.009]],"c":true}]},{"i":{"x":0,"y":1},"o":{"x":0.333,"y":0},"n":"0_1_0p333_0","t":35,"s":[{"i":[[0,0],[30.292,0],[0,0],[-30.291,0]],"o":[[0,0],[-30.291,0],[0,0],[30.292,0]],"v":[[50.702,0.064],[-0.001,20.852],[-50.702,0.064],[-0.001,20.009]],"c":true}],"e":[{"i":[[0,0],[30.292,0],[0,0],[-30.291,0]],"o":[[0,0],[-30.291,0],[0,0],[30.292,0]],"v":[[50.702,0.064],[-0.001,35.296],[-50.702,0.064],[-0.001,-35.297]],"c":true}]},{"i":{"x":0.667,"y":1},"o":{"x":0.167,"y":0},"n":"0p667_1_0p167_0","t":52,"s":[{"i":[[0,0],[30.292,0],[0,0],[-30.291,0]],"o":[[0,0],[-30.291,0],[0,0],[30.292,0]],"v":[[50.702,0.064],[-0.001,35.296],[-50.702,0.064],[-0.001,-35.297]],"c":true}],"e":[{"i":[[0,0],[30.292,0],[0,0],[-30.291,0]],"o":[[0,0],[-30.291,0],[0,0],[30.292,0]],"v":[[50.702,0.064],[-0.001,35.296],[-50.702,0.064],[-0.001,-35.297]],"c":true}]},{"i":{"x":0.667,"y":1},"o":{"x":0.69,"y":0},"n":"0p667_1_0p69_0","t":67,"s":[{"i":[[0,0],[30.292,0],[0,0],[-30.291,0]],"o":[[0,0],[-30.291,0],[0,0],[30.292,0]],"v":[[50.702,0.064],[-0.001,35.296],[-50.702,0.064],[-0.001,-35.297]],"c":true}],"e":[{"i":[[0,0],[30.292,0],[0,0],[-30.291,0]],"o":[[0,0],[-30.291,0],[0,0],[30.292,0]],"v":[[50.702,0.064],[-0.001,20.852],[-50.702,0.064],[-0.001,20.009]],"c":true}]},{"i":{"x":0,"y":1},"o":{"x":0.333,"y":0},"n":"0_1_0p333_0","t":73,"s":[{"i":[[0,0],[30.292,0],[0,0],[-30.291,0]],"o":[[0,0],[-30.291,0],[0,0],[30.292,0]],"v":[[50.702,0.064],[-0.001,20.852],[-50.702,0.064],[-0.001,20.009]],"c":true}],"e":[{"i":[[0,0],[30.292,0],[0,0],[-30.291,0]],"o":[[0,0],[-30.291,0],[0,0],[30.292,0]],"v":[[50.702,0.064],[-0.001,35.296],[-50.702,0.064],[-0.001,-35.297]],"c":true}]},{"i":{"x":0.667,"y":1},"o":{"x":0.167,"y":0},"n":"0p667_1_0p167_0","t":90,"s":[{"i":[[0,0],[30.292,0],[0,0],[-30.291,0]],"o":[[0,0],[-30.291,0],[0,0],[30.292,0]],"v":[[50.702,0.064],[-0.001,35.296],[-50.702,0.064],[-0.001,-35.297]],"c":true}],"e":[{"i":[[0,0],[30.292,0],[0,0],[-30.291,0]],"o":[[0,0],[-30.291,0],[0,0],[30.292,0]],"v":[[50.702,0.064],[-0.001,35.296],[-50.702,0.064],[-0.001,-35.297]],"c":true}]},{"i":{"x":0.667,"y":1},"o":{"x":0.69,"y":0},"n":"0p667_1_0p69_0","t":115,"s":[{"i":[[0,0],[30.292,0],[0,0],[-30.291,0]],"o":[[0,0],[-30.291,0],[0,0],[30.292,0]],"v":[[50.702,0.064],[-0.001,35.296],[-50.702,0.064],[-0.001,-35.297]],"c":true}],"e":[{"i":[[0,0],[30.292,0],[0,0],[-30.291,0]],"o":[[0,0],[-30.291,0],[0,0],[30.292,0]],"v":[[50.702,0.064],[-0.001,20.852],[-50.702,0.064],[-0.001,20.009]],"c":true}]},{"i":{"x":0,"y":1},"o":{"x":0.333,"y":0},"n":"0_1_0p333_0","t":121,"s":[{"i":[[0,0],[30.292,0],[0,0],[-30.291,0]],"o":[[0,0],[-30.291,0],[0,0],[30.292,0]],"v":[[50.702,0.064],[-0.001,20.852],[-50.702,0.064],[-0.001,20.009]],"c":true}],"e":[{"i":[[0,0],[30.292,0],[0,0],[-30.291,0]],"o":[[0,0],[-30.291,0],[0,0],[30.292,0]],"v":[[50.702,0.064],[-0.001,35.296],[-50.702,0.064],[-0.001,-35.297]],"c":true}]},{"t":138}],"ix":2},"nm":"Path 3","mn":"ADBE Vector Shape - Group","hd":false},{"ty":"fl","c":{"a":0,"k":[0,0,0,1],"ix":4},"o":{"a":0,"k":100,"ix":5},"r":1,"nm":"Fill 1","mn":"ADBE Vector Graphic - Fill","hd":false},{"ty":"tr","p":{"a":0,"k":[75.003,76.069],"ix":2},"a":{"a":0,"k":[0,0],"ix":1},"s":{"a":0,"k":[100,100],"ix":3},"r":{"a":0,"k":0,"ix":6},"o":{"a":0,"k":100,"ix":7},"sk":{"a":0,"k":0,"ix":4},"sa":{"a":0,"k":0,"ix":5},"nm":"Transform"}],"nm":"Group 1","np":2,"cix":2,"ix":1,"mn":"ADBE Vector Group","hd":false}],"ip":0,"op":170,"st":-133,"bm":0},{"ddd":0,"ind":4,"ty":4,"nm":"Eye 2","tt":1,"sr":1,"ks":{"o":{"a":0,"k":100,"ix":11},"r":{"a":0,"k":0,"ix":10},"p":{"a":0,"k":[75,75,0],"ix":2},"a":{"a":0,"k":[75,75,0],"ix":1},"s":{"a":0,"k":[100,100,100],"ix":6}},"ao":0,"shapes":[{"ty":"gr","it":[{"ind":0,"ty":"sh","ix":1,"ks":{"a":1,"k":[{"i":{"x":0.667,"y":1},"o":{"x":0.69,"y":0},"n":"0p667_1_0p69_0","t":29,"s":[{"i":[[0,0],[30.292,0],[0,0],[-30.291,0]],"o":[[0,0],[-30.291,0],[0,0],[30.292,0]],"v":[[50.702,0.064],[-0.001,35.296],[-50.702,0.064],[-0.001,-35.297]],"c":true}],"e":[{"i":[[0,0],[30.292,0],[0,0],[-30.291,0]],"o":[[0,0],[-30.291,0],[0,0],[30.292,0]],"v":[[50.702,0.064],[-0.001,20.852],[-50.702,0.064],[-0.001,20.009]],"c":true}]},{"i":{"x":0,"y":1},"o":{"x":0.333,"y":0},"n":"0_1_0p333_0","t":35,"s":[{"i":[[0,0],[30.292,0],[0,0],[-30.291,0]],"o":[[0,0],[-30.291,0],[0,0],[30.292,0]],"v":[[50.702,0.064],[-0.001,20.852],[-50.702,0.064],[-0.001,20.009]],"c":true}],"e":[{"i":[[0,0],[30.292,0],[0,0],[-30.291,0]],"o":[[0,0],[-30.291,0],[0,0],[30.292,0]],"v":[[50.702,0.064],[-0.001,35.296],[-50.702,0.064],[-0.001,-35.297]],"c":true}]},{"i":{"x":0.667,"y":1},"o":{"x":0.167,"y":0},"n":"0p667_1_0p167_0","t":52,"s":[{"i":[[0,0],[30.292,0],[0,0],[-30.291,0]],"o":[[0,0],[-30.291,0],[0,0],[30.292,0]],"v":[[50.702,0.064],[-0.001,35.296],[-50.702,0.064],[-0.001,-35.297]],"c":true}],"e":[{"i":[[0,0],[30.292,0],[0,0],[-30.291,0]],"o":[[0,0],[-30.291,0],[0,0],[30.292,0]],"v":[[50.702,0.064],[-0.001,35.296],[-50.702,0.064],[-0.001,-35.297]],"c":true}]},{"i":{"x":0.667,"y":1},"o":{"x":0.69,"y":0},"n":"0p667_1_0p69_0","t":67,"s":[{"i":[[0,0],[30.292,0],[0,0],[-30.291,0]],"o":[[0,0],[-30.291,0],[0,0],[30.292,0]],"v":[[50.702,0.064],[-0.001,35.296],[-50.702,0.064],[-0.001,-35.297]],"c":true}],"e":[{"i":[[0,0],[30.292,0],[0,0],[-30.291,0]],"o":[[0,0],[-30.291,0],[0,0],[30.292,0]],"v":[[50.702,0.064],[-0.001,20.852],[-50.702,0.064],[-0.001,20.009]],"c":true}]},{"i":{"x":0,"y":1},"o":{"x":0.333,"y":0},"n":"0_1_0p333_0","t":73,"s":[{"i":[[0,0],[30.292,0],[0,0],[-30.291,0]],"o":[[0,0],[-30.291,0],[0,0],[30.292,0]],"v":[[50.702,0.064],[-0.001,20.852],[-50.702,0.064],[-0.001,20.009]],"c":true}],"e":[{"i":[[0,0],[30.292,0],[0,0],[-30.291,0]],"o":[[0,0],[-30.291,0],[0,0],[30.292,0]],"v":[[50.702,0.064],[-0.001,35.296],[-50.702,0.064],[-0.001,-35.297]],"c":true}]},{"i":{"x":0.667,"y":1},"o":{"x":0.167,"y":0},"n":"0p667_1_0p167_0","t":90,"s":[{"i":[[0,0],[30.292,0],[0,0],[-30.291,0]],"o":[[0,0],[-30.291,0],[0,0],[30.292,0]],"v":[[50.702,0.064],[-0.001,35.296],[-50.702,0.064],[-0.001,-35.297]],"c":true}],"e":[{"i":[[0,0],[30.292,0],[0,0],[-30.291,0]],"o":[[0,0],[-30.291,0],[0,0],[30.292,0]],"v":[[50.702,0.064],[-0.001,35.296],[-50.702,0.064],[-0.001,-35.297]],"c":true}]},{"i":{"x":0.667,"y":1},"o":{"x":0.69,"y":0},"n":"0p667_1_0p69_0","t":115,"s":[{"i":[[0,0],[30.292,0],[0,0],[-30.291,0]],"o":[[0,0],[-30.291,0],[0,0],[30.292,0]],"v":[[50.702,0.064],[-0.001,35.296],[-50.702,0.064],[-0.001,-35.297]],"c":true}],"e":[{"i":[[0,0],[30.292,0],[0,0],[-30.291,0]],"o":[[0,0],[-30.291,0],[0,0],[30.292,0]],"v":[[50.702,0.064],[-0.001,20.852],[-50.702,0.064],[-0.001,20.009]],"c":true}]},{"i":{"x":0,"y":1},"o":{"x":0.333,"y":0},"n":"0_1_0p333_0","t":121,"s":[{"i":[[0,0],[30.292,0],[0,0],[-30.291,0]],"o":[[0,0],[-30.291,0],[0,0],[30.292,0]],"v":[[50.702,0.064],[-0.001,20.852],[-50.702,0.064],[-0.001,20.009]],"c":true}],"e":[{"i":[[0,0],[30.292,0],[0,0],[-30.291,0]],"o":[[0,0],[-30.291,0],[0,0],[30.292,0]],"v":[[50.702,0.064],[-0.001,35.296],[-50.702,0.064],[-0.001,-35.297]],"c":true}]},{"t":138}],"ix":2},"nm":"Path 3","mn":"ADBE Vector Shape - Group","hd":false},{"ind":1,"ty":"sh","ix":2,"ks":{"a":1,"k":[{"t":14,"s":[{"i":[[0,13.652],[13.651,0],[0,-13.65],[-13.65,0]],"o":[[0,-13.65],[-13.65,0],[0,13.652],[13.651,0]],"v":[[24.832,0.064],[-0.001,-24.766],[-24.831,0.064],[-0.001,24.896]],"c":true}],"h":1},{"t":20,"s":[{"i":[[0,13.652],[13.651,0],[0,-13.65],[-13.65,0]],"o":[[0,-13.65],[-13.65,0],[0,13.652],[13.651,0]],"v":[[22.332,0.064],[-2.501,-24.766],[-27.331,0.064],[-2.501,24.896]],"c":true}],"h":1},{"t":58,"s":[{"i":[[0,13.652],[13.651,0],[0,-13.65],[-13.65,0]],"o":[[0,-13.65],[-13.65,0],[0,13.652],[13.651,0]],"v":[[22.832,1.064],[-2.001,-23.766],[-26.831,1.064],[-2.001,25.896]],"c":true}],"h":1},{"t":95,"s":[{"i":[[0,13.652],[13.651,0],[0,-13.65],[-13.65,0]],"o":[[0,-13.65],[-13.65,0],[0,13.652],[13.651,0]],"v":[[24.082,-0.186],[-0.751,-25.016],[-25.581,-0.186],[-0.751,24.646]],"c":true}],"h":1},{"t":106,"s":[{"i":[[0,13.652],[13.651,0],[0,-13.65],[-13.65,0]],"o":[[0,-13.65],[-13.65,0],[0,13.652],[13.651,0]],"v":[[28.332,-0.186],[3.5,-25.016],[-21.331,-0.186],[3.5,24.646]],"c":true}],"h":1},{"t":153,"s":[{"i":[[0,13.652],[13.651,0],[0,-13.65],[-13.65,0]],"o":[[0,-13.65],[-13.65,0],[0,13.652],[13.651,0]],"v":[[25.832,-0.186],[1,-25.016],[-23.831,-0.186],[1,24.646]],"c":true}],"h":1},{"t":169,"s":[{"i":[[0,13.652],[13.651,0],[0,-13.65],[-13.65,0]],"o":[[0,-13.65],[-13.65,0],[0,13.652],[13.651,0]],"v":[[24.832,0.064],[-0.001,-24.766],[-24.831,0.064],[-0.001,24.896]],"c":true}],"h":1}],"ix":2},"nm":"Path 4","mn":"ADBE Vector Shape - Group","hd":false},{"ty":"fl","c":{"a":0,"k":[0,0,0,1],"ix":4},"o":{"a":0,"k":100,"ix":5},"r":1,"nm":"Fill 1","mn":"ADBE Vector Graphic - Fill","hd":false},{"ty":"tr","p":{"a":0,"k":[75.003,76.069],"ix":2},"a":{"a":0,"k":[0,0],"ix":1},"s":{"a":0,"k":[100,100],"ix":3},"r":{"a":0,"k":0,"ix":6},"o":{"a":0,"k":100,"ix":7},"sk":{"a":0,"k":0,"ix":4},"sa":{"a":0,"k":0,"ix":5},"nm":"Transform"}],"nm":"Group 1","np":3,"cix":2,"ix":1,"mn":"ADBE Vector Group","hd":false},{"ty":"gr","it":[{"ind":0,"ty":"sh","ix":1,"ks":{"a":0,"k":{"i":[[5.981,0],[0,-5.98],[-6.11,0],[0,6.111]],"o":[[-6.11,0],[0,6.111],[5.981,0],[0,-5.98]],"v":[[-0.001,-11.116],[-11.051,0.064],[-0.001,11.116],[11.181,0.064]],"c":true},"ix":2},"nm":"Path 1","mn":"ADBE Vector Shape - Group","hd":false},{"ty":"fl","c":{"a":0,"k":[0,0,0,1],"ix":4},"o":{"a":0,"k":100,"ix":5},"r":1,"nm":"Fill 1","mn":"ADBE Vector Graphic - Fill","hd":false},{"ty":"tr","p":{"a":1,"k":[{"t":4,"s":[75.003,76.069],"h":1},{"t":14,"s":[74.503,76.069],"h":1},{"t":20,"s":[70.003,76.069],"h":1},{"t":58,"s":[71.003,78.569],"h":1},{"t":95,"s":[74.503,76.069],"h":1},{"t":106,"s":[80.503,76.069],"h":1},{"t":153,"s":[75.503,76.069],"h":1},{"t":165,"s":[75.003,76.069],"h":1}],"ix":2},"a":{"a":0,"k":[0,0],"ix":1},"s":{"a":0,"k":[100,100],"ix":3},"r":{"a":0,"k":0,"ix":6},"o":{"a":0,"k":100,"ix":7},"sk":{"a":0,"k":0,"ix":4},"sa":{"a":0,"k":0,"ix":5},"nm":"Transform"}],"nm":"Group 2","np":2,"cix":2,"ix":2,"mn":"ADBE Vector Group","hd":false}],"ip":0,"op":170,"st":-133,"bm":0}]},{"id":"comp_26","layers":[{"ddd":0,"ind":1,"ty":4,"nm":"Matte 3","td":1,"sr":1,"ks":{"o":{"a":0,"k":100,"ix":11},"r":{"a":0,"k":0,"ix":10},"p":{"a":0,"k":[75,75,0],"ix":2},"a":{"a":0,"k":[75,75,0],"ix":1},"s":{"a":0,"k":[100,100,100],"ix":6}},"ao":0,"shapes":[{"ty":"gr","it":[{"ind":0,"ty":"sh","ix":1,"ks":{"a":1,"k":[{"i":{"x":0,"y":1},"o":{"x":0.333,"y":0},"n":"0_1_0p333_0","t":3,"s":[{"i":[[0,0],[30.292,0],[0,0],[-30.291,0]],"o":[[0,0],[-30.291,0],[0,0],[30.292,0]],"v":[[50.702,0.064],[-0.001,20.852],[-50.702,0.064],[-0.001,20.009]],"c":true}],"e":[{"i":[[0,0],[30.292,0],[0,0],[-30.291,0]],"o":[[0,0],[-30.291,0],[0,0],[30.292,0]],"v":[[50.702,0.064],[-0.001,35.296],[-50.702,0.064],[-0.001,-35.297]],"c":true}]},{"t":20}],"ix":2},"nm":"Path 3","mn":"ADBE Vector Shape - Group","hd":false},{"ty":"fl","c":{"a":0,"k":[0,0,0,1],"ix":4},"o":{"a":0,"k":100,"ix":5},"r":1,"nm":"Fill 1","mn":"ADBE Vector Graphic - Fill","hd":false},{"ty":"tr","p":{"a":0,"k":[75.003,76.069],"ix":2},"a":{"a":0,"k":[0,0],"ix":1},"s":{"a":0,"k":[100,100],"ix":3},"r":{"a":0,"k":0,"ix":6},"o":{"a":0,"k":100,"ix":7},"sk":{"a":0,"k":0,"ix":4},"sa":{"a":0,"k":0,"ix":5},"nm":"Transform"}],"nm":"Group 1","np":2,"cix":2,"ix":1,"mn":"ADBE Vector Group","hd":false}],"ip":3,"op":30,"st":-165,"bm":0},{"ddd":0,"ind":2,"ty":4,"nm":"Eye Top 2","tt":1,"sr":1,"ks":{"o":{"a":0,"k":100,"ix":11},"r":{"a":0,"k":0,"ix":10},"p":{"a":0,"k":[75,75,0],"ix":2},"a":{"a":0,"k":[75,75,0],"ix":1},"s":{"a":0,"k":[100,100,100],"ix":6}},"ao":0,"shapes":[{"ty":"gr","it":[{"ind":0,"ty":"sh","ix":1,"ks":{"a":1,"k":[{"i":{"x":0,"y":1},"o":{"x":0.333,"y":0},"n":"0_1_0p333_0","t":3,"s":[{"i":[[0,0],[30.292,0],[0,0],[-30.291,0]],"o":[[0,0],[-30.291,0],[0,0],[30.292,0]],"v":[[50.702,0.064],[-0.001,20.852],[-50.702,0.064],[-0.001,20.009]],"c":true}],"e":[{"i":[[0,0],[30.292,0],[0,0],[-30.291,0]],"o":[[0,0],[-30.291,0],[0,0],[30.292,0]],"v":[[50.702,0.064],[-0.001,35.296],[-50.702,0.064],[-0.001,-35.297]],"c":true}]},{"t":20}],"ix":2},"nm":"Path 3","mn":"ADBE Vector Shape - Group","hd":false},{"ty":"tr","p":{"a":0,"k":[75.003,76.069],"ix":2},"a":{"a":0,"k":[0,0],"ix":1},"s":{"a":0,"k":[100,100],"ix":3},"r":{"a":0,"k":0,"ix":6},"o":{"a":0,"k":100,"ix":7},"sk":{"a":0,"k":0,"ix":4},"sa":{"a":0,"k":0,"ix":5},"nm":"Transform"}],"nm":"Group 1","np":1,"cix":2,"ix":1,"mn":"ADBE Vector Group","hd":false},{"ty":"st","c":{"a":0,"k":[0,0,0,1],"ix":3},"o":{"a":0,"k":100,"ix":4},"w":{"a":0,"k":5,"ix":5},"lc":1,"lj":1,"ml":4,"nm":"Stroke 1","mn":"ADBE Vector Graphic - Stroke","hd":false}],"ip":3,"op":30,"st":-165,"bm":0},{"ddd":0,"ind":3,"ty":4,"nm":"Eye 3","td":1,"sr":1,"ks":{"o":{"a":0,"k":100,"ix":11},"r":{"a":0,"k":0,"ix":10},"p":{"a":0,"k":[75,75,0],"ix":2},"a":{"a":0,"k":[75,75,0],"ix":1},"s":{"a":0,"k":[100,100,100],"ix":6}},"ao":0,"shapes":[{"ty":"gr","it":[{"ind":0,"ty":"sh","ix":1,"ks":{"a":1,"k":[{"i":{"x":0,"y":1},"o":{"x":0.333,"y":0},"n":"0_1_0p333_0","t":3,"s":[{"i":[[0,0],[30.292,0],[0,0],[-30.291,0]],"o":[[0,0],[-30.291,0],[0,0],[30.292,0]],"v":[[50.702,0.064],[-0.001,20.852],[-50.702,0.064],[-0.001,20.009]],"c":true}],"e":[{"i":[[0,0],[30.292,0],[0,0],[-30.291,0]],"o":[[0,0],[-30.291,0],[0,0],[30.292,0]],"v":[[50.702,0.064],[-0.001,35.296],[-50.702,0.064],[-0.001,-35.297]],"c":true}]},{"t":20}],"ix":2},"nm":"Path 3","mn":"ADBE Vector Shape - Group","hd":false},{"ty":"fl","c":{"a":0,"k":[0,0,0,1],"ix":4},"o":{"a":0,"k":100,"ix":5},"r":1,"nm":"Fill 1","mn":"ADBE Vector Graphic - Fill","hd":false},{"ty":"tr","p":{"a":0,"k":[75.003,76.069],"ix":2},"a":{"a":0,"k":[0,0],"ix":1},"s":{"a":0,"k":[100,100],"ix":3},"r":{"a":0,"k":0,"ix":6},"o":{"a":0,"k":100,"ix":7},"sk":{"a":0,"k":0,"ix":4},"sa":{"a":0,"k":0,"ix":5},"nm":"Transform"}],"nm":"Group 1","np":2,"cix":2,"ix":1,"mn":"ADBE Vector Group","hd":false}],"ip":3,"op":30,"st":-165,"bm":0},{"ddd":0,"ind":4,"ty":4,"nm":"Eye 2","tt":1,"sr":1,"ks":{"o":{"a":0,"k":100,"ix":11},"r":{"a":0,"k":0,"ix":10},"p":{"a":0,"k":[75,75,0],"ix":2},"a":{"a":0,"k":[75,75,0],"ix":1},"s":{"a":0,"k":[100,100,100],"ix":6}},"ao":0,"shapes":[{"ty":"gr","it":[{"ind":0,"ty":"sh","ix":1,"ks":{"a":1,"k":[{"i":{"x":0,"y":1},"o":{"x":0.333,"y":0},"n":"0_1_0p333_0","t":3,"s":[{"i":[[0,0],[30.292,0],[0,0],[-30.291,0]],"o":[[0,0],[-30.291,0],[0,0],[30.292,0]],"v":[[50.702,0.064],[-0.001,20.852],[-50.702,0.064],[-0.001,20.009]],"c":true}],"e":[{"i":[[0,0],[30.292,0],[0,0],[-30.291,0]],"o":[[0,0],[-30.291,0],[0,0],[30.292,0]],"v":[[50.702,0.064],[-0.001,35.296],[-50.702,0.064],[-0.001,-35.297]],"c":true}]},{"t":20}],"ix":2},"nm":"Path 3","mn":"ADBE Vector Shape - Group","hd":false},{"ind":1,"ty":"sh","ix":2,"ks":{"a":0,"k":{"i":[[0,13.652],[13.651,0],[0,-13.65],[-13.65,0]],"o":[[0,-13.65],[-13.65,0],[0,13.652],[13.651,0]],"v":[[24.832,0.064],[-0.001,-24.766],[-24.831,0.064],[-0.001,24.896]],"c":true},"ix":2},"nm":"Path 4","mn":"ADBE Vector Shape - Group","hd":false},{"ty":"fl","c":{"a":0,"k":[0,0,0,1],"ix":4},"o":{"a":0,"k":100,"ix":5},"r":1,"nm":"Fill 1","mn":"ADBE Vector Graphic - Fill","hd":false},{"ty":"tr","p":{"a":0,"k":[75.003,76.069],"ix":2},"a":{"a":0,"k":[0,0],"ix":1},"s":{"a":0,"k":[100,100],"ix":3},"r":{"a":0,"k":0,"ix":6},"o":{"a":0,"k":100,"ix":7},"sk":{"a":0,"k":0,"ix":4},"sa":{"a":0,"k":0,"ix":5},"nm":"Transform"}],"nm":"Group 1","np":3,"cix":2,"ix":1,"mn":"ADBE Vector Group","hd":false},{"ty":"gr","it":[{"ind":0,"ty":"sh","ix":1,"ks":{"a":0,"k":{"i":[[5.981,0],[0,-5.98],[-6.11,0],[0,6.111]],"o":[[-6.11,0],[0,6.111],[5.981,0],[0,-5.98]],"v":[[-0.001,-11.116],[-11.051,0.064],[-0.001,11.116],[11.181,0.064]],"c":true},"ix":2},"nm":"Path 1","mn":"ADBE Vector Shape - Group","hd":false},{"ty":"fl","c":{"a":0,"k":[0,0,0,1],"ix":4},"o":{"a":0,"k":100,"ix":5},"r":1,"nm":"Fill 1","mn":"ADBE Vector Graphic - Fill","hd":false},{"ty":"tr","p":{"a":0,"k":[75.003,76.069],"ix":2},"a":{"a":0,"k":[0,0],"ix":1},"s":{"a":0,"k":[100,100],"ix":3},"r":{"a":0,"k":0,"ix":6},"o":{"a":0,"k":100,"ix":7},"sk":{"a":0,"k":0,"ix":4},"sa":{"a":0,"k":0,"ix":5},"nm":"Transform"}],"nm":"Group 2","np":2,"cix":2,"ix":2,"mn":"ADBE Vector Group","hd":false}],"ip":3,"op":30,"st":-165,"bm":0}]},{"id":"comp_27","layers":[{"ddd":0,"ind":1,"ty":4,"nm":"Shape Layer 1","sr":1,"ks":{"o":{"a":0,"k":100,"ix":11},"r":{"a":0,"k":0,"ix":10},"p":{"a":0,"k":[400,400,0],"ix":2},"a":{"a":0,"k":[0,0,0],"ix":1},"s":{"a":0,"k":[100,100,100],"ix":6}},"ao":0,"shapes":[{"ty":"gr","it":[{"ty":"rc","d":1,"s":{"a":0,"k":[800,800],"ix":2},"p":{"a":0,"k":[0,0],"ix":3},"r":{"a":0,"k":0,"ix":4},"nm":"Rectangle Path 1","mn":"ADBE Vector Shape - Rect","hd":false},{"ty":"fl","c":{"a":0,"k":[1,1,1,1],"ix":4},"o":{"a":0,"k":100,"ix":5},"r":1,"nm":"Fill 1","mn":"ADBE Vector Graphic - Fill","hd":false},{"ty":"tr","p":{"a":0,"k":[0,0],"ix":2},"a":{"a":0,"k":[0,0],"ix":1},"s":{"a":0,"k":[100,100],"ix":3},"r":{"a":0,"k":0,"ix":6},"o":{"a":0,"k":100,"ix":7},"sk":{"a":0,"k":0,"ix":4},"sa":{"a":0,"k":0,"ix":5},"nm":"Transform"}],"nm":"Rectangle 1","np":3,"cix":2,"ix":1,"mn":"ADBE Vector Group","hd":false}],"ip":0,"op":1800,"st":0,"bm":0}]}],"layers":[{"ddd":0,"ind":1,"ty":0,"nm":"Eye_AnimOff","refId":"comp_24","sr":1,"ks":{"o":{"a":0,"k":100,"ix":11},"r":{"a":0,"k":0,"ix":10},"p":{"a":0,"k":[400,400,0],"ix":2},"a":{"a":0,"k":[75,75,0],"ix":1},"s":{"a":0,"k":[100,100,100],"ix":6}},"ao":0,"w":150,"h":150,"ip":200,"op":232,"st":200,"bm":0},{"ddd":0,"ind":2,"ty":0,"nm":"Eye_Blinks","refId":"comp_25","sr":1,"ks":{"o":{"a":0,"k":100,"ix":11},"r":{"a":0,"k":0,"ix":10},"p":{"a":0,"k":[400,400,0],"ix":2},"a":{"a":0,"k":[75,75,0],"ix":1},"s":{"a":0,"k":[100,100,100],"ix":6}},"ao":0,"w":150,"h":150,"ip":30,"op":200,"st":30,"bm":0},{"ddd":0,"ind":3,"ty":0,"nm":"Eye_AnimOn","refId":"comp_26","sr":1,"ks":{"o":{"a":0,"k":100,"ix":11},"r":{"a":0,"k":0,"ix":10},"p":{"a":0,"k":[400,400,0],"ix":2},"a":{"a":0,"k":[75,75,0],"ix":1},"s":{"a":0,"k":[100,100,100],"ix":6}},"ao":0,"w":150,"h":150,"ip":0,"op":30,"st":0,"bm":0},{"ddd":0,"ind":4,"ty":0,"nm":"BG","refId":"comp_27","sr":1,"ks":{"o":{"a":0,"k":100,"ix":11},"r":{"a":0,"k":0,"ix":10},"p":{"a":0,"k":[400,400,0],"ix":2},"a":{"a":0,"k":[400,400,0],"ix":1},"s":{"a":0,"k":[100,100,100],"ix":6}},"ao":0,"w":800,"h":800,"ip":0,"op":232,"st":0,"bm":0}]}