{"v":"4.6.8","fr":25,"ip":0,"op":75,"w":2400,"h":480,"nm":"animate_tab","ddd":0,"assets":[],"fonts":{"list":[{"fName":"Roboto-Regular","fFamily":"Roboto","fStyle":"Regular","ascent":76.1993408203125}]},"layers":[{"ddd":0,"ind":1,"ty":4,"nm":"tab_1","ks":{"o":{"a":0,"k":100},"r":{"a":0,"k":0},"p":{"a":0,"k":[1200,470,0]},"a":{"a":0,"k":[393,8,0]},"s":{"a":1,"k":[{"i":{"x":[0,0.667,0.667],"y":[1,0.667,0.667]},"o":{"x":[1,0.333,0.333],"y":[0,0.333,0.333]},"n":["0_1_1_0","0p667_0p667_0p333_0p333","0p667_0p667_0p333_0p333"],"t":10,"s":[100,100,100],"e":[0,100,100]},{"i":{"x":[0.833,0.833,0.833],"y":[0.833,0.833,0.833]},"o":{"x":[0.167,0.167,0.167],"y":[0.167,0.167,0.167]},"n":["0p833_0p833_0p167_0p167","0p833_0p833_0p167_0p167","0p833_0p833_0p167_0p167"],"t":29,"s":[0,100,100],"e":[0,100,100]},{"i":{"x":[0,0.667,0.667],"y":[1,0.667,0.667]},"o":{"x":[1,0.333,0.333],"y":[0,0.333,0.333]},"n":["0_1_1_0","0p667_0p667_0p333_0p333","0p667_0p667_0p333_0p333"],"t":45,"s":[0,100,100],"e":[100,100,100]},{"t":64}]}},"ao":0,"shapes":[{"ty":"gr","it":[{"ty":"rc","d":1,"s":{"a":0,"k":[1200,20]},"p":{"a":0,"k":[0,0]},"r":{"a":0,"k":0},"nm":"Rectangle Path 1","mn":"ADBE Vector Shape - Rect"},{"ty":"fl","c":{"a":0,"k":[0.1843137,0.7372549,0.6039216,1]},"o":{"a":0,"k":100},"r":1,"nm":"Fill 1","mn":"ADBE Vector Graphic - Fill"},{"ty":"tr","p":{"a":0,"k":[-207,8],"ix":2},"a":{"a":0,"k":[0,0],"ix":1},"s":{"a":0,"k":[100,100],"ix":3},"r":{"a":0,"k":0,"ix":6},"o":{"a":0,"k":100,"ix":7},"sk":{"a":0,"k":0,"ix":4},"sa":{"a":0,"k":0,"ix":5},"nm":"Transform"}],"nm":"Rectangle 1","np":3,"cix":2,"ix":1,"mn":"ADBE Vector Group"}],"ip":0,"op":75,"st":0,"bm":0,"sr":1},{"ddd":0,"ind":2,"ty":4,"nm":"tab_2","ks":{"o":{"a":0,"k":100},"r":{"a":0,"k":0},"p":{"a":0,"k":[1200,470,0]},"a":{"a":0,"k":[-807,8,0]},"s":{"a":1,"k":[{"i":{"x":[0,0.667,0.667],"y":[1,0.667,0.667]},"o":{"x":[1,0.333,0.333],"y":[0,0.333,0.333]},"n":["0_1_1_0","0p667_0p667_0p333_0p333","0p667_0p667_0p333_0p333"],"t":15,"s":[0,100,100],"e":[100,100,100]},{"i":{"x":[0.833,0.833,0.833],"y":[0.833,0.833,0.833]},"o":{"x":[0.167,0.167,0.167],"y":[0.167,0.167,0.167]},"n":["0p833_0p833_0p167_0p167","0p833_0p833_0p167_0p167","0p833_0p833_0p167_0p167"],"t":34,"s":[100,100,100],"e":[100,100,100]},{"i":{"x":[0,0.667,0.667],"y":[1,0.667,0.667]},"o":{"x":[1,0.333,0.333],"y":[0,0.333,0.333]},"n":["0_1_1_0","0p667_0p667_0p333_0p333","0p667_0p667_0p333_0p333"],"t":50,"s":[100,100,100],"e":[0,100,100]},{"t":69}]}},"ao":0,"shapes":[{"ty":"gr","it":[{"ty":"rc","d":1,"s":{"a":0,"k":[1200,20]},"p":{"a":0,"k":[0,0]},"r":{"a":0,"k":0},"nm":"Rectangle Path 1","mn":"ADBE Vector Shape - Rect"},{"ty":"fl","c":{"a":0,"k":[0.1843137,0.7372549,0.6039216,1]},"o":{"a":0,"k":100},"r":1,"nm":"Fill 1","mn":"ADBE Vector Graphic - Fill"},{"ty":"tr","p":{"a":0,"k":[-207,8],"ix":2},"a":{"a":0,"k":[0,0],"ix":1},"s":{"a":0,"k":[100,100],"ix":3},"r":{"a":0,"k":0,"ix":6},"o":{"a":0,"k":100,"ix":7},"sk":{"a":0,"k":0,"ix":4},"sa":{"a":0,"k":0,"ix":5},"nm":"Transform"}],"nm":"Rectangle 1","np":3,"cix":2,"ix":1,"mn":"ADBE Vector Group"}],"ip":0,"op":75,"st":0,"bm":0,"sr":1},{"ddd":0,"ind":3,"ty":5,"nm":"text_tab_1_focused 2","ks":{"o":{"a":0,"k":100},"r":{"a":0,"k":0},"p":{"a":0,"k":[236,292.603,0]},"a":{"a":0,"k":[0,0,0]},"s":{"a":0,"k":[100,100,100]}},"ao":0,"t":{"d":{"k":[{"s":{"s":140,"f":"Roboto-Regular","t":"Tab Name 1","j":0,"tr":0,"lh":168,"ls":0,"fc":[0.18,0.74,0.6]},"t":0}]},"p":{},"m":{"g":1,"a":{"a":0,"k":[0,0]}},"a":[]},"ip":0,"op":13,"st":-90,"bm":0,"sr":1},{"ddd":0,"ind":4,"ty":5,"nm":"text_tab_1_focused","ks":{"o":{"a":0,"k":100},"r":{"a":0,"k":0},"p":{"a":0,"k":[236,292.603,0]},"a":{"a":0,"k":[0,0,0]},"s":{"a":0,"k":[100,100,100]}},"ao":0,"t":{"d":{"k":[{"s":{"s":140,"f":"Roboto-Regular","t":"Tab Name 1","j":0,"tr":0,"lh":168,"ls":0,"fc":[0.18,0.74,0.6]},"t":0}]},"p":{},"m":{"g":1,"a":{"a":0,"k":[0,0]}},"a":[]},"ip":48,"op":75,"st":-45,"bm":0,"sr":1},{"ddd":0,"ind":5,"ty":5,"nm":"text_tab_1_unfocused","ks":{"o":{"a":0,"k":54},"r":{"a":0,"k":0},"p":{"a":0,"k":[236,292.603,0]},"a":{"a":0,"k":[0,0,0]},"s":{"a":0,"k":[100,100,100]}},"ao":0,"t":{"d":{"k":[{"s":{"s":140,"f":"Roboto-Regular","t":"Tab Name 1","j":0,"tr":0,"lh":168,"ls":0,"fc":[0,0,0]},"t":0}]},"p":{},"m":{"g":1,"a":{"a":0,"k":[0,0]}},"a":[]},"ip":13,"op":48,"st":-35,"bm":0,"sr":1},{"ddd":0,"ind":6,"ty":5,"nm":"text_tab_2_focused","ks":{"o":{"a":0,"k":100},"r":{"a":0,"k":0},"p":{"a":0,"k":[1424,292.603,0]},"a":{"a":0,"k":[0,0,0]},"s":{"a":0,"k":[100,100,100]}},"ao":0,"t":{"d":{"k":[{"s":{"s":140,"f":"Roboto-Regular","t":"Tab Name 2","j":0,"tr":0,"lh":168,"ls":0,"fc":[0.18,0.74,0.6]},"t":0}]},"p":{},"m":{"g":1,"a":{"a":0,"k":[0,0]}},"a":[]},"ip":13,"op":48,"st":-35,"bm":0,"sr":1},{"ddd":0,"ind":7,"ty":5,"nm":"text_tab_2_unfocused 2","ks":{"o":{"a":0,"k":54},"r":{"a":0,"k":0},"p":{"a":0,"k":[1424,292.603,0]},"a":{"a":0,"k":[0,0,0]},"s":{"a":0,"k":[100,100,100]}},"ao":0,"t":{"d":{"k":[{"s":{"s":140,"f":"Roboto-Regular","t":"Tab Name 2","j":0,"tr":0,"lh":168,"ls":0,"fc":[0,0,0]},"t":0}]},"p":{},"m":{"g":1,"a":{"a":0,"k":[0,0]}},"a":[]},"ip":0,"op":13,"st":-45,"bm":0,"sr":1},{"ddd":0,"ind":8,"ty":5,"nm":"text_tab_2_unfocused","ks":{"o":{"a":0,"k":54},"r":{"a":0,"k":0},"p":{"a":0,"k":[1424,292.603,0]},"a":{"a":0,"k":[0,0,0]},"s":{"a":0,"k":[100,100,100]}},"ao":0,"t":{"d":{"k":[{"s":{"s":140,"f":"Roboto-Regular","t":"Tab Name 2","j":0,"tr":0,"lh":168,"ls":0,"fc":[0,0,0]},"t":0}]},"p":{},"m":{"g":1,"a":{"a":0,"k":[0,0]}},"a":[]},"ip":48,"op":75,"st":0,"bm":0,"sr":1},{"ddd":0,"ind":9,"ty":1,"nm":"click_tab_1","ks":{"o":{"a":0,"k":10},"r":{"a":0,"k":0},"p":{"a":0,"k":[600,240,0]},"a":{"a":0,"k":[600,240,0]},"s":{"a":0,"k":[100,100,100]}},"ao":0,"sw":1200,"sh":480,"sc":"#2fbc9a","ip":45,"op":48,"st":8,"bm":0,"sr":1},{"ddd":0,"ind":10,"ty":1,"nm":"click_tab_2","ks":{"o":{"a":0,"k":10},"r":{"a":0,"k":0},"p":{"a":0,"k":[1800,240,0]},"a":{"a":0,"k":[600,240,0]},"s":{"a":0,"k":[100,100,100]}},"ao":0,"sw":1200,"sh":480,"sc":"#2fbc9a","ip":10,"op":13,"st":-27,"bm":0,"sr":1},{"ddd":0,"ind":11,"ty":4,"nm":"cursor 2","hd":true,"ks":{"o":{"a":1,"k":[{"i":{"x":[0.667],"y":[1]},"o":{"x":[0.333],"y":[0]},"n":["0p667_1_0p333_0"],"t":9,"s":[0],"e":[10]},{"i":{"x":[0.667],"y":[1]},"o":{"x":[0.333],"y":[0]},"n":["0p667_1_0p333_0"],"t":11,"s":[10],"e":[0]},{"i":{"x":[0.667],"y":[0.667]},"o":{"x":[0.333],"y":[0.333]},"n":["0p667_0p667_0p333_0p333"],"t":16,"s":[0],"e":[0]},{"i":{"x":[0.667],"y":[1]},"o":{"x":[0.333],"y":[0]},"n":["0p667_1_0p333_0"],"t":44,"s":[0],"e":[10]},{"i":{"x":[0.667],"y":[1]},"o":{"x":[0.333],"y":[0]},"n":["0p667_1_0p333_0"],"t":46,"s":[10],"e":[0]},{"t":51}]},"r":{"a":0,"k":0},"p":{"a":1,"k":[{"i":{"x":0.294,"y":0.681},"o":{"x":0.549,"y":0},"n":"0p294_0p681_0p549_0","t":18,"s":[1649.305,127.038,0],"e":[1066.822,228.329,0],"to":[-77.7284545898438,0.47108155488968,0],"ti":[86.759895324707,33.0598945617676,0]},{"i":{"x":0.517,"y":1},"o":{"x":0.087,"y":1},"n":"0p517_1_0p087_1","t":30,"s":[1066.822,228.329,0],"e":[1054.305,202.038,0],"to":[-1.61769616603851,-0.61642384529114,0],"ti":[0,0,0]},{"i":{"x":0.988,"y":0},"o":{"x":0.618,"y":0},"n":"0p988_0_0p618_0","t":45,"s":[1054.305,202.038,0],"e":[1054.572,202.423,0],"to":[0,0,0],"ti":[0.51485061645508,2.28760957717896,0]},{"i":{"x":0.557,"y":0.65},"o":{"x":0.238,"y":0.281},"n":"0p557_0p65_0p238_0p281","t":55,"s":[1054.572,202.423,0],"e":[1082.099,114.436,0],"to":[-4.54451990127563,-20.1924343109131,0],"ti":[-38.8928337097168,35.2963218688965,0]},{"i":{"x":0.588,"y":0.653},"o":{"x":0.262,"y":0.059},"n":"0p588_0p653_0p262_0p059","t":61,"s":[1082.099,114.436,0],"e":[1646.01,125.812,0],"to":[15.8838033676147,-14.4149904251099,0],"ti":[-173.138244628906,-48.3241119384766,0]},{"i":{"x":0.644,"y":1},"o":{"x":0.032,"y":1},"n":"0p644_1_0p032_1","t":71,"s":[1646.01,125.812,0],"e":[1650.305,127.038,0],"to":[2.95522212982178,0.82482349872589,0],"ti":[-3.54999613761902,0.02151512727141,0]},{"t":74}]},"a":{"a":0,"k":[16,-4,0]},"s":{"a":1,"k":[{"i":{"x":[0.667,0.667,0.667],"y":[1,1,0.667]},"o":{"x":[0.333,0.333,0.333],"y":[0,0,0.333]},"n":["0p667_1_0p333_0","0p667_1_0p333_0","0p667_0p667_0p333_0p333"],"t":9,"s":[100,100,100],"e":[250,250,100]},{"i":{"x":[0.667,0.667,0.667],"y":[1,1,0.667]},"o":{"x":[0.333,0.333,0.333],"y":[0,0,0.333]},"n":["0p667_1_0p333_0","0p667_1_0p333_0","0p667_0p667_0p333_0p333"],"t":16,"s":[250,250,100],"e":[100,100,100]},{"i":{"x":[0.667,0.667,0.667],"y":[1,1,0.667]},"o":{"x":[0.333,0.333,0.333],"y":[0,0,0.333]},"n":["0p667_1_0p333_0","0p667_1_0p333_0","0p667_0p667_0p333_0p333"],"t":44,"s":[100,100,100],"e":[250,250,100]},{"t":51}]}},"ao":0,"shapes":[{"ty":"gr","it":[{"d":1,"ty":"el","s":{"a":0,"k":[200,200]},"p":{"a":0,"k":[0,0]},"nm":"Ellipse Path 1","mn":"ADBE Vector Shape - Ellipse"},{"ty":"fl","c":{"a":0,"k":[0,0,0,1]},"o":{"a":0,"k":100},"r":1,"nm":"Fill 1","mn":"ADBE Vector Graphic - Fill"},{"ty":"tr","p":{"a":0,"k":[16,-4],"ix":2},"a":{"a":0,"k":[0,0],"ix":1},"s":{"a":0,"k":[100,100],"ix":3},"r":{"a":0,"k":0,"ix":6},"o":{"a":0,"k":100,"ix":7},"sk":{"a":0,"k":0,"ix":4},"sa":{"a":0,"k":0,"ix":5},"nm":"Transform"}],"nm":"Ellipse 1","np":3,"cix":2,"ix":1,"mn":"ADBE Vector Group"}],"ip":0,"op":75,"st":0,"bm":0,"sr":1},{"ddd":0,"ind":12,"ty":4,"nm":"cursor","hd":true,"ks":{"o":{"a":1,"k":[{"i":{"x":[0.667],"y":[1]},"o":{"x":[0.333],"y":[0]},"n":["0p667_1_0p333_0"],"t":9,"s":[10],"e":[25]},{"i":{"x":[0.667],"y":[1]},"o":{"x":[0.333],"y":[0]},"n":["0p667_1_0p333_0"],"t":11,"s":[25],"e":[10]},{"i":{"x":[0.667],"y":[0.667]},"o":{"x":[0.333],"y":[0.333]},"n":["0p667_0p667_0p333_0p333"],"t":14,"s":[10],"e":[10]},{"i":{"x":[0.667],"y":[1]},"o":{"x":[0.333],"y":[0]},"n":["0p667_1_0p333_0"],"t":44,"s":[10],"e":[25]},{"i":{"x":[0.667],"y":[1]},"o":{"x":[0.333],"y":[0]},"n":["0p667_1_0p333_0"],"t":46,"s":[25],"e":[10]},{"t":49}]},"r":{"a":0,"k":0},"p":{"a":1,"k":[{"i":{"x":0.294,"y":0.681},"o":{"x":0.549,"y":0},"n":"0p294_0p681_0p549_0","t":18,"s":[1649.305,127.038,0],"e":[1066.822,228.329,0],"to":[-77.7284545898438,0.47108155488968,0],"ti":[86.759895324707,33.0598945617676,0]},{"i":{"x":0.517,"y":1},"o":{"x":0.087,"y":1},"n":"0p517_1_0p087_1","t":30,"s":[1066.822,228.329,0],"e":[1054.305,202.038,0],"to":[-1.61769616603851,-0.61642384529114,0],"ti":[0,0,0]},{"i":{"x":0.988,"y":0},"o":{"x":0.618,"y":0},"n":"0p988_0_0p618_0","t":45,"s":[1054.305,202.038,0],"e":[1054.572,202.423,0],"to":[0,0,0],"ti":[0.51485061645508,2.28760957717896,0]},{"i":{"x":0.557,"y":0.65},"o":{"x":0.238,"y":0.281},"n":"0p557_0p65_0p238_0p281","t":55,"s":[1054.572,202.423,0],"e":[1082.099,114.436,0],"to":[-4.54451990127563,-20.1924343109131,0],"ti":[-38.8928337097168,35.2963218688965,0]},{"i":{"x":0.588,"y":0.653},"o":{"x":0.262,"y":0.059},"n":"0p588_0p653_0p262_0p059","t":61,"s":[1082.099,114.436,0],"e":[1646.01,125.812,0],"to":[15.8838033676147,-14.4149904251099,0],"ti":[-173.138244628906,-48.3241119384766,0]},{"i":{"x":0.644,"y":1},"o":{"x":0.032,"y":1},"n":"0p644_1_0p032_1","t":71,"s":[1646.01,125.812,0],"e":[1650.305,127.038,0],"to":[2.95522212982178,0.82482349872589,0],"ti":[-3.54999613761902,0.02151512727141,0]},{"t":74}]},"a":{"a":0,"k":[16,-4,0]},"s":{"a":1,"k":[{"i":{"x":[0.667,0.667,0.667],"y":[1,1,0.667]},"o":{"x":[0.333,0.333,0.333],"y":[0,0,0.333]},"n":["0p667_1_0p333_0","0p667_1_0p333_0","0p667_0p667_0p333_0p333"],"t":9,"s":[100,100,100],"e":[75,75,100]},{"i":{"x":[0.667,0.667,0.667],"y":[1,1,0.667]},"o":{"x":[0.333,0.333,0.333],"y":[0,0,0.333]},"n":["0p667_1_0p333_0","0p667_1_0p333_0","0p667_0p667_0p333_0p333"],"t":11,"s":[75,75,100],"e":[100,100,100]},{"i":{"x":[0.667,0.667,0.667],"y":[0.667,0.667,0.667]},"o":{"x":[0.333,0.333,0.333],"y":[0.333,0.333,0.333]},"n":["0p667_0p667_0p333_0p333","0p667_0p667_0p333_0p333","0p667_0p667_0p333_0p333"],"t":14,"s":[100,100,100],"e":[100,100,100]},{"i":{"x":[0.667,0.667,0.667],"y":[1,1,0.667]},"o":{"x":[0.333,0.333,0.333],"y":[0,0,0.333]},"n":["0p667_1_0p333_0","0p667_1_0p333_0","0p667_0p667_0p333_0p333"],"t":44,"s":[100,100,100],"e":[75,75,100]},{"i":{"x":[0.667,0.667,0.667],"y":[1,1,0.667]},"o":{"x":[0.333,0.333,0.333],"y":[0,0,0.333]},"n":["0p667_1_0p333_0","0p667_1_0p333_0","0p667_0p667_0p333_0p333"],"t":46,"s":[75,75,100],"e":[100,100,100]},{"t":49}]}},"ao":0,"shapes":[{"ty":"gr","it":[{"d":1,"ty":"el","s":{"a":0,"k":[200,200]},"p":{"a":0,"k":[0,0]},"nm":"Ellipse Path 1","mn":"ADBE Vector Shape - Ellipse"},{"ty":"fl","c":{"a":0,"k":[0,0,0,1]},"o":{"a":0,"k":100},"r":1,"nm":"Fill 1","mn":"ADBE Vector Graphic - Fill"},{"ty":"tr","p":{"a":0,"k":[16,-4],"ix":2},"a":{"a":0,"k":[0,0],"ix":1},"s":{"a":0,"k":[100,100],"ix":3},"r":{"a":0,"k":0,"ix":6},"o":{"a":0,"k":100,"ix":7},"sk":{"a":0,"k":0,"ix":4},"sa":{"a":0,"k":0,"ix":5},"nm":"Transform"}],"nm":"Ellipse 1","np":3,"cix":2,"ix":1,"mn":"ADBE Vector Group"}],"ip":0,"op":75,"st":0,"bm":0,"sr":1}],"chars":[{"ch":"T","size":140,"style":"Regular","w":59.38,"data":{"shapes":[{"ty":"gr","it":[{"ind":0,"ty":"sh","ix":1,"ks":{"a":0,"k":{"i":[[56.934,-71.094],[1.66,-71.094],[1.66,-63.525],[24.463,-63.525],[24.463,0],[34.082,0],[34.082,-63.525],[56.934,-63.525]],"o":[[56.934,-71.094],[1.66,-71.094],[1.66,-63.525],[24.463,-63.525],[24.463,0],[34.082,0],[34.082,-63.525],[56.934,-63.525]],"v":[[56.934,-71.094],[1.66,-71.094],[1.66,-63.525],[24.463,-63.525],[24.463,0],[34.082,0],[34.082,-63.525],[56.934,-63.525]],"c":true}},"nm":"T","mn":"ADBE Vector Shape - Group"}],"nm":"T","np":3,"cix":2,"ix":1,"mn":"ADBE Vector Group"},{"ty":"gr","it":[{"ind":0,"ty":"sh","ix":1,"ks":{"a":0,"k":{"i":[[0,0],[0,0],[0,0],[0,0],[0,0],[0,0],[0,0],[0,0]],"o":[[0,0],[0,0],[0,0],[0,0],[0,0],[0,0],[0,0],[0,0]],"v":[[116.309,-71.094],[61.035,-71.094],[61.035,-63.525],[83.838,-63.525],[83.838,0],[93.457,0],[93.457,-63.525],[116.309,-63.525]],"c":true}},"nm":"T","mn":"ADBE Vector Shape - Group"}],"nm":"T","np":3,"cix":2,"ix":2,"mn":"ADBE Vector Group"}]},"fFamily":"Roboto"},{"ch":"a","size":140,"style":"Regular","w":54.98,"data":{"shapes":[{"ty":"gr","it":[{"ind":0,"ty":"sh","ix":1,"ks":{"a":0,"k":{"i":[[49.365,0],[48.486,-3.418],[47.998,-8.757],[47.998,-36.084],[46.174,-46.199],[34.065,-53.809],[17.082,-52.213],[7.618,-42.318],[7.91,-38.184],[17.09,-38.184],[18.058,-42.293],[24.446,-46.24],[33.659,-45.337],[38.379,-39.274],[38.379,-30.957],[27.93,-30.957],[15.389,-29.533],[5.176,-19.889],[6.616,-6.013],[16.568,1.025],[28.491,0.171],[36.588,-5.371],[38.517,-5.445],[39.127,-1.595]],"o":[[48.844,-1.692],[48.096,-6.934],[47.998,-10.645],[47.998,-41.813],[38.883,-52.286],[22.021,-53.809],[9.432,-45.832],[7.813,-38.477],[7.91,-38.184],[17.09,-40.397],[21.931,-45.451],[30.989,-46.24],[37.435,-41.723],[38.379,-36.182],[38.379,-30.957],[20.931,-30.957],[7.218,-23.836],[5.176,-9.896],[12.378,-0.382],[25.39,1.025],[34.253,-3.247],[38.411,-6.673],[38.875,-3.003],[39.453,0]],"v":[[49.365,0],[48.291,-5.176],[47.998,-10.645],[47.998,-36.084],[42.529,-49.243],[28.076,-53.809],[13.257,-49.023],[7.813,-38.477],[7.91,-38.184],[17.09,-38.184],[19.995,-43.872],[27.539,-46.24],[35.547,-43.53],[38.379,-36.182],[38.379,-30.957],[27.93,-30.957],[11.304,-26.685],[5.176,-14.844],[9.497,-3.198],[22.07,1.025],[31.372,-1.538],[38.379,-7.91],[38.696,-4.224],[39.453,0]],"c":true}},"nm":"a","mn":"ADBE Vector Shape - Group"},{"ind":1,"ty":"sh","ix":2,"ks":{"a":0,"k":{"i":[[18.457,-7.762],[14.795,-12.338],[15.958,-19.594],[23.714,-24.463],[38.379,-24.463],[38.379,-15.894],[35.709,-11.543],[26.969,-7.08]],"o":[[15.527,-10.488],[14.795,-17.305],[20.613,-23.489],[27.588,-24.463],[38.379,-24.463],[37.532,-13.588],[30.11,-7.973],[20.621,-7.08]],"v":[[16.992,-9.125],[14.795,-14.676],[18.286,-21.542],[27.588,-24.463],[38.379,-24.463],[38.379,-15.894],[32.91,-9.758],[23.486,-7.08]],"c":true}},"nm":"a","mn":"ADBE Vector Shape - Group"}],"nm":"a","np":5,"cix":2,"ix":1,"mn":"ADBE Vector Group"},{"ty":"gr","it":[{"ind":0,"ty":"sh","ix":1,"ks":{"a":0,"k":{"i":[[0,0],[0.195,1.758],[0,1.888],[0,0],[3.645,3.044],[5.989,0],[3.825,-3.19],[-0.195,-3.841],[0,0],[0,0],[-1.937,1.579],[-3.093,0],[-1.888,-1.807],[0,-3.092],[0,0],[0,0],[4.085,-2.848],[0,-5.045],[-2.881,-2.815],[-5.502,0],[-2.881,1.709],[-1.791,2.539],[-0.179,-1.221],[-0.326,-1.595]],"o":[[-0.521,-1.692],[-0.195,-1.758],[0,0],[0,-5.729],[-3.646,-3.043],[-6.055,0],[-3.825,3.191],[0,0],[0,0],[0,-2.213],[1.936,-1.579],[3.45,0],[1.888,1.807],[0,0],[0,0],[-6.999,0],[-4.086,2.849],[0,4.948],[2.881,2.816],[3.32,0],[2.881,-1.709],[0.032,1.237],[0.179,1.221],[0,0]],"v":[[104.346,0],[103.271,-5.176],[102.979,-10.645],[102.979,-36.084],[97.51,-49.243],[83.057,-53.809],[68.237,-49.023],[62.793,-38.477],[62.891,-38.184],[72.07,-38.184],[74.976,-43.872],[82.52,-46.24],[90.527,-43.53],[93.359,-36.182],[93.359,-30.957],[82.91,-30.957],[66.284,-26.685],[60.156,-14.844],[64.478,-3.198],[77.051,1.025],[86.353,-1.538],[93.359,-7.91],[93.677,-4.224],[94.434,0]],"c":true}},"nm":"a","mn":"ADBE Vector Shape - Group"},{"ind":1,"ty":"sh","ix":2,"ks":{"a":0,"k":{"i":[[1.465,1.363],[0,2.338],[-2.328,1.948],[-3.874,0],[0,0],[0,0],[2.799,-1.785],[3.483,0]],"o":[[-1.465,-1.363],[0,-2.629],[2.327,-1.947],[0,0],[0,0],[-0.847,2.306],[-2.8,1.785],[-2.865,0]],"v":[[71.973,-9.125],[69.775,-14.676],[73.267,-21.542],[82.568,-24.463],[93.359,-24.463],[93.359,-15.894],[87.891,-9.758],[78.467,-7.08]],"c":true}},"nm":"a","mn":"ADBE Vector Shape - Group"},{"ty":"mm","mm":1,"nm":"Merge Paths 1","mn":"ADBE Vector Filter - Merge"}],"nm":"a","np":5,"cix":2,"ix":2,"mn":"ADBE Vector Group"}]},"fFamily":"Roboto"},{"ch":"b","size":140,"style":"Regular","w":56.84,"data":{"shapes":[{"ty":"gr","it":[{"ind":0,"ty":"sh","ix":1,"ks":{"a":0,"k":{"i":[[52.1,-25.439],[50.276,-40.787],[37.906,-53.809],[25.235,-53.19],[18.262,-48.926],[16.602,-76.172],[6.982,-76.172],[6.982,0],[14.844,0],[16.016,-6.982],[19.84,-2.351],[28.01,1.025],[42.944,-1.31],[52.1,-16.797]],"o":[[52.1,-33.935],[42.985,-51.204],[28.108,-53.809],[20.32,-50.716],[16.602,-46.582],[16.602,-76.172],[6.982,-76.172],[6.982,0],[14.844,0],[17.708,-4.345],[24.983,0.349],[37.907,1.025],[50.268,-10.652],[52.1,-24.414]],"v":[[52.1,-25.439],[46.631,-45.996],[31.396,-53.809],[22.778,-51.953],[16.602,-46.582],[16.602,-76.172],[6.982,-76.172],[6.982,0],[14.844,0],[16.016,-6.982],[22.412,-1.001],[31.494,1.025],[46.606,-5.981],[52.1,-24.414]],"c":true}},"nm":"b","mn":"ADBE Vector Shape - Group"},{"ind":1,"ty":"sh","ix":2,"ks":{"a":0,"k":{"i":[[42.48,-24.414],[41.373,-14.844],[33.577,-6.787],[23.462,-7.519],[17.839,-12.483],[16.602,-37.988],[19.425,-42.374],[25.993,-45.996],[36.906,-44.084],[42.48,-31.494]],"o":[[42.48,-19.108],[36.946,-8.398],[25.993,-6.787],[19.458,-10.449],[16.602,-15.088],[17.806,-40.429],[23.494,-45.271],[33.512,-45.996],[41.365,-36.434],[42.48,-25.439]],"v":[[42.48,-24.414],[39.16,-11.621],[29.053,-6.787],[21.46,-8.984],[16.602,-15.088],[16.602,-37.988],[21.46,-43.823],[28.955,-45.996],[39.136,-40.259],[42.48,-25.439]],"c":true}},"nm":"b","mn":"ADBE Vector Shape - Group"}],"nm":"b","np":5,"cix":2,"ix":1,"mn":"ADBE Vector Group"},{"ty":"gr","it":[{"ind":0,"ty":"sh","ix":1,"ks":{"a":0,"k":{"i":[[0,0],[3.645,5.209],[6.51,0],[2.457,-1.237],[1.66,-2.344],[0,0],[0,0],[0,0],[0,0],[0,0],[-2.572,-1.35],[-3.484,0],[-3.662,4.671],[0,7.617]],"o":[[0,-8.496],[-3.646,-5.208],[-3.288,0],[-2.458,1.237],[0,0],[0,0],[0,0],[0,0],[0,0],[1.692,2.637],[2.571,1.35],[6.413,0],[3.662,-4.671],[0,0]],"v":[[108.936,-25.439],[103.467,-45.996],[88.232,-53.809],[79.614,-51.953],[73.438,-46.582],[73.438,-76.172],[63.818,-76.172],[63.818,0],[71.68,0],[72.852,-6.982],[79.248,-1.001],[88.33,1.025],[103.442,-5.981],[108.936,-24.414]],"c":true}},"nm":"b","mn":"ADBE Vector Shape - Group"},{"ind":1,"ty":"sh","ix":2,"ks":{"a":0,"k":{"i":[[0,0],[2.213,-3.223],[4.524,0],[2.002,1.465],[1.237,2.605],[0,0],[-2.035,1.449],[-2.962,0],[-2.23,-3.825],[0,-6.055]],"o":[[0,5.306],[-2.214,3.223],[-3.06,0],[-2.002,-1.465],[0,0],[1.204,-2.441],[2.034,-1.448],[4.557,0],[2.229,3.825],[0,0]],"v":[[99.316,-24.414],[95.996,-11.621],[85.889,-6.787],[78.296,-8.984],[73.438,-15.088],[73.438,-37.988],[78.296,-43.823],[85.791,-45.996],[95.972,-40.259],[99.316,-25.439]],"c":true}},"nm":"b","mn":"ADBE Vector Shape - Group"},{"ty":"mm","mm":1,"nm":"Merge Paths 1","mn":"ADBE Vector Filter - Merge"}],"nm":"b","np":5,"cix":2,"ix":2,"mn":"ADBE Vector Group"}]},"fFamily":"Roboto"},{"ch":" ","size":140,"style":"Regular","w":24.85,"data":{},"fFamily":"Roboto"},{"ch":"N","size":140,"style":"Regular","w":71.34,"data":{"shapes":[{"ty":"gr","it":[{"ind":0,"ty":"sh","ix":1,"ks":{"a":0,"k":{"i":[[62.549,-71.094],[52.93,-71.094],[52.93,-16.309],[52.637,-16.211],[18.408,-71.094],[8.789,-71.094],[8.789,0],[18.408,0],[18.408,-54.883],[18.701,-54.98],[52.93,0],[62.549,0]],"o":[[62.549,-71.094],[52.93,-71.094],[52.93,-16.309],[52.637,-16.211],[18.408,-71.094],[8.789,-71.094],[8.789,0],[18.408,0],[18.408,-54.883],[18.701,-54.98],[52.93,0],[62.549,0]],"v":[[62.549,-71.094],[52.93,-71.094],[52.93,-16.309],[52.637,-16.211],[18.408,-71.094],[8.789,-71.094],[8.789,0],[18.408,0],[18.408,-54.883],[18.701,-54.98],[52.93,0],[62.549,0]],"c":true}},"nm":"N","mn":"ADBE Vector Shape - Group"}],"nm":"N","np":3,"cix":2,"ix":1,"mn":"ADBE Vector Group"},{"ty":"gr","it":[{"ind":0,"ty":"sh","ix":1,"ks":{"a":0,"k":{"i":[[0,0],[0,0],[0,0],[0,0],[0,0],[0,0],[0,0],[0,0],[0,0],[0,0],[0,0],[0,0]],"o":[[0,0],[0,0],[0,0],[0,0],[0,0],[0,0],[0,0],[0,0],[0,0],[0,0],[0,0],[0,0]],"v":[[133.887,-71.094],[124.268,-71.094],[124.268,-16.309],[123.975,-16.211],[89.746,-71.094],[80.127,-71.094],[80.127,0],[89.746,0],[89.746,-54.883],[90.039,-54.98],[124.268,0],[133.887,0]],"c":true}},"nm":"N","mn":"ADBE Vector Shape - Group"}],"nm":"N","np":3,"cix":2,"ix":2,"mn":"ADBE Vector Group"}]},"fFamily":"Roboto"},{"ch":"m","size":140,"style":"Regular","w":87.4,"data":{"shapes":[{"ty":"gr","it":[{"ind":0,"ty":"sh","ix":1,"ks":{"a":0,"k":{"i":[[6.982,-52.832],[6.982,0],[16.602,0],[16.602,-39.111],[19.059,-42.984],[25.244,-45.996],[34.269,-44.849],[38.867,-36.637],[38.867,0],[48.535,0],[48.535,-33.545],[48.535,-33.936],[50.089,-40.299],[56.819,-45.996],[66.324,-44.913],[70.801,-36.897],[70.801,0],[80.42,0],[80.42,-31.592],[78.857,-44.572],[68.359,-53.809],[56.152,-52.93],[48.486,-47.038],[43.66,-49.739],[35.596,-53.809],[25.48,-53.116],[17.985,-48.404],[15.576,-52.832]],"o":[[6.982,-52.832],[6.982,0],[16.602,0],[17.611,-41.291],[22.835,-45.393],[31.624,-45.996],[37.947,-40.259],[38.867,-31.689],[38.867,0],[48.535,0],[48.535,-33.545],[48.893,-37.419],[54.158,-44.856],[63.655,-45.996],[69.905,-40.584],[70.801,-31.689],[70.801,0],[80.42,0],[80.42,-39.014],[72.607,-51.961],[59.342,-53.809],[50.684,-49.414],[45.556,-47.298],[38.615,-52.994],[28.564,-53.809],[20.173,-50.349],[16.26,-45.898],[15.576,-52.832]],"v":[[6.982,-52.832],[6.982,0],[16.602,0],[16.602,-39.111],[20.947,-44.189],[28.174,-45.996],[36.108,-42.554],[38.867,-31.689],[38.867,0],[48.535,0],[48.535,-33.545],[48.535,-33.936],[52.124,-42.578],[60.107,-45.996],[68.115,-42.749],[70.801,-31.689],[70.801,0],[80.42,0],[80.42,-31.592],[75.732,-48.267],[62.988,-53.809],[53.418,-51.172],[46.826,-44.043],[41.138,-51.367],[32.08,-53.809],[22.827,-51.733],[16.26,-45.898],[15.576,-52.832]],"c":true}},"nm":"m","mn":"ADBE Vector Shape - Group"}],"nm":"m","np":3,"cix":2,"ix":1,"mn":"ADBE Vector Group"},{"ty":"gr","it":[{"ind":0,"ty":"sh","ix":1,"ks":{"a":0,"k":{"i":[[0,0],[0,0],[0,0],[0,0],[-1.888,1.205],[-2.93,0],[-1.839,-2.295],[0,-4.948],[0,0],[0,0],[0,0],[0,0],[-2.035,2.279],[-3.288,0],[-1.791,-2.164],[0,-5.208],[0,0],[0,0],[0,0],[3.125,3.695],[5.371,0],[2.734,-1.758],[1.66,-2.995],[2.522,1.628],[3.516,0],[2.653,-1.383],[1.725,-2.506],[0,0]],"o":[[0,0],[0,0],[0,0],[1.009,-2.18],[1.888,-1.204],[3.45,0],[1.839,2.295],[0,0],[0,0],[0,0],[0,0],[0.358,-3.483],[2.034,-2.278],[3.548,0],[1.79,2.165],[0,0],[0,0],[0,0],[0,-7.422],[-3.125,-3.694],[-3.646,0],[-2.734,1.758],[-1.27,-3.255],[-2.523,-1.627],[-3.516,0],[-2.654,1.384],[0,0],[0,0]],"v":[[94.385,-52.832],[94.385,0],[104.004,0],[104.004,-39.111],[108.35,-44.189],[115.576,-45.996],[123.511,-42.554],[126.27,-31.689],[126.27,0],[135.938,0],[135.938,-33.545],[135.938,-33.936],[139.526,-42.578],[147.51,-45.996],[155.518,-42.749],[158.203,-31.689],[158.203,0],[167.822,0],[167.822,-31.592],[163.135,-48.267],[150.391,-53.809],[140.82,-51.172],[134.229,-44.043],[128.54,-51.367],[119.482,-53.809],[110.229,-51.733],[103.662,-45.898],[102.979,-52.832]],"c":true}},"nm":"m","mn":"ADBE Vector Shape - Group"}],"nm":"m","np":3,"cix":2,"ix":2,"mn":"ADBE Vector Group"}]},"fFamily":"Roboto"},{"ch":"e","size":140,"style":"Regular","w":52.88,"data":{"shapes":[{"ty":"gr","it":[{"ind":0,"ty":"sh","ix":1,"ks":{"a":0,"k":{"i":[[37.044,0.403],[45.719,-3.643],[43.848,-11.768],[39.933,-8.863],[32.161,-6.543],[20.979,-8.174],[14.746,-18.863],[14.795,-24.17],[49.072,-24.17],[49.072,-30.176],[47.249,-43.066],[34.57,-53.809],[16.023,-51.309],[4.834,-35.059],[4.834,-25.391],[7.007,-11.222],[21.549,1.025]],"o":[[43.229,-2.087],[47.607,-5.511],[42.057,-10.14],[35.018,-7.007],[24.446,-6.543],[16.032,-14.698],[14.648,-23.927],[14.795,-24.17],[49.072,-24.17],[49.072,-37.337],[39.958,-51.66],[21.321,-53.809],[7.072,-41.316],[4.834,-27.539],[4.834,-17.578],[15.699,-1.423],[33.301,1.025]],"v":[[40.137,-0.842],[47.607,-5.511],[43.848,-11.768],[37.476,-7.935],[28.906,-6.543],[18.506,-11.436],[14.648,-23.927],[14.795,-24.17],[49.072,-24.17],[49.072,-30.176],[43.604,-47.363],[27.441,-53.809],[11.548,-46.313],[4.834,-27.539],[4.834,-25.391],[11.353,-6.323],[28.906,1.025]],"c":true}},"nm":"e","mn":"ADBE Vector Shape - Group"},{"ind":1,"ty":"sh","ix":2,"ks":{"a":0,"k":{"i":[[34.407,-44.975],[39.453,-36.767],[39.453,-31.738],[15.088,-31.738],[14.99,-31.982],[16.91,-39.468],[24.218,-46.24]],"o":[[38.444,-39.914],[39.453,-33.003],[39.453,-31.738],[15.088,-31.738],[15.51,-36.07],[21.467,-44.885],[31.412,-46.24]],"v":[[36.426,-42.445],[39.453,-33.003],[39.453,-31.738],[15.088,-31.738],[14.99,-31.982],[19.189,-42.177],[27.441,-46.24]],"c":true}},"nm":"e","mn":"ADBE Vector Shape - Group"}],"nm":"e","np":5,"cix":2,"ix":1,"mn":"ADBE Vector Group"},{"ty":"gr","it":[{"ind":0,"ty":"sh","ix":1,"ks":{"a":0,"k":{"i":[[-3.093,1.245],[-1.888,1.868],[0,0],[2.457,-0.928],[3.255,0],[2.473,3.262],[0.098,5.064],[0,0],[0,0],[0,0],[3.645,4.297],[7.129,0],[4.475,-4.996],[0,-7.52],[0,0],[-4.346,-4.899],[-7.357,0]],"o":[[3.092,-1.245],[0,0],[-1.791,1.628],[-2.458,0.928],[-4.46,0],[-2.474,-3.262],[0,0],[0,0],[0,0],[0,-7.161],[-3.646,-4.297],[-6.12,0],[-4.476,4.997],[0,0],[0,7.813],[4.346,4.9],[4.395,0]],"v":[[93.018,-0.842],[100.488,-5.511],[96.729,-11.768],[90.356,-7.935],[81.787,-6.543],[71.387,-11.436],[67.529,-23.927],[67.676,-24.17],[101.953,-24.17],[101.953,-30.176],[96.484,-47.363],[80.322,-53.809],[64.429,-46.313],[57.715,-27.539],[57.715,-25.391],[64.233,-6.323],[81.787,1.025]],"c":true}},"nm":"e","mn":"ADBE Vector Shape - Group"},{"ind":1,"ty":"sh","ix":2,"ks":{"a":0,"k":{"i":[[-2.019,-2.53],[0,-3.764],[0,0],[0,0],[0,0],[-2.279,2.709],[-3.223,0]],"o":[[2.018,2.531],[0,0],[0,0],[0,0],[0.52,-4.088],[2.278,-2.708],[3.971,0]],"v":[[89.307,-42.445],[92.334,-33.003],[92.334,-31.738],[67.969,-31.738],[67.871,-31.982],[72.07,-42.177],[80.322,-46.24]],"c":true}},"nm":"e","mn":"ADBE Vector Shape - Group"},{"ty":"mm","mm":1,"nm":"Merge Paths 1","mn":"ADBE Vector Filter - Merge"}],"nm":"e","np":5,"cix":2,"ix":2,"mn":"ADBE Vector Group"}]},"fFamily":"Roboto"},{"ch":"2","size":140,"style":"Regular","w":56.3,"data":{"shapes":[{"ty":"gr","it":[{"ind":0,"ty":"sh","ix":1,"ks":{"a":0,"k":{"i":[[51.855,-7.568],[17.676,-7.568],[17.578,-7.812],[36.279,-28.125],[43.628,-36.759],[49.365,-48.421],[47.469,-62.8],[34.798,-72.119],[15.071,-70.035],[4.573,-56.559],[4.834,-50.146],[14.063,-50.146],[15.226,-58.244],[23.502,-64.551],[34.578,-63.338],[39.746,-55.501],[39.005,-46.289],[33.219,-37.126],[5.762,-6.635],[5.762,0],[51.855,0]],"o":[[51.855,-7.568],[17.676,-7.568],[17.578,-7.812],[40.413,-32.584],[48.218,-44.538],[49.365,-58.057],[39.884,-70.255],[20.931,-72.119],[6.608,-61.702],[4.736,-50.439],[4.834,-50.146],[14.063,-54.703],[19.881,-63.289],[31.836,-64.551],[38.713,-58.488],[39.746,-49.088],[36.042,-40.821],[29.053,-32.471],[5.762,-6.635],[5.762,0],[51.855,0]],"v":[[51.855,-7.568],[17.676,-7.568],[17.578,-7.812],[36.279,-28.125],[45.923,-40.649],[49.365,-52.295],[43.677,-66.528],[28.418,-72.119],[10.84,-65.869],[4.736,-50.439],[4.834,-50.146],[14.063,-50.146],[17.554,-60.767],[28.418,-64.551],[36.646,-60.913],[39.746,-51.953],[37.524,-43.555],[29.053,-32.471],[5.762,-6.635],[5.762,0],[51.855,0]],"c":true}},"nm":"2","mn":"ADBE Vector Shape - Group"}],"nm":"2","np":3,"cix":2,"ix":1,"mn":"ADBE Vector Group"},{"ty":"gr","it":[{"ind":0,"ty":"sh","ix":1,"ks":{"a":0,"k":{"i":[[0,0],[0,0],[0,0],[0,0],[-2.295,3.89],[0,3.874],[3.792,3.728],[6.38,0],[4.231,-4.166],[-0.163,-6.12],[0,0],[0,0],[-2.328,2.523],[-4.916,0],[-2.068,-2.425],[0,-3.548],[1.481,-2.734],[4.166,-4.655],[0,0],[0,0],[0,0]],"o":[[0,0],[0,0],[0,0],[4.134,-4.459],[2.295,-3.889],[0,-5.762],[-3.793,-3.727],[-7.487,0],[-4.232,4.167],[0,0],[0,0],[0,-4.557],[2.327,-2.522],[3.418,0],[2.067,2.425],[0,2.865],[-1.482,2.734],[0,0],[0,0],[0,0],[0,0]],"v":[[108.154,-7.568],[73.975,-7.568],[73.877,-7.812],[92.578,-28.125],[102.222,-40.649],[105.664,-52.295],[99.976,-66.528],[84.717,-72.119],[67.139,-65.869],[61.035,-50.439],[61.133,-50.146],[70.361,-50.146],[73.853,-60.767],[84.717,-64.551],[92.944,-60.913],[96.045,-51.953],[93.823,-43.555],[85.352,-32.471],[62.061,-6.635],[62.061,0],[108.154,0]],"c":true}},"nm":"2","mn":"ADBE Vector Shape - Group"}],"nm":"2","np":3,"cix":2,"ix":2,"mn":"ADBE Vector Group"}]},"fFamily":"Roboto"},{"ch":"1","size":140,"style":"Regular","w":56.3,"data":{"shapes":[{"ty":"gr","it":[{"ind":0,"ty":"sh","ix":1,"ks":{"a":0,"k":{"i":[[33.252,-71.094],[9.082,-68.457],[9.082,-61.523],[23.633,-61.719],[23.633,0],[33.252,0]],"o":[[33.252,-71.094],[9.082,-68.457],[9.082,-61.523],[23.633,-61.719],[23.633,0],[33.252,0]],"v":[[33.252,-71.094],[9.082,-68.457],[9.082,-61.523],[23.633,-61.719],[23.633,0],[33.252,0]],"c":true}},"nm":"1","mn":"ADBE Vector Shape - Group"}],"nm":"1","np":3,"cix":2,"ix":1,"mn":"ADBE Vector Group"},{"ty":"gr","it":[{"ind":0,"ty":"sh","ix":1,"ks":{"a":0,"k":{"i":[[0,0],[0,0],[0,0],[0,0],[0,0],[0,0]],"o":[[0,0],[0,0],[0,0],[0,0],[0,0],[0,0]],"v":[[89.551,-71.094],[65.381,-68.457],[65.381,-61.523],[79.932,-61.719],[79.932,0],[89.551,0]],"c":true}},"nm":"1","mn":"ADBE Vector Shape - Group"}],"nm":"1","np":3,"cix":2,"ix":2,"mn":"ADBE Vector Group"}]},"fFamily":"Roboto"}]}