{"v":"4.6.9","fr":29.9700012207031,"ip":0,"op":210.000008553475,"w":800,"h":600,"nm":"Check 1","ddd":0,"assets":[],"layers":[{"ddd":0,"ind":1,"ty":4,"nm":"Shape Layer 3","ks":{"o":{"a":0,"k":100},"r":{"a":0,"k":0},"p":{"a":0,"k":[400,300,0]},"a":{"a":0,"k":[0,0,0]},"s":{"a":1,"k":[{"i":{"x":[0,0,0.667],"y":[1,1,0.667]},"o":{"x":[0.167,0.167,0.167],"y":[0.167,0.167,0.167]},"n":["0_1_0p167_0p167","0_1_0p167_0p167","0p667_0p667_0p167_0p167"],"t":124,"s":[0,0,100],"e":[125,125,100]},{"i":{"x":[0.667,0.667,0.667],"y":[1,1,0.667]},"o":{"x":[0.167,0.167,0.167],"y":[0.167,0.167,0.167]},"n":["0p667_1_0p167_0p167","0p667_1_0p167_0p167","0p667_0p667_0p167_0p167"],"t":129,"s":[125,125,100],"e":[90,90,100]},{"i":{"x":[0.833,0.833,0.833],"y":[0.833,0.833,0.833]},"o":{"x":[0.333,0.333,0.333],"y":[0,0,0.333]},"n":["0p833_0p833_0p333_0","0p833_0p833_0p333_0","0p833_0p833_0p333_0p333"],"t":132,"s":[90,90,100],"e":[100,100,100]},{"i":{"x":[0.833,0.833,0.833],"y":[0.833,0.833,0.833]},"o":{"x":[0.167,0.167,0.167],"y":[0.167,0.167,0.167]},"n":["0p833_0p833_0p167_0p167","0p833_0p833_0p167_0p167","0p833_0p833_0p167_0p167"],"t":135,"s":[100,100,100],"e":[100,100,100]},{"i":{"x":[0,0,0.667],"y":[1,1,0.667]},"o":{"x":[0.167,0.167,0.167],"y":[0.167,0.167,0.167]},"n":["0_1_0p167_0p167","0_1_0p167_0p167","0p667_0p667_0p167_0p167"],"t":205,"s":[100,100,100],"e":[0,0,100]},{"t":210.000008553475}]}},"ao":0,"shapes":[{"ty":"gr","it":[{"ind":0,"ty":"sh","ix":1,"ks":{"a":0,"k":{"i":[[0.58,0.581],[0,0],[-0.586,0.586],[0,0],[-0.586,-0.586],[0,0],[0,0],[-0.578,-0.593],[0,0],[0.593,-0.578],[0,0]],"o":[[0,0],[-0.586,-0.586],[0,0],[0.586,-0.586],[0,0],[0,0],[0.593,-0.578],[0,0],[0.578,0.593],[0,0],[-0.588,0.573]],"v":[[-6.426,14.748],[-20.11,1.063],[-20.11,-1.059],[-16.575,-4.594],[-14.454,-4.594],[-5.306,4.553],[14.506,-14.756],[16.627,-14.729],[20.117,-11.148],[20.09,-9.027],[-4.318,14.761]],"c":true}},"nm":"Path 1","mn":"ADBE Vector Shape - Group"},{"ty":"fl","c":{"a":0,"k":[1,1,1,1]},"o":{"a":0,"k":100},"r":1,"nm":"Fill 1","mn":"ADBE Vector Graphic - Fill"},{"ty":"tr","p":{"a":0,"k":[0,0],"ix":2},"a":{"a":0,"k":[0,0],"ix":1},"s":{"a":0,"k":[100,100],"ix":3},"r":{"a":0,"k":0,"ix":6},"o":{"a":0,"k":100,"ix":7},"sk":{"a":0,"k":0,"ix":4},"sa":{"a":0,"k":0,"ix":5},"nm":"Transform"}],"nm":"Shape 1","np":3,"cix":2,"ix":1,"mn":"ADBE Vector Group"}],"ip":0,"op":450.000018328876,"st":0,"bm":0,"sr":1},{"ddd":0,"ind":2,"ty":4,"nm":"Shape Layer 2","td":1,"ks":{"o":{"a":0,"k":100},"r":{"a":0,"k":0},"p":{"a":0,"k":[400,300,0]},"a":{"a":0,"k":[0,0,0]},"s":{"a":0,"k":[100,100,100]}},"ao":0,"shapes":[{"ty":"gr","it":[{"ind":0,"ty":"sh","ix":1,"ks":{"a":1,"k":[{"i":{"x":0,"y":1},"o":{"x":0.167,"y":0.167},"n":"0_1_0p167_0p167","t":60,"s":[{"i":[[7.15,0],[0,0],[0,-7.15],[0,0],[-7.149,0],[0,0],[0,7.149],[0,0]],"o":[[0,0],[-7.149,0],[0,0],[0,7.149],[0,0],[7.15,0],[0,0],[0,-7.15]],"v":[[23,-36],[-23,-36],[-36,-23],[-36,23],[-23,36],[23,36],[36,23],[36,-23]],"c":true}],"e":[{"i":[[4.95,0],[0,0],[0,-4.95],[0,0],[-4.949,0],[0,0],[0,4.949],[0,0]],"o":[[0,0],[-4.949,0],[0,0],[0,4.949],[0,0],[4.95,0],[0,0],[0,-4.95]],"v":[[20.953,-29.953],[-20.969,-29.953],[-29.969,-20.953],[-29.969,20.938],[-20.969,29.938],[20.953,29.938],[29.953,20.938],[29.953,-20.953]],"c":true}]},{"i":{"x":0.833,"y":0.833},"o":{"x":0.167,"y":0.167},"n":"0p833_0p833_0p167_0p167","t":70,"s":[{"i":[[4.95,0],[0,0],[0,-4.95],[0,0],[-4.949,0],[0,0],[0,4.949],[0,0]],"o":[[0,0],[-4.949,0],[0,0],[0,4.949],[0,0],[4.95,0],[0,0],[0,-4.95]],"v":[[20.953,-29.953],[-20.969,-29.953],[-29.969,-20.953],[-29.969,20.938],[-20.969,29.938],[20.953,29.938],[29.953,20.938],[29.953,-20.953]],"c":true}],"e":[{"i":[[4.95,0],[0,0],[0,-4.95],[0,0],[-4.949,0],[0,0],[0,4.949],[0,0]],"o":[[0,0],[-4.949,0],[0,0],[0,4.949],[0,0],[4.95,0],[0,0],[0,-4.95]],"v":[[20.953,-29.953],[-20.969,-29.953],[-29.969,-20.953],[-29.969,20.938],[-20.969,29.938],[20.953,29.938],[29.953,20.938],[29.953,-20.953]],"c":true}]},{"i":{"x":0,"y":1},"o":{"x":0.167,"y":0.167},"n":"0_1_0p167_0p167","t":120,"s":[{"i":[[4.95,0],[0,0],[0,-4.95],[0,0],[-4.949,0],[0,0],[0,4.949],[0,0]],"o":[[0,0],[-4.949,0],[0,0],[0,4.949],[0,0],[4.95,0],[0,0],[0,-4.95]],"v":[[20.953,-29.953],[-20.969,-29.953],[-29.969,-20.953],[-29.969,20.938],[-20.969,29.938],[20.953,29.938],[29.953,20.938],[29.953,-20.953]],"c":true}],"e":[{"i":[[0,0],[0,0],[0,0],[0,0],[0,0],[0,0],[0,0],[0,0]],"o":[[0,0],[0,0],[0,0],[0,0],[0,0],[0,0],[0,0],[0,0]],"v":[[0.25,-0.25],[0,-0.25],[-0.25,-0.25],[-0.25,0],[-0.25,0.25],[0,0.25],[0.25,0.25],[0.25,0]],"c":true}]},{"i":{"x":0.833,"y":0.833},"o":{"x":0.167,"y":0.167},"n":"0p833_0p833_0p167_0p167","t":125,"s":[{"i":[[0,0],[0,0],[0,0],[0,0],[0,0],[0,0],[0,0],[0,0]],"o":[[0,0],[0,0],[0,0],[0,0],[0,0],[0,0],[0,0],[0,0]],"v":[[0.25,-0.25],[0,-0.25],[-0.25,-0.25],[-0.25,0],[-0.25,0.25],[0,0.25],[0.25,0.25],[0.25,0]],"c":true}],"e":[{"i":[[0,0],[0,0],[0,0],[0,0],[0,0],[0,0],[0,0],[0,0]],"o":[[0,0],[0,0],[0,0],[0,0],[0,0],[0,0],[0,0],[0,0]],"v":[[0.25,-0.25],[0,-0.25],[-0.25,-0.25],[-0.25,0],[-0.25,0.25],[0,0.25],[0.25,0.25],[0.25,0]],"c":true}]},{"i":{"x":0,"y":1},"o":{"x":0.167,"y":0.167},"n":"0_1_0p167_0p167","t":205,"s":[{"i":[[0,0],[0,0],[0,0],[0,0],[0,0],[0,0],[0,0],[0,0]],"o":[[0,0],[0,0],[0,0],[0,0],[0,0],[0,0],[0,0],[0,0]],"v":[[0.25,-0.25],[0,-0.25],[-0.25,-0.25],[-0.25,0],[-0.25,0.25],[0,0.25],[0.25,0.25],[0.25,0]],"c":true}],"e":[{"i":[[7.15,0],[0,0],[0,-7.15],[0,0],[-7.149,0],[0,0],[0,7.149],[0,0]],"o":[[0,0],[-7.149,0],[0,0],[0,7.149],[0,0],[7.15,0],[0,0],[0,-7.15]],"v":[[23,-36],[-23,-36],[-36,-23],[-36,23],[-23,36],[23,36],[36,23],[36,-23]],"c":true}]},{"t":210.000008553475}]},"nm":"Path 1","mn":"ADBE Vector Shape - Group"},{"ty":"fl","c":{"a":0,"k":[0.105882,0.105882,0.105882,1]},"o":{"a":0,"k":100},"r":1,"nm":"Fill 1","mn":"ADBE Vector Graphic - Fill"},{"ty":"tr","p":{"a":0,"k":[0,0],"ix":2},"a":{"a":0,"k":[0,0],"ix":1},"s":{"a":0,"k":[100,100],"ix":3},"r":{"a":0,"k":0,"ix":6},"o":{"a":0,"k":100,"ix":7},"sk":{"a":0,"k":0,"ix":4},"sa":{"a":0,"k":0,"ix":5},"nm":"Transform"}],"nm":"Shape 1","np":3,"cix":2,"ix":1,"mn":"ADBE Vector Group"}],"ip":0,"op":450.000018328876,"st":0,"bm":0,"sr":1},{"ddd":0,"ind":3,"ty":4,"nm":"Shape Layer 1","tt":2,"ks":{"o":{"a":1,"k":[{"i":{"x":[0],"y":[1]},"o":{"x":[0.167],"y":[0.167]},"n":["0_1_0p167_0p167"],"t":120,"s":[25],"e":[100]},{"i":{"x":[0.833],"y":[0.833]},"o":{"x":[0.167],"y":[0.167]},"n":["0p833_0p833_0p167_0p167"],"t":128,"s":[100],"e":[100]},{"i":{"x":[0.833],"y":[0.833]},"o":{"x":[0.167],"y":[0.167]},"n":["0p833_0p833_0p167_0p167"],"t":205,"s":[100],"e":[25]},{"t":210.000008553475}]},"r":{"a":0,"k":0},"p":{"a":0,"k":[400,299.969,0]},"a":{"a":0,"k":[0,0,0]},"s":{"a":0,"k":[100,100,100]}},"ao":0,"shapes":[{"ty":"gr","it":[{"ind":0,"ty":"sh","ix":1,"ks":{"a":0,"k":{"i":[[8.25,0],[0,0],[0,-8.25],[0,0],[-8.25,0],[0,0],[0,8.25],[0,0]],"o":[[0,0],[-8.25,0],[0,0],[0,8.25],[0,0],[8.25,0],[0,0],[0,-8.25]],"v":[[23,-38],[-23,-38],[-38,-23],[-38,23],[-23,38],[23,38],[38,23],[38,-23]],"c":true}},"nm":"Path 1","mn":"ADBE Vector Shape - Group"},{"ty":"fl","c":{"a":0,"k":[0.105882,0.105882,0.105882,1]},"o":{"a":0,"k":100},"r":1,"nm":"Fill 1","mn":"ADBE Vector Graphic - Fill"},{"ty":"tr","p":{"a":0,"k":[0,0],"ix":2},"a":{"a":0,"k":[0,0],"ix":1},"s":{"a":0,"k":[100,100],"ix":3},"r":{"a":0,"k":0,"ix":6},"o":{"a":0,"k":100,"ix":7},"sk":{"a":0,"k":0,"ix":4},"sa":{"a":0,"k":0,"ix":5},"nm":"Transform"}],"nm":"Shape 1","np":3,"cix":2,"ix":1,"mn":"ADBE Vector Group"}],"ip":0,"op":450.000018328876,"st":0,"bm":0,"sr":1}]}