{"v":"4.6.9","fr":29.9700012207031,"ip":0,"op":172.000007005704,"w":800,"h":600,"nm":"Emoji Reaction","ddd":0,"assets":[{"id":"comp_0","layers":[{"ddd":0,"ind":1,"ty":4,"nm":"Right Lid","ks":{"o":{"a":0,"k":100},"r":{"a":1,"k":[{"i":{"x":[0],"y":[1]},"o":{"x":[0.167],"y":[0.167]},"n":["0_1_0p167_0p167"],"t":60,"s":[0],"e":[-13]},{"t":75.0000030548126}]},"p":{"a":1,"k":[{"i":{"x":0,"y":1},"o":{"x":0.167,"y":0.167},"n":"0_1_0p167_0p167","t":60,"s":[437,313,0],"e":[434.5,303,0],"to":[-0.41666665673256,-1.66666662693024,0],"ti":[0.41666665673256,1.66666662693024,0]},{"t":75.0000030548126}]},"a":{"a":0,"k":[0,0,0]},"s":{"a":0,"k":[100,100,100]}},"ao":0,"shapes":[{"ty":"gr","it":[{"ind":0,"ty":"sh","ix":1,"ks":{"a":0,"k":{"i":[[0,0],[0,0],[0,0],[0,0]],"o":[[0,0],[0,0],[0,0],[0,0]],"v":[[22,-5],[-22,-5],[-22,5],[22,5]],"c":true}},"nm":"Path 1","mn":"ADBE Vector Shape - Group"},{"ty":"fl","c":{"a":1,"k":[{"i":{"x":[0],"y":[1]},"o":{"x":[0.167],"y":[-0.289]},"n":["0_1_0p167_-0p289"],"t":60,"s":[0.7764706,0.7764706,0.7764706,1],"e":[0.1058824,0.1058824,0.1058824,1]},{"t":75.0000030548126}]},"o":{"a":0,"k":100},"r":1,"nm":"Fill 1","mn":"ADBE Vector Graphic - Fill"},{"ty":"tr","p":{"a":0,"k":[0,0],"ix":2},"a":{"a":0,"k":[0,0],"ix":1},"s":{"a":0,"k":[100,100],"ix":3},"r":{"a":0,"k":0,"ix":6},"o":{"a":0,"k":100,"ix":7},"sk":{"a":0,"k":0,"ix":4},"sa":{"a":0,"k":0,"ix":5},"nm":"Transform"}],"nm":"Shape 1","np":3,"cix":2,"ix":1,"mn":"ADBE Vector Group"}],"ip":0,"op":315.000012830213,"st":0,"bm":0,"sr":1},{"ddd":0,"ind":2,"ty":0,"nm":"Eye","refId":"comp_1","ks":{"o":{"a":0,"k":100},"r":{"a":0,"k":0},"p":{"a":1,"k":[{"i":{"x":0,"y":1},"o":{"x":0.167,"y":0.167},"n":"0_1_0p167_0p167","t":60,"s":[400,322.5,0],"e":[400,310,0],"to":[0,-2.08333325386047,0],"ti":[0,2.08333325386047,0]},{"t":75.0000030548126}]},"a":{"a":0,"k":[400,300,0]},"s":{"a":0,"k":[-100,100,100]}},"ao":0,"w":800,"h":600,"ip":0,"op":315.000012830213,"st":0,"bm":0,"sr":1}]},{"id":"comp_1","layers":[{"ddd":0,"ind":1,"ty":4,"nm":"Shape Layer 1","td":1,"ks":{"o":{"a":0,"k":100},"r":{"a":0,"k":0},"p":{"a":0,"k":[400,300,0]},"a":{"a":0,"k":[0,0,0]},"s":{"a":0,"k":[100,100,100]}},"ao":0,"shapes":[{"ty":"gr","it":[{"ty":"fl","c":{"a":0,"k":[0.105882,0.105882,0.105882,1]},"o":{"a":0,"k":100},"r":1,"nm":"Fill 1","mn":"ADBE Vector Graphic - Fill"},{"ty":"tr","p":{"a":0,"k":[0,0],"ix":2},"a":{"a":0,"k":[0,0],"ix":1},"s":{"a":0,"k":[100,100],"ix":3},"r":{"a":0,"k":0,"ix":6},"o":{"a":0,"k":100,"ix":7},"sk":{"a":0,"k":0,"ix":4},"sa":{"a":0,"k":0,"ix":5},"nm":"Transform"}],"nm":"Shape 2","np":2,"cix":2,"ix":1,"mn":"ADBE Vector Group"},{"ty":"gr","it":[{"ind":0,"ty":"sh","ix":1,"ks":{"a":0,"k":{"i":[[0,0],[0,0],[0,0],[0,0]],"o":[[0,0],[0,0],[0,0],[0,0]],"v":[[-19.667,-17.265],[-25,4.667],[25,20.667],[21.896,-28.167]],"c":true}},"nm":"Path 1","mn":"ADBE Vector Shape - Group"},{"ty":"fl","c":{"a":0,"k":[0.105882,0.105882,0.105882,1]},"o":{"a":0,"k":100},"r":1,"nm":"Fill 1","mn":"ADBE Vector Graphic - Fill"},{"ty":"tr","p":{"a":0,"k":[-35,-18],"ix":2},"a":{"a":0,"k":[0,0],"ix":1},"s":{"a":0,"k":[100,100],"ix":3},"r":{"a":0,"k":0,"ix":6},"o":{"a":0,"k":100,"ix":7},"sk":{"a":0,"k":0,"ix":4},"sa":{"a":0,"k":0,"ix":5},"nm":"Transform"}],"nm":"Shape 1","np":3,"cix":2,"ix":2,"mn":"ADBE Vector Group"}],"ip":0,"op":315.000012830213,"st":0,"bm":0,"sr":1},{"ddd":0,"ind":2,"ty":4,"nm":"Shape Layer 3","tt":2,"ks":{"o":{"a":0,"k":100},"r":{"a":0,"k":0},"p":{"a":1,"k":[{"i":{"x":0,"y":1},"o":{"x":0.167,"y":0.167},"n":"0_1_0p167_0p167","t":60,"s":[400,280,0],"e":[400,300,0],"to":[0,3.33333325386047,0],"ti":[0,-3.33333325386047,0]},{"t":75.0000030548126}]},"a":{"a":0,"k":[0,0,0]},"s":{"a":0,"k":[100,100,100]}},"ao":0,"shapes":[{"ty":"gr","it":[{"ind":0,"ty":"sh","ix":1,"ks":{"a":0,"k":{"i":[[0,9.06],[5.206,0],[0,-9.06],[-5.206,0]],"o":[[0,-9.06],[-5.206,0],[0,9.06],[5.206,0]],"v":[[-23.074,-2.5],[-32.5,-18.905],[-41.926,-2.5],[-32.5,13.905]],"c":true}},"nm":"Path 1","mn":"ADBE Vector Shape - Group"},{"ty":"fl","c":{"a":1,"k":[{"i":{"x":[0],"y":[1]},"o":{"x":[0.167],"y":[-0.289]},"n":["0_1_0p167_-0p289"],"t":60,"s":[0.7764706,0.7764706,0.7764706,1],"e":[0.1058824,0.1058824,0.1058824,1]},{"t":75.0000030548126}]},"o":{"a":0,"k":100},"r":1,"nm":"Fill 1","mn":"ADBE Vector Graphic - Fill"},{"ty":"tr","p":{"a":0,"k":[0,0],"ix":2},"a":{"a":0,"k":[0,0],"ix":1},"s":{"a":0,"k":[100,100],"ix":3},"r":{"a":0,"k":0,"ix":6},"o":{"a":0,"k":100,"ix":7},"sk":{"a":0,"k":0,"ix":4},"sa":{"a":0,"k":0,"ix":5},"nm":"Transform"}],"nm":"Shape 1","np":3,"cix":2,"ix":1,"mn":"ADBE Vector Group"}],"ip":0,"op":315.000012830213,"st":0,"bm":0,"sr":1}]},{"id":"comp_2","layers":[{"ddd":0,"ind":1,"ty":4,"nm":"Left Lid","ks":{"o":{"a":0,"k":100},"r":{"a":1,"k":[{"i":{"x":[0],"y":[1]},"o":{"x":[0.167],"y":[0.167]},"n":["0_1_0p167_0p167"],"t":60,"s":[0],"e":[13]},{"t":75.0000030548126}]},"p":{"a":1,"k":[{"i":{"x":0,"y":1},"o":{"x":0.167,"y":0.167},"n":"0_1_0p167_0p167","t":60,"s":[363,313,0],"e":[365.5,303,0],"to":[0.41666665673256,-1.66666662693024,0],"ti":[-0.41666665673256,1.66666662693024,0]},{"t":75.0000030548126}]},"a":{"a":0,"k":[0,0,0]},"s":{"a":0,"k":[100,100,100]}},"ao":0,"shapes":[{"ty":"gr","it":[{"ind":0,"ty":"sh","ix":1,"ks":{"a":0,"k":{"i":[[0,0],[0,0],[0,0],[0,0]],"o":[[0,0],[0,0],[0,0],[0,0]],"v":[[22,-5],[-22,-5],[-22,5],[22,5]],"c":true}},"nm":"Path 1","mn":"ADBE Vector Shape - Group"},{"ty":"fl","c":{"a":1,"k":[{"i":{"x":[0],"y":[1]},"o":{"x":[0.167],"y":[-0.289]},"n":["0_1_0p167_-0p289"],"t":60,"s":[0.7764706,0.7764706,0.7764706,1],"e":[0.1058824,0.1058824,0.1058824,1]},{"t":75.0000030548126}]},"o":{"a":0,"k":100},"r":1,"nm":"Fill 1","mn":"ADBE Vector Graphic - Fill"},{"ty":"tr","p":{"a":0,"k":[0,0],"ix":2},"a":{"a":0,"k":[0,0],"ix":1},"s":{"a":0,"k":[100,100],"ix":3},"r":{"a":0,"k":0,"ix":6},"o":{"a":0,"k":100,"ix":7},"sk":{"a":0,"k":0,"ix":4},"sa":{"a":0,"k":0,"ix":5},"nm":"Transform"}],"nm":"Shape 1","np":3,"cix":2,"ix":1,"mn":"ADBE Vector Group"}],"ip":0,"op":315.000012830213,"st":0,"bm":0,"sr":1},{"ddd":0,"ind":2,"ty":0,"nm":"Eye","refId":"comp_1","ks":{"o":{"a":0,"k":100},"r":{"a":0,"k":0},"p":{"a":1,"k":[{"i":{"x":0,"y":1},"o":{"x":0.167,"y":0.167},"n":"0_1_0p167_0p167","t":60,"s":[400,322.5,0],"e":[400,310,0],"to":[0,-2.08333325386047,0],"ti":[0,2.08333325386047,0]},{"t":75.0000030548126}]},"a":{"a":0,"k":[400,300,0]},"s":{"a":0,"k":[100,100,100]}},"ao":0,"w":800,"h":600,"ip":0,"op":315.000012830213,"st":0,"bm":0,"sr":1}]}],"layers":[{"ddd":0,"ind":1,"ty":4,"nm":"Face Mask 2","td":1,"ks":{"o":{"a":0,"k":100},"r":{"a":0,"k":0},"p":{"a":0,"k":[400,300,0]},"a":{"a":0,"k":[0,0,0]},"s":{"a":1,"k":[{"i":{"x":[0,0,0.667],"y":[1,1,0.667]},"o":{"x":[0.167,0.167,0.167],"y":[0.167,0.167,0.167]},"n":["0_1_0p167_0p167","0_1_0p167_0p167","0p667_0p667_0p167_0p167"],"t":147,"s":[134.746,134.746,100],"e":[107,107,100]},{"t":157.000006394741}]}},"ao":0,"shapes":[{"ty":"gr","it":[{"ind":0,"ty":"sh","ix":1,"ks":{"a":0,"k":{"i":[[0,-44.506],[44.506,0],[0,44.506],[-44.506,0]],"o":[[0,44.506],[-44.506,0],[0,-44.506],[44.506,0]],"v":[[80.586,0],[0,80.586],[-80.586,0],[0,-80.586]],"c":true}},"nm":"Path 1","mn":"ADBE Vector Shape - Group"},{"ty":"fl","c":{"a":0,"k":[0.105882,0.105882,0.105882,1]},"o":{"a":0,"k":100},"r":1,"nm":"Fill 1","mn":"ADBE Vector Graphic - Fill"},{"ty":"tr","p":{"a":0,"k":[0,0],"ix":2},"a":{"a":0,"k":[0,0],"ix":1},"s":{"a":0,"k":[100,100],"ix":3},"r":{"a":0,"k":90,"ix":6},"o":{"a":0,"k":100,"ix":7},"sk":{"a":0,"k":0,"ix":4},"sa":{"a":0,"k":0,"ix":5},"nm":"Transform"}],"nm":"Shape 1","np":3,"cix":2,"ix":1,"mn":"ADBE Vector Group"}],"ip":0,"op":315.000012830213,"st":0,"bm":0,"sr":1},{"ddd":0,"ind":2,"ty":4,"nm":"Vein","tt":1,"ks":{"o":{"a":0,"k":100},"r":{"a":0,"k":0},"p":{"a":1,"k":[{"i":{"x":0.833,"y":0.833},"o":{"x":1,"y":0},"n":"0p833_0p833_1_0","t":150,"s":[439.25,248,0],"e":[539.25,248,0],"to":[16.6666660308838,0,0],"ti":[-16.6666660308838,0,0]},{"t":160.000006516934}]},"a":{"a":0,"k":[-8.75,18.5,0]},"s":{"a":1,"k":[{"i":{"x":[0.667,0.667,0.667],"y":[1,1,0.667]},"o":{"x":[0.167,0.167,0.167],"y":[0.167,0.167,0.167]},"n":["0p667_1_0p167_0p167","0p667_1_0p167_0p167","0p667_0p667_0p167_0p167"],"t":64,"s":[0,0,100],"e":[125,125,100]},{"i":{"x":[0.667,0.667,0.667],"y":[1,1,0.667]},"o":{"x":[0.333,0.333,0.333],"y":[0,0,0.333]},"n":["0p667_1_0p333_0","0p667_1_0p333_0","0p667_0p667_0p333_0p333"],"t":70,"s":[125,125,100],"e":[90,90,100]},{"i":{"x":[0.667,0.667,0.667],"y":[1,1,0.667]},"o":{"x":[0.333,0.333,0.333],"y":[0,0,0.333]},"n":["0p667_1_0p333_0","0p667_1_0p333_0","0p667_0p667_0p333_0p333"],"t":73,"s":[90,90,100],"e":[100,100,100]},{"t":78.0000031770051}]}},"ao":0,"shapes":[{"ty":"gr","it":[{"ind":0,"ty":"sh","ix":1,"ks":{"a":0,"k":{"i":[[0,0],[-12.569,4.663]],"o":[[-4.664,-12.569],[0,0]],"v":[[-4.825,15.601],[9.489,-15.601]],"c":false}},"nm":"Path 1","mn":"ADBE Vector Shape - Group"},{"ty":"st","c":{"a":0,"k":[0.9058824,0.2862745,0.2862745,1]},"o":{"a":0,"k":100},"w":{"a":0,"k":10},"lc":1,"lj":1,"ml":4,"nm":"Stroke 1","mn":"ADBE Vector Graphic - Stroke"},{"ty":"tr","p":{"a":0,"k":[17.5,32.5],"ix":2},"a":{"a":0,"k":[0,0],"ix":1},"s":{"a":0,"k":[100,100],"ix":3},"r":{"a":0,"k":0,"ix":6},"o":{"a":0,"k":100,"ix":7},"sk":{"a":0,"k":0,"ix":4},"sa":{"a":0,"k":0,"ix":5},"nm":"Transform"}],"nm":"Shape 4","np":3,"cix":2,"ix":1,"mn":"ADBE Vector Group"},{"ty":"gr","it":[{"ind":0,"ty":"sh","ix":1,"ks":{"a":0,"k":{"i":[[0,0],[12.569,-4.663]],"o":[[-4.663,-12.569],[0,0]],"v":[[15.601,9.488],[-15.601,-4.825]],"c":false}},"nm":"Path 1","mn":"ADBE Vector Shape - Group"},{"ty":"st","c":{"a":0,"k":[0.9058824,0.2862745,0.2862745,1]},"o":{"a":0,"k":100},"w":{"a":0,"k":10},"lc":1,"lj":1,"ml":4,"nm":"Stroke 1","mn":"ADBE Vector Graphic - Stroke"},{"ty":"tr","p":{"a":0,"k":[-22.5,45],"ix":2},"a":{"a":0,"k":[0,0],"ix":1},"s":{"a":0,"k":[100,100],"ix":3},"r":{"a":0,"k":0,"ix":6},"o":{"a":0,"k":100,"ix":7},"sk":{"a":0,"k":0,"ix":4},"sa":{"a":0,"k":0,"ix":5},"nm":"Transform"}],"nm":"Shape 3","np":3,"cix":2,"ix":2,"mn":"ADBE Vector Group"},{"ty":"gr","it":[{"ind":0,"ty":"sh","ix":1,"ks":{"a":0,"k":{"i":[[0,0],[-12.569,4.663]],"o":[[4.663,12.569],[0,0]],"v":[[-15.601,-9.489],[15.601,4.825]],"c":false}},"nm":"Path 1","mn":"ADBE Vector Shape - Group"},{"ty":"st","c":{"a":0,"k":[0.9058824,0.2862745,0.2862745,1]},"o":{"a":0,"k":100},"w":{"a":0,"k":10},"lc":1,"lj":1,"ml":4,"nm":"Stroke 1","mn":"ADBE Vector Graphic - Stroke"},{"ty":"tr","p":{"a":0,"k":[5,-8],"ix":2},"a":{"a":0,"k":[0,0],"ix":1},"s":{"a":0,"k":[100,100],"ix":3},"r":{"a":0,"k":0,"ix":6},"o":{"a":0,"k":100,"ix":7},"sk":{"a":0,"k":0,"ix":4},"sa":{"a":0,"k":0,"ix":5},"nm":"Transform"}],"nm":"Shape 2","np":3,"cix":2,"ix":3,"mn":"ADBE Vector Group"},{"ty":"gr","it":[{"ind":0,"ty":"sh","ix":1,"ks":{"a":0,"k":{"i":[[0,0],[12.569,-4.663]],"o":[[4.663,12.569],[0,0]],"v":[[4.825,-15.601],[-9.489,15.601]],"c":false}},"nm":"Path 1","mn":"ADBE Vector Shape - Group"},{"ty":"st","c":{"a":0,"k":[0.9058824,0.2862745,0.2862745,1]},"o":{"a":0,"k":100},"w":{"a":0,"k":10},"lc":1,"lj":1,"ml":4,"nm":"Stroke 1","mn":"ADBE Vector Graphic - Stroke"},{"ty":"tr","p":{"a":0,"k":[-35,5],"ix":2},"a":{"a":0,"k":[0,0],"ix":1},"s":{"a":0,"k":[100,100],"ix":3},"r":{"a":0,"k":0,"ix":6},"o":{"a":0,"k":100,"ix":7},"sk":{"a":0,"k":0,"ix":4},"sa":{"a":0,"k":0,"ix":5},"nm":"Transform"}],"nm":"Shape 1","np":3,"cix":2,"ix":4,"mn":"ADBE Vector Group"}],"ip":0,"op":315.000012830213,"st":0,"bm":0,"sr":1},{"ddd":0,"ind":3,"ty":4,"nm":"Face Mask 7","td":1,"ks":{"o":{"a":0,"k":100},"r":{"a":0,"k":0},"p":{"a":0,"k":[400,300,0]},"a":{"a":0,"k":[0,0,0]},"s":{"a":0,"k":[100,100,100]}},"ao":0,"shapes":[{"ty":"gr","it":[{"ind":0,"ty":"sh","ix":1,"ks":{"a":0,"k":{"i":[[0,-44.506],[44.506,0],[0,44.506],[-44.506,0]],"o":[[0,44.506],[-44.506,0],[0,-44.506],[44.506,0]],"v":[[80.586,0],[0,80.586],[-80.586,0],[0,-80.586]],"c":true}},"nm":"Path 1","mn":"ADBE Vector Shape - Group"},{"ty":"fl","c":{"a":0,"k":[0.105882,0.105882,0.105882,1]},"o":{"a":0,"k":100},"r":1,"nm":"Fill 1","mn":"ADBE Vector Graphic - Fill"},{"ty":"tr","p":{"a":0,"k":[0,0],"ix":2},"a":{"a":0,"k":[0,0],"ix":1},"s":{"a":0,"k":[100,100],"ix":3},"r":{"a":0,"k":90,"ix":6},"o":{"a":0,"k":100,"ix":7},"sk":{"a":0,"k":0,"ix":4},"sa":{"a":0,"k":0,"ix":5},"nm":"Transform"}],"nm":"Shape 1","np":3,"cix":2,"ix":1,"mn":"ADBE Vector Group"}],"ip":0,"op":315.000012830213,"st":0,"bm":0,"sr":1},{"ddd":0,"ind":4,"ty":4,"nm":"Mouth 2","tt":1,"ks":{"o":{"a":0,"k":100},"r":{"a":0,"k":0},"p":{"a":0,"k":[401,299.5,0]},"a":{"a":0,"k":[0,0,0]},"s":{"a":0,"k":[100,100,100]}},"ao":0,"shapes":[{"ty":"gr","it":[{"ind":0,"ty":"sh","ix":1,"ks":{"a":0,"k":{"i":[[0,0],[0,0]],"o":[[0,0],[0,0]],"v":[[-16,50.5],[13.938,50.5]],"c":false}},"nm":"Path 1","mn":"ADBE Vector Shape - Group"},{"ty":"st","c":{"a":0,"k":[0.7764706,0.7764706,0.7764706,1]},"o":{"a":0,"k":100},"w":{"a":0,"k":10},"lc":1,"lj":1,"ml":4,"nm":"Stroke 1","mn":"ADBE Vector Graphic - Stroke"},{"ty":"tr","p":{"a":1,"k":[{"i":{"x":0,"y":1},"o":{"x":0.167,"y":0.167},"n":"0_1_0p167_0p167","t":157,"s":[-130,0],"e":[0,0],"to":[21.6666660308838,0],"ti":[-21.6666660308838,0]},{"t":172.000007005704}],"ix":2},"a":{"a":0,"k":[0,0],"ix":1},"s":{"a":0,"k":[100,100],"ix":3},"r":{"a":0,"k":0,"ix":6},"o":{"a":0,"k":100,"ix":7},"sk":{"a":0,"k":0,"ix":4},"sa":{"a":0,"k":0,"ix":5},"nm":"Transform"}],"nm":"Shape 1","np":3,"cix":2,"ix":1,"mn":"ADBE Vector Group"}],"ip":157.000006394741,"op":472.000019224954,"st":157.000006394741,"bm":0,"sr":1},{"ddd":0,"ind":5,"ty":4,"nm":"Face Mask 1","td":1,"ks":{"o":{"a":0,"k":100},"r":{"a":0,"k":0},"p":{"a":0,"k":[400,300,0]},"a":{"a":0,"k":[0,0,0]},"s":{"a":0,"k":[100,100,100]}},"ao":0,"shapes":[{"ty":"gr","it":[{"ind":0,"ty":"sh","ix":1,"ks":{"a":0,"k":{"i":[[0,-44.506],[44.506,0],[0,44.506],[-44.506,0]],"o":[[0,44.506],[-44.506,0],[0,-44.506],[44.506,0]],"v":[[80.586,0],[0,80.586],[-80.586,0],[0,-80.586]],"c":true}},"nm":"Path 1","mn":"ADBE Vector Shape - Group"},{"ty":"fl","c":{"a":0,"k":[0.105882,0.105882,0.105882,1]},"o":{"a":0,"k":100},"r":1,"nm":"Fill 1","mn":"ADBE Vector Graphic - Fill"},{"ty":"tr","p":{"a":0,"k":[0,0],"ix":2},"a":{"a":0,"k":[0,0],"ix":1},"s":{"a":0,"k":[100,100],"ix":3},"r":{"a":0,"k":90,"ix":6},"o":{"a":0,"k":100,"ix":7},"sk":{"a":0,"k":0,"ix":4},"sa":{"a":0,"k":0,"ix":5},"nm":"Transform"}],"nm":"Shape 1","np":3,"cix":2,"ix":1,"mn":"ADBE Vector Group"}],"ip":0,"op":315.000012830213,"st":0,"bm":0,"sr":1},{"ddd":0,"ind":6,"ty":4,"nm":"Mouth","tt":1,"ks":{"o":{"a":0,"k":100},"r":{"a":0,"k":0},"p":{"a":1,"k":[{"i":{"x":0,"y":1},"o":{"x":0.167,"y":0.167},"n":"0_1_0p167_0p167","t":60,"s":[401,299.5,0],"e":[401,349.5,0],"to":[0,8.33333301544189,0],"ti":[0,-8.33333301544189,0]},{"i":{"x":0.833,"y":0.833},"o":{"x":0.167,"y":0.167},"n":"0p833_0p833_0p167_0p167","t":68,"s":[401,349.5,0],"e":[401,349.5,0],"to":[0,0,0],"ti":[0,0,0]},{"i":{"x":0.667,"y":1},"o":{"x":0.167,"y":0.167},"n":"0p667_1_0p167_0p167","t":75,"s":[401,349.5,0],"e":[401,359.5,0],"to":[0,1.66666662693024,0],"ti":[0,-1.66666662693024,0]},{"i":{"x":0.833,"y":0.833},"o":{"x":0.167,"y":0.167},"n":"0p833_0p833_0p167_0p167","t":85,"s":[401,359.5,0],"e":[401,359.5,0],"to":[0,0,0],"ti":[0,0,0]},{"i":{"x":0.833,"y":0.833},"o":{"x":1,"y":0},"n":"0p833_0p833_1_0","t":150,"s":[401,359.5,0],"e":[511,359.5,0],"to":[18.3333339691162,0,0],"ti":[-18.3333339691162,0,0]},{"t":160.000006516934}]},"a":{"a":0,"k":[0,0,0]},"s":{"a":0,"k":[100,100,100]}},"ao":0,"shapes":[{"ty":"gr","it":[{"ind":0,"ty":"sh","ix":1,"ks":{"a":1,"k":[{"i":{"x":0,"y":1},"o":{"x":0.167,"y":0.167},"n":"0_1_0p167_0p167","t":60,"s":[{"i":[[0,0],[0,0],[0,0]],"o":[[0,0],[0,0],[0,0]],"v":[[-16,50.5],[-1.031,50.5],[13.938,50.5]],"c":false}],"e":[{"i":[[0,0],[-38.88,0],[0,0]],"o":[[0,0],[38.88,0],[0,0]],"v":[[-45.23,16.333],[0.224,-16.333],[45.23,16.333]],"c":false}]},{"t":68.0000027696968}]},"nm":"Path 1","mn":"ADBE Vector Shape - Group"},{"ty":"st","c":{"a":1,"k":[{"i":{"x":[0],"y":[1]},"o":{"x":[0.167],"y":[-0.289]},"n":["0_1_0p167_-0p289"],"t":60,"s":[0.7764706,0.7764706,0.7764706,1],"e":[0.1058824,0.1058824,0.1058824,1]},{"t":75.0000030548126}]},"o":{"a":0,"k":100},"w":{"a":0,"k":10},"lc":1,"lj":1,"ml":4,"nm":"Stroke 1","mn":"ADBE Vector Graphic - Stroke"},{"ty":"tr","p":{"a":1,"k":[{"i":{"x":0.667,"y":1},"o":{"x":0.333,"y":0},"n":"0p667_1_0p333_0","t":75,"s":[0,0],"e":[5,0],"to":[0.83333331346512,0],"ti":[0.83333331346512,0]},{"i":{"x":0.667,"y":1},"o":{"x":0.333,"y":0},"n":"0p667_1_0p333_0","t":78,"s":[5,0],"e":[-5,0],"to":[-0.83333331346512,0],"ti":[0,0]},{"i":{"x":0.667,"y":1},"o":{"x":0.333,"y":0},"n":"0p667_1_0p333_0","t":81,"s":[-5,0],"e":[5,0],"to":[0,0],"ti":[-0.75,0]},{"i":{"x":0.667,"y":1},"o":{"x":0.333,"y":0},"n":"0p667_1_0p333_0","t":84,"s":[5,0],"e":[-0.5,0],"to":[0.75,0],"ti":[0.91666668653488,0]},{"t":87.0000035435826}],"ix":2},"a":{"a":0,"k":[0,0],"ix":1},"s":{"a":0,"k":[100,100],"ix":3},"r":{"a":0,"k":0,"ix":6},"o":{"a":0,"k":100,"ix":7},"sk":{"a":0,"k":0,"ix":4},"sa":{"a":0,"k":0,"ix":5},"nm":"Transform"}],"nm":"Shape 1","np":3,"cix":2,"ix":1,"mn":"ADBE Vector Group"}],"ip":0,"op":315.000012830213,"st":0,"bm":0,"sr":1},{"ddd":0,"ind":7,"ty":4,"nm":"Face Mask 6","td":1,"ks":{"o":{"a":0,"k":100},"r":{"a":0,"k":0},"p":{"a":0,"k":[400,300,0]},"a":{"a":0,"k":[0,0,0]},"s":{"a":0,"k":[100,100,100]}},"ao":0,"shapes":[{"ty":"gr","it":[{"ind":0,"ty":"sh","ix":1,"ks":{"a":0,"k":{"i":[[0,-44.506],[44.506,0],[0,44.506],[-44.506,0]],"o":[[0,44.506],[-44.506,0],[0,-44.506],[44.506,0]],"v":[[80.586,0],[0,80.586],[-80.586,0],[0,-80.586]],"c":true}},"nm":"Path 1","mn":"ADBE Vector Shape - Group"},{"ty":"fl","c":{"a":0,"k":[0.105882,0.105882,0.105882,1]},"o":{"a":0,"k":100},"r":1,"nm":"Fill 1","mn":"ADBE Vector Graphic - Fill"},{"ty":"tr","p":{"a":0,"k":[0,0],"ix":2},"a":{"a":0,"k":[0,0],"ix":1},"s":{"a":0,"k":[100,100],"ix":3},"r":{"a":0,"k":90,"ix":6},"o":{"a":0,"k":100,"ix":7},"sk":{"a":0,"k":0,"ix":4},"sa":{"a":0,"k":0,"ix":5},"nm":"Transform"}],"nm":"Shape 1","np":3,"cix":2,"ix":1,"mn":"ADBE Vector Group"}],"ip":0,"op":315.000012830213,"st":0,"bm":0,"sr":1},{"ddd":0,"ind":8,"ty":0,"nm":"Right Eye","tt":1,"refId":"comp_0","ks":{"o":{"a":0,"k":100},"r":{"a":0,"k":0},"p":{"a":1,"k":[{"i":{"x":0,"y":1},"o":{"x":0.167,"y":0.167},"n":"0_1_0p167_0p167","t":157,"s":[240,300,0],"e":[400,300,0],"to":[26.6666660308838,0,0],"ti":[-26.6666660308838,0,0]},{"t":172.000007005704}]},"a":{"a":0,"k":[400,300,0]},"s":{"a":0,"k":[100,100,100]}},"ao":0,"w":800,"h":600,"ip":157.000006394741,"op":472.000019224954,"st":157.000006394741,"bm":0,"sr":1},{"ddd":0,"ind":9,"ty":4,"nm":"Face Mask 3","td":1,"ks":{"o":{"a":0,"k":100},"r":{"a":0,"k":0},"p":{"a":0,"k":[400,300,0]},"a":{"a":0,"k":[0,0,0]},"s":{"a":0,"k":[100,100,100]}},"ao":0,"shapes":[{"ty":"gr","it":[{"ind":0,"ty":"sh","ix":1,"ks":{"a":0,"k":{"i":[[0,-44.506],[44.506,0],[0,44.506],[-44.506,0]],"o":[[0,44.506],[-44.506,0],[0,-44.506],[44.506,0]],"v":[[80.586,0],[0,80.586],[-80.586,0],[0,-80.586]],"c":true}},"nm":"Path 1","mn":"ADBE Vector Shape - Group"},{"ty":"fl","c":{"a":0,"k":[0.105882,0.105882,0.105882,1]},"o":{"a":0,"k":100},"r":1,"nm":"Fill 1","mn":"ADBE Vector Graphic - Fill"},{"ty":"tr","p":{"a":0,"k":[0,0],"ix":2},"a":{"a":0,"k":[0,0],"ix":1},"s":{"a":0,"k":[100,100],"ix":3},"r":{"a":0,"k":90,"ix":6},"o":{"a":0,"k":100,"ix":7},"sk":{"a":0,"k":0,"ix":4},"sa":{"a":0,"k":0,"ix":5},"nm":"Transform"}],"nm":"Shape 1","np":3,"cix":2,"ix":1,"mn":"ADBE Vector Group"}],"ip":0,"op":315.000012830213,"st":0,"bm":0,"sr":1},{"ddd":0,"ind":10,"ty":0,"nm":"Right Eye","tt":1,"refId":"comp_0","ks":{"o":{"a":0,"k":100},"r":{"a":0,"k":0},"p":{"a":1,"k":[{"i":{"x":0.667,"y":1},"o":{"x":0.333,"y":0},"n":"0p667_1_0p333_0","t":75,"s":[400,300,0],"e":[405,303,0],"to":[0.83333331346512,0.5,0],"ti":[0.83333331346512,-1,0]},{"i":{"x":0.667,"y":1},"o":{"x":0.333,"y":0},"n":"0p667_1_0p333_0","t":78,"s":[405,303,0],"e":[395,306,0],"to":[-0.83333331346512,1,0],"ti":[0,-1,0]},{"i":{"x":0.667,"y":1},"o":{"x":0.333,"y":0},"n":"0p667_1_0p333_0","t":81,"s":[395,306,0],"e":[405,309,0],"to":[0,1,0],"ti":[-0.83333331346512,-0.5,0]},{"i":{"x":0.667,"y":1},"o":{"x":0.333,"y":0},"n":"0p667_1_0p333_0","t":84,"s":[405,309,0],"e":[400,309,0],"to":[0.83333331346512,0.5,0],"ti":[0.83333331346512,0,0]},{"i":{"x":0.833,"y":0.833},"o":{"x":0.333,"y":0.333},"n":"0p833_0p833_0p333_0p333","t":87,"s":[400,309,0],"e":[400,309,0],"to":[0,0,0],"ti":[0,0,0]},{"i":{"x":0.833,"y":0.833},"o":{"x":1,"y":0},"n":"0p833_0p833_1_0","t":150,"s":[400,309,0],"e":[520,309,0],"to":[20,0,0],"ti":[-20,0,0]},{"t":160.000006516934}]},"a":{"a":0,"k":[400,300,0]},"s":{"a":0,"k":[100,100,100]}},"ao":0,"w":800,"h":600,"ip":0,"op":315.000012830213,"st":0,"bm":0,"sr":1},{"ddd":0,"ind":11,"ty":4,"nm":"Face Mask 5","td":1,"ks":{"o":{"a":0,"k":100},"r":{"a":0,"k":0},"p":{"a":0,"k":[400,300,0]},"a":{"a":0,"k":[0,0,0]},"s":{"a":0,"k":[100,100,100]}},"ao":0,"shapes":[{"ty":"gr","it":[{"ind":0,"ty":"sh","ix":1,"ks":{"a":0,"k":{"i":[[0,-44.506],[44.506,0],[0,44.506],[-44.506,0]],"o":[[0,44.506],[-44.506,0],[0,-44.506],[44.506,0]],"v":[[80.586,0],[0,80.586],[-80.586,0],[0,-80.586]],"c":true}},"nm":"Path 1","mn":"ADBE Vector Shape - Group"},{"ty":"fl","c":{"a":0,"k":[0.105882,0.105882,0.105882,1]},"o":{"a":0,"k":100},"r":1,"nm":"Fill 1","mn":"ADBE Vector Graphic - Fill"},{"ty":"tr","p":{"a":0,"k":[0,0],"ix":2},"a":{"a":0,"k":[0,0],"ix":1},"s":{"a":0,"k":[100,100],"ix":3},"r":{"a":0,"k":90,"ix":6},"o":{"a":0,"k":100,"ix":7},"sk":{"a":0,"k":0,"ix":4},"sa":{"a":0,"k":0,"ix":5},"nm":"Transform"}],"nm":"Shape 1","np":3,"cix":2,"ix":1,"mn":"ADBE Vector Group"}],"ip":0,"op":315.000012830213,"st":0,"bm":0,"sr":1},{"ddd":0,"ind":12,"ty":0,"nm":"Left Eye","tt":1,"refId":"comp_2","ks":{"o":{"a":0,"k":100},"r":{"a":0,"k":0},"p":{"a":1,"k":[{"i":{"x":0,"y":1},"o":{"x":0.167,"y":0.167},"n":"0_1_0p167_0p167","t":157,"s":[260,300,0],"e":[400,300,0],"to":[23.3333339691162,0,0],"ti":[-23.3333339691162,0,0]},{"t":172.000007005704}]},"a":{"a":0,"k":[400,300,0]},"s":{"a":0,"k":[100,100,100]}},"ao":0,"w":800,"h":600,"ip":157.000006394741,"op":472.000019224954,"st":157.000006394741,"bm":0,"sr":1},{"ddd":0,"ind":13,"ty":4,"nm":"Face Mask 4","td":1,"ks":{"o":{"a":0,"k":100},"r":{"a":0,"k":0},"p":{"a":0,"k":[400,300,0]},"a":{"a":0,"k":[0,0,0]},"s":{"a":0,"k":[100,100,100]}},"ao":0,"shapes":[{"ty":"gr","it":[{"ind":0,"ty":"sh","ix":1,"ks":{"a":0,"k":{"i":[[0,-44.506],[44.506,0],[0,44.506],[-44.506,0]],"o":[[0,44.506],[-44.506,0],[0,-44.506],[44.506,0]],"v":[[80.586,0],[0,80.586],[-80.586,0],[0,-80.586]],"c":true}},"nm":"Path 1","mn":"ADBE Vector Shape - Group"},{"ty":"fl","c":{"a":0,"k":[0.105882,0.105882,0.105882,1]},"o":{"a":0,"k":100},"r":1,"nm":"Fill 1","mn":"ADBE Vector Graphic - Fill"},{"ty":"tr","p":{"a":0,"k":[0,0],"ix":2},"a":{"a":0,"k":[0,0],"ix":1},"s":{"a":0,"k":[100,100],"ix":3},"r":{"a":0,"k":90,"ix":6},"o":{"a":0,"k":100,"ix":7},"sk":{"a":0,"k":0,"ix":4},"sa":{"a":0,"k":0,"ix":5},"nm":"Transform"}],"nm":"Shape 1","np":3,"cix":2,"ix":1,"mn":"ADBE Vector Group"}],"ip":0,"op":315.000012830213,"st":0,"bm":0,"sr":1},{"ddd":0,"ind":14,"ty":0,"nm":"Left Eye","tt":1,"refId":"comp_2","ks":{"o":{"a":0,"k":100},"r":{"a":0,"k":0},"p":{"a":1,"k":[{"i":{"x":0.667,"y":1},"o":{"x":0.333,"y":0},"n":"0p667_1_0p333_0","t":75,"s":[400,300,0],"e":[405,303,0],"to":[0.83333331346512,0.5,0],"ti":[0.83333331346512,-1,0]},{"i":{"x":0.667,"y":1},"o":{"x":0.333,"y":0},"n":"0p667_1_0p333_0","t":78,"s":[405,303,0],"e":[395,306,0],"to":[-0.83333331346512,1,0],"ti":[0,-1,0]},{"i":{"x":0.667,"y":1},"o":{"x":0.333,"y":0},"n":"0p667_1_0p333_0","t":81,"s":[395,306,0],"e":[405,309,0],"to":[0,1,0],"ti":[-0.83333331346512,-0.5,0]},{"i":{"x":0.667,"y":1},"o":{"x":0.333,"y":0},"n":"0p667_1_0p333_0","t":84,"s":[405,309,0],"e":[400,309,0],"to":[0.83333331346512,0.5,0],"ti":[0.83333331346512,0,0]},{"i":{"x":0.833,"y":0.833},"o":{"x":0.333,"y":0.333},"n":"0p833_0p833_0p333_0p333","t":87,"s":[400,309,0],"e":[400,309,0],"to":[0,0,0],"ti":[0,0,0]},{"i":{"x":0.833,"y":0.833},"o":{"x":1,"y":0},"n":"0p833_0p833_1_0","t":150,"s":[400,309,0],"e":[540,309,0],"to":[23.3333339691162,0,0],"ti":[-23.3333339691162,0,0]},{"t":160.000006516934}]},"a":{"a":0,"k":[400,300,0]},"s":{"a":0,"k":[100,100,100]}},"ao":0,"w":800,"h":600,"ip":0,"op":315.000012830213,"st":0,"bm":0,"sr":1},{"ddd":0,"ind":15,"ty":4,"nm":"Face Outline","ks":{"o":{"a":0,"k":100},"r":{"a":0,"k":0},"p":{"a":0,"k":[400,300,0]},"a":{"a":0,"k":[0,0,0]},"s":{"a":0,"k":[100,100,100]}},"ao":0,"shapes":[{"ty":"gr","it":[{"ind":0,"ty":"sh","ix":1,"ks":{"a":0,"k":{"i":[[0,-44.506],[44.506,0],[0,44.506],[-44.506,0]],"o":[[0,44.506],[-44.506,0],[0,-44.506],[44.506,0]],"v":[[80.586,0],[0,80.586],[-80.586,0],[0,-80.586]],"c":true}},"nm":"Path 1","mn":"ADBE Vector Shape - Group"},{"ty":"st","c":{"a":1,"k":[{"i":{"x":[0],"y":[1]},"o":{"x":[0.167],"y":[-0.289]},"n":["0_1_0p167_-0p289"],"t":60,"s":[0.7764706,0.7764706,0.7764706,1],"e":[0.1058824,0.1058824,0.1058824,1]},{"i":{"x":[0.833],"y":[0.833]},"o":{"x":[0.167],"y":[0.167]},"n":["0p833_0p833_0p167_0p167"],"t":75,"s":[0.1058824,0.1058824,0.1058824,1],"e":[0.1058824,0.1058824,0.1058824,1]},{"i":{"x":[0.833],"y":[0.833]},"o":{"x":[0.167],"y":[0.167]},"n":["0p833_0p833_0p167_0p167"],"t":157,"s":[0.1058824,0.1058824,0.1058824,1],"e":[0.7764706,0.7764706,0.7764706,1]},{"t":160.000006516934}]},"o":{"a":0,"k":100},"w":{"a":0,"k":12},"lc":1,"lj":1,"ml":4,"nm":"Stroke 1","mn":"ADBE Vector Graphic - Stroke"},{"ty":"tr","p":{"a":0,"k":[0,0],"ix":2},"a":{"a":0,"k":[0,0],"ix":1},"s":{"a":0,"k":[100,100],"ix":3},"r":{"a":0,"k":0,"ix":6},"o":{"a":0,"k":100,"ix":7},"sk":{"a":0,"k":0,"ix":4},"sa":{"a":0,"k":0,"ix":5},"nm":"Transform"}],"nm":"Shape 1","np":3,"cix":2,"ix":1,"mn":"ADBE Vector Group"}],"ip":0,"op":315.000012830213,"st":0,"bm":0,"sr":1},{"ddd":0,"ind":16,"ty":4,"nm":"Gradient","ks":{"o":{"a":1,"k":[{"i":{"x":[0.833],"y":[0.833]},"o":{"x":[0.167],"y":[0.167]},"n":["0p833_0p833_0p167_0p167"],"t":60,"s":[0],"e":[50]},{"i":{"x":[0.833],"y":[0.833]},"o":{"x":[0.167],"y":[0.167]},"n":["0p833_0p833_0p167_0p167"],"t":65,"s":[50],"e":[50]},{"i":{"x":[0.833],"y":[0.833]},"o":{"x":[0.167],"y":[0.167]},"n":["0p833_0p833_0p167_0p167"],"t":150,"s":[50],"e":[0]},{"t":155.000006313279}]},"r":{"a":0,"k":0},"p":{"a":0,"k":[400,300,0]},"a":{"a":0,"k":[0,0,0]},"s":{"a":0,"k":[100,100,100]}},"ao":0,"shapes":[{"ty":"gr","it":[{"ind":0,"ty":"sh","ix":1,"ks":{"a":0,"k":{"i":[[0,-44.506],[44.506,0],[0,44.506],[-44.506,0]],"o":[[0,44.506],[-44.506,0],[0,-44.506],[44.506,0]],"v":[[80.586,0],[0,80.586],[-80.586,0],[0,-80.586]],"c":true}},"nm":"Path 1","mn":"ADBE Vector Shape - Group"},{"ty":"gf","o":{"a":0,"k":100},"r":1,"g":{"p":3,"k":{"a":0,"k":[0,0.906,0.286,0.286,0.5,0.906,0.286,0.286,1,0.906,0.286,0.286,0,0,0.5,0.5,1,1]}},"s":{"a":0,"k":[-68.996,0]},"e":{"a":0,"k":[80.643,0]},"t":1,"nm":"Gradient Fill 1","mn":"ADBE Vector Graphic - G-Fill"},{"ty":"tr","p":{"a":0,"k":[0,0],"ix":2},"a":{"a":0,"k":[0,0],"ix":1},"s":{"a":0,"k":[100,100],"ix":3},"r":{"a":0,"k":90,"ix":6},"o":{"a":0,"k":100,"ix":7},"sk":{"a":0,"k":0,"ix":4},"sa":{"a":0,"k":0,"ix":5},"nm":"Transform"}],"nm":"Shape 1","np":3,"cix":2,"ix":1,"mn":"ADBE Vector Group"}],"ip":0,"op":315.000012830213,"st":0,"bm":0,"sr":1}]}