{"v":"4.6.9","fr":29.9700012207031,"ip":0,"op":210.000008553475,"w":800,"h":600,"nm":"Check 2","ddd":0,"assets":[],"layers":[{"ddd":0,"ind":1,"ty":4,"nm":"Shape Layer 4","ks":{"o":{"a":1,"k":[{"i":{"x":[0.667],"y":[1]},"o":{"x":[0.167],"y":[0.167]},"n":["0p667_1_0p167_0p167"],"t":118,"s":[25],"e":[100]},{"i":{"x":[0.833],"y":[0.833]},"o":{"x":[0.167],"y":[0.167]},"n":["0p833_0p833_0p167_0p167"],"t":138,"s":[100],"e":[100]},{"i":{"x":[0.667],"y":[1]},"o":{"x":[0.167],"y":[0.167]},"n":["0p667_1_0p167_0p167"],"t":205,"s":[100],"e":[25]},{"t":210.000008553475}]},"r":{"a":0,"k":0},"p":{"a":0,"k":[504.531,300.455,0]},"a":{"a":0,"k":[0,0,0]},"s":{"a":0,"k":[100,100,100]}},"ao":0,"shapes":[{"ty":"gr","it":[{"ind":0,"ty":"sh","ix":1,"ks":{"a":1,"k":[{"i":{"x":0,"y":1},"o":{"x":0.167,"y":0.167},"n":"0_1_0p167_0p167","t":60,"s":[{"i":[[8.25,0],[0,0],[0,-8.25],[0,0],[-8.25,0],[0,0],[0,8.25],[0,0]],"o":[[0,0],[-8.25,0],[0,0],[0,8.25],[0,0],[8.25,0],[0,0],[0,-8.25]],"v":[[-82.031,-37.5],[-127.031,-37.5],[-142.031,-22.5],[-142.031,22.5],[-127.031,37.5],[-82.031,37.5],[-67.031,22.5],[-67.031,-22.5]],"c":true}],"e":[{"i":[[6.6,0],[0,0],[0,-6.6],[0,0],[-6.6,0],[0,0],[0,6.6],[0,0]],"o":[[0,0],[-6.6,0],[0,0],[0,6.6],[0,0],[6.6,0],[0,0],[0,-6.6]],"v":[[-81.984,-34.453],[-126.985,-34.453],[-138.985,-22.453],[-138.985,22.547],[-126.985,34.547],[-81.984,34.547],[-69.984,22.547],[-69.984,-22.453]],"c":true}]},{"i":{"x":0.833,"y":0.833},"o":{"x":0.167,"y":0.167},"n":"0p833_0p833_0p167_0p167","t":70,"s":[{"i":[[6.6,0],[0,0],[0,-6.6],[0,0],[-6.6,0],[0,0],[0,6.6],[0,0]],"o":[[0,0],[-6.6,0],[0,0],[0,6.6],[0,0],[6.6,0],[0,0],[0,-6.6]],"v":[[-81.984,-34.453],[-126.985,-34.453],[-138.985,-22.453],[-138.985,22.547],[-126.985,34.547],[-81.984,34.547],[-69.984,22.547],[-69.984,-22.453]],"c":true}],"e":[{"i":[[6.6,0],[0,0],[0,-6.6],[0,0],[-6.6,0],[0,0],[0,6.6],[0,0]],"o":[[0,0],[-6.6,0],[0,0],[0,6.6],[0,0],[6.6,0],[0,0],[0,-6.6]],"v":[[-81.984,-34.453],[-126.985,-34.453],[-138.985,-22.453],[-138.985,22.547],[-126.985,34.547],[-81.984,34.547],[-69.984,22.547],[-69.984,-22.453]],"c":true}]},{"i":{"x":0,"y":1},"o":{"x":0.167,"y":0.167},"n":"0_1_0p167_0p167","t":205,"s":[{"i":[[6.6,0],[0,0],[0,-6.6],[0,0],[-6.6,0],[0,0],[0,6.6],[0,0]],"o":[[0,0],[-6.6,0],[0,0],[0,6.6],[0,0],[6.6,0],[0,0],[0,-6.6]],"v":[[-81.984,-34.453],[-126.985,-34.453],[-138.985,-22.453],[-138.985,22.547],[-126.985,34.547],[-81.984,34.547],[-69.984,22.547],[-69.984,-22.453]],"c":true}],"e":[{"i":[[8.25,0],[0,0],[0,-8.25],[0,0],[-8.25,0],[0,0],[0,8.25],[0,0]],"o":[[0,0],[-8.25,0],[0,0],[0,8.25],[0,0],[8.25,0],[0,0],[0,-8.25]],"v":[[-82.031,-37.5],[-127.031,-37.5],[-142.031,-22.5],[-142.031,22.5],[-127.031,37.5],[-82.031,37.5],[-67.031,22.5],[-67.031,-22.5]],"c":true}]},{"t":210.000008553475}]},"nm":"Path 1","mn":"ADBE Vector Shape - Group"},{"ty":"st","c":{"a":0,"k":[0.105882,0.105882,0.105882,1]},"o":{"a":0,"k":100},"w":{"a":1,"k":[{"i":{"x":[0],"y":[1]},"o":{"x":[0.167],"y":[0.167]},"n":["0_1_0p167_0p167"],"t":60,"s":[2],"e":[8]},{"i":{"x":[0.833],"y":[0.833]},"o":{"x":[0.167],"y":[0.167]},"n":["0p833_0p833_0p167_0p167"],"t":70,"s":[8],"e":[8]},{"i":{"x":[0.667],"y":[1]},"o":{"x":[0.167],"y":[0.167]},"n":["0p667_1_0p167_0p167"],"t":205,"s":[8],"e":[2]},{"t":210.000008553475}]},"lc":1,"lj":1,"ml":4,"nm":"Stroke 1","mn":"ADBE Vector Graphic - Stroke"},{"ty":"tr","p":{"a":0,"k":[0,0],"ix":2},"a":{"a":0,"k":[0,0],"ix":1},"s":{"a":0,"k":[100,100],"ix":3},"r":{"a":0,"k":0,"ix":6},"o":{"a":0,"k":100,"ix":7},"sk":{"a":0,"k":0,"ix":4},"sa":{"a":0,"k":0,"ix":5},"nm":"Transform"}],"nm":"Shape 1","np":3,"cix":2,"ix":1,"mn":"ADBE Vector Group"}],"ip":0,"op":450.000018328876,"st":0,"bm":0,"sr":1},{"ddd":0,"ind":2,"ty":4,"nm":"Shape Layer 5","ks":{"o":{"a":0,"k":100},"r":{"a":0,"k":0},"p":{"a":0,"k":[400,300.875,0]},"a":{"a":0,"k":[0,0,0]},"s":{"a":0,"k":[100,100,100]}},"ao":0,"shapes":[{"ty":"gr","it":[{"ind":0,"ty":"sh","ix":1,"ks":{"a":0,"k":{"i":[[0,0],[0,0],[-0.42,0.42],[0.098,0.204],[7.23,0],[0,0],[0,-6.652],[0,0],[-6.634,-0.001],[-4.266,0],[0,7.167],[0,0]],"o":[[0,0],[0,0],[0.275,-0.275],[-0.544,-1.138],[0,0],[-6.651,0],[0,0],[0,6.634],[15.351,0.001],[6.708,0],[0,-7.547],[0,0]],"v":[[-18.073,-2.836],[-5.031,9.164],[32.938,-27.707],[33.047,-28.451],[22.353,-34.871],[-22.456,-34.872],[-34.5,-22.829],[-34.5,22.126],[-22.49,34.139],[22.24,34.143],[34.5,21.93],[34.5,-12.841]],"c":false}},"nm":"Path 1","mn":"ADBE Vector Shape - Group"},{"ty":"st","c":{"a":0,"k":[0.105882,0.105882,0.105882,1]},"o":{"a":0,"k":100},"w":{"a":0,"k":8},"lc":1,"lj":1,"ml":4,"nm":"Stroke 1","mn":"ADBE Vector Graphic - Stroke"},{"ty":"tr","p":{"a":0,"k":[0,0],"ix":2},"a":{"a":0,"k":[0,0],"ix":1},"s":{"a":0,"k":[100,100],"ix":3},"r":{"a":0,"k":0,"ix":6},"o":{"a":0,"k":100,"ix":7},"sk":{"a":0,"k":0,"ix":4},"sa":{"a":0,"k":0,"ix":5},"nm":"Transform"}],"nm":"Shape 1","np":3,"cix":2,"ix":1,"mn":"ADBE Vector Group"},{"ty":"tm","s":{"a":1,"k":[{"i":{"x":[0.282],"y":[1]},"o":{"x":[0.167],"y":[0.167]},"n":["0p282_1_0p167_0p167"],"t":110,"s":[100],"e":[0]},{"t":120.0000048877}],"ix":1},"e":{"a":1,"k":[{"i":{"x":[0],"y":[1]},"o":{"x":[0.167],"y":[0.167]},"n":["0_1_0p167_0p167"],"t":113,"s":[100],"e":[16]},{"i":{"x":[0.833],"y":[0.833]},"o":{"x":[0.167],"y":[0.167]},"n":["0p833_0p833_0p167_0p167"],"t":123,"s":[16],"e":[16]},{"i":{"x":[0.833],"y":[0.833]},"o":{"x":[0.167],"y":[0.167]},"n":["0p833_0p833_0p167_0p167"],"t":205,"s":[16],"e":[0]},{"t":210.000008553475}],"ix":2},"o":{"a":0,"k":0,"ix":3},"m":1,"ix":2,"nm":"Trim Paths 1","mn":"ADBE Vector Filter - Trim"}],"ip":0,"op":450.000018328876,"st":0,"bm":0,"sr":1}]}