<animated-vector xmlns:android="http://schemas.android.com/apk/res/android" xmlns:aapt="http://schemas.android.com/aapt"><aapt:attr name="android:drawable"><vector android:height="300dp" android:width="300dp" android:viewportHeight="300" android:viewportWidth="300"><group android:name="_R_G"><group android:name="_R_G_L_3_G" android:translateX="50" android:translateY="50"><group android:name="_R_G_L_3_G_D_0_P_0_G_0_T_0" android:translateX="100.5" android:translateY="99.5" android:scaleX="0" android:scaleY="0"><path android:name="_R_G_L_3_G_D_0_P_0" android:fillColor="#f967b4" android:fillAlpha="1" android:fillType="nonZero" android:trimPathStart="0" android:trimPathEnd="1" android:trimPathOffset="0" android:pathData=" M94 0 C94,51.92 51.92,94 0,94 C-51.91,94 -94,51.92 -94,0 C-94,-51.91 -51.91,-94 0,-94 C51.92,-94 94,-51.91 94,0c "/></group></group><group android:name="_R_G_L_2_G_M"><group android:name="_R_G_L_2_G" android:translateX="50" android:translateY="50" android:pivotX="100" android:pivotY="100" android:scaleX="1" android:scaleY="1"><group android:name="_R_G_L_2_G_D_0_P_0_G_0_T_0" android:translateX="100.5" android:translateY="99.5" android:scaleX="0" android:scaleY="0"><path android:name="_R_G_L_2_G_D_0_P_0" android:fillColor="#f967b4" android:fillAlpha="1" android:fillType="nonZero" android:trimPathStart="0" android:trimPathEnd="1" android:trimPathOffset="0" android:pathData=" M94 0 C94,51.92 51.92,94 0,94 C-51.91,94 -94,51.92 -94,0 C-94,-51.91 -51.91,-94 0,-94 C51.92,-94 94,-51.91 94,0c "/></group></group></group><group android:name="_R_G_L_1_G" android:translateX="50" android:translateY="50"><group android:name="_R_G_L_1_G_D_0_P_0_G_0_T_0" android:translateX="34" android:translateY="96" android:scaleX="0" android:scaleY="0"><path android:name="_R_G_L_1_G_D_0_P_0" android:fillColor="#f967b4" android:fillAlpha="1" android:fillType="nonZero" android:pathData=" M17 0 C17,9.39 9.39,17 0,17 C-9.39,17 -17,9.39 -17,0 C-17,-9.39 -9.39,-17 0,-17 C9.39,-17 17,-9.39 17,0c "/></group><group android:name="_R_G_L_1_G_D_1_P_0_G_0_T_0" android:translateX="78" android:translateY="96" android:scaleX="0" android:scaleY="0"><path android:name="_R_G_L_1_G_D_1_P_0" android:fillColor="#f967b4" android:fillAlpha="1" android:fillType="nonZero" android:pathData=" M17 0 C17,9.39 9.39,17 0,17 C-9.39,17 -17,9.39 -17,0 C-17,-9.39 -9.39,-17 0,-17 C9.39,-17 17,-9.39 17,0c "/></group><group android:name="_R_G_L_1_G_D_2_P_0_G_0_T_0" android:translateX="122" android:translateY="96" android:scaleX="0" android:scaleY="0"><path android:name="_R_G_L_1_G_D_2_P_0" android:fillColor="#f967b4" android:fillAlpha="1" android:fillType="nonZero" android:pathData=" M17 0 C17,9.39 9.39,17 0,17 C-9.39,17 -17,9.39 -17,0 C-17,-9.39 -9.39,-17 0,-17 C9.39,-17 17,-9.39 17,0c "/></group><group android:name="_R_G_L_1_G_D_3_P_0_G_0_T_0" android:translateX="166" android:translateY="96" android:scaleX="0" android:scaleY="0"><path android:name="_R_G_L_1_G_D_3_P_0" android:fillColor="#f967b4" android:fillAlpha="1" android:fillType="nonZero" android:pathData=" M17 0 C17,9.39 9.39,17 0,17 C-9.39,17 -17,9.39 -17,0 C-17,-9.39 -9.39,-17 0,-17 C9.39,-17 17,-9.39 17,0c "/></group></group><group android:name="_R_G_L_0_G_M"><group android:name="_R_G_L_0_G" android:translateX="50" android:translateY="50" android:pivotX="100" android:pivotY="100" android:scaleX="0" android:scaleY="0"><path android:name="_R_G_L_0_G_D_0_P_0" android:strokeColor="#f967b4" android:strokeLineCap="round" android:strokeLineJoin="round" android:strokeWidth="17" android:strokeAlpha="1" android:pathData=" M50 100 C50,100 78,136 78,136 C78,136 154,49 154,49 "/></group></group></group><group android:name="time_group"/></vector></aapt:attr><target android:name="_R_G_L_3_G_D_0_P_0_G_0_T_0"><aapt:attr name="android:animation"><set android:ordering="together"><objectAnimator android:propertyName="scaleX" android:duration="2500" android:startOffset="0" android:valueFrom="0" android:valueTo="0" android:valueType="floatType"><aapt:attr name="android:interpolator"><pathInterpolator android:pathData="M 0.0,0.0 c0.167,0.167 0.833,0.833 1.0,1.0"/></aapt:attr></objectAnimator><objectAnimator android:propertyName="scaleY" android:duration="2500" android:startOffset="0" android:valueFrom="0" android:valueTo="0" android:valueType="floatType"><aapt:attr name="android:interpolator"><pathInterpolator android:pathData="M 0.0,0.0 c0.167,0.167 0.833,0.833 1.0,1.0"/></aapt:attr></objectAnimator><objectAnimator android:propertyName="scaleX" android:duration="250" android:startOffset="2500" android:valueFrom="0" android:valueTo="1.5" android:valueType="floatType"><aapt:attr name="android:interpolator"><pathInterpolator android:pathData="M 0.0,0.0 c0.167,0.167 0.833,0.833 1.0,1.0"/></aapt:attr></objectAnimator><objectAnimator android:propertyName="scaleY" android:duration="250" android:startOffset="2500" android:valueFrom="0" android:valueTo="1.5" android:valueType="floatType"><aapt:attr name="android:interpolator"><pathInterpolator android:pathData="M 0.0,0.0 c0.167,0.167 0.833,0.833 1.0,1.0"/></aapt:attr></objectAnimator><objectAnimator android:propertyName="scaleX" android:duration="250" android:startOffset="2750" android:valueFrom="1.5" android:valueTo="1" android:valueType="floatType"><aapt:attr name="android:interpolator"><pathInterpolator android:pathData="M 0.0,0.0 c0.167,0.167 0.833,0.833 1.0,1.0"/></aapt:attr></objectAnimator><objectAnimator android:propertyName="scaleY" android:duration="250" android:startOffset="2750" android:valueFrom="1.5" android:valueTo="1" android:valueType="floatType"><aapt:attr name="android:interpolator"><pathInterpolator android:pathData="M 0.0,0.0 c0.167,0.167 0.833,0.833 1.0,1.0"/></aapt:attr></objectAnimator></set></aapt:attr></target><target android:name="_R_G_L_3_G"><aapt:attr name="android:animation"><set android:ordering="together"><objectAnimator android:propertyName="scaleX" android:duration="0" android:startOffset="2533" android:valueFrom="0" android:valueTo="1" android:valueType="floatType"/></set></aapt:attr></target><target android:name="_R_G_L_3_G"><aapt:attr name="android:animation"><set android:ordering="together"><objectAnimator android:propertyName="scaleY" android:duration="0" android:startOffset="4500" android:valueFrom="1" android:valueTo="0" android:valueType="floatType"/></set></aapt:attr></target><target android:name="_R_G_L_2_G_D_0_P_0_G_0_T_0"><aapt:attr name="android:animation"><set android:ordering="together"><objectAnimator android:propertyName="scaleX" android:duration="2500" android:startOffset="0" android:valueFrom="0" android:valueTo="0" android:valueType="floatType"><aapt:attr name="android:interpolator"><pathInterpolator android:pathData="M 0.0,0.0 c0.167,0.167 0.833,0.833 1.0,1.0"/></aapt:attr></objectAnimator><objectAnimator android:propertyName="scaleY" android:duration="2500" android:startOffset="0" android:valueFrom="0" android:valueTo="0" android:valueType="floatType"><aapt:attr name="android:interpolator"><pathInterpolator android:pathData="M 0.0,0.0 c0.167,0.167 0.833,0.833 1.0,1.0"/></aapt:attr></objectAnimator><objectAnimator android:propertyName="scaleX" android:duration="250" android:startOffset="2500" android:valueFrom="0" android:valueTo="1.5" android:valueType="floatType"><aapt:attr name="android:interpolator"><pathInterpolator android:pathData="M 0.0,0.0 c0.167,0.167 0.833,0.833 1.0,1.0"/></aapt:attr></objectAnimator><objectAnimator android:propertyName="scaleY" android:duration="250" android:startOffset="2500" android:valueFrom="0" android:valueTo="1.5" android:valueType="floatType"><aapt:attr name="android:interpolator"><pathInterpolator android:pathData="M 0.0,0.0 c0.167,0.167 0.833,0.833 1.0,1.0"/></aapt:attr></objectAnimator><objectAnimator android:propertyName="scaleX" android:duration="250" android:startOffset="2750" android:valueFrom="1.5" android:valueTo="1" android:valueType="floatType"><aapt:attr name="android:interpolator"><pathInterpolator android:pathData="M 0.0,0.0 c0.167,0.167 0.833,0.833 1.0,1.0"/></aapt:attr></objectAnimator><objectAnimator android:propertyName="scaleY" android:duration="250" android:startOffset="2750" android:valueFrom="1.5" android:valueTo="1" android:valueType="floatType"><aapt:attr name="android:interpolator"><pathInterpolator android:pathData="M 0.0,0.0 c0.167,0.167 0.833,0.833 1.0,1.0"/></aapt:attr></objectAnimator></set></aapt:attr></target><target android:name="_R_G_L_2_G"><aapt:attr name="android:animation"><set android:ordering="together"><objectAnimator android:propertyName="scaleX" android:duration="3667" android:startOffset="0" android:valueFrom="1" android:valueTo="1" android:valueType="floatType"><aapt:attr name="android:interpolator"><pathInterpolator android:pathData="M 0.0,0.0 c0.167,0.167 0.833,0.833 1.0,1.0"/></aapt:attr></objectAnimator><objectAnimator android:propertyName="scaleY" android:duration="3667" android:startOffset="0" android:valueFrom="1" android:valueTo="1" android:valueType="floatType"><aapt:attr name="android:interpolator"><pathInterpolator android:pathData="M 0.0,0.0 c0.167,0.167 0.833,0.833 1.0,1.0"/></aapt:attr></objectAnimator><objectAnimator android:propertyName="scaleX" android:duration="167" android:startOffset="3667" android:valueFrom="1" android:valueTo="1.5" android:valueType="floatType"><aapt:attr name="android:interpolator"><pathInterpolator android:pathData="M 0.0,0.0 c0.167,0.167 0.833,0.833 1.0,1.0"/></aapt:attr></objectAnimator><objectAnimator android:propertyName="scaleY" android:duration="167" android:startOffset="3667" android:valueFrom="1" android:valueTo="1.5" android:valueType="floatType"><aapt:attr name="android:interpolator"><pathInterpolator android:pathData="M 0.0,0.0 c0.167,0.167 0.833,0.833 1.0,1.0"/></aapt:attr></objectAnimator><objectAnimator android:propertyName="scaleX" android:duration="333" android:startOffset="3833" android:valueFrom="1.5" android:valueTo="0" android:valueType="floatType"><aapt:attr name="android:interpolator"><pathInterpolator android:pathData="M 0.0,0.0 c0.167,0.167 0.833,0.833 1.0,1.0"/></aapt:attr></objectAnimator><objectAnimator android:propertyName="scaleY" android:duration="333" android:startOffset="3833" android:valueFrom="1.5" android:valueTo="0" android:valueType="floatType"><aapt:attr name="android:interpolator"><pathInterpolator android:pathData="M 0.0,0.0 c0.167,0.167 0.833,0.833 1.0,1.0"/></aapt:attr></objectAnimator></set></aapt:attr></target><target android:name="_R_G_L_2_G_M"><aapt:attr name="android:animation"><set android:ordering="together"><objectAnimator android:propertyName="scaleX" android:duration="0" android:startOffset="3000" android:valueFrom="0" android:valueTo="1" android:valueType="floatType"/></set></aapt:attr></target><target android:name="_R_G_L_2_G_M"><aapt:attr name="android:animation"><set android:ordering="together"><objectAnimator android:propertyName="scaleY" android:duration="0" android:startOffset="4500" android:valueFrom="1" android:valueTo="0" android:valueType="floatType"/></set></aapt:attr></target><target android:name="_R_G_L_1_G_D_0_P_0_G_0_T_0"><aapt:attr name="android:animation"><set android:ordering="together"><objectAnimator android:propertyName="scaleX" android:duration="333" android:startOffset="0" android:valueFrom="0" android:valueTo="2" android:valueType="floatType"><aapt:attr name="android:interpolator"><pathInterpolator android:pathData="M 0.0,0.0 c0.167,0.167 0.833,0.833 1.0,1.0"/></aapt:attr></objectAnimator><objectAnimator android:propertyName="scaleY" android:duration="333" android:startOffset="0" android:valueFrom="0" android:valueTo="2" android:valueType="floatType"><aapt:attr name="android:interpolator"><pathInterpolator android:pathData="M 0.0,0.0 c0.167,0.167 0.833,0.833 1.0,1.0"/></aapt:attr></objectAnimator><objectAnimator android:propertyName="scaleX" android:duration="167" android:startOffset="333" android:valueFrom="2" android:valueTo="1" android:valueType="floatType"><aapt:attr name="android:interpolator"><pathInterpolator android:pathData="M 0.0,0.0 c0.167,0.167 0.833,0.833 1.0,1.0"/></aapt:attr></objectAnimator><objectAnimator android:propertyName="scaleY" android:duration="167" android:startOffset="333" android:valueFrom="2" android:valueTo="1" android:valueType="floatType"><aapt:attr name="android:interpolator"><pathInterpolator android:pathData="M 0.0,0.0 c0.167,0.167 0.833,0.833 1.0,1.0"/></aapt:attr></objectAnimator><objectAnimator android:propertyName="scaleX" android:duration="1333" android:startOffset="500" android:valueFrom="1" android:valueTo="2" android:valueType="floatType"><aapt:attr name="android:interpolator"><pathInterpolator android:pathData="M 0.0,0.0 c0.167,0.167 0.833,0.833 1.0,1.0"/></aapt:attr></objectAnimator><objectAnimator android:propertyName="scaleY" android:duration="1333" android:startOffset="500" android:valueFrom="1" android:valueTo="2" android:valueType="floatType"><aapt:attr name="android:interpolator"><pathInterpolator android:pathData="M 0.0,0.0 c0.167,0.167 0.833,0.833 1.0,1.0"/></aapt:attr></objectAnimator><objectAnimator android:propertyName="scaleX" android:duration="167" android:startOffset="1833" android:valueFrom="2" android:valueTo="1" android:valueType="floatType"><aapt:attr name="android:interpolator"><pathInterpolator android:pathData="M 0.0,0.0 c0.167,0.167 0.833,0.833 1.0,1.0"/></aapt:attr></objectAnimator><objectAnimator android:propertyName="scaleY" android:duration="167" android:startOffset="1833" android:valueFrom="2" android:valueTo="1" android:valueType="floatType"><aapt:attr name="android:interpolator"><pathInterpolator android:pathData="M 0.0,0.0 c0.167,0.167 0.833,0.833 1.0,1.0"/></aapt:attr></objectAnimator><objectAnimator android:propertyName="scaleX" android:duration="333" android:startOffset="2000" android:valueFrom="1" android:valueTo="1.2" android:valueType="floatType"><aapt:attr name="android:interpolator"><pathInterpolator android:pathData="M 0.0,0.0 c0.167,0.167 0.833,0.833 1.0,1.0"/></aapt:attr></objectAnimator><objectAnimator android:propertyName="scaleY" android:duration="333" android:startOffset="2000" android:valueFrom="1" android:valueTo="1.2" android:valueType="floatType"><aapt:attr name="android:interpolator"><pathInterpolator android:pathData="M 0.0,0.0 c0.167,0.167 0.833,0.833 1.0,1.0"/></aapt:attr></objectAnimator><objectAnimator android:propertyName="scaleX" android:duration="167" android:startOffset="2333" android:valueFrom="1.2" android:valueTo="0" android:valueType="floatType"><aapt:attr name="android:interpolator"><pathInterpolator android:pathData="M 0.0,0.0 c0.167,0.167 0.833,0.833 1.0,1.0"/></aapt:attr></objectAnimator><objectAnimator android:propertyName="scaleY" android:duration="167" android:startOffset="2333" android:valueFrom="1.2" android:valueTo="0" android:valueType="floatType"><aapt:attr name="android:interpolator"><pathInterpolator android:pathData="M 0.0,0.0 c0.167,0.167 0.833,0.833 1.0,1.0"/></aapt:attr></objectAnimator></set></aapt:attr></target><target android:name="_R_G_L_1_G_D_1_P_0_G_0_T_0"><aapt:attr name="android:animation"><set android:ordering="together"><objectAnimator android:propertyName="scaleX" android:duration="500" android:startOffset="0" android:valueFrom="0" android:valueTo="2" android:valueType="floatType"><aapt:attr name="android:interpolator"><pathInterpolator android:pathData="M 0.0,0.0 c0.167,0.167 0.833,0.833 1.0,1.0"/></aapt:attr></objectAnimator><objectAnimator android:propertyName="scaleY" android:duration="500" android:startOffset="0" android:valueFrom="0" android:valueTo="2" android:valueType="floatType"><aapt:attr name="android:interpolator"><pathInterpolator android:pathData="M 0.0,0.0 c0.167,0.167 0.833,0.833 1.0,1.0"/></aapt:attr></objectAnimator><objectAnimator android:propertyName="scaleX" android:duration="167" android:startOffset="500" android:valueFrom="2" android:valueTo="1" android:valueType="floatType"><aapt:attr name="android:interpolator"><pathInterpolator android:pathData="M 0.0,0.0 c0.167,0.167 0.833,0.833 1.0,1.0"/></aapt:attr></objectAnimator><objectAnimator android:propertyName="scaleY" android:duration="167" android:startOffset="500" android:valueFrom="2" android:valueTo="1" android:valueType="floatType"><aapt:attr name="android:interpolator"><pathInterpolator android:pathData="M 0.0,0.0 c0.167,0.167 0.833,0.833 1.0,1.0"/></aapt:attr></objectAnimator><objectAnimator android:propertyName="scaleX" android:duration="1000" android:startOffset="667" android:valueFrom="1" android:valueTo="2" android:valueType="floatType"><aapt:attr name="android:interpolator"><pathInterpolator android:pathData="M 0.0,0.0 c0.167,0.167 0.833,0.833 1.0,1.0"/></aapt:attr></objectAnimator><objectAnimator android:propertyName="scaleY" android:duration="1000" android:startOffset="667" android:valueFrom="1" android:valueTo="2" android:valueType="floatType"><aapt:attr name="android:interpolator"><pathInterpolator android:pathData="M 0.0,0.0 c0.167,0.167 0.833,0.833 1.0,1.0"/></aapt:attr></objectAnimator><objectAnimator android:propertyName="scaleX" android:duration="167" android:startOffset="1667" android:valueFrom="2" android:valueTo="1" android:valueType="floatType"><aapt:attr name="android:interpolator"><pathInterpolator android:pathData="M 0.0,0.0 c0.167,0.167 0.833,0.833 1.0,1.0"/></aapt:attr></objectAnimator><objectAnimator android:propertyName="scaleY" android:duration="167" android:startOffset="1667" android:valueFrom="2" android:valueTo="1" android:valueType="floatType"><aapt:attr name="android:interpolator"><pathInterpolator android:pathData="M 0.0,0.0 c0.167,0.167 0.833,0.833 1.0,1.0"/></aapt:attr></objectAnimator><objectAnimator android:propertyName="scaleX" android:duration="500" android:startOffset="1833" android:valueFrom="1" android:valueTo="1.5" android:valueType="floatType"><aapt:attr name="android:interpolator"><pathInterpolator android:pathData="M 0.0,0.0 c0.167,0.167 0.833,0.833 1.0,1.0"/></aapt:attr></objectAnimator><objectAnimator android:propertyName="scaleY" android:duration="500" android:startOffset="1833" android:valueFrom="1" android:valueTo="1.5" android:valueType="floatType"><aapt:attr name="android:interpolator"><pathInterpolator android:pathData="M 0.0,0.0 c0.167,0.167 0.833,0.833 1.0,1.0"/></aapt:attr></objectAnimator><objectAnimator android:propertyName="scaleX" android:duration="167" android:startOffset="2333" android:valueFrom="1.5" android:valueTo="0" android:valueType="floatType"><aapt:attr name="android:interpolator"><pathInterpolator android:pathData="M 0.0,0.0 c0.167,0.167 0.833,0.833 1.0,1.0"/></aapt:attr></objectAnimator><objectAnimator android:propertyName="scaleY" android:duration="167" android:startOffset="2333" android:valueFrom="1.5" android:valueTo="0" android:valueType="floatType"><aapt:attr name="android:interpolator"><pathInterpolator android:pathData="M 0.0,0.0 c0.167,0.167 0.833,0.833 1.0,1.0"/></aapt:attr></objectAnimator></set></aapt:attr></target><target android:name="_R_G_L_1_G_D_2_P_0_G_0_T_0"><aapt:attr name="android:animation"><set android:ordering="together"><objectAnimator android:propertyName="scaleX" android:duration="667" android:startOffset="0" android:valueFrom="0" android:valueTo="2" android:valueType="floatType"><aapt:attr name="android:interpolator"><pathInterpolator android:pathData="M 0.0,0.0 c0.167,0.167 0.833,0.833 1.0,1.0"/></aapt:attr></objectAnimator><objectAnimator android:propertyName="scaleY" android:duration="667" android:startOffset="0" android:valueFrom="0" android:valueTo="2" android:valueType="floatType"><aapt:attr name="android:interpolator"><pathInterpolator android:pathData="M 0.0,0.0 c0.167,0.167 0.833,0.833 1.0,1.0"/></aapt:attr></objectAnimator><objectAnimator android:propertyName="scaleX" android:duration="167" android:startOffset="667" android:valueFrom="2" android:valueTo="1" android:valueType="floatType"><aapt:attr name="android:interpolator"><pathInterpolator android:pathData="M 0.0,0.0 c0.167,0.167 0.833,0.833 1.0,1.0"/></aapt:attr></objectAnimator><objectAnimator android:propertyName="scaleY" android:duration="167" android:startOffset="667" android:valueFrom="2" android:valueTo="1" android:valueType="floatType"><aapt:attr name="android:interpolator"><pathInterpolator android:pathData="M 0.0,0.0 c0.167,0.167 0.833,0.833 1.0,1.0"/></aapt:attr></objectAnimator><objectAnimator android:propertyName="scaleX" android:duration="667" android:startOffset="833" android:valueFrom="1" android:valueTo="2" android:valueType="floatType"><aapt:attr name="android:interpolator"><pathInterpolator android:pathData="M 0.0,0.0 c0.167,0.167 0.833,0.833 1.0,1.0"/></aapt:attr></objectAnimator><objectAnimator android:propertyName="scaleY" android:duration="667" android:startOffset="833" android:valueFrom="1" android:valueTo="2" android:valueType="floatType"><aapt:attr name="android:interpolator"><pathInterpolator android:pathData="M 0.0,0.0 c0.167,0.167 0.833,0.833 1.0,1.0"/></aapt:attr></objectAnimator><objectAnimator android:propertyName="scaleX" android:duration="167" android:startOffset="1500" android:valueFrom="2" android:valueTo="1" android:valueType="floatType"><aapt:attr name="android:interpolator"><pathInterpolator android:pathData="M 0.0,0.0 c0.167,0.167 0.833,0.833 1.0,1.0"/></aapt:attr></objectAnimator><objectAnimator android:propertyName="scaleY" android:duration="167" android:startOffset="1500" android:valueFrom="2" android:valueTo="1" android:valueType="floatType"><aapt:attr name="android:interpolator"><pathInterpolator android:pathData="M 0.0,0.0 c0.167,0.167 0.833,0.833 1.0,1.0"/></aapt:attr></objectAnimator><objectAnimator android:propertyName="scaleX" android:duration="667" android:startOffset="1667" android:valueFrom="1" android:valueTo="1.2" android:valueType="floatType"><aapt:attr name="android:interpolator"><pathInterpolator android:pathData="M 0.0,0.0 c0.167,0.167 0.833,0.833 1.0,1.0"/></aapt:attr></objectAnimator><objectAnimator android:propertyName="scaleY" android:duration="667" android:startOffset="1667" android:valueFrom="1" android:valueTo="1.2" android:valueType="floatType"><aapt:attr name="android:interpolator"><pathInterpolator android:pathData="M 0.0,0.0 c0.167,0.167 0.833,0.833 1.0,1.0"/></aapt:attr></objectAnimator><objectAnimator android:propertyName="scaleX" android:duration="167" android:startOffset="2333" android:valueFrom="1.2" android:valueTo="0" android:valueType="floatType"><aapt:attr name="android:interpolator"><pathInterpolator android:pathData="M 0.0,0.0 c0.167,0.167 0.833,0.833 1.0,1.0"/></aapt:attr></objectAnimator><objectAnimator android:propertyName="scaleY" android:duration="167" android:startOffset="2333" android:valueFrom="1.2" android:valueTo="0" android:valueType="floatType"><aapt:attr name="android:interpolator"><pathInterpolator android:pathData="M 0.0,0.0 c0.167,0.167 0.833,0.833 1.0,1.0"/></aapt:attr></objectAnimator></set></aapt:attr></target><target android:name="_R_G_L_1_G_D_3_P_0_G_0_T_0"><aapt:attr name="android:animation"><set android:ordering="together"><objectAnimator android:propertyName="scaleX" android:duration="833" android:startOffset="0" android:valueFrom="0" android:valueTo="2" android:valueType="floatType"><aapt:attr name="android:interpolator"><pathInterpolator android:pathData="M 0.0,0.0 c0.167,0.167 0.833,0.833 1.0,1.0"/></aapt:attr></objectAnimator><objectAnimator android:propertyName="scaleY" android:duration="833" android:startOffset="0" android:valueFrom="0" android:valueTo="2" android:valueType="floatType"><aapt:attr name="android:interpolator"><pathInterpolator android:pathData="M 0.0,0.0 c0.167,0.167 0.833,0.833 1.0,1.0"/></aapt:attr></objectAnimator><objectAnimator android:propertyName="scaleX" android:duration="167" android:startOffset="833" android:valueFrom="2" android:valueTo="1" android:valueType="floatType"><aapt:attr name="android:interpolator"><pathInterpolator android:pathData="M 0.0,0.0 c0.167,0.167 0.833,0.833 1.0,1.0"/></aapt:attr></objectAnimator><objectAnimator android:propertyName="scaleY" android:duration="167" android:startOffset="833" android:valueFrom="2" android:valueTo="1" android:valueType="floatType"><aapt:attr name="android:interpolator"><pathInterpolator android:pathData="M 0.0,0.0 c0.167,0.167 0.833,0.833 1.0,1.0"/></aapt:attr></objectAnimator><objectAnimator android:propertyName="scaleX" android:duration="333" android:startOffset="1000" android:valueFrom="1" android:valueTo="2" android:valueType="floatType"><aapt:attr name="android:interpolator"><pathInterpolator android:pathData="M 0.0,0.0 c0.167,0.167 0.833,0.833 1.0,1.0"/></aapt:attr></objectAnimator><objectAnimator android:propertyName="scaleY" android:duration="333" android:startOffset="1000" android:valueFrom="1" android:valueTo="2" android:valueType="floatType"><aapt:attr name="android:interpolator"><pathInterpolator android:pathData="M 0.0,0.0 c0.167,0.167 0.833,0.833 1.0,1.0"/></aapt:attr></objectAnimator><objectAnimator android:propertyName="scaleX" android:duration="167" android:startOffset="1333" android:valueFrom="2" android:valueTo="1" android:valueType="floatType"><aapt:attr name="android:interpolator"><pathInterpolator android:pathData="M 0.0,0.0 c0.167,0.167 0.833,0.833 1.0,1.0"/></aapt:attr></objectAnimator><objectAnimator android:propertyName="scaleY" android:duration="167" android:startOffset="1333" android:valueFrom="2" android:valueTo="1" android:valueType="floatType"><aapt:attr name="android:interpolator"><pathInterpolator android:pathData="M 0.0,0.0 c0.167,0.167 0.833,0.833 1.0,1.0"/></aapt:attr></objectAnimator><objectAnimator android:propertyName="scaleX" android:duration="833" android:startOffset="1500" android:valueFrom="1" android:valueTo="1.5" android:valueType="floatType"><aapt:attr name="android:interpolator"><pathInterpolator android:pathData="M 0.0,0.0 c0.167,0.167 0.833,0.833 1.0,1.0"/></aapt:attr></objectAnimator><objectAnimator android:propertyName="scaleY" android:duration="833" android:startOffset="1500" android:valueFrom="1" android:valueTo="1.5" android:valueType="floatType"><aapt:attr name="android:interpolator"><pathInterpolator android:pathData="M 0.0,0.0 c0.167,0.167 0.833,0.833 1.0,1.0"/></aapt:attr></objectAnimator><objectAnimator android:propertyName="scaleX" android:duration="167" android:startOffset="2333" android:valueFrom="1.5" android:valueTo="0" android:valueType="floatType"><aapt:attr name="android:interpolator"><pathInterpolator android:pathData="M 0.0,0.0 c0.167,0.167 0.833,0.833 1.0,1.0"/></aapt:attr></objectAnimator><objectAnimator android:propertyName="scaleY" android:duration="167" android:startOffset="2333" android:valueFrom="1.5" android:valueTo="0" android:valueType="floatType"><aapt:attr name="android:interpolator"><pathInterpolator android:pathData="M 0.0,0.0 c0.167,0.167 0.833,0.833 1.0,1.0"/></aapt:attr></objectAnimator></set></aapt:attr></target><target android:name="_R_G_L_1_G"><aapt:attr name="android:animation"><set android:ordering="together"><objectAnimator android:propertyName="scaleY" android:duration="0" android:startOffset="4500" android:valueFrom="1" android:valueTo="0" android:valueType="floatType"/></set></aapt:attr></target><target android:name="_R_G_L_0_G"><aapt:attr name="android:animation"><set android:ordering="together"><objectAnimator android:propertyName="scaleX" android:duration="4167" android:startOffset="0" android:valueFrom="0" android:valueTo="0" android:valueType="floatType"><aapt:attr name="android:interpolator"><pathInterpolator android:pathData="M 0.0,0.0 c0.167,0.167 0.833,0.833 1.0,1.0"/></aapt:attr></objectAnimator><objectAnimator android:propertyName="scaleY" android:duration="4167" android:startOffset="0" android:valueFrom="0" android:valueTo="0" android:valueType="floatType"><aapt:attr name="android:interpolator"><pathInterpolator android:pathData="M 0.0,0.0 c0.167,0.167 0.833,0.833 1.0,1.0"/></aapt:attr></objectAnimator><objectAnimator android:propertyName="scaleX" android:duration="350" android:startOffset="4167" android:valueFrom="0" android:valueTo="2" android:valueType="floatType"><aapt:attr name="android:interpolator"><pathInterpolator android:pathData="M 0.0,0.0 c0.167,0.167 0.833,0.833 1.0,1.0"/></aapt:attr></objectAnimator><objectAnimator android:propertyName="scaleY" android:duration="350" android:startOffset="4167" android:valueFrom="0" android:valueTo="2" android:valueType="floatType"><aapt:attr name="android:interpolator"><pathInterpolator android:pathData="M 0.0,0.0 c0.167,0.167 0.833,0.833 1.0,1.0"/></aapt:attr></objectAnimator><objectAnimator android:propertyName="scaleX" android:duration="183" android:startOffset="4517" android:valueFrom="2" android:valueTo="1" android:valueType="floatType"><aapt:attr name="android:interpolator"><pathInterpolator android:pathData="M 0.0,0.0 c0.167,0.167 0.833,0.833 1.0,1.0"/></aapt:attr></objectAnimator><objectAnimator android:propertyName="scaleY" android:duration="183" android:startOffset="4517" android:valueFrom="2" android:valueTo="1" android:valueType="floatType"><aapt:attr name="android:interpolator"><pathInterpolator android:pathData="M 0.0,0.0 c0.167,0.167 0.833,0.833 1.0,1.0"/></aapt:attr></objectAnimator></set></aapt:attr></target><target android:name="_R_G_L_0_G_M"><aapt:attr name="android:animation"><set android:ordering="together"><objectAnimator android:propertyName="scaleX" android:duration="0" android:startOffset="4000" android:valueFrom="0" android:valueTo="1" android:valueType="floatType"/></set></aapt:attr></target><target android:name="time_group"><aapt:attr name="android:animation"><set android:ordering="together"><objectAnimator android:propertyName="translateX" android:duration="5000" android:startOffset="0" android:valueFrom="0" android:valueTo="1" android:valueType="floatType"/></set></aapt:attr></target></animated-vector>