{"v":"4.10.1","fr":60,"ip":0,"op":82,"w":800,"h":800,"nm":"Minimize_Preview","ddd":0,"assets":[{"id":"comp_49","layers":[{"ddd":0,"ind":1,"ty":3,"nm":"Controller","sr":1,"ks":{"o":{"a":0,"k":0,"ix":11},"r":{"a":0,"k":45,"ix":10},"p":{"a":0,"k":[75,75,0],"ix":2},"a":{"a":0,"k":[60,60,0],"ix":1},"s":{"a":0,"k":[100,100,100],"ix":6}},"ao":0,"ip":0,"op":24,"st":-147,"bm":0},{"ddd":0,"ind":2,"ty":4,"nm":"Down","parent":1,"sr":1,"ks":{"o":{"a":0,"k":100,"ix":11},"r":{"a":0,"k":0,"ix":10},"p":{"a":1,"k":[{"i":{"x":0.4,"y":1},"o":{"x":0.188,"y":0},"n":"0p4_1_0p188_0","t":1,"s":[68.323,66.856,0],"e":[74.216,72.748,0],"to":[-0.55348682403564,-0.55348682403564,0],"ti":[1.5713484287262,1.5713484287262,0]},{"i":{"x":0.833,"y":0.833},"o":{"x":0.6,"y":0},"n":"0p833_0p833_0p6_0","t":7,"s":[74.216,72.748,0],"e":[58.895,57.428,0],"to":[-1.5713484287262,-1.5713484287262,0],"ti":[1.01786160469055,1.01786160469055,0]},{"t":17}],"ix":2},"a":{"a":0,"k":[83.323,81.856,0],"ix":1},"s":{"a":1,"k":[{"i":{"x":[0.833,0.833,0.833],"y":[0.833,0.833,16]},"o":{"x":[0.182,0.182,0.182],"y":[0,0,0]},"n":["0p833_0p833_0p182_0","0p833_0p833_0p182_0","0p833_16_0p182_0"],"t":17,"s":[100,100,100],"e":[10,10,100]},{"t":23}],"ix":6}},"ao":0,"shapes":[{"ty":"gr","it":[{"ind":0,"ty":"sh","ix":1,"ks":{"a":0,"k":{"i":[[0,0],[0,0],[0,0],[0,0],[0,0],[0,0],[0,0]],"o":[[0,0],[0,0],[0,0],[0,0],[0,0],[0,0],[0,0]],"v":[[8.517,34.256],[8.517,8.515],[34.258,8.515],[25.417,17.356],[39.456,31.266],[31.527,39.456],[17.357,25.285]],"c":true},"ix":2},"nm":"Path 1","mn":"ADBE Vector Shape - Group","hd":false},{"ty":"fl","c":{"a":0,"k":[0,0,0,1],"ix":4},"o":{"a":0,"k":100,"ix":5},"r":1,"nm":"Fill 1","mn":"ADBE Vector Graphic - Fill","hd":false},{"ty":"tr","p":{"a":0,"k":[74.807,73.341],"ix":2},"a":{"a":0,"k":[0,0],"ix":1},"s":{"a":0,"k":[100,100],"ix":3},"r":{"a":0,"k":0,"ix":6},"o":{"a":0,"k":100,"ix":7},"sk":{"a":0,"k":0,"ix":4},"sa":{"a":0,"k":0,"ix":5},"nm":"Transform"}],"nm":"Group 1","np":2,"cix":2,"ix":1,"mn":"ADBE Vector Group","hd":false}],"ip":0,"op":23,"st":-147,"bm":0},{"ddd":0,"ind":3,"ty":4,"nm":"Right","parent":1,"sr":1,"ks":{"o":{"a":0,"k":100,"ix":11},"r":{"a":0,"k":0,"ix":10},"p":{"a":1,"k":[{"i":{"x":0.4,"y":1},"o":{"x":0.188,"y":0},"n":"0p4_1_0p188_0","t":1,"s":[68.323,49.826,0],"e":[74.216,43.933,0],"to":[-0.55348682403564,0.55348682403564,0],"ti":[1.5713484287262,-1.5713484287262,0]},{"i":{"x":0.833,"y":0.833},"o":{"x":0.6,"y":0},"n":"0p833_0p833_0p6_0","t":7,"s":[74.216,43.933,0],"e":[58.895,59.254,0],"to":[-1.5713484287262,1.5713484287262,0],"ti":[1.01786160469055,-1.01786160469055,0]},{"t":17}],"ix":2},"a":{"a":0,"k":[83.323,64.826,0],"ix":1},"s":{"a":1,"k":[{"i":{"x":[0.833,0.833,0.833],"y":[0.833,0.833,16]},"o":{"x":[0.182,0.182,0.182],"y":[0,0,0]},"n":["0p833_0p833_0p182_0","0p833_0p833_0p182_0","0p833_16_0p182_0"],"t":17,"s":[100,100,100],"e":[10,10,100]},{"t":23}],"ix":6}},"ao":0,"shapes":[{"ty":"gr","it":[{"ind":0,"ty":"sh","ix":1,"ks":{"a":0,"k":{"i":[[0,0],[0,0],[0,0],[0,0],[0,0],[0,0],[0,0]],"o":[[0,0],[0,0],[0,0],[0,0],[0,0],[0,0],[0,0]],"v":[[39.456,-31.526],[25.417,-17.486],[34.258,-8.515],[8.517,-8.515],[8.517,-34.256],[17.357,-25.416],[31.527,-39.456]],"c":true},"ix":2},"nm":"Path 2","mn":"ADBE Vector Shape - Group","hd":false},{"ty":"fl","c":{"a":0,"k":[0,0,0,1],"ix":4},"o":{"a":0,"k":100,"ix":5},"r":1,"nm":"Fill 1","mn":"ADBE Vector Graphic - Fill","hd":false},{"ty":"tr","p":{"a":0,"k":[74.807,73.341],"ix":2},"a":{"a":0,"k":[0,0],"ix":1},"s":{"a":0,"k":[100,100],"ix":3},"r":{"a":0,"k":0,"ix":6},"o":{"a":0,"k":100,"ix":7},"sk":{"a":0,"k":0,"ix":4},"sa":{"a":0,"k":0,"ix":5},"nm":"Transform"}],"nm":"Group 1","np":2,"cix":2,"ix":1,"mn":"ADBE Vector Group","hd":false}],"ip":0,"op":23,"st":-147,"bm":0},{"ddd":0,"ind":4,"ty":4,"nm":"Left","parent":1,"sr":1,"ks":{"o":{"a":0,"k":100,"ix":11},"r":{"a":0,"k":0,"ix":10},"p":{"a":1,"k":[{"i":{"x":0.4,"y":1},"o":{"x":0.188,"y":0},"n":"0p4_1_0p188_0","t":1,"s":[51.292,66.856,0],"e":[45.4,72.748,0],"to":[0.55358117818832,-0.55358117818832,0],"ti":[-1.5713484287262,1.5713484287262,0]},{"i":{"x":0.833,"y":0.833},"o":{"x":0.6,"y":0},"n":"0p833_0p833_0p6_0","t":7,"s":[45.4,72.748,0],"e":[60.72,57.428,0],"to":[1.5713484287262,-1.5713484287262,0],"ti":[-1.01776719093323,1.01776719093323,0]},{"t":17}],"ix":2},"a":{"a":0,"k":[66.292,81.856,0],"ix":1},"s":{"a":1,"k":[{"i":{"x":[0.833,0.833,0.833],"y":[0.833,0.833,16]},"o":{"x":[0.182,0.182,0.182],"y":[0,0,0]},"n":["0p833_0p833_0p182_0","0p833_0p833_0p182_0","0p833_16_0p182_0"],"t":17,"s":[100,100,100],"e":[10,10,100]},{"t":23}],"ix":6}},"ao":0,"shapes":[{"ty":"gr","it":[{"ind":0,"ty":"sh","ix":1,"ks":{"a":0,"k":{"i":[[0,0],[0,0],[0,0],[0,0],[0,0],[0,0],[0,0]],"o":[[0,0],[0,0],[0,0],[0,0],[0,0],[0,0],[0,0]],"v":[[-39.456,31.266],[-25.415,17.356],[-34.255,8.515],[-8.515,8.515],[-8.515,34.256],[-17.355,25.285],[-31.395,39.456]],"c":true},"ix":2},"nm":"Path 3","mn":"ADBE Vector Shape - Group","hd":false},{"ty":"fl","c":{"a":0,"k":[0,0,0,1],"ix":4},"o":{"a":0,"k":100,"ix":5},"r":1,"nm":"Fill 1","mn":"ADBE Vector Graphic - Fill","hd":false},{"ty":"tr","p":{"a":0,"k":[74.807,73.341],"ix":2},"a":{"a":0,"k":[0,0],"ix":1},"s":{"a":0,"k":[100,100],"ix":3},"r":{"a":0,"k":0,"ix":6},"o":{"a":0,"k":100,"ix":7},"sk":{"a":0,"k":0,"ix":4},"sa":{"a":0,"k":0,"ix":5},"nm":"Transform"}],"nm":"Group 1","np":2,"cix":2,"ix":1,"mn":"ADBE Vector Group","hd":false}],"ip":0,"op":23,"st":-147,"bm":0},{"ddd":0,"ind":5,"ty":4,"nm":"Up","parent":1,"sr":1,"ks":{"o":{"a":0,"k":100,"ix":11},"r":{"a":0,"k":0,"ix":10},"p":{"a":1,"k":[{"i":{"x":0.4,"y":1},"o":{"x":0.188,"y":0},"n":"0p4_1_0p188_0","t":1,"s":[51.292,49.826,0],"e":[45.4,43.933,0],"to":[0.55348682403564,0.55348682403564,0],"ti":[-1.5713484287262,-1.5713484287262,0]},{"i":{"x":0.833,"y":0.833},"o":{"x":0.6,"y":0},"n":"0p833_0p833_0p6_0","t":7,"s":[45.4,43.933,0],"e":[60.72,59.254,0],"to":[1.5713484287262,1.5713484287262,0],"ti":[-1.01786160469055,-1.01786160469055,0]},{"t":17}],"ix":2},"a":{"a":0,"k":[66.292,64.826,0],"ix":1},"s":{"a":1,"k":[{"i":{"x":[0.833,0.833,0.833],"y":[0.833,0.833,16]},"o":{"x":[0.182,0.182,0.182],"y":[0,0,0]},"n":["0p833_0p833_0p182_0","0p833_0p833_0p182_0","0p833_16_0p182_0"],"t":17,"s":[100,100,100],"e":[10,10,100]},{"t":23}],"ix":6}},"ao":0,"shapes":[{"ty":"gr","it":[{"ind":0,"ty":"sh","ix":1,"ks":{"a":0,"k":{"i":[[0,0],[0,0],[0,0],[0,0],[0,0],[0,0],[0,0]],"o":[[0,0],[0,0],[0,0],[0,0],[0,0],[0,0],[0,0]],"v":[[-17.355,-25.286],[-8.515,-34.256],[-8.515,-8.515],[-34.255,-8.515],[-25.415,-17.486],[-39.456,-31.526],[-31.395,-39.456]],"c":true},"ix":2},"nm":"Path 4","mn":"ADBE Vector Shape - Group","hd":false},{"ty":"fl","c":{"a":0,"k":[0,0,0,1],"ix":4},"o":{"a":0,"k":100,"ix":5},"r":1,"nm":"Fill 1","mn":"ADBE Vector Graphic - Fill","hd":false},{"ty":"tr","p":{"a":0,"k":[74.807,73.341],"ix":2},"a":{"a":0,"k":[0,0],"ix":1},"s":{"a":0,"k":[100,100],"ix":3},"r":{"a":0,"k":0,"ix":6},"o":{"a":0,"k":100,"ix":7},"sk":{"a":0,"k":0,"ix":4},"sa":{"a":0,"k":0,"ix":5},"nm":"Transform"}],"nm":"Group 1","np":2,"cix":2,"ix":1,"mn":"ADBE Vector Group","hd":false}],"ip":0,"op":23,"st":-147,"bm":0}]},{"id":"comp_50","layers":[{"ddd":0,"ind":1,"ty":3,"nm":"NULL CONTROL","sr":1,"ks":{"o":{"a":0,"k":0,"ix":11},"r":{"a":0,"k":45,"ix":10},"p":{"a":0,"k":[75,75,0],"ix":2},"a":{"a":0,"k":[60,60,0],"ix":1},"s":{"a":0,"k":[100,100,100],"ix":6}},"ao":0,"ip":0,"op":58,"st":-17,"bm":0},{"ddd":0,"ind":2,"ty":4,"nm":"Down","parent":1,"sr":1,"ks":{"o":{"a":0,"k":100,"ix":11},"r":{"a":0,"k":0,"ix":10},"p":{"a":1,"k":[{"i":{"x":0.831,"y":0.988},"o":{"x":0.167,"y":0.167},"n":"0p831_0p988_0p167_0p167","t":2,"s":[108.982,107.514,0],"e":[66.555,65.088,0],"to":[-7.07106781005859,-7.07106781005859,0],"ti":[6.59966325759888,6.59966325759888,0]},{"i":{"x":0.73,"y":1},"o":{"x":0.664,"y":0.357},"n":"0p73_1_0p664_0p357","t":16,"s":[66.555,65.088,0],"e":[69.384,67.916,0],"to":[-6.59966325759888,-6.59966325759888,0],"ti":[-0.294627815485,-0.294627815485,0]},{"i":{"x":0,"y":1},"o":{"x":0.27,"y":0},"n":"0_1_0p27_0","t":35,"s":[69.384,67.916,0],"e":[68.323,66.856,0],"to":[0.294627815485,0.294627815485,0],"ti":[0.17677669227123,0.17677669227123,0]},{"t":56}],"ix":2},"a":{"a":0,"k":[83.323,81.856,0],"ix":1},"s":{"a":1,"k":[{"i":{"x":[0.408,0.408,0],"y":[1,1,1]},"o":{"x":[0.14,0.14,0.333],"y":[0,0,0]},"n":["0p408_1_0p14_0","0p408_1_0p14_0","0_1_0p333_0"],"t":2,"s":[0,0,100],"e":[100,100,100]},{"t":16}],"ix":6}},"ao":0,"shapes":[{"ty":"gr","it":[{"ind":0,"ty":"sh","ix":1,"ks":{"a":0,"k":{"i":[[0,0],[0,0],[0,0],[0,0],[0,0],[0,0],[0,0]],"o":[[0,0],[0,0],[0,0],[0,0],[0,0],[0,0],[0,0]],"v":[[8.517,34.256],[8.517,8.515],[34.258,8.515],[25.417,17.356],[39.456,31.266],[31.527,39.456],[17.357,25.285]],"c":true},"ix":2},"nm":"Path 1","mn":"ADBE Vector Shape - Group","hd":false},{"ty":"fl","c":{"a":0,"k":[0,0,0,1],"ix":4},"o":{"a":0,"k":100,"ix":5},"r":1,"nm":"Fill 1","mn":"ADBE Vector Graphic - Fill","hd":false},{"ty":"tr","p":{"a":0,"k":[74.807,73.341],"ix":2},"a":{"a":0,"k":[0,0],"ix":1},"s":{"a":0,"k":[100,100],"ix":3},"r":{"a":0,"k":0,"ix":6},"o":{"a":0,"k":100,"ix":7},"sk":{"a":0,"k":0,"ix":4},"sa":{"a":0,"k":0,"ix":5},"nm":"Transform"}],"nm":"Group 1","np":2,"cix":2,"ix":1,"mn":"ADBE Vector Group","hd":false}],"ip":0,"op":58,"st":-17,"bm":0},{"ddd":0,"ind":3,"ty":4,"nm":"Right","parent":1,"sr":1,"ks":{"o":{"a":0,"k":100,"ix":11},"r":{"a":0,"k":0,"ix":10},"p":{"a":1,"k":[{"i":{"x":0.831,"y":0.988},"o":{"x":0.167,"y":0.167},"n":"0p831_0p988_0p167_0p167","t":2,"s":[108.982,9.167,0],"e":[66.555,51.593,0],"to":[-7.07106781005859,7.07106781005859,0],"ti":[6.59966325759888,-6.59966325759888,0]},{"i":{"x":0.73,"y":1},"o":{"x":0.664,"y":0.357},"n":"0p73_1_0p664_0p357","t":16,"s":[66.555,51.593,0],"e":[69.384,48.765,0],"to":[-6.59966325759888,6.59966325759888,0],"ti":[-0.294627815485,0.294627815485,0]},{"i":{"x":0,"y":1},"o":{"x":0.27,"y":0},"n":"0_1_0p27_0","t":35,"s":[69.384,48.765,0],"e":[68.323,49.826,0],"to":[0.294627815485,-0.294627815485,0],"ti":[0.17677669227123,-0.17677669227123,0]},{"t":56}],"ix":2},"a":{"a":0,"k":[83.323,64.826,0],"ix":1},"s":{"a":1,"k":[{"i":{"x":[0.408,0.408,0],"y":[1,1,1]},"o":{"x":[0.14,0.14,0.333],"y":[0,0,0]},"n":["0p408_1_0p14_0","0p408_1_0p14_0","0_1_0p333_0"],"t":2,"s":[0,0,100],"e":[100,100,100]},{"t":16}],"ix":6}},"ao":0,"shapes":[{"ty":"gr","it":[{"ind":0,"ty":"sh","ix":1,"ks":{"a":0,"k":{"i":[[0,0],[0,0],[0,0],[0,0],[0,0],[0,0],[0,0]],"o":[[0,0],[0,0],[0,0],[0,0],[0,0],[0,0],[0,0]],"v":[[39.456,-31.526],[25.417,-17.486],[34.258,-8.515],[8.517,-8.515],[8.517,-34.256],[17.357,-25.416],[31.527,-39.456]],"c":true},"ix":2},"nm":"Path 2","mn":"ADBE Vector Shape - Group","hd":false},{"ty":"fl","c":{"a":0,"k":[0,0,0,1],"ix":4},"o":{"a":0,"k":100,"ix":5},"r":1,"nm":"Fill 1","mn":"ADBE Vector Graphic - Fill","hd":false},{"ty":"tr","p":{"a":0,"k":[74.807,73.341],"ix":2},"a":{"a":0,"k":[0,0],"ix":1},"s":{"a":0,"k":[100,100],"ix":3},"r":{"a":0,"k":0,"ix":6},"o":{"a":0,"k":100,"ix":7},"sk":{"a":0,"k":0,"ix":4},"sa":{"a":0,"k":0,"ix":5},"nm":"Transform"}],"nm":"Group 1","np":2,"cix":2,"ix":1,"mn":"ADBE Vector Group","hd":false}],"ip":0,"op":58,"st":-17,"bm":0},{"ddd":0,"ind":4,"ty":4,"nm":"Left","parent":1,"sr":1,"ks":{"o":{"a":0,"k":100,"ix":11},"r":{"a":0,"k":0,"ix":10},"p":{"a":1,"k":[{"i":{"x":0.831,"y":0.988},"o":{"x":0.167,"y":0.167},"n":"0p831_0p988_0p167_0p167","t":2,"s":[10.634,107.514,0],"e":[53.06,65.088,0],"to":[7.07106781005859,-7.07106781005859,0],"ti":[-6.59966325759888,6.59966325759888,0]},{"i":{"x":0.73,"y":1},"o":{"x":0.664,"y":0.357},"n":"0p73_1_0p664_0p357","t":16,"s":[53.06,65.088,0],"e":[50.232,67.916,0],"to":[6.59966325759888,-6.59966325759888,0],"ti":[0.294627815485,-0.294627815485,0]},{"i":{"x":0,"y":1},"o":{"x":0.27,"y":0},"n":"0_1_0p27_0","t":35,"s":[50.232,67.916,0],"e":[51.292,66.856,0],"to":[-0.294627815485,0.294627815485,0],"ti":[-0.17677669227123,0.17677669227123,0]},{"t":56}],"ix":2},"a":{"a":0,"k":[66.292,81.856,0],"ix":1},"s":{"a":1,"k":[{"i":{"x":[0.408,0.408,0],"y":[1,1,1]},"o":{"x":[0.14,0.14,0.333],"y":[0,0,0]},"n":["0p408_1_0p14_0","0p408_1_0p14_0","0_1_0p333_0"],"t":2,"s":[0,0,100],"e":[100,100,100]},{"t":16}],"ix":6}},"ao":0,"shapes":[{"ty":"gr","it":[{"ind":0,"ty":"sh","ix":1,"ks":{"a":0,"k":{"i":[[0,0],[0,0],[0,0],[0,0],[0,0],[0,0],[0,0]],"o":[[0,0],[0,0],[0,0],[0,0],[0,0],[0,0],[0,0]],"v":[[-39.456,31.266],[-25.415,17.356],[-34.255,8.515],[-8.515,8.515],[-8.515,34.256],[-17.355,25.285],[-31.395,39.456]],"c":true},"ix":2},"nm":"Path 3","mn":"ADBE Vector Shape - Group","hd":false},{"ty":"fl","c":{"a":0,"k":[0,0,0,1],"ix":4},"o":{"a":0,"k":100,"ix":5},"r":1,"nm":"Fill 1","mn":"ADBE Vector Graphic - Fill","hd":false},{"ty":"tr","p":{"a":0,"k":[74.807,73.341],"ix":2},"a":{"a":0,"k":[0,0],"ix":1},"s":{"a":0,"k":[100,100],"ix":3},"r":{"a":0,"k":0,"ix":6},"o":{"a":0,"k":100,"ix":7},"sk":{"a":0,"k":0,"ix":4},"sa":{"a":0,"k":0,"ix":5},"nm":"Transform"}],"nm":"Group 1","np":2,"cix":2,"ix":1,"mn":"ADBE Vector Group","hd":false}],"ip":0,"op":58,"st":-17,"bm":0},{"ddd":0,"ind":5,"ty":4,"nm":"Up","parent":1,"sr":1,"ks":{"o":{"a":0,"k":100,"ix":11},"r":{"a":0,"k":0,"ix":10},"p":{"a":1,"k":[{"i":{"x":0.831,"y":0.988},"o":{"x":0.167,"y":0.167},"n":"0p831_0p988_0p167_0p167","t":2,"s":[10.634,9.167,0],"e":[53.06,51.593,0],"to":[7.07106781005859,7.07106781005859,0],"ti":[-6.59966325759888,-6.59966325759888,0]},{"i":{"x":0.73,"y":1},"o":{"x":0.664,"y":0.357},"n":"0p73_1_0p664_0p357","t":16,"s":[53.06,51.593,0],"e":[50.232,48.765,0],"to":[6.59966325759888,6.59966325759888,0],"ti":[0.294627815485,0.294627815485,0]},{"i":{"x":0,"y":1},"o":{"x":0.27,"y":0},"n":"0_1_0p27_0","t":35,"s":[50.232,48.765,0],"e":[51.292,49.826,0],"to":[-0.294627815485,-0.294627815485,0],"ti":[-0.17677669227123,-0.17677669227123,0]},{"t":56}],"ix":2},"a":{"a":0,"k":[66.292,64.826,0],"ix":1},"s":{"a":1,"k":[{"i":{"x":[0.408,0.408,0],"y":[1,1,1]},"o":{"x":[0.14,0.14,0.333],"y":[0,0,0]},"n":["0p408_1_0p14_0","0p408_1_0p14_0","0_1_0p333_0"],"t":2,"s":[0,0,100],"e":[100,100,100]},{"t":16}],"ix":6}},"ao":0,"shapes":[{"ty":"gr","it":[{"ind":0,"ty":"sh","ix":1,"ks":{"a":0,"k":{"i":[[0,0],[0,0],[0,0],[0,0],[0,0],[0,0],[0,0]],"o":[[0,0],[0,0],[0,0],[0,0],[0,0],[0,0],[0,0]],"v":[[-17.355,-25.286],[-8.515,-34.256],[-8.515,-8.515],[-34.255,-8.515],[-25.415,-17.486],[-39.456,-31.526],[-31.395,-39.456]],"c":true},"ix":2},"nm":"Path 4","mn":"ADBE Vector Shape - Group","hd":false},{"ty":"fl","c":{"a":0,"k":[0,0,0,1],"ix":4},"o":{"a":0,"k":100,"ix":5},"r":1,"nm":"Fill 1","mn":"ADBE Vector Graphic - Fill","hd":false},{"ty":"tr","p":{"a":0,"k":[74.807,73.341],"ix":2},"a":{"a":0,"k":[0,0],"ix":1},"s":{"a":0,"k":[100,100],"ix":3},"r":{"a":0,"k":0,"ix":6},"o":{"a":0,"k":100,"ix":7},"sk":{"a":0,"k":0,"ix":4},"sa":{"a":0,"k":0,"ix":5},"nm":"Transform"}],"nm":"Group 1","np":2,"cix":2,"ix":1,"mn":"ADBE Vector Group","hd":false}],"ip":0,"op":58,"st":-17,"bm":0}]}],"layers":[{"ddd":0,"ind":1,"ty":0,"nm":"Minimize_AnimOff","refId":"comp_49","sr":1,"ks":{"o":{"a":0,"k":100,"ix":11},"r":{"a":0,"k":0,"ix":10},"p":{"a":0,"k":[400,400,0],"ix":2},"a":{"a":0,"k":[75,75,0],"ix":1},"s":{"a":0,"k":[100,100,100],"ix":6}},"ao":0,"w":150,"h":150,"ip":58,"op":82,"st":58,"bm":0},{"ddd":0,"ind":2,"ty":0,"nm":"Minimize_AnimOn","refId":"comp_50","sr":1,"ks":{"o":{"a":0,"k":100,"ix":11},"r":{"a":0,"k":0,"ix":10},"p":{"a":0,"k":[400,400,0],"ix":2},"a":{"a":0,"k":[75,75,0],"ix":1},"s":{"a":0,"k":[100,100,100],"ix":6}},"ao":0,"w":150,"h":150,"ip":0,"op":58,"st":0,"bm":0}]}