{"v":"4.6.3","fr":25,"ip":0,"op":36,"w":600,"h":600,"nm":"54 fill","ddd":0,"assets":[{"id":"image_0","w":397,"h":396,"u":"images/","p":"img_0.png"}],"layers":[{"ddd":0,"ind":1,"ty":4,"nm":"Shape Layer 1","ks":{"o":{"a":0,"k":100},"r":{"a":0,"k":0},"p":{"a":0,"k":[300,300,0]},"a":{"a":0,"k":[0,0,0]},"s":{"a":0,"k":[100,100,100],"x":"var $bm_rt;\nvar temp;\ntemp = effect('bounce out short')(1);\n$bm_rt = [\n    temp,\n    temp\n];"}},"ao":0,"ef":[{"ty":5,"nm":"bounce out short","mn":"ADBE Slider Control","ix":1,"en":1,"ef":[{"ty":0,"nm":"Slider","mn":"ADBE Slider Control-0001","ix":1,"v":{"a":1,"k":[{"i":{"x":[0.833],"y":[0.833]},"o":{"x":[0.423],"y":[0]},"n":["0p833_0p833_0p423_0"],"t":0,"s":[30],"e":[115]},{"i":{"x":[0.608],"y":[1]},"o":{"x":[0.167],"y":[0.167]},"n":["0p608_1_0p167_0p167"],"t":10.956,"s":[115],"e":[90.128]},{"i":{"x":[0.833],"y":[0.833]},"o":{"x":[0.444],"y":[0]},"n":["0p833_0p833_0p444_0"],"t":13.503,"s":[90.128],"e":[100]},{"i":{"x":[0.608],"y":[1]},"o":{"x":[0.167],"y":[0.167]},"n":["0p608_1_0p167_0p167"],"t":15.751,"s":[100],"e":[97.895]},{"i":{"x":[0.833],"y":[0.833]},"o":{"x":[0.444],"y":[0]},"n":["0p833_0p833_0p444_0"],"t":16.896,"s":[97.895],"e":[100]},{"i":{"x":[0.833],"y":[0.833]},"o":{"x":[0.167],"y":[0.167]},"n":["0p833_0p833_0p167_0p167"],"t":17.976,"s":[100],"e":[100]},{"t":18}]}}]}],"shapes":[{"ty":"gr","it":[{"d":1,"ty":"el","s":{"a":0,"k":[430,430]},"p":{"a":0,"k":[0,0]},"nm":"Ellipse Path 1","mn":"ADBE Vector Shape - Ellipse"},{"ty":"st","c":{"a":0,"k":[0.2,0.1921569,0.172549,1]},"o":{"a":0,"k":100},"w":{"a":0,"k":15},"lc":2,"lj":1,"ml":4,"nm":"Stroke 1","mn":"ADBE Vector Graphic - Stroke"},{"ty":"tm","s":{"a":1,"k":[{"i":{"x":[0.398],"y":[1.002]},"o":{"x":[0.167],"y":[0.167]},"n":["0p398_1p002_0p167_0p167"],"t":8,"s":[0],"e":[80]},{"t":16}],"ix":1},"e":{"a":1,"k":[{"i":{"x":[0.198],"y":[0.978]},"o":{"x":[0.167],"y":[0.167]},"n":["0p198_0p978_0p167_0p167"],"t":6,"s":[0],"e":[80]},{"t":15}],"ix":2},"o":{"a":0,"k":0,"ix":3},"m":1,"ix":3,"nm":"Trim Paths 1","mn":"ADBE Vector Filter - Trim"},{"ty":"tr","p":{"a":0,"k":[0,0],"ix":2},"a":{"a":0,"k":[0,0],"ix":1},"s":{"a":0,"k":[100,100],"ix":3},"r":{"a":0,"k":0,"ix":6},"o":{"a":0,"k":100,"ix":7},"sk":{"a":0,"k":0,"ix":4},"sa":{"a":0,"k":0,"ix":5},"nm":"Transform"}],"nm":"Ellipse 2","np":4,"cix":2,"ix":1,"mn":"ADBE Vector Group"},{"ty":"gr","it":[{"d":1,"ty":"el","s":{"a":0,"k":[379,379]},"p":{"a":0,"k":[0,0]},"nm":"Ellipse Path 1","mn":"ADBE Vector Shape - Ellipse"},{"ty":"tm","s":{"a":0,"k":0,"ix":1},"e":{"a":1,"k":[{"i":{"x":[0.484],"y":[1]},"o":{"x":[0.167],"y":[0.167]},"n":["0p484_1_0p167_0p167"],"t":0,"s":[0],"e":[100]},{"t":15}],"ix":2},"o":{"a":0,"k":0,"ix":3},"m":1,"ix":2,"nm":"Trim Paths 1","mn":"ADBE Vector Filter - Trim"},{"ty":"st","c":{"a":0,"k":[0.2,0.1921569,0.172549,1]},"o":{"a":0,"k":100},"w":{"a":0,"k":18},"lc":2,"lj":1,"ml":4,"nm":"Stroke 1","mn":"ADBE Vector Graphic - Stroke"},{"ty":"tr","p":{"a":0,"k":[0,0],"ix":2},"a":{"a":0,"k":[0,0],"ix":1},"s":{"a":0,"k":[100,100],"ix":3},"r":{"a":0,"k":0,"ix":6},"o":{"a":0,"k":100,"ix":7},"sk":{"a":0,"k":0,"ix":4},"sa":{"a":0,"k":0,"ix":5},"nm":"Transform"}],"nm":"Ellipse 1","np":4,"cix":2,"ix":2,"mn":"ADBE Vector Group"}],"ip":0,"op":250,"st":0,"bm":0,"sr":1},{"ddd":0,"ind":2,"ty":4,"nm":"Shape Layer 3","parent":1,"td":1,"ks":{"o":{"a":0,"k":100},"r":{"a":0,"k":0},"p":{"a":0,"k":[0,-1.021,0]},"a":{"a":0,"k":[0,0,0]},"s":{"a":0,"k":[102.123,102.123,100]}},"ao":0,"shapes":[{"ty":"gr","it":[{"d":1,"ty":"el","s":{"a":0,"k":[364,364]},"p":{"a":0,"k":[0,0]},"nm":"Ellipse Path 1","mn":"ADBE Vector Shape - Ellipse"},{"ty":"fl","c":{"a":0,"k":[0.3686275,0.7960784,0.9019608,1]},"o":{"a":0,"k":100},"r":1,"nm":"Fill 1","mn":"ADBE Vector Graphic - Fill"},{"ty":"tr","p":{"a":0,"k":[0,1],"ix":2},"a":{"a":0,"k":[0,0],"ix":1},"s":{"a":0,"k":[100,100],"ix":3},"r":{"a":0,"k":0,"ix":6},"o":{"a":0,"k":100,"ix":7},"sk":{"a":0,"k":0,"ix":4},"sa":{"a":0,"k":0,"ix":5},"nm":"Transform"}],"nm":"Ellipse 1","np":3,"cix":2,"ix":1,"mn":"ADBE Vector Group"}],"ip":0,"op":250,"st":0,"bm":0,"sr":1},{"ddd":0,"ind":3,"ty":2,"nm":"Layer 3/48.ai","cl":"ai","parent":1,"tt":1,"refId":"image_0","ks":{"o":{"a":0,"k":100},"r":{"a":0,"k":0},"p":{"a":1,"k":[{"i":{"x":0.164,"y":1},"o":{"x":0.004,"y":0.049},"n":"0p164_1_0p004_0p049","t":10,"s":[0,296,0],"e":[0,0,0],"to":[0,-49.3333320617676,0],"ti":[0,49.3333320617676,0]},{"t":30}]},"a":{"a":0,"k":[198.5,198,0]},"s":{"a":0,"k":[100,100,100]}},"ao":0,"ip":0,"op":250,"st":0,"bm":0,"sr":1},{"ddd":0,"ind":4,"ty":4,"nm":"Shape Layer 2","parent":1,"ks":{"o":{"a":0,"k":100},"r":{"a":0,"k":0},"p":{"a":0,"k":[0,-1.021,0]},"a":{"a":0,"k":[0,0,0]},"s":{"a":0,"k":[102.123,102.123,100],"x":"var $bm_rt;\nvar temp;\ntemp = effect('bounce out short')(1);\n$bm_rt = [\n    temp,\n    temp\n];"}},"ao":0,"ef":[{"ty":5,"nm":"bounce out short","mn":"ADBE Slider Control","ix":1,"en":1,"ef":[{"ty":0,"nm":"Slider","mn":"ADBE Slider Control-0001","ix":1,"v":{"a":1,"k":[{"i":{"x":[0.833],"y":[0.833]},"o":{"x":[0.423],"y":[0]},"n":["0p833_0p833_0p423_0"],"t":2,"s":[0],"e":[120]},{"i":{"x":[0.608],"y":[1]},"o":{"x":[0.167],"y":[0.167]},"n":["0p608_1_0p167_0p167"],"t":14.174,"s":[120],"e":[90.128]},{"i":{"x":[0.833],"y":[0.833]},"o":{"x":[0.444],"y":[0]},"n":["0p833_0p833_0p444_0"],"t":17.003,"s":[90.128],"e":[100]},{"i":{"x":[0.608],"y":[1]},"o":{"x":[0.167],"y":[0.167]},"n":["0p608_1_0p167_0p167"],"t":19.501,"s":[100],"e":[97.895]},{"i":{"x":[0.833],"y":[0.833]},"o":{"x":[0.444],"y":[0]},"n":["0p833_0p833_0p444_0"],"t":20.772,"s":[97.895],"e":[100]},{"i":{"x":[0.833],"y":[0.833]},"o":{"x":[0.167],"y":[0.167]},"n":["0p833_0p833_0p167_0p167"],"t":21.973,"s":[100],"e":[100]},{"t":22}]}}]}],"shapes":[{"ty":"gr","it":[{"d":1,"ty":"el","s":{"a":0,"k":[364,364]},"p":{"a":0,"k":[0,0]},"nm":"Ellipse Path 1","mn":"ADBE Vector Shape - Ellipse"},{"ty":"fl","c":{"a":0,"k":[0.3686275,0.7960784,0.9019608,1]},"o":{"a":0,"k":100},"r":1,"nm":"Fill 1","mn":"ADBE Vector Graphic - Fill"},{"ty":"tr","p":{"a":0,"k":[0,1],"ix":2},"a":{"a":0,"k":[0,0],"ix":1},"s":{"a":0,"k":[100,100],"ix":3},"r":{"a":0,"k":0,"ix":6},"o":{"a":0,"k":100,"ix":7},"sk":{"a":0,"k":0,"ix":4},"sa":{"a":0,"k":0,"ix":5},"nm":"Transform"}],"nm":"Ellipse 1","np":3,"cix":2,"ix":1,"mn":"ADBE Vector Group"}],"ip":0,"op":250,"st":0,"bm":0,"sr":1}]}