{
    "v": "4.6.10",
    "fr": 20,
    "ip": 0,
    "op": 40,
    "w": 420,
    "h": 420,
    "nm": "Comp 1",
    "ddd": 0,
    "assets": [{
        "id": "image_2",
        "w": 512,
        "h": 512,
        "u": "images/",
        "p": "img_2.png"
    }, {
        "layers": [{
            "ddd": 0,
            "ind": 1,
            "ty": 1,
            "nm": "White Solid 2",
            "ks": {
                "o": {
                    "a": 0,
                    "k": 100
                },
                "r": {
                    "a": 0,
                    "k": 0
                },
                "p": {
                    "a": 0,
                    "k": [210, 210, 0]
                },
                "a": {
                    "a": 0,
                    "k": [210, 210, 0]
                },
                "s": {
                    "a": 0,
                    "k": [100, 100, 100]
                }
            },
            "ao": 0,
            "hasMask": true,
            "masksProperties": [{
                "inv": false,
                "mode": "n",
                "pt": {
                    "a": 0,
                    "k": {
                        "i": [[0, 0], [24.499, 9.8], [0, 0], [2.5, 17], [8, 0], [0, 0], [3.5, -19], [0, 0], [-17.156, 0.953], [-3.455, 1.135], [-2.869, 20.439], [0, 0], [-23, 1.5], [0, 0], [2, -30.5], [0, 0], [25.5, -0.5], [0, 0]],
                        "o": [[0, 0], [-5, -2], [0, 0], [-2.5, -17], [-8, 0], [0, 0], [-3.5, 19], [0, 0], [5.091, -0.283], [8.76, -2.877], [4, -28.5], [0, 0], [23, -1.5], [0, 0], [-2, 30.5], [0, 0], [-28.739, 0.564], [0, 0]],
                        "v": [[344, 149.5], [327, 115], [235, 114], [217, 91], [192.5, 64], [75, 64], [49.5, 86], [48, 328.5], [72.5, 357], [85.217, 355.14], [101, 324.5], [100.5, 173.5], [124.5, 149.5], [351, 149.5], [373.5, 181], [372.5, 336], [345, 358], [73.5, 358.5]],
                        "c": false
                    }
                },
                "o": {
                    "a": 0,
                    "k": 100
                },
                "x": {
                    "a": 0,
                    "k": 0
                },
                "nm": "Mask 1"
            }],
            "ef": [{
                "ty": 22,
                "nm": "Stroke",
                "mn": "ADBE Stroke",
                "ix": 1,
                "en": 1,
                "ef": [{
                    "ty": 10,
                    "nm": "Path",
                    "mn": "ADBE Stroke-0001",
                    "ix": 1,
                    "v": {
                        "a": 0,
                        "k": 1
                    }
                }, {
                    "ty": 7,
                    "nm": "All Masks",
                    "mn": "ADBE Stroke-0010",
                    "ix": 2,
                    "v": {
                        "a": 0,
                        "k": 1
                    }
                }, {
                    "ty": 7,
                    "nm": "Stroke Sequentially",
                    "mn": "ADBE Stroke-0011",
                    "ix": 3,
                    "v": {
                        "a": 0,
                        "k": 1
                    }
                }, {
                    "ty": 2,
                    "nm": "Color",
                    "mn": "ADBE Stroke-0002",
                    "ix": 4,
                    "v": {
                        "a": 0,
                        "k": [0.6901961, 0.6901961, 0.6901961, 1]
                    }
                }, {
                    "ty": 0,
                    "nm": "Brush Size",
                    "mn": "ADBE Stroke-0003",
                    "ix": 5,
                    "v": {
                        "a": 0,
                        "k": 14.2
                    }
                }, {
                    "ty": 0,
                    "nm": "Brush Hardness",
                    "mn": "ADBE Stroke-0004",
                    "ix": 6,
                    "v": {
                        "a": 0,
                        "k": 0.95
                    }
                }, {
                    "ty": 0,
                    "nm": "Opacity",
                    "mn": "ADBE Stroke-0005",
                    "ix": 7,
                    "v": {
                        "a": 0,
                        "k": 1
                    }
                }, {
                    "ty": 0,
                    "nm": "Start",
                    "mn": "ADBE Stroke-0008",
                    "ix": 8,
                    "v": {
                        "a": 0,
                        "k": 0
                    }
                }, {
                    "ty": 0,
                    "nm": "End",
                    "mn": "ADBE Stroke-0009",
                    "ix": 9,
                    "v": {
                        "a": 1,
                        "k": [{
                            "i": {
                                "x": [0.667],
                                "y": [1]
                            },
                            "o": {
                                "x": [0.167],
                                "y": [0.167]
                            },
                            "n": ["0p667_1_0p167_0p167"],
                            "t": 0,
                            "s": [0],
                            "e": [100]
                        }, {
                            "t": 38
                        }]
                    }
                }, {
                    "ty": 7,
                    "nm": "Spacing",
                    "mn": "ADBE Stroke-0006",
                    "ix": 10,
                    "v": {
                        "a": 0,
                        "k": 15
                    }
                }, {
                    "ty": 7,
                    "nm": "Paint Style",
                    "mn": "ADBE Stroke-0007",
                    "ix": 11,
                    "v": {
                        "a": 0,
                        "k": 1
                    }
                }]
            }],
            "sw": 420,
            "sh": 420,
            "sc": "#ffffff",
            "ip": 0,
            "op": 205,
            "st": 0,
            "bm": 0,
            "sr": 1
        }],
        "id": 49,
        "nm": "White Solid 2 Comp 1",
        "xt": 1
    }, {
        "id": "comp_0",
        "layers": [{
            "ddd": 0,
            "ind": 1,
            "ty": 1,
            "nm": "White Solid 2",
            "ks": {
                "o": {
                    "a": 0,
                    "k": 100
                },
                "r": {
                    "a": 0,
                    "k": 0
                },
                "p": {
                    "a": 0,
                    "k": [210, 210, 0]
                },
                "a": {
                    "a": 0,
                    "k": [210, 210, 0]
                },
                "s": {
                    "a": 0,
                    "k": [100, 100, 100]
                }
            },
            "ao": 0,
            "hasMask": true,
            "masksProperties": [{
                "inv": false,
                "mode": "n",
                "pt": {
                    "a": 0,
                    "k": {
                        "i": [[0, 0], [24.499, 9.8], [0, 0], [2.5, 17], [8, 0], [0, 0], [3.5, -19], [0, 0], [-17.156, 0.953], [-3.455, 1.135], [-2.869, 20.439], [0, 0], [-23, 1.5], [0, 0], [2, -30.5], [0, 0], [25.5, -0.5], [0, 0]],
                        "o": [[0, 0], [-5, -2], [0, 0], [-2.5, -17], [-8, 0], [0, 0], [-3.5, 19], [0, 0], [5.091, -0.283], [8.76, -2.877], [4, -28.5], [0, 0], [23, -1.5], [0, 0], [-2, 30.5], [0, 0], [-28.739, 0.564], [0, 0]],
                        "v": [[344, 149.5], [327, 115], [235, 114], [217, 91], [192.5, 64], [75, 64], [49.5, 86], [48, 328.5], [72.5, 357], [85.217, 355.14], [101, 324.5], [100.5, 173.5], [124.5, 149.5], [351, 149.5], [373.5, 181], [372.5, 336], [345, 358], [73.5, 358.5]],
                        "c": false
                    }
                },
                "o": {
                    "a": 0,
                    "k": 100
                },
                "x": {
                    "a": 0,
                    "k": 0
                },
                "nm": "Mask 1"
            }],
            "ef": [{
                "ty": 22,
                "nm": "Stroke",
                "mn": "ADBE Stroke",
                "ix": 1,
                "en": 1,
                "ef": [{
                    "ty": 10,
                    "nm": "Path",
                    "mn": "ADBE Stroke-0001",
                    "ix": 1,
                    "v": {
                        "a": 0,
                        "k": 1
                    }
                }, {
                    "ty": 7,
                    "nm": "All Masks",
                    "mn": "ADBE Stroke-0010",
                    "ix": 2,
                    "v": {
                        "a": 0,
                        "k": 1
                    }
                }, {
                    "ty": 7,
                    "nm": "Stroke Sequentially",
                    "mn": "ADBE Stroke-0011",
                    "ix": 3,
                    "v": {
                        "a": 0,
                        "k": 1
                    }
                }, {
                    "ty": 2,
                    "nm": "Color",
                    "mn": "ADBE Stroke-0002",
                    "ix": 4,
                    "v": {
                        "a": 0,
                        "k": [0.6901961, 0.6901961, 0.6901961, 1]
                    }
                }, {
                    "ty": 0,
                    "nm": "Brush Size",
                    "mn": "ADBE Stroke-0003",
                    "ix": 5,
                    "v": {
                        "a": 0,
                        "k": 14.2
                    }
                }, {
                    "ty": 0,
                    "nm": "Brush Hardness",
                    "mn": "ADBE Stroke-0004",
                    "ix": 6,
                    "v": {
                        "a": 0,
                        "k": 0.95
                    }
                }, {
                    "ty": 0,
                    "nm": "Opacity",
                    "mn": "ADBE Stroke-0005",
                    "ix": 7,
                    "v": {
                        "a": 0,
                        "k": 1
                    }
                }, {
                    "ty": 0,
                    "nm": "Start",
                    "mn": "ADBE Stroke-0008",
                    "ix": 8,
                    "v": {
                        "a": 0,
                        "k": 0
                    }
                }, {
                    "ty": 0,
                    "nm": "End",
                    "mn": "ADBE Stroke-0009",
                    "ix": 9,
                    "v": {
                        "a": 1,
                        "k": [{
                            "i": {
                                "x": [0.667],
                                "y": [1]
                            },
                            "o": {
                                "x": [0.167],
                                "y": [0.167]
                            },
                            "n": ["0p667_1_0p167_0p167"],
                            "t": 0,
                            "s": [0],
                            "e": [100]
                        }, {
                            "t": 38
                        }]
                    }
                }, {
                    "ty": 7,
                    "nm": "Spacing",
                    "mn": "ADBE Stroke-0006",
                    "ix": 10,
                    "v": {
                        "a": 0,
                        "k": 15
                    }
                }, {
                    "ty": 7,
                    "nm": "Paint Style",
                    "mn": "ADBE Stroke-0007",
                    "ix": 11,
                    "v": {
                        "a": 0,
                        "k": 1
                    }
                }]
            }],
            "sw": 420,
            "sh": 420,
            "sc": "#ffffff",
            "ip": 0,
            "op": 205,
            "st": 0,
            "bm": 0,
            "sr": 1
        }]
    }],
    "layers": [{
        "ddd": 0,
        "ind": 1,
        "ty": 2,
        "nm": "file.png",
        "cl": "png",
        "td": 1,
        "refId": "image_2",
        "ks": {
            "o": {
                "a": 0,
                "k": 100
            },
            "r": {
                "a": 0,
                "k": 0
            },
            "p": {
                "a": 0,
                "k": [210, 210, 0]
            },
            "a": {
                "a": 0,
                "k": [256, 256, 0]
            },
            "s": {
                "a": 0,
                "k": [78.32, 78.32, 100]
            }
        },
        "ao": 0,
        "ip": 0,
        "op": 41,
        "st": 0,
        "bm": 0,
        "sr": 1
    }, {
        "ddd": 0,
        "ind": 2,
        "ty": 0,
        "nm": "White Solid 2 Comp 1",
        "tt": 1,
        "refId": "comp_0",
        "ks": {
            "o": {
                "a": 0,
                "k": 100
            },
            "r": {
                "a": 0,
                "k": 0
            },
            "p": {
                "a": 0,
                "k": [210, 210, 0]
            },
            "a": {
                "a": 0,
                "k": [210, 210, 0]
            },
            "s": {
                "a": 0,
                "k": [100, 100, 100]
            }
        },
        "ao": 0,
        "w": 420,
        "h": 420,
        "ip": 0,
        "op": 41,
        "st": 0,
        "bm": 0,
        "sr": 1
    }]
}