{"v":"4.10.1","fr":60,"ip":0,"op":292,"w":800,"h":800,"nm":"Thumbsdown_Preview","ddd":0,"assets":[{"id":"comp_24","layers":[{"ddd":0,"ind":1,"ty":4,"nm":"Streak","sr":1,"ks":{"o":{"a":0,"k":100,"ix":11},"r":{"a":0,"k":-180,"ix":10},"p":{"a":0,"k":[75.066,73.27,0],"ix":2},"a":{"a":0,"k":[0,0,0],"ix":1},"s":{"a":0,"k":[100,100,100],"ix":6}},"ao":0,"shapes":[{"ty":"gr","it":[{"ind":0,"ty":"sh","ix":1,"ks":{"a":0,"k":{"i":[[-11.757,-16.77],[-1.359,-2.35],[3.746,-11.8],[5.696,-5.68]],"o":[[33.007,-8.98],[7.473,12.916],[-2.471,7.783],[-10.306,10.277]],"v":[[-32.44,-38.75],[18.307,-24.869],[22.889,9.717],[10.658,30.197]],"c":false},"ix":2},"nm":"Path 1","mn":"ADBE Vector Shape - Group","hd":false},{"ty":"tm","s":{"a":1,"k":[{"i":{"x":[0.833],"y":[0.833]},"o":{"x":[0.167],"y":[0.167]},"n":["0p833_0p833_0p167_0p167"],"t":23,"s":[100],"e":[27.333]},{"i":{"x":[0.833],"y":[0.833]},"o":{"x":[0.167],"y":[0.167]},"n":["0p833_0p833_0p167_0p167"],"t":28,"s":[27.333],"e":[10.2]},{"i":{"x":[0.667],"y":[1]},"o":{"x":[0.167],"y":[0.167]},"n":["0p667_1_0p167_0p167"],"t":29,"s":[10.2],"e":[0]},{"t":33}],"ix":1},"e":{"a":1,"k":[{"i":{"x":[0.833],"y":[0.833]},"o":{"x":[0.167],"y":[0.167]},"n":["0p833_0p833_0p167_0p167"],"t":23,"s":[100],"e":[23.971]},{"i":{"x":[0.667],"y":[1]},"o":{"x":[0.167],"y":[0.167]},"n":["0p667_1_0p167_0p167"],"t":29,"s":[23.971],"e":[0]},{"t":33}],"ix":2},"o":{"a":0,"k":0,"ix":3},"m":1,"ix":2,"nm":"Trim Paths 1","mn":"ADBE Vector Filter - Trim","hd":false},{"ty":"st","c":{"a":0,"k":[0,0,0,1],"ix":3},"o":{"a":0,"k":100,"ix":4},"w":{"a":0,"k":5,"ix":5},"lc":2,"lj":1,"ml":4,"nm":"Stroke 1","mn":"ADBE Vector Graphic - Stroke","hd":false},{"ty":"tr","p":{"a":0,"k":[0,0],"ix":2},"a":{"a":0,"k":[0,0],"ix":1},"s":{"a":0,"k":[100,100],"ix":3},"r":{"a":0,"k":0,"ix":6},"o":{"a":0,"k":100,"ix":7},"sk":{"a":0,"k":0,"ix":4},"sa":{"a":0,"k":0,"ix":5},"nm":"Transform"}],"nm":"Shape 1","np":3,"cix":2,"ix":1,"mn":"ADBE Vector Group","hd":false}],"ip":23,"op":41,"st":0,"bm":0},{"ddd":0,"ind":2,"ty":4,"nm":"Streak","sr":1,"ks":{"o":{"a":0,"k":100,"ix":11},"r":{"a":0,"k":-180,"ix":10},"p":{"a":0,"k":[75.066,73.27,0],"ix":2},"a":{"a":0,"k":[0,0,0],"ix":1},"s":{"a":0,"k":[100,100,100],"ix":6}},"ao":0,"shapes":[{"ty":"gr","it":[{"ind":0,"ty":"sh","ix":1,"ks":{"a":0,"k":{"i":[[-6.233,-18.937],[-0.6,-2.431],[5.079,-8],[2.349,-2.571]],"o":[[45.233,-1.813],[3.373,13.678],[-2.093,3.297],[-10.757,11.773]],"v":[[-35.667,-34.417],[13.138,-13.501],[9.585,15.692],[2.938,24.486]],"c":false},"ix":2},"nm":"Path 2","mn":"ADBE Vector Shape - Group","hd":false},{"ty":"tm","s":{"a":1,"k":[{"i":{"x":[0.833],"y":[0.833]},"o":{"x":[0.167],"y":[0.167]},"n":["0p833_0p833_0p167_0p167"],"t":23,"s":[100],"e":[26.633]},{"i":{"x":[0.833],"y":[0.833]},"o":{"x":[0.167],"y":[0.167]},"n":["0p833_0p833_0p167_0p167"],"t":28,"s":[26.633],"e":[10.2]},{"i":{"x":[0.667],"y":[1]},"o":{"x":[0.167],"y":[0.167]},"n":["0p667_1_0p167_0p167"],"t":29,"s":[10.2],"e":[0]},{"t":33}],"ix":1},"e":{"a":1,"k":[{"i":{"x":[0.833],"y":[0.833]},"o":{"x":[0.167],"y":[0.167]},"n":["0p833_0p833_0p167_0p167"],"t":23,"s":[100],"e":[42.668]},{"i":{"x":[0.833],"y":[0.833]},"o":{"x":[0.167],"y":[0.167]},"n":["0p833_0p833_0p167_0p167"],"t":28,"s":[42.668],"e":[24.635]},{"i":{"x":[0.833],"y":[0.833]},"o":{"x":[0.167],"y":[0.167]},"n":["0p833_0p833_0p167_0p167"],"t":29,"s":[24.635],"e":[0]},{"t":33}],"ix":2},"o":{"a":0,"k":0,"ix":3},"m":1,"ix":2,"nm":"Trim Paths 1","mn":"ADBE Vector Filter - Trim","hd":false},{"ty":"st","c":{"a":0,"k":[0,0,0,1],"ix":3},"o":{"a":0,"k":100,"ix":4},"w":{"a":0,"k":5,"ix":5},"lc":2,"lj":1,"ml":4,"nm":"Stroke 1","mn":"ADBE Vector Graphic - Stroke","hd":false},{"ty":"tr","p":{"a":0,"k":[0,0],"ix":2},"a":{"a":0,"k":[0,0],"ix":1},"s":{"a":0,"k":[100,100],"ix":3},"r":{"a":0,"k":0,"ix":6},"o":{"a":0,"k":100,"ix":7},"sk":{"a":0,"k":0,"ix":4},"sa":{"a":0,"k":0,"ix":5},"nm":"Transform"}],"nm":"Shape 1","np":3,"cix":2,"ix":1,"mn":"ADBE Vector Group","hd":false}],"ip":23,"op":41,"st":0,"bm":0},{"ddd":0,"ind":3,"ty":4,"nm":"Wrist","sr":1,"ks":{"o":{"a":0,"k":100,"ix":11},"r":{"a":1,"k":[{"i":{"x":[0.261],"y":[1]},"o":{"x":[0.85],"y":[0]},"n":["0p261_1_0p85_0"],"t":0,"s":[-180],"e":[-151.9]},{"i":{"x":[0.22],"y":[1]},"o":{"x":[0.78],"y":[0]},"n":["0p22_1_0p78_0"],"t":12,"s":[-151.9],"e":[-151.9]},{"i":{"x":[0.868],"y":[0.829]},"o":{"x":[0.636],"y":[0]},"n":["0p868_0p829_0p636_0"],"t":14,"s":[-151.9],"e":[-300]},{"t":31}],"ix":10},"p":{"a":1,"k":[{"i":{"x":0.667,"y":1},"o":{"x":0.85,"y":0},"n":"0p667_1_0p85_0","t":0,"s":[114,63.75,0],"e":[113,57.25,0],"to":[1.23854327201843,-1.23854327201843,0],"ti":[0.16666667163372,1.08333337306976,0]},{"i":{"x":0.667,"y":0.667},"o":{"x":0.333,"y":0.333},"n":"0p667_0p667_0p333_0p333","t":12,"s":[113,57.25,0],"e":[113,57.25,0],"to":[0,0,0],"ti":[0,0,0]},{"i":{"x":0.22,"y":1},"o":{"x":0.333,"y":0},"n":"0p22_1_0p333_0","t":14,"s":[113,57.25,0],"e":[113.949,102.238,0],"to":[-1.34186732769012,5.58132839202881,0],"ti":[0,-1.66666662693024,0]},{"t":31}],"ix":2},"a":{"a":0,"k":[36.066,84.52,0],"ix":1},"s":{"a":1,"k":[{"i":{"x":[0.667,0.667,0.667],"y":[1,1,1]},"o":{"x":[0.85,0.85,0.85],"y":[0,0,0]},"n":["0p667_1_0p85_0","0p667_1_0p85_0","0p667_1_0p85_0"],"t":0,"s":[100,100,100],"e":[83.6,83.6,100]},{"i":{"x":[0.544,0.544,0.667],"y":[0.889,0.889,1]},"o":{"x":[0.333,0.333,0.333],"y":[0,0,0]},"n":["0p544_0p889_0p333_0","0p544_0p889_0p333_0","0p667_1_0p333_0"],"t":12,"s":[83.6,83.6,100],"e":[83.6,83.6,100]},{"i":{"x":[0.268,0.268,0.667],"y":[1,1,1]},"o":{"x":[0.333,0.333,0.333],"y":[0,0,0]},"n":["0p268_1_0p333_0","0p268_1_0p333_0","0p667_1_0p333_0"],"t":14,"s":[83.6,83.6,100],"e":[100,100,100]},{"i":{"x":[0.833,0.833,0.833],"y":[1,1,1]},"o":{"x":[0.333,0.333,0.333],"y":[0,0,0]},"n":["0p833_1_0p333_0","0p833_1_0p333_0","0p833_1_0p333_0"],"t":21,"s":[100,100,100],"e":[0,0,100]},{"t":31}],"ix":6}},"ao":0,"shapes":[{"ty":"gr","it":[{"ind":0,"ty":"sh","ix":1,"ks":{"a":0,"k":{"i":[[0,0],[0,0],[1.56,0],[0,0],[0,1.69],[0,0],[-1.56,0],[0,0],[0,-1.56],[0,0]],"o":[[0,0],[0,1.69],[0,0],[-1.56,0],[0,0],[0,-1.56],[0,0],[1.56,0],[0,0],[0,0]],"v":[[-13.846,29.381],[-13.846,35.361],[-16.836,38.481],[-38.157,38.481],[-41.146,35.361],[-41.146,-14.691],[-38.157,-17.681],[-16.836,-17.681],[-13.846,-14.691],[-13.846,-11.311]],"c":true},"ix":2},"nm":"Path 2","mn":"ADBE Vector Shape - Group","hd":false},{"ty":"fl","c":{"a":0,"k":[0,0,0,1],"ix":4},"o":{"a":0,"k":100,"ix":5},"r":1,"nm":"Fill 1","mn":"ADBE Vector Graphic - Fill","hd":false},{"ty":"tr","p":{"a":0,"k":[77.213,74.12],"ix":2},"a":{"a":0,"k":[0,0],"ix":1},"s":{"a":0,"k":[100,100],"ix":3},"r":{"a":0,"k":0,"ix":6},"o":{"a":0,"k":100,"ix":7},"sk":{"a":0,"k":0,"ix":4},"sa":{"a":0,"k":0,"ix":5},"nm":"Transform"}],"nm":"Group 1","np":2,"cix":2,"ix":1,"mn":"ADBE Vector Group","hd":false}],"ip":0,"op":102,"st":-4,"bm":0},{"ddd":0,"ind":4,"ty":4,"nm":"Hand","parent":3,"sr":1,"ks":{"o":{"a":0,"k":100,"ix":11},"r":{"a":1,"k":[{"i":{"x":[0.562],"y":[1.583]},"o":{"x":[0.85],"y":[0]},"n":["0p562_1p583_0p85_0"],"t":0,"s":[0],"e":[-6.676]},{"i":{"x":[0.842],"y":[0.915]},"o":{"x":[0.365],"y":[0.196]},"n":["0p842_0p915_0p365_0p196"],"t":9,"s":[-6.676],"e":[20.9]},{"i":{"x":[0.833],"y":[1]},"o":{"x":[0.167],"y":[0.167]},"n":["0p833_1_0p167_0p167"],"t":24,"s":[20.9],"e":[-7]},{"t":37}],"ix":10},"p":{"a":1,"k":[{"i":{"x":0.833,"y":0.833},"o":{"x":0.85,"y":0.85},"n":"0p833_0p833_0p85_0p85","t":0,"s":[56,84,0],"e":[56,84,0],"to":[0,0,0],"ti":[0,0,0]},{"t":31}],"ix":2},"a":{"a":0,"k":[56,84,0],"ix":1},"s":{"a":0,"k":[100,100,100],"ix":6}},"ao":0,"shapes":[{"ty":"gr","it":[{"ind":0,"ty":"sh","ix":1,"ks":{"a":1,"k":[{"i":{"x":0.667,"y":1},"o":{"x":0.85,"y":0},"n":"0p667_1_0p85_0","t":0,"s":[{"i":[[-1.69,0],[6.761,0.261],[-1.43,0],[7.28,0],[0,0],[0,1.69],[0,5.2],[2.08,0],[0.26,-2.21],[9.88,-4.29],[0,0],[0,0],[0,0],[-5.85,-0.26],[9.099,1.95],[-1.43,0],[6.761,0.78]],"o":[[7.41,0],[-1.43,-0.129],[6.761,0],[0,0],[-2.731,0],[0,-3.12],[0,-6.631],[-2.21,0],[-1.561,10.401],[0,0],[0,0],[0,0],[13.91,6.89],[8.84,0.259],[-1.951,-0.26],[9.23,0],[-1.69,-0.26]],"v":[[25.025,8.71],[25.936,0.649],[25.936,-0.91],[24.245,-9.491],[16.576,-9.491],[12.546,-12.871],[18.005,-27.951],[12.674,-38.482],[9.035,-34.452],[-13.846,-2.471],[-23.721,-2.37],[-22.198,21.204],[-13.846,21.061],[18.135,28.731],[22.296,20.021],[21.906,18.07],[25.025,10.4]],"c":true}],"e":[{"i":[[-1.69,0],[6.761,0.261],[-1.43,0],[7.28,0],[0,0],[0,1.69],[0,5.2],[2.08,0],[0.26,-2.21],[9.88,-4.29],[0,0],[0,0],[0,0],[-5.85,-0.26],[9.099,1.95],[-1.43,0],[6.761,0.78]],"o":[[7.41,0],[-1.43,-0.129],[6.761,0],[0,0],[-2.731,0],[0,-3.12],[0,-6.631],[-2.21,0],[-1.561,10.401],[0,0],[0,0],[0,0],[13.91,6.89],[8.84,0.259],[-1.951,-0.26],[9.23,0],[-1.69,-0.26]],"v":[[25.025,8.71],[25.936,0.649],[25.936,-0.91],[24.245,-9.491],[16.576,-9.491],[12.546,-12.871],[18.005,-27.951],[12.674,-38.482],[9.035,-34.452],[-13.846,-2.471],[-23.721,-2.37],[-22.198,21.204],[-13.846,21.061],[18.135,28.731],[22.296,20.021],[21.906,18.07],[25.025,10.4]],"c":true}]},{"i":{"x":0.667,"y":1},"o":{"x":0.333,"y":0},"n":"0p667_1_0p333_0","t":12,"s":[{"i":[[-1.69,0],[6.761,0.261],[-1.43,0],[7.28,0],[0,0],[0,1.69],[0,5.2],[2.08,0],[0.26,-2.21],[9.88,-4.29],[0,0],[0,0],[0,0],[-5.85,-0.26],[9.099,1.95],[-1.43,0],[6.761,0.78]],"o":[[7.41,0],[-1.43,-0.129],[6.761,0],[0,0],[-2.731,0],[0,-3.12],[0,-6.631],[-2.21,0],[-1.561,10.401],[0,0],[0,0],[0,0],[13.91,6.89],[8.84,0.259],[-1.951,-0.26],[9.23,0],[-1.69,-0.26]],"v":[[25.025,8.71],[25.936,0.649],[25.936,-0.91],[24.245,-9.491],[16.576,-9.491],[12.546,-12.871],[18.005,-27.951],[12.674,-38.482],[9.035,-34.452],[-13.846,-2.471],[-23.721,-2.37],[-22.198,21.204],[-13.846,21.061],[18.135,28.731],[22.296,20.021],[21.906,18.07],[25.025,10.4]],"c":true}],"e":[{"i":[[-1.69,0],[6.761,0.261],[-1.43,0],[7.28,0],[0,0],[0,1.69],[0,5.2],[2.08,0],[0.26,-2.21],[9.88,-4.29],[0,0],[0,0],[0,0],[-5.85,-0.26],[9.099,1.95],[-1.43,0],[6.761,0.78]],"o":[[7.41,0],[-1.43,-0.129],[6.761,0],[0,0],[-2.731,0],[0,-3.12],[0,-6.631],[-2.21,0],[-1.561,10.401],[0,0],[0,0],[0,0],[13.91,6.89],[8.84,0.259],[-1.951,-0.26],[9.23,0],[-1.69,-0.26]],"v":[[25.025,8.71],[25.936,0.649],[25.936,-0.91],[24.245,-9.491],[16.576,-9.491],[12.546,-12.871],[18.005,-27.951],[12.674,-38.482],[9.035,-34.452],[-13.846,-2.471],[-23.721,-2.37],[-22.198,21.204],[-13.846,21.061],[18.135,28.731],[22.296,20.021],[21.906,18.07],[25.025,10.4]],"c":true}]},{"i":{"x":0.667,"y":1},"o":{"x":0.333,"y":0},"n":"0p667_1_0p333_0","t":14,"s":[{"i":[[-1.69,0],[6.761,0.261],[-1.43,0],[7.28,0],[0,0],[0,1.69],[0,5.2],[2.08,0],[0.26,-2.21],[9.88,-4.29],[0,0],[0,0],[0,0],[-5.85,-0.26],[9.099,1.95],[-1.43,0],[6.761,0.78]],"o":[[7.41,0],[-1.43,-0.129],[6.761,0],[0,0],[-2.731,0],[0,-3.12],[0,-6.631],[-2.21,0],[-1.561,10.401],[0,0],[0,0],[0,0],[13.91,6.89],[8.84,0.259],[-1.951,-0.26],[9.23,0],[-1.69,-0.26]],"v":[[25.025,8.71],[25.936,0.649],[25.936,-0.91],[24.245,-9.491],[16.576,-9.491],[12.546,-12.871],[18.005,-27.951],[12.674,-38.482],[9.035,-34.452],[-13.846,-2.471],[-23.721,-2.37],[-22.198,21.204],[-13.846,21.061],[18.135,28.731],[22.296,20.021],[21.906,18.07],[25.025,10.4]],"c":true}],"e":[{"i":[[-1.69,0],[6.761,0.261],[-1.43,0],[7.28,0],[0,0],[0,1.69],[-1.738,4.901],[1.96,0.695],[0.984,-1.996],[9.88,-4.29],[0,0],[0,0],[0,0],[-5.85,-0.26],[9.099,1.95],[-1.43,0],[6.761,0.78]],"o":[[7.41,0],[-1.43,-0.129],[6.761,0],[0,0],[-2.731,0],[0,-3.12],[2.216,-6.25],[-2.083,-0.739],[-4.948,9.281],[0,0],[0,0],[0,0],[13.91,6.89],[8.84,0.259],[-1.951,-0.26],[9.23,0],[-1.69,-0.26]],"v":[[25.025,8.71],[25.936,0.649],[25.936,-0.91],[24.245,-9.491],[16.576,-9.491],[12.546,-12.871],[19.366,-24.327],[17.862,-36.034],[13.085,-33.452],[-13.846,-2.471],[-23.721,-2.37],[-22.198,21.204],[-13.846,21.061],[18.135,28.731],[22.296,20.021],[21.906,18.07],[25.025,10.4]],"c":true}]},{"t":29}],"ix":2},"nm":"Path 1","mn":"ADBE Vector Shape - Group","hd":false},{"ind":1,"ty":"sh","ix":2,"ks":{"a":1,"k":[{"i":{"x":0.667,"y":1},"o":{"x":0.85,"y":0},"n":"0p667_1_0p85_0","t":0,"s":[{"i":[[3.251,-2.339],[4.03,3.769],[0,0],[0,0],[0,0],[0,0],[0,0],[-0.13,0.649],[-5.589,0],[0,-12.09],[1.82,-3.51],[0,0],[2.861,-11.051],[2.34,-2.08]],"o":[[7.541,23.532],[0,0],[0,0],[0,0],[0,0],[0,0],[10.14,-6.63],[1.559,-6.761],[5.851,0],[0,2.991],[0,0],[7.671,0],[2.99,5.069],[2.34,4.68]],"v":[[33.605,22.36],[-13.846,29.381],[-23.096,29.361],[-31.396,29.361],[-31.896,-9.191],[-25.596,-9.691],[-13.846,-11.311],[1.625,-35.231],[12.674,-45.892],[25.415,-28.082],[22.425,-16.901],[24.245,-16.901],[37.766,-2.21],[36.465,10.53]],"c":true}],"e":[{"i":[[3.251,-2.339],[4.03,3.769],[0,0],[0,0],[0,0],[0,0],[0,0],[-0.13,0.649],[-5.589,0],[0,-12.09],[1.82,-3.51],[0,0],[2.861,-11.051],[2.34,-2.08]],"o":[[7.541,23.532],[0,0],[0,0],[0,0],[0,0],[0,0],[10.14,-6.63],[1.559,-6.761],[5.851,0],[0,2.991],[0,0],[7.671,0],[2.99,5.069],[2.34,4.68]],"v":[[33.605,22.36],[-13.846,29.381],[-23.096,29.361],[-31.396,29.361],[-31.896,-9.191],[-25.596,-9.691],[-13.846,-11.311],[1.625,-35.231],[12.674,-45.892],[25.415,-28.082],[22.425,-16.901],[24.245,-16.901],[37.766,-2.21],[36.465,10.53]],"c":true}]},{"i":{"x":0.667,"y":1},"o":{"x":0.333,"y":0},"n":"0p667_1_0p333_0","t":12,"s":[{"i":[[3.251,-2.339],[4.03,3.769],[0,0],[0,0],[0,0],[0,0],[0,0],[-0.13,0.649],[-5.589,0],[0,-12.09],[1.82,-3.51],[0,0],[2.861,-11.051],[2.34,-2.08]],"o":[[7.541,23.532],[0,0],[0,0],[0,0],[0,0],[0,0],[10.14,-6.63],[1.559,-6.761],[5.851,0],[0,2.991],[0,0],[7.671,0],[2.99,5.069],[2.34,4.68]],"v":[[33.605,22.36],[-13.846,29.381],[-23.096,29.361],[-31.396,29.361],[-31.896,-9.191],[-25.596,-9.691],[-13.846,-11.311],[1.625,-35.231],[12.674,-45.892],[25.415,-28.082],[22.425,-16.901],[24.245,-16.901],[37.766,-2.21],[36.465,10.53]],"c":true}],"e":[{"i":[[3.251,-2.339],[4.03,3.769],[0,0],[0,0],[0,0],[0,0],[0,0],[-0.13,0.649],[-5.589,0],[0,-12.09],[1.82,-3.51],[0,0],[2.861,-11.051],[2.34,-2.08]],"o":[[7.541,23.532],[0,0],[0,0],[0,0],[0,0],[0,0],[10.14,-6.63],[1.559,-6.761],[5.851,0],[0,2.991],[0,0],[7.671,0],[2.99,5.069],[2.34,4.68]],"v":[[33.605,22.36],[-13.846,29.381],[-23.096,29.361],[-31.396,29.361],[-31.896,-9.191],[-25.596,-9.691],[-13.846,-11.311],[1.625,-35.231],[12.674,-45.892],[25.415,-28.082],[22.425,-16.901],[24.245,-16.901],[37.766,-2.21],[36.465,10.53]],"c":true}]},{"i":{"x":0.667,"y":1},"o":{"x":0.333,"y":0},"n":"0p667_1_0p333_0","t":14,"s":[{"i":[[3.251,-2.339],[4.03,3.769],[0,0],[0,0],[0,0],[0,0],[0,0],[-0.13,0.649],[-5.589,0],[0,-12.09],[1.82,-3.51],[0,0],[2.861,-11.051],[2.34,-2.08]],"o":[[7.541,23.532],[0,0],[0,0],[0,0],[0,0],[0,0],[10.14,-6.63],[1.559,-6.761],[5.851,0],[0,2.991],[0,0],[7.671,0],[2.99,5.069],[2.34,4.68]],"v":[[33.605,22.36],[-13.846,29.381],[-23.096,29.361],[-31.396,29.361],[-31.896,-9.191],[-25.596,-9.691],[-13.846,-11.311],[1.625,-35.231],[12.674,-45.892],[25.415,-28.082],[22.425,-16.901],[24.245,-16.901],[37.766,-2.21],[36.465,10.53]],"c":true}],"e":[{"i":[[3.251,-2.339],[4.03,3.769],[0,0],[0,0],[0,0],[0,0],[0,0],[-0.339,0.568],[-5.268,-1.868],[4.041,-11.395],[1.82,-3.51],[0,0],[2.861,-11.051],[2.34,-2.08]],"o":[[7.541,23.532],[0,0],[0,0],[0,0],[0,0],[0,0],[10.14,-6.63],[3.729,-5.851],[5.514,1.956],[-1,2.819],[0,0],[7.671,0],[2.99,5.069],[2.34,4.68]],"v":[[33.605,22.36],[-13.846,29.381],[-23.096,29.361],[-31.396,29.361],[-31.896,-9.191],[-25.596,-9.691],[-13.846,-11.311],[6.362,-36.663],[20.339,-43.018],[26.394,-21.974],[22.425,-16.901],[24.245,-16.901],[37.766,-2.21],[36.465,10.53]],"c":true}]},{"t":29}],"ix":2},"nm":"Path 2","mn":"ADBE Vector Shape - Group","hd":false},{"ty":"fl","c":{"a":0,"k":[0,0,0,1],"ix":4},"o":{"a":0,"k":100,"ix":5},"r":1,"nm":"Fill 1","mn":"ADBE Vector Graphic - Fill","hd":false},{"ty":"tr","p":{"a":0,"k":[77.213,74.12],"ix":2},"a":{"a":0,"k":[0,0],"ix":1},"s":{"a":0,"k":[100,100],"ix":3},"r":{"a":0,"k":0,"ix":6},"o":{"a":0,"k":100,"ix":7},"sk":{"a":0,"k":0,"ix":4},"sa":{"a":0,"k":0,"ix":5},"nm":"Transform"}],"nm":"Group 1","np":3,"cix":2,"ix":1,"mn":"ADBE Vector Group","hd":false}],"ip":0,"op":102,"st":-4,"bm":0}]},{"id":"comp_25","layers":[{"ddd":0,"ind":1,"ty":4,"nm":"Wrist","sr":1,"ks":{"o":{"a":0,"k":100,"ix":11},"r":{"a":1,"k":[{"i":{"x":[0.808],"y":[4.18]},"o":{"x":[0.85],"y":[0]},"n":["0p808_4p18_0p85_0"],"t":0,"s":[-180],"e":[-181.767]},{"i":{"x":[0.261],"y":[1]},"o":{"x":[0.165],"y":[0.161]},"n":["0p261_1_0p165_0p161"],"t":6,"s":[-181.767],"e":[-151.9]},{"i":{"x":[0.22],"y":[1]},"o":{"x":[0.78],"y":[0]},"n":["0p22_1_0p78_0"],"t":12,"s":[-151.9],"e":[-151.9]},{"i":{"x":[0.268],"y":[1]},"o":{"x":[0.78],"y":[0]},"n":["0p268_1_0p78_0"],"t":14,"s":[-151.9],"e":[-204]},{"i":{"x":[0.474],"y":[1]},"o":{"x":[0.333],"y":[0]},"n":["0p474_1_0p333_0"],"t":31,"s":[-204],"e":[-180]},{"t":49}],"ix":10},"p":{"a":1,"k":[{"i":{"x":0.667,"y":1},"o":{"x":0.85,"y":0},"n":"0p667_1_0p85_0","t":0,"s":[114,63.75,0],"e":[113,57.25,0],"to":[1.23854327201843,-1.23854327201843,0],"ti":[0.16666667163372,1.08333337306976,0]},{"i":{"x":0.667,"y":0.667},"o":{"x":0.333,"y":0.333},"n":"0p667_0p667_0p333_0p333","t":12,"s":[113,57.25,0],"e":[113,57.25,0],"to":[0,0,0],"ti":[0,0,0]},{"i":{"x":0.22,"y":1},"o":{"x":0.333,"y":0},"n":"0p22_1_0p333_0","t":13,"s":[113,57.25,0],"e":[113.949,72.238,0],"to":[0.15813264250755,2.49799990653992,0],"ti":[0.01632204465568,0.00618695560843,0]},{"i":{"x":0.475,"y":1},"o":{"x":0.78,"y":0},"n":"0p475_1_0p78_0","t":31,"s":[113.949,72.238,0],"e":[114,60.75,0],"to":[-0.74686586856842,-0.28310337662697,0],"ti":[0,0.40775555372238,0]},{"i":{"x":0.833,"y":0.833},"o":{"x":0.333,"y":0},"n":"0p833_0p833_0p333_0","t":49,"s":[114,60.75,0],"e":[114,63.75,0],"to":[0,-0.41666665673256,0],"ti":[0,-0.5,0]},{"t":68}],"ix":2},"a":{"a":0,"k":[36.066,84.52,0],"ix":1},"s":{"a":1,"k":[{"i":{"x":[0.667,0.667,0.667],"y":[1,1,1]},"o":{"x":[0.85,0.85,0.85],"y":[0,0,0]},"n":["0p667_1_0p85_0","0p667_1_0p85_0","0p667_1_0p85_0"],"t":0,"s":[100,100,100],"e":[83.6,83.6,100]},{"i":{"x":[0.544,0.544,0.667],"y":[0.944,0.944,1]},"o":{"x":[0.333,0.333,0.333],"y":[0,0,0]},"n":["0p544_0p944_0p333_0","0p544_0p944_0p333_0","0p667_1_0p333_0"],"t":12,"s":[83.6,83.6,100],"e":[83.6,83.6,100]},{"i":{"x":[0.268,0.268,0.667],"y":[1,1,1]},"o":{"x":[0.333,0.333,0.333],"y":[0,0,0]},"n":["0p268_1_0p333_0","0p268_1_0p333_0","0p667_1_0p333_0"],"t":13,"s":[83.6,83.6,100],"e":[100,100,100]},{"t":31}],"ix":6}},"ao":0,"shapes":[{"ty":"gr","it":[{"ind":0,"ty":"sh","ix":1,"ks":{"a":0,"k":{"i":[[0,0],[0,0],[1.56,0],[0,0],[0,1.69],[0,0],[-1.56,0],[0,0],[0,-1.56],[0,0]],"o":[[0,0],[0,1.69],[0,0],[-1.56,0],[0,0],[0,-1.56],[0,0],[1.56,0],[0,0],[0,0]],"v":[[-13.846,29.381],[-13.846,35.361],[-16.836,38.481],[-38.157,38.481],[-41.146,35.361],[-41.146,-14.691],[-38.157,-17.681],[-16.836,-17.681],[-13.846,-14.691],[-13.846,-11.311]],"c":true},"ix":2},"nm":"Path 2","mn":"ADBE Vector Shape - Group","hd":false},{"ty":"fl","c":{"a":0,"k":[0,0,0,1],"ix":4},"o":{"a":0,"k":100,"ix":5},"r":1,"nm":"Fill 1","mn":"ADBE Vector Graphic - Fill","hd":false},{"ty":"tr","p":{"a":0,"k":[77.213,74.12],"ix":2},"a":{"a":0,"k":[0,0],"ix":1},"s":{"a":0,"k":[100,100],"ix":3},"r":{"a":0,"k":0,"ix":6},"o":{"a":0,"k":100,"ix":7},"sk":{"a":0,"k":0,"ix":4},"sa":{"a":0,"k":0,"ix":5},"nm":"Transform"}],"nm":"Group 1","np":2,"cix":2,"ix":1,"mn":"ADBE Vector Group","hd":false}],"ip":0,"op":102,"st":-4,"bm":0},{"ddd":0,"ind":2,"ty":4,"nm":"Hand","parent":1,"sr":1,"ks":{"o":{"a":0,"k":100,"ix":11},"r":{"a":1,"k":[{"i":{"x":[0.562],"y":[1.583]},"o":{"x":[0.85],"y":[0]},"n":["0p562_1p583_0p85_0"],"t":0,"s":[0],"e":[-6.676]},{"i":{"x":[0.842],"y":[0.915]},"o":{"x":[0.365],"y":[0.196]},"n":["0p842_0p915_0p365_0p196"],"t":9,"s":[-6.676],"e":[20.9]},{"i":{"x":[0.833],"y":[1]},"o":{"x":[0.167],"y":[0.167]},"n":["0p833_1_0p167_0p167"],"t":24,"s":[20.9],"e":[-7]},{"i":{"x":[0.833],"y":[1]},"o":{"x":[0.167],"y":[0]},"n":["0p833_1_0p167_0"],"t":37,"s":[-7],"e":[3]},{"i":{"x":[0.833],"y":[1]},"o":{"x":[0.167],"y":[0]},"n":["0p833_1_0p167_0"],"t":55,"s":[3],"e":[0]},{"t":83}],"ix":10},"p":{"a":1,"k":[{"i":{"x":0.833,"y":0.833},"o":{"x":0.85,"y":0.85},"n":"0p833_0p833_0p85_0p85","t":0,"s":[56,84,0],"e":[56,84,0],"to":[0,0,0],"ti":[0,0,0]},{"t":31}],"ix":2},"a":{"a":0,"k":[56,84,0],"ix":1},"s":{"a":0,"k":[100,100,100],"ix":6}},"ao":0,"shapes":[{"ty":"gr","it":[{"ind":0,"ty":"sh","ix":1,"ks":{"a":1,"k":[{"i":{"x":0.667,"y":1},"o":{"x":0.85,"y":0},"n":"0p667_1_0p85_0","t":0,"s":[{"i":[[-1.69,0],[6.761,0.261],[-1.43,0],[7.28,0],[0,0],[0,1.69],[0,5.2],[2.08,0],[0.26,-2.21],[9.88,-4.29],[0,0],[0,0],[0,0],[-5.85,-0.26],[9.099,1.95],[-1.43,0],[6.761,0.78]],"o":[[7.41,0],[-1.43,-0.129],[6.761,0],[0,0],[-2.731,0],[0,-3.12],[0,-6.631],[-2.21,0],[-1.561,10.401],[0,0],[0,0],[0,0],[13.91,6.89],[8.84,0.259],[-1.951,-0.26],[9.23,0],[-1.69,-0.26]],"v":[[25.025,8.71],[25.936,0.649],[25.936,-0.91],[24.245,-9.491],[16.576,-9.491],[12.546,-12.871],[18.005,-27.951],[12.674,-38.482],[9.035,-34.452],[-13.846,-2.471],[-23.721,-2.37],[-22.198,21.204],[-13.846,21.061],[18.135,28.731],[22.296,20.021],[21.906,18.07],[25.025,10.4]],"c":true}],"e":[{"i":[[-1.69,0],[6.761,0.261],[-1.43,0],[7.28,0],[0,0],[0,1.69],[0,5.2],[2.08,0],[0.26,-2.21],[9.88,-4.29],[0,0],[0,0],[0,0],[-5.85,-0.26],[9.099,1.95],[-1.43,0],[6.761,0.78]],"o":[[7.41,0],[-1.43,-0.129],[6.761,0],[0,0],[-2.731,0],[0,-3.12],[0,-6.631],[-2.21,0],[-1.561,10.401],[0,0],[0,0],[0,0],[13.91,6.89],[8.84,0.259],[-1.951,-0.26],[9.23,0],[-1.69,-0.26]],"v":[[25.025,8.71],[25.936,0.649],[25.936,-0.91],[24.245,-9.491],[16.576,-9.491],[12.546,-12.871],[18.005,-27.951],[12.674,-38.482],[9.035,-34.452],[-13.846,-2.471],[-23.721,-2.37],[-22.198,21.204],[-13.846,21.061],[18.135,28.731],[22.296,20.021],[21.906,18.07],[25.025,10.4]],"c":true}]},{"i":{"x":0.667,"y":1},"o":{"x":0.333,"y":0},"n":"0p667_1_0p333_0","t":12,"s":[{"i":[[-1.69,0],[6.761,0.261],[-1.43,0],[7.28,0],[0,0],[0,1.69],[0,5.2],[2.08,0],[0.26,-2.21],[9.88,-4.29],[0,0],[0,0],[0,0],[-5.85,-0.26],[9.099,1.95],[-1.43,0],[6.761,0.78]],"o":[[7.41,0],[-1.43,-0.129],[6.761,0],[0,0],[-2.731,0],[0,-3.12],[0,-6.631],[-2.21,0],[-1.561,10.401],[0,0],[0,0],[0,0],[13.91,6.89],[8.84,0.259],[-1.951,-0.26],[9.23,0],[-1.69,-0.26]],"v":[[25.025,8.71],[25.936,0.649],[25.936,-0.91],[24.245,-9.491],[16.576,-9.491],[12.546,-12.871],[18.005,-27.951],[12.674,-38.482],[9.035,-34.452],[-13.846,-2.471],[-23.721,-2.37],[-22.198,21.204],[-13.846,21.061],[18.135,28.731],[22.296,20.021],[21.906,18.07],[25.025,10.4]],"c":true}],"e":[{"i":[[-1.69,0],[6.761,0.261],[-1.43,0],[7.28,0],[0,0],[0,1.69],[0,5.2],[2.08,0],[0.26,-2.21],[9.88,-4.29],[0,0],[0,0],[0,0],[-5.85,-0.26],[9.099,1.95],[-1.43,0],[6.761,0.78]],"o":[[7.41,0],[-1.43,-0.129],[6.761,0],[0,0],[-2.731,0],[0,-3.12],[0,-6.631],[-2.21,0],[-1.561,10.401],[0,0],[0,0],[0,0],[13.91,6.89],[8.84,0.259],[-1.951,-0.26],[9.23,0],[-1.69,-0.26]],"v":[[25.025,8.71],[25.936,0.649],[25.936,-0.91],[24.245,-9.491],[16.576,-9.491],[12.546,-12.871],[18.005,-27.951],[12.674,-38.482],[9.035,-34.452],[-13.846,-2.471],[-23.721,-2.37],[-22.198,21.204],[-13.846,21.061],[18.135,28.731],[22.296,20.021],[21.906,18.07],[25.025,10.4]],"c":true}]},{"i":{"x":0.667,"y":1},"o":{"x":0.333,"y":0},"n":"0p667_1_0p333_0","t":13,"s":[{"i":[[-1.69,0],[6.761,0.261],[-1.43,0],[7.28,0],[0,0],[0,1.69],[0,5.2],[2.08,0],[0.26,-2.21],[9.88,-4.29],[0,0],[0,0],[0,0],[-5.85,-0.26],[9.099,1.95],[-1.43,0],[6.761,0.78]],"o":[[7.41,0],[-1.43,-0.129],[6.761,0],[0,0],[-2.731,0],[0,-3.12],[0,-6.631],[-2.21,0],[-1.561,10.401],[0,0],[0,0],[0,0],[13.91,6.89],[8.84,0.259],[-1.951,-0.26],[9.23,0],[-1.69,-0.26]],"v":[[25.025,8.71],[25.936,0.649],[25.936,-0.91],[24.245,-9.491],[16.576,-9.491],[12.546,-12.871],[18.005,-27.951],[12.674,-38.482],[9.035,-34.452],[-13.846,-2.471],[-23.721,-2.37],[-22.198,21.204],[-13.846,21.061],[18.135,28.731],[22.296,20.021],[21.906,18.07],[25.025,10.4]],"c":true}],"e":[{"i":[[-1.69,0],[6.761,0.261],[-1.43,0],[7.28,0],[0,0],[0,1.69],[-1.738,4.901],[1.96,0.695],[0.984,-1.996],[9.88,-4.29],[0,0],[0,0],[0,0],[-5.85,-0.26],[9.099,1.95],[-1.43,0],[6.761,0.78]],"o":[[7.41,0],[-1.43,-0.129],[6.761,0],[0,0],[-2.731,0],[0,-3.12],[2.216,-6.25],[-2.083,-0.739],[-4.948,9.281],[0,0],[0,0],[0,0],[13.91,6.89],[8.84,0.259],[-1.951,-0.26],[9.23,0],[-1.69,-0.26]],"v":[[25.025,8.71],[25.936,0.649],[25.936,-0.91],[24.245,-9.491],[16.576,-9.491],[12.546,-12.871],[19.366,-24.327],[17.862,-36.034],[13.085,-33.452],[-13.846,-2.471],[-23.721,-2.37],[-22.198,21.204],[-13.846,21.061],[18.135,28.731],[22.296,20.021],[21.906,18.07],[25.025,10.4]],"c":true}]},{"i":{"x":0.667,"y":1},"o":{"x":0.333,"y":0},"n":"0p667_1_0p333_0","t":29,"s":[{"i":[[-1.69,0],[6.761,0.261],[-1.43,0],[7.28,0],[0,0],[0,1.69],[-1.738,4.901],[1.96,0.695],[0.984,-1.996],[9.88,-4.29],[0,0],[0,0],[0,0],[-5.85,-0.26],[9.099,1.95],[-1.43,0],[6.761,0.78]],"o":[[7.41,0],[-1.43,-0.129],[6.761,0],[0,0],[-2.731,0],[0,-3.12],[2.216,-6.25],[-2.083,-0.739],[-4.948,9.281],[0,0],[0,0],[0,0],[13.91,6.89],[8.84,0.259],[-1.951,-0.26],[9.23,0],[-1.69,-0.26]],"v":[[25.025,8.71],[25.936,0.649],[25.936,-0.91],[24.245,-9.491],[16.576,-9.491],[12.546,-12.871],[19.366,-24.327],[17.862,-36.034],[13.085,-33.452],[-13.846,-2.471],[-23.721,-2.37],[-22.198,21.204],[-13.846,21.061],[18.135,28.731],[22.296,20.021],[21.906,18.07],[25.025,10.4]],"c":true}],"e":[{"i":[[-1.69,0],[6.761,0.261],[-1.43,0],[7.28,0],[0,0],[-0.323,1.639],[0.294,4.946],[1.978,-0.118],[0.122,-2.117],[9.88,-4.29],[0,0],[0,0],[0,0],[-5.85,-0.26],[9.099,1.95],[-1.43,0],[6.761,0.78]],"o":[[7.41,0],[-1.43,-0.129],[6.761,0],[0,0],[-2.731,0],[1.281,-5.148],[-0.375,-6.307],[-2.102,0.125],[-0.896,9.981],[0,0],[0,0],[0,0],[13.91,6.89],[8.84,0.259],[-1.951,-0.26],[9.23,0],[-1.69,-0.26]],"v":[[25.025,8.71],[25.936,0.649],[25.936,-0.91],[24.245,-9.491],[16.576,-9.491],[12.546,-12.871],[15.592,-31.445],[9.927,-41.16],[6.694,-37.121],[-13.846,-2.471],[-23.721,-2.37],[-22.198,21.204],[-13.846,21.061],[18.135,28.731],[22.296,20.021],[21.906,18.07],[25.025,10.4]],"c":true}]},{"i":{"x":0.667,"y":1},"o":{"x":0.333,"y":0},"n":"0p667_1_0p333_0","t":41,"s":[{"i":[[-1.69,0],[6.761,0.261],[-1.43,0],[7.28,0],[0,0],[-0.323,1.639],[0.294,4.946],[1.978,-0.118],[0.122,-2.117],[9.88,-4.29],[0,0],[0,0],[0,0],[-5.85,-0.26],[9.099,1.95],[-1.43,0],[6.761,0.78]],"o":[[7.41,0],[-1.43,-0.129],[6.761,0],[0,0],[-2.731,0],[1.281,-5.148],[-0.375,-6.307],[-2.102,0.125],[-0.896,9.981],[0,0],[0,0],[0,0],[13.91,6.89],[8.84,0.259],[-1.951,-0.26],[9.23,0],[-1.69,-0.26]],"v":[[25.025,8.71],[25.936,0.649],[25.936,-0.91],[24.245,-9.491],[16.576,-9.491],[12.546,-12.871],[15.592,-31.445],[9.927,-41.16],[6.694,-37.121],[-13.846,-2.471],[-23.721,-2.37],[-22.198,21.204],[-13.846,21.061],[18.135,28.731],[22.296,20.021],[21.906,18.07],[25.025,10.4]],"c":true}],"e":[{"i":[[-1.69,0],[6.761,0.261],[-1.43,0],[7.28,0],[0,0],[0,1.69],[0,5.2],[2.08,0],[0.26,-2.21],[9.88,-4.29],[0,0],[0,0],[0,0],[-5.85,-0.26],[9.099,1.95],[-1.43,0],[6.761,0.78]],"o":[[7.41,0],[-1.43,-0.129],[6.761,0],[0,0],[-2.731,0],[0,-3.12],[0,-6.631],[-2.21,0],[-1.561,10.401],[0,0],[0,0],[0,0],[13.91,6.89],[8.84,0.259],[-1.951,-0.26],[9.23,0],[-1.69,-0.26]],"v":[[25.025,8.71],[25.936,0.649],[25.936,-0.91],[24.245,-9.491],[16.576,-9.491],[12.546,-12.871],[18.005,-27.951],[12.674,-38.482],[9.035,-34.452],[-13.846,-2.471],[-23.721,-2.37],[-22.198,21.204],[-13.846,21.061],[18.135,28.731],[22.296,20.021],[21.906,18.07],[25.025,10.4]],"c":true}]},{"i":{"x":0.667,"y":1},"o":{"x":0.333,"y":0},"n":"0p667_1_0p333_0","t":52,"s":[{"i":[[-1.69,0],[6.761,0.261],[-1.43,0],[7.28,0],[0,0],[0,1.69],[0,5.2],[2.08,0],[0.26,-2.21],[9.88,-4.29],[0,0],[0,0],[0,0],[-5.85,-0.26],[9.099,1.95],[-1.43,0],[6.761,0.78]],"o":[[7.41,0],[-1.43,-0.129],[6.761,0],[0,0],[-2.731,0],[0,-3.12],[0,-6.631],[-2.21,0],[-1.561,10.401],[0,0],[0,0],[0,0],[13.91,6.89],[8.84,0.259],[-1.951,-0.26],[9.23,0],[-1.69,-0.26]],"v":[[25.025,8.71],[25.936,0.649],[25.936,-0.91],[24.245,-9.491],[16.576,-9.491],[12.546,-12.871],[18.005,-27.951],[12.674,-38.482],[9.035,-34.452],[-13.846,-2.471],[-23.721,-2.37],[-22.198,21.204],[-13.846,21.061],[18.135,28.731],[22.296,20.021],[21.906,18.07],[25.025,10.4]],"c":true}],"e":[{"i":[[-1.69,0],[6.761,0.261],[-1.43,0],[7.28,0],[0,0],[0,1.69],[-0.622,5.093],[2.037,0.249],[0.519,-2.133],[9.88,-4.29],[0,0],[0,0],[0,0],[-5.85,-0.26],[9.099,1.95],[-1.43,0],[6.761,0.78]],"o":[[7.41,0],[-1.43,-0.129],[6.761,0],[0,0],[-2.731,0],[0,-3.12],[0.794,-6.494],[-2.164,-0.265],[-2.774,10],[0,0],[0,0],[0,0],[13.91,6.89],[8.84,0.259],[-1.951,-0.26],[9.23,0],[-1.69,-0.26]],"v":[[25.025,8.71],[25.936,0.649],[25.936,-0.91],[24.245,-9.491],[16.576,-9.491],[12.546,-12.871],[18.492,-26.653],[14.532,-37.605],[10.486,-34.094],[-13.846,-2.471],[-23.721,-2.37],[-22.198,21.204],[-13.846,21.061],[18.135,28.731],[22.296,20.021],[21.906,18.07],[25.025,10.4]],"c":true}]},{"i":{"x":0.667,"y":1},"o":{"x":0.333,"y":0},"n":"0p667_1_0p333_0","t":62,"s":[{"i":[[-1.69,0],[6.761,0.261],[-1.43,0],[7.28,0],[0,0],[0,1.69],[-0.622,5.093],[2.037,0.249],[0.519,-2.133],[9.88,-4.29],[0,0],[0,0],[0,0],[-5.85,-0.26],[9.099,1.95],[-1.43,0],[6.761,0.78]],"o":[[7.41,0],[-1.43,-0.129],[6.761,0],[0,0],[-2.731,0],[0,-3.12],[0.794,-6.494],[-2.164,-0.265],[-2.774,10],[0,0],[0,0],[0,0],[13.91,6.89],[8.84,0.259],[-1.951,-0.26],[9.23,0],[-1.69,-0.26]],"v":[[25.025,8.71],[25.936,0.649],[25.936,-0.91],[24.245,-9.491],[16.576,-9.491],[12.546,-12.871],[18.492,-26.653],[14.532,-37.605],[10.486,-34.094],[-13.846,-2.471],[-23.721,-2.37],[-22.198,21.204],[-13.846,21.061],[18.135,28.731],[22.296,20.021],[21.906,18.07],[25.025,10.4]],"c":true}],"e":[{"i":[[-1.69,0],[6.761,0.261],[-1.43,0],[7.28,0],[0,0],[0,1.69],[0,5.2],[2.08,0],[0.26,-2.21],[9.88,-4.29],[0,0],[0,0],[0,0],[-5.85,-0.26],[9.099,1.95],[-1.43,0],[6.761,0.78]],"o":[[7.41,0],[-1.43,-0.129],[6.761,0],[0,0],[-2.731,0],[0,-3.12],[0,-6.631],[-2.21,0],[-1.561,10.401],[0,0],[0,0],[0,0],[13.91,6.89],[8.84,0.259],[-1.951,-0.26],[9.23,0],[-1.69,-0.26]],"v":[[25.025,8.71],[25.936,0.649],[25.936,-0.91],[24.245,-9.491],[16.576,-9.491],[12.546,-12.871],[18.005,-27.951],[12.674,-38.482],[9.035,-34.452],[-13.846,-2.471],[-23.721,-2.37],[-22.198,21.204],[-13.846,21.061],[18.135,28.731],[22.296,20.021],[21.906,18.07],[25.025,10.4]],"c":true}]},{"t":97}],"ix":2},"nm":"Path 1","mn":"ADBE Vector Shape - Group","hd":false},{"ind":1,"ty":"sh","ix":2,"ks":{"a":1,"k":[{"i":{"x":0.667,"y":1},"o":{"x":0.85,"y":0},"n":"0p667_1_0p85_0","t":0,"s":[{"i":[[3.251,-2.339],[4.03,3.769],[0,0],[0,0],[0,0],[0,0],[0,0],[-0.13,0.649],[-5.589,0],[0,-12.09],[1.82,-3.51],[0,0],[2.861,-11.051],[2.34,-2.08]],"o":[[7.541,23.532],[0,0],[0,0],[0,0],[0,0],[0,0],[10.14,-6.63],[1.559,-6.761],[5.851,0],[0,2.991],[0,0],[7.671,0],[2.99,5.069],[2.34,4.68]],"v":[[33.605,22.36],[-13.846,29.381],[-23.096,29.361],[-31.396,29.361],[-31.896,-9.191],[-25.596,-9.691],[-13.846,-11.311],[1.625,-35.231],[12.674,-45.892],[25.415,-28.082],[22.425,-16.901],[24.245,-16.901],[37.766,-2.21],[36.465,10.53]],"c":true}],"e":[{"i":[[3.251,-2.339],[4.03,3.769],[0,0],[0,0],[0,0],[0,0],[0,0],[-0.13,0.649],[-5.589,0],[0,-12.09],[1.82,-3.51],[0,0],[2.861,-11.051],[2.34,-2.08]],"o":[[7.541,23.532],[0,0],[0,0],[0,0],[0,0],[0,0],[10.14,-6.63],[1.559,-6.761],[5.851,0],[0,2.991],[0,0],[7.671,0],[2.99,5.069],[2.34,4.68]],"v":[[33.605,22.36],[-13.846,29.381],[-23.096,29.361],[-31.396,29.361],[-31.896,-9.191],[-25.596,-9.691],[-13.846,-11.311],[1.625,-35.231],[12.674,-45.892],[25.415,-28.082],[22.425,-16.901],[24.245,-16.901],[37.766,-2.21],[36.465,10.53]],"c":true}]},{"i":{"x":0.667,"y":1},"o":{"x":0.333,"y":0},"n":"0p667_1_0p333_0","t":12,"s":[{"i":[[3.251,-2.339],[4.03,3.769],[0,0],[0,0],[0,0],[0,0],[0,0],[-0.13,0.649],[-5.589,0],[0,-12.09],[1.82,-3.51],[0,0],[2.861,-11.051],[2.34,-2.08]],"o":[[7.541,23.532],[0,0],[0,0],[0,0],[0,0],[0,0],[10.14,-6.63],[1.559,-6.761],[5.851,0],[0,2.991],[0,0],[7.671,0],[2.99,5.069],[2.34,4.68]],"v":[[33.605,22.36],[-13.846,29.381],[-23.096,29.361],[-31.396,29.361],[-31.896,-9.191],[-25.596,-9.691],[-13.846,-11.311],[1.625,-35.231],[12.674,-45.892],[25.415,-28.082],[22.425,-16.901],[24.245,-16.901],[37.766,-2.21],[36.465,10.53]],"c":true}],"e":[{"i":[[3.251,-2.339],[4.03,3.769],[0,0],[0,0],[0,0],[0,0],[0,0],[-0.13,0.649],[-5.589,0],[0,-12.09],[1.82,-3.51],[0,0],[2.861,-11.051],[2.34,-2.08]],"o":[[7.541,23.532],[0,0],[0,0],[0,0],[0,0],[0,0],[10.14,-6.63],[1.559,-6.761],[5.851,0],[0,2.991],[0,0],[7.671,0],[2.99,5.069],[2.34,4.68]],"v":[[33.605,22.36],[-13.846,29.381],[-23.096,29.361],[-31.396,29.361],[-31.896,-9.191],[-25.596,-9.691],[-13.846,-11.311],[1.625,-35.231],[12.674,-45.892],[25.415,-28.082],[22.425,-16.901],[24.245,-16.901],[37.766,-2.21],[36.465,10.53]],"c":true}]},{"i":{"x":0.667,"y":1},"o":{"x":0.333,"y":0},"n":"0p667_1_0p333_0","t":13,"s":[{"i":[[3.251,-2.339],[4.03,3.769],[0,0],[0,0],[0,0],[0,0],[0,0],[-0.13,0.649],[-5.589,0],[0,-12.09],[1.82,-3.51],[0,0],[2.861,-11.051],[2.34,-2.08]],"o":[[7.541,23.532],[0,0],[0,0],[0,0],[0,0],[0,0],[10.14,-6.63],[1.559,-6.761],[5.851,0],[0,2.991],[0,0],[7.671,0],[2.99,5.069],[2.34,4.68]],"v":[[33.605,22.36],[-13.846,29.381],[-23.096,29.361],[-31.396,29.361],[-31.896,-9.191],[-25.596,-9.691],[-13.846,-11.311],[1.625,-35.231],[12.674,-45.892],[25.415,-28.082],[22.425,-16.901],[24.245,-16.901],[37.766,-2.21],[36.465,10.53]],"c":true}],"e":[{"i":[[3.251,-2.339],[4.03,3.769],[0,0],[0,0],[0,0],[0,0],[0,0],[-0.339,0.568],[-5.268,-1.868],[4.041,-11.395],[1.82,-3.51],[0,0],[2.861,-11.051],[2.34,-2.08]],"o":[[7.541,23.532],[0,0],[0,0],[0,0],[0,0],[0,0],[10.14,-6.63],[3.729,-5.851],[5.514,1.956],[-1,2.819],[0,0],[7.671,0],[2.99,5.069],[2.34,4.68]],"v":[[33.605,22.36],[-13.846,29.381],[-23.096,29.361],[-31.396,29.361],[-31.896,-9.191],[-25.596,-9.691],[-13.846,-11.311],[6.362,-36.663],[20.339,-43.018],[26.394,-21.974],[22.425,-16.901],[24.245,-16.901],[37.766,-2.21],[36.465,10.53]],"c":true}]},{"i":{"x":0.667,"y":1},"o":{"x":0.333,"y":0},"n":"0p667_1_0p333_0","t":29,"s":[{"i":[[3.251,-2.339],[4.03,3.769],[0,0],[0,0],[0,0],[0,0],[0,0],[-0.339,0.568],[-5.268,-1.868],[4.041,-11.395],[1.82,-3.51],[0,0],[2.861,-11.051],[2.34,-2.08]],"o":[[7.541,23.532],[0,0],[0,0],[0,0],[0,0],[0,0],[10.14,-6.63],[3.729,-5.851],[5.514,1.956],[-1,2.819],[0,0],[7.671,0],[2.99,5.069],[2.34,4.68]],"v":[[33.605,22.36],[-13.846,29.381],[-23.096,29.361],[-31.396,29.361],[-31.896,-9.191],[-25.596,-9.691],[-13.846,-11.311],[6.362,-36.663],[20.339,-43.018],[26.394,-21.974],[22.425,-16.901],[24.245,-16.901],[37.766,-2.21],[36.465,10.53]],"c":true}],"e":[{"i":[[3.251,-2.339],[4.03,3.769],[0,0],[0,0],[0,0],[0,0],[0,0],[-0.087,0.625],[-5.316,0.316],[-0.684,-11.499],[1.82,-3.51],[0,0],[2.861,-11.051],[2.34,-2.08]],"o":[[7.541,23.532],[0,0],[0,0],[0,0],[0,0],[0,0],[10.14,-6.63],[1.1,-6.519],[5.565,-0.331],[0.169,2.845],[0,0],[7.671,0],[2.99,5.069],[2.34,4.68]],"v":[[33.605,22.36],[-13.846,29.381],[-23.096,29.361],[-31.396,29.361],[-31.896,-9.191],[-25.596,-9.691],[-13.846,-11.311],[-0.398,-37.443],[9.508,-48.208],[22.634,-31.989],[22.425,-16.901],[24.245,-16.901],[37.766,-2.21],[36.465,10.53]],"c":true}]},{"i":{"x":0.667,"y":1},"o":{"x":0.333,"y":0},"n":"0p667_1_0p333_0","t":41,"s":[{"i":[[3.251,-2.339],[4.03,3.769],[0,0],[0,0],[0,0],[0,0],[0,0],[-0.087,0.625],[-5.316,0.316],[-0.684,-11.499],[1.82,-3.51],[0,0],[2.861,-11.051],[2.34,-2.08]],"o":[[7.541,23.532],[0,0],[0,0],[0,0],[0,0],[0,0],[10.14,-6.63],[1.1,-6.519],[5.565,-0.331],[0.169,2.845],[0,0],[7.671,0],[2.99,5.069],[2.34,4.68]],"v":[[33.605,22.36],[-13.846,29.381],[-23.096,29.361],[-31.396,29.361],[-31.896,-9.191],[-25.596,-9.691],[-13.846,-11.311],[-0.398,-37.443],[9.508,-48.208],[22.634,-31.989],[22.425,-16.901],[24.245,-16.901],[37.766,-2.21],[36.465,10.53]],"c":true}],"e":[{"i":[[3.251,-2.339],[4.03,3.769],[0,0],[0,0],[0,0],[0,0],[0,0],[-0.13,0.649],[-5.589,0],[0,-12.09],[1.82,-3.51],[0,0],[2.861,-11.051],[2.34,-2.08]],"o":[[7.541,23.532],[0,0],[0,0],[0,0],[0,0],[0,0],[10.14,-6.63],[1.559,-6.761],[5.851,0],[0,2.991],[0,0],[7.671,0],[2.99,5.069],[2.34,4.68]],"v":[[33.605,22.36],[-13.846,29.381],[-23.096,29.361],[-31.396,29.361],[-31.896,-9.191],[-25.596,-9.691],[-13.846,-11.311],[1.625,-35.231],[12.674,-45.892],[25.415,-28.082],[22.425,-16.901],[24.245,-16.901],[37.766,-2.21],[36.465,10.53]],"c":true}]},{"i":{"x":0.667,"y":1},"o":{"x":0.333,"y":0},"n":"0p667_1_0p333_0","t":52,"s":[{"i":[[3.251,-2.339],[4.03,3.769],[0,0],[0,0],[0,0],[0,0],[0,0],[-0.13,0.649],[-5.589,0],[0,-12.09],[1.82,-3.51],[0,0],[2.861,-11.051],[2.34,-2.08]],"o":[[7.541,23.532],[0,0],[0,0],[0,0],[0,0],[0,0],[10.14,-6.63],[1.559,-6.761],[5.851,0],[0,2.991],[0,0],[7.671,0],[2.99,5.069],[2.34,4.68]],"v":[[33.605,22.36],[-13.846,29.381],[-23.096,29.361],[-31.396,29.361],[-31.896,-9.191],[-25.596,-9.691],[-13.846,-11.311],[1.625,-35.231],[12.674,-45.892],[25.415,-28.082],[22.425,-16.901],[24.245,-16.901],[37.766,-2.21],[36.465,10.53]],"c":true}],"e":[{"i":[[3.251,-2.339],[4.03,3.769],[0,0],[0,0],[0,0],[0,0],[0,0],[-0.205,0.62],[-5.474,-0.669],[1.447,-11.841],[1.82,-3.51],[0,0],[2.861,-11.051],[2.34,-2.08]],"o":[[7.541,23.532],[0,0],[0,0],[0,0],[0,0],[0,0],[10.14,-6.63],[2.336,-6.435],[5.73,0.7],[-0.358,2.929],[0,0],[7.671,0],[2.99,5.069],[2.34,4.68]],"v":[[33.605,22.36],[-13.846,29.381],[-23.096,29.361],[-31.396,29.361],[-31.896,-9.191],[-25.596,-9.691],[-13.846,-11.311],[3.322,-35.744],[15.419,-44.863],[25.766,-25.894],[22.425,-16.901],[24.245,-16.901],[37.766,-2.21],[36.465,10.53]],"c":true}]},{"i":{"x":0.667,"y":1},"o":{"x":0.333,"y":0},"n":"0p667_1_0p333_0","t":62,"s":[{"i":[[3.251,-2.339],[4.03,3.769],[0,0],[0,0],[0,0],[0,0],[0,0],[-0.205,0.62],[-5.474,-0.669],[1.447,-11.841],[1.82,-3.51],[0,0],[2.861,-11.051],[2.34,-2.08]],"o":[[7.541,23.532],[0,0],[0,0],[0,0],[0,0],[0,0],[10.14,-6.63],[2.336,-6.435],[5.73,0.7],[-0.358,2.929],[0,0],[7.671,0],[2.99,5.069],[2.34,4.68]],"v":[[33.605,22.36],[-13.846,29.381],[-23.096,29.361],[-31.396,29.361],[-31.896,-9.191],[-25.596,-9.691],[-13.846,-11.311],[3.322,-35.744],[15.419,-44.863],[25.766,-25.894],[22.425,-16.901],[24.245,-16.901],[37.766,-2.21],[36.465,10.53]],"c":true}],"e":[{"i":[[3.251,-2.339],[4.03,3.769],[0,0],[0,0],[0,0],[0,0],[0,0],[-0.13,0.649],[-5.589,0],[0,-12.09],[1.82,-3.51],[0,0],[2.861,-11.051],[2.34,-2.08]],"o":[[7.541,23.532],[0,0],[0,0],[0,0],[0,0],[0,0],[10.14,-6.63],[1.559,-6.761],[5.851,0],[0,2.991],[0,0],[7.671,0],[2.99,5.069],[2.34,4.68]],"v":[[33.605,22.36],[-13.846,29.381],[-23.096,29.361],[-31.396,29.361],[-31.896,-9.191],[-25.596,-9.691],[-13.846,-11.311],[1.625,-35.231],[12.674,-45.892],[25.415,-28.082],[22.425,-16.901],[24.245,-16.901],[37.766,-2.21],[36.465,10.53]],"c":true}]},{"t":97}],"ix":2},"nm":"Path 2","mn":"ADBE Vector Shape - Group","hd":false},{"ty":"fl","c":{"a":0,"k":[0,0,0,1],"ix":4},"o":{"a":0,"k":100,"ix":5},"r":1,"nm":"Fill 1","mn":"ADBE Vector Graphic - Fill","hd":false},{"ty":"tr","p":{"a":0,"k":[77.213,74.12],"ix":2},"a":{"a":0,"k":[0,0],"ix":1},"s":{"a":0,"k":[100,100],"ix":3},"r":{"a":0,"k":0,"ix":6},"o":{"a":0,"k":100,"ix":7},"sk":{"a":0,"k":0,"ix":4},"sa":{"a":0,"k":0,"ix":5},"nm":"Transform"}],"nm":"Group 1","np":3,"cix":2,"ix":1,"mn":"ADBE Vector Group","hd":false}],"ip":0,"op":102,"st":-4,"bm":0}]},{"id":"comp_26","layers":[{"ddd":0,"ind":1,"ty":4,"nm":"Streak","sr":1,"ks":{"o":{"a":0,"k":100,"ix":11},"r":{"a":0,"k":-180,"ix":10},"p":{"a":0,"k":[75.066,73.27,0],"ix":2},"a":{"a":0,"k":[0,0,0],"ix":1},"s":{"a":0,"k":[100,100,100],"ix":6}},"ao":0,"shapes":[{"ty":"gr","it":[{"ind":0,"ty":"sh","ix":1,"ks":{"a":0,"k":{"i":[[7.402,-16.777],[34,3]],"o":[[-10,22.667],[-29.386,-2.593]],"v":[[24.667,14.5],[-36.5,44.5]],"c":false},"ix":2},"nm":"Path 1","mn":"ADBE Vector Shape - Group","hd":false},{"ty":"tm","s":{"a":1,"k":[{"i":{"x":[0.833],"y":[0.833]},"o":{"x":[0.167],"y":[0.167]},"n":["0p833_0p833_0p167_0p167"],"t":6,"s":[100],"e":[27.333]},{"i":{"x":[0.833],"y":[0.833]},"o":{"x":[0.167],"y":[0.167]},"n":["0p833_0p833_0p167_0p167"],"t":16,"s":[27.333],"e":[10.2]},{"i":{"x":[0.667],"y":[1]},"o":{"x":[0.167],"y":[0.167]},"n":["0p667_1_0p167_0p167"],"t":21,"s":[10.2],"e":[0]},{"t":25}],"ix":1},"e":{"a":1,"k":[{"i":{"x":[0.833],"y":[0.833]},"o":{"x":[0.167],"y":[0.167]},"n":["0p833_0p833_0p167_0p167"],"t":6,"s":[100],"e":[42.171]},{"i":{"x":[0.667],"y":[1]},"o":{"x":[0.167],"y":[0.167]},"n":["0p667_1_0p167_0p167"],"t":21,"s":[42.171],"e":[0]},{"t":25}],"ix":2},"o":{"a":0,"k":0,"ix":3},"m":1,"ix":2,"nm":"Trim Paths 1","mn":"ADBE Vector Filter - Trim","hd":false},{"ty":"st","c":{"a":0,"k":[0,0,0,1],"ix":3},"o":{"a":0,"k":100,"ix":4},"w":{"a":0,"k":5,"ix":5},"lc":2,"lj":1,"ml":4,"nm":"Stroke 1","mn":"ADBE Vector Graphic - Stroke","hd":false},{"ty":"tr","p":{"a":0,"k":[0,0],"ix":2},"a":{"a":0,"k":[0,0],"ix":1},"s":{"a":0,"k":[100,100],"ix":3},"r":{"a":0,"k":0,"ix":6},"o":{"a":0,"k":100,"ix":7},"sk":{"a":0,"k":0,"ix":4},"sa":{"a":0,"k":0,"ix":5},"nm":"Transform"}],"nm":"Shape 1","np":3,"cix":2,"ix":1,"mn":"ADBE Vector Group","hd":false}],"ip":6,"op":88,"st":-14,"bm":0},{"ddd":0,"ind":2,"ty":4,"nm":"Streak","sr":1,"ks":{"o":{"a":0,"k":100,"ix":11},"r":{"a":0,"k":-180,"ix":10},"p":{"a":0,"k":[75.066,73.27,0],"ix":2},"a":{"a":0,"k":[0,0,0],"ix":1},"s":{"a":0,"k":[100,100,100],"ix":6}},"ao":0,"shapes":[{"ty":"gr","it":[{"ind":0,"ty":"sh","ix":1,"ks":{"a":0,"k":{"i":[[11.851,-13.993],[25.667,1.833]],"o":[[-13.833,16.333],[-29.425,-2.102]],"v":[[8.333,19.167],[-41.667,39.167]],"c":false},"ix":2},"nm":"Path 2","mn":"ADBE Vector Shape - Group","hd":false},{"ty":"tm","s":{"a":1,"k":[{"i":{"x":[0.833],"y":[0.833]},"o":{"x":[0.167],"y":[0.167]},"n":["0p833_0p833_0p167_0p167"],"t":6,"s":[100],"e":[26.633]},{"i":{"x":[0.833],"y":[0.833]},"o":{"x":[0.167],"y":[0.167]},"n":["0p833_0p833_0p167_0p167"],"t":16,"s":[26.633],"e":[10.2]},{"i":{"x":[0.667],"y":[1]},"o":{"x":[0.167],"y":[0.167]},"n":["0p667_1_0p167_0p167"],"t":21,"s":[10.2],"e":[0]},{"t":25}],"ix":1},"e":{"a":1,"k":[{"i":{"x":[0.833],"y":[0.833]},"o":{"x":[0.167],"y":[0.167]},"n":["0p833_0p833_0p167_0p167"],"t":6,"s":[100],"e":[42.668]},{"i":{"x":[0.833],"y":[0.833]},"o":{"x":[0.167],"y":[0.167]},"n":["0p833_0p833_0p167_0p167"],"t":16,"s":[42.668],"e":[0]},{"t":25}],"ix":2},"o":{"a":0,"k":0,"ix":3},"m":1,"ix":2,"nm":"Trim Paths 1","mn":"ADBE Vector Filter - Trim","hd":false},{"ty":"st","c":{"a":0,"k":[0,0,0,1],"ix":3},"o":{"a":0,"k":100,"ix":4},"w":{"a":0,"k":5,"ix":5},"lc":2,"lj":1,"ml":4,"nm":"Stroke 1","mn":"ADBE Vector Graphic - Stroke","hd":false},{"ty":"tr","p":{"a":0,"k":[0,0],"ix":2},"a":{"a":0,"k":[0,0],"ix":1},"s":{"a":0,"k":[100,100],"ix":3},"r":{"a":0,"k":0,"ix":6},"o":{"a":0,"k":100,"ix":7},"sk":{"a":0,"k":0,"ix":4},"sa":{"a":0,"k":0,"ix":5},"nm":"Transform"}],"nm":"Shape 1","np":3,"cix":2,"ix":1,"mn":"ADBE Vector Group","hd":false}],"ip":6,"op":88,"st":-14,"bm":0},{"ddd":0,"ind":3,"ty":4,"nm":"Wrist","sr":1,"ks":{"o":{"a":0,"k":100,"ix":11},"r":{"a":1,"k":[{"i":{"x":[0.66],"y":[1]},"o":{"x":[0.167],"y":[0.167]},"n":["0p66_1_0p167_0p167"],"t":1,"s":[-100],"e":[-204]},{"i":{"x":[0.474],"y":[1]},"o":{"x":[0.34],"y":[0]},"n":["0p474_1_0p34_0"],"t":19,"s":[-204],"e":[-180]},{"t":37}],"ix":10},"p":{"a":1,"k":[{"i":{"x":0.66,"y":1},"o":{"x":0.167,"y":0.167},"n":"0p66_1_0p167_0p167","t":1,"s":[114,38.75,0],"e":[113.949,72.238,0],"to":[-0.00853402819484,5.58133316040039,0],"ti":[0.01632204465568,0.00618695560843,0]},{"i":{"x":0.474,"y":1},"o":{"x":0.34,"y":0},"n":"0p474_1_0p34_0","t":19,"s":[113.949,72.238,0],"e":[114,60.75,0],"to":[-0.74686586856842,-0.28310337662697,0],"ti":[-0.00853402819484,1.41466665267944,0]},{"i":{"x":0.833,"y":0.833},"o":{"x":0.333,"y":0},"n":"0p833_0p833_0p333_0","t":37,"s":[114,60.75,0],"e":[114,63.75,0],"to":[0.00853402819484,-1.41466665267944,0],"ti":[0,-0.5,0]},{"t":56}],"ix":2},"a":{"a":0,"k":[36.066,84.52,0],"ix":1},"s":{"a":1,"k":[{"i":{"x":[0.66,0.66,0.66],"y":[1,1,1]},"o":{"x":[0.167,0.167,0.167],"y":[0.167,0.167,0]},"n":["0p66_1_0p167_0p167","0p66_1_0p167_0p167","0p66_1_0p167_0"],"t":1,"s":[0,0,100],"e":[100,100,100]},{"t":19}],"ix":6}},"ao":0,"shapes":[{"ty":"gr","it":[{"ind":0,"ty":"sh","ix":1,"ks":{"a":0,"k":{"i":[[0,0],[0,0],[1.56,0],[0,0],[0,1.69],[0,0],[-1.56,0],[0,0],[0,-1.56],[0,0]],"o":[[0,0],[0,1.69],[0,0],[-1.56,0],[0,0],[0,-1.56],[0,0],[1.56,0],[0,0],[0,0]],"v":[[-13.846,29.381],[-13.846,35.361],[-16.836,38.481],[-38.157,38.481],[-41.146,35.361],[-41.146,-14.691],[-38.157,-17.681],[-16.836,-17.681],[-13.846,-14.691],[-13.846,-11.311]],"c":true},"ix":2},"nm":"Path 2","mn":"ADBE Vector Shape - Group","hd":false},{"ty":"fl","c":{"a":0,"k":[0,0,0,1],"ix":4},"o":{"a":0,"k":100,"ix":5},"r":1,"nm":"Fill 1","mn":"ADBE Vector Graphic - Fill","hd":false},{"ty":"tr","p":{"a":0,"k":[77.213,74.12],"ix":2},"a":{"a":0,"k":[0,0],"ix":1},"s":{"a":0,"k":[100,100],"ix":3},"r":{"a":0,"k":0,"ix":6},"o":{"a":0,"k":100,"ix":7},"sk":{"a":0,"k":0,"ix":4},"sa":{"a":0,"k":0,"ix":5},"nm":"Transform"}],"nm":"Group 1","np":2,"cix":2,"ix":1,"mn":"ADBE Vector Group","hd":false}],"ip":0,"op":88,"st":-16,"bm":0},{"ddd":0,"ind":4,"ty":4,"nm":"Hand","parent":3,"sr":1,"ks":{"o":{"a":0,"k":100,"ix":11},"r":{"a":1,"k":[{"i":{"x":[0.833],"y":[1]},"o":{"x":[0.167],"y":[0.167]},"n":["0p833_1_0p167_0p167"],"t":13,"s":[20.9],"e":[-7]},{"i":{"x":[0.833],"y":[1]},"o":{"x":[0.167],"y":[0]},"n":["0p833_1_0p167_0"],"t":26,"s":[-7],"e":[3]},{"i":{"x":[0.833],"y":[1]},"o":{"x":[0.167],"y":[0]},"n":["0p833_1_0p167_0"],"t":44,"s":[3],"e":[0]},{"t":72}],"ix":10},"p":{"a":0,"k":[56,84,0],"ix":2},"a":{"a":0,"k":[56,84,0],"ix":1},"s":{"a":0,"k":[100,100,100],"ix":6}},"ao":0,"shapes":[{"ty":"gr","it":[{"ind":0,"ty":"sh","ix":1,"ks":{"a":1,"k":[{"i":{"x":0.66,"y":1},"o":{"x":0.167,"y":0.167},"n":"0p66_1_0p167_0p167","t":1,"s":[{"i":[[-1.69,0],[6.761,0.261],[-1.43,0],[7.28,0],[0,0],[0,1.69],[0,5.2],[2.08,0],[0.26,-2.21],[9.88,-4.29],[0,0],[0,0],[0,0],[-5.85,-0.26],[9.099,1.95],[-1.43,0],[6.761,0.78]],"o":[[7.41,0],[-1.43,-0.129],[6.761,0],[0,0],[-2.731,0],[0,-3.12],[0,-6.631],[-2.21,0],[-1.561,10.401],[0,0],[0,0],[0,0],[13.91,6.89],[8.84,0.259],[-1.951,-0.26],[9.23,0],[-1.69,-0.26]],"v":[[25.025,8.71],[25.936,0.649],[25.936,-0.91],[24.245,-9.491],[16.576,-9.491],[12.546,-12.871],[18.005,-27.951],[12.674,-38.482],[9.035,-34.452],[-13.846,-2.471],[-23.721,-2.37],[-22.198,21.204],[-13.846,21.061],[18.135,28.731],[22.296,20.021],[21.906,18.07],[25.025,10.4]],"c":true}],"e":[{"i":[[-1.69,0],[6.761,0.261],[-1.43,0],[7.28,0],[0,0],[0,1.69],[-1.738,4.901],[1.96,0.695],[0.984,-1.996],[9.88,-4.29],[0,0],[0,0],[0,0],[-5.85,-0.26],[9.099,1.95],[-1.43,0],[6.761,0.78]],"o":[[7.41,0],[-1.43,-0.129],[6.761,0],[0,0],[-2.731,0],[0,-3.12],[2.216,-6.25],[-2.083,-0.739],[-4.948,9.281],[0,0],[0,0],[0,0],[13.91,6.89],[8.84,0.259],[-1.951,-0.26],[9.23,0],[-1.69,-0.26]],"v":[[25.025,8.71],[25.936,0.649],[25.936,-0.91],[24.245,-9.491],[16.576,-9.491],[12.546,-12.871],[19.366,-24.327],[17.862,-36.034],[13.085,-33.452],[-13.846,-2.471],[-23.721,-2.37],[-22.198,21.204],[-13.846,21.061],[18.135,28.731],[22.296,20.021],[21.906,18.07],[25.025,10.4]],"c":true}]},{"i":{"x":0.667,"y":1},"o":{"x":0.34,"y":0},"n":"0p667_1_0p34_0","t":18,"s":[{"i":[[-1.69,0],[6.761,0.261],[-1.43,0],[7.28,0],[0,0],[0,1.69],[-1.738,4.901],[1.96,0.695],[0.984,-1.996],[9.88,-4.29],[0,0],[0,0],[0,0],[-5.85,-0.26],[9.099,1.95],[-1.43,0],[6.761,0.78]],"o":[[7.41,0],[-1.43,-0.129],[6.761,0],[0,0],[-2.731,0],[0,-3.12],[2.216,-6.25],[-2.083,-0.739],[-4.948,9.281],[0,0],[0,0],[0,0],[13.91,6.89],[8.84,0.259],[-1.951,-0.26],[9.23,0],[-1.69,-0.26]],"v":[[25.025,8.71],[25.936,0.649],[25.936,-0.91],[24.245,-9.491],[16.576,-9.491],[12.546,-12.871],[19.366,-24.327],[17.862,-36.034],[13.085,-33.452],[-13.846,-2.471],[-23.721,-2.37],[-22.198,21.204],[-13.846,21.061],[18.135,28.731],[22.296,20.021],[21.906,18.07],[25.025,10.4]],"c":true}],"e":[{"i":[[-1.69,0],[6.761,0.261],[-1.43,0],[7.28,0],[0,0],[-0.323,1.639],[0.294,4.946],[1.978,-0.118],[0.122,-2.117],[9.88,-4.29],[0,0],[0,0],[0,0],[-5.85,-0.26],[9.099,1.95],[-1.43,0],[6.761,0.78]],"o":[[7.41,0],[-1.43,-0.129],[6.761,0],[0,0],[-2.731,0],[1.281,-5.148],[-0.375,-6.307],[-2.102,0.125],[-0.896,9.981],[0,0],[0,0],[0,0],[13.91,6.89],[8.84,0.259],[-1.951,-0.26],[9.23,0],[-1.69,-0.26]],"v":[[25.025,8.71],[25.936,0.649],[25.936,-0.91],[24.245,-9.491],[16.576,-9.491],[12.546,-12.871],[15.592,-31.445],[9.927,-41.16],[6.694,-37.121],[-13.846,-2.471],[-23.721,-2.37],[-22.198,21.204],[-13.846,21.061],[18.135,28.731],[22.296,20.021],[21.906,18.07],[25.025,10.4]],"c":true}]},{"i":{"x":0.667,"y":1},"o":{"x":0.333,"y":0},"n":"0p667_1_0p333_0","t":30,"s":[{"i":[[-1.69,0],[6.761,0.261],[-1.43,0],[7.28,0],[0,0],[-0.323,1.639],[0.294,4.946],[1.978,-0.118],[0.122,-2.117],[9.88,-4.29],[0,0],[0,0],[0,0],[-5.85,-0.26],[9.099,1.95],[-1.43,0],[6.761,0.78]],"o":[[7.41,0],[-1.43,-0.129],[6.761,0],[0,0],[-2.731,0],[1.281,-5.148],[-0.375,-6.307],[-2.102,0.125],[-0.896,9.981],[0,0],[0,0],[0,0],[13.91,6.89],[8.84,0.259],[-1.951,-0.26],[9.23,0],[-1.69,-0.26]],"v":[[25.025,8.71],[25.936,0.649],[25.936,-0.91],[24.245,-9.491],[16.576,-9.491],[12.546,-12.871],[15.592,-31.445],[9.927,-41.16],[6.694,-37.121],[-13.846,-2.471],[-23.721,-2.37],[-22.198,21.204],[-13.846,21.061],[18.135,28.731],[22.296,20.021],[21.906,18.07],[25.025,10.4]],"c":true}],"e":[{"i":[[-1.69,0],[6.761,0.261],[-1.43,0],[7.28,0],[0,0],[0,1.69],[0,5.2],[2.08,0],[0.26,-2.21],[9.88,-4.29],[0,0],[0,0],[0,0],[-5.85,-0.26],[9.099,1.95],[-1.43,0],[6.761,0.78]],"o":[[7.41,0],[-1.43,-0.129],[6.761,0],[0,0],[-2.731,0],[0,-3.12],[0,-6.631],[-2.21,0],[-1.561,10.401],[0,0],[0,0],[0,0],[13.91,6.89],[8.84,0.259],[-1.951,-0.26],[9.23,0],[-1.69,-0.26]],"v":[[25.025,8.71],[25.936,0.649],[25.936,-0.91],[24.245,-9.491],[16.576,-9.491],[12.546,-12.871],[18.005,-27.951],[12.674,-38.482],[9.035,-34.452],[-13.846,-2.471],[-23.721,-2.37],[-22.198,21.204],[-13.846,21.061],[18.135,28.731],[22.296,20.021],[21.906,18.07],[25.025,10.4]],"c":true}]},{"i":{"x":0.667,"y":1},"o":{"x":0.333,"y":0},"n":"0p667_1_0p333_0","t":41,"s":[{"i":[[-1.69,0],[6.761,0.261],[-1.43,0],[7.28,0],[0,0],[0,1.69],[0,5.2],[2.08,0],[0.26,-2.21],[9.88,-4.29],[0,0],[0,0],[0,0],[-5.85,-0.26],[9.099,1.95],[-1.43,0],[6.761,0.78]],"o":[[7.41,0],[-1.43,-0.129],[6.761,0],[0,0],[-2.731,0],[0,-3.12],[0,-6.631],[-2.21,0],[-1.561,10.401],[0,0],[0,0],[0,0],[13.91,6.89],[8.84,0.259],[-1.951,-0.26],[9.23,0],[-1.69,-0.26]],"v":[[25.025,8.71],[25.936,0.649],[25.936,-0.91],[24.245,-9.491],[16.576,-9.491],[12.546,-12.871],[18.005,-27.951],[12.674,-38.482],[9.035,-34.452],[-13.846,-2.471],[-23.721,-2.37],[-22.198,21.204],[-13.846,21.061],[18.135,28.731],[22.296,20.021],[21.906,18.07],[25.025,10.4]],"c":true}],"e":[{"i":[[-1.69,0],[6.761,0.261],[-1.43,0],[7.28,0],[0,0],[0,1.69],[-0.622,5.093],[2.037,0.249],[0.519,-2.133],[9.88,-4.29],[0,0],[0,0],[0,0],[-5.85,-0.26],[9.099,1.95],[-1.43,0],[6.761,0.78]],"o":[[7.41,0],[-1.43,-0.129],[6.761,0],[0,0],[-2.731,0],[0,-3.12],[0.794,-6.494],[-2.164,-0.265],[-2.774,10],[0,0],[0,0],[0,0],[13.91,6.89],[8.84,0.259],[-1.951,-0.26],[9.23,0],[-1.69,-0.26]],"v":[[25.025,8.71],[25.936,0.649],[25.936,-0.91],[24.245,-9.491],[16.576,-9.491],[12.546,-12.871],[18.492,-26.653],[14.532,-37.605],[10.486,-34.094],[-13.846,-2.471],[-23.721,-2.37],[-22.198,21.204],[-13.846,21.061],[18.135,28.731],[22.296,20.021],[21.906,18.07],[25.025,10.4]],"c":true}]},{"i":{"x":0.667,"y":1},"o":{"x":0.333,"y":0},"n":"0p667_1_0p333_0","t":51,"s":[{"i":[[-1.69,0],[6.761,0.261],[-1.43,0],[7.28,0],[0,0],[0,1.69],[-0.622,5.093],[2.037,0.249],[0.519,-2.133],[9.88,-4.29],[0,0],[0,0],[0,0],[-5.85,-0.26],[9.099,1.95],[-1.43,0],[6.761,0.78]],"o":[[7.41,0],[-1.43,-0.129],[6.761,0],[0,0],[-2.731,0],[0,-3.12],[0.794,-6.494],[-2.164,-0.265],[-2.774,10],[0,0],[0,0],[0,0],[13.91,6.89],[8.84,0.259],[-1.951,-0.26],[9.23,0],[-1.69,-0.26]],"v":[[25.025,8.71],[25.936,0.649],[25.936,-0.91],[24.245,-9.491],[16.576,-9.491],[12.546,-12.871],[18.492,-26.653],[14.532,-37.605],[10.486,-34.094],[-13.846,-2.471],[-23.721,-2.37],[-22.198,21.204],[-13.846,21.061],[18.135,28.731],[22.296,20.021],[21.906,18.07],[25.025,10.4]],"c":true}],"e":[{"i":[[-1.69,0],[6.761,0.261],[-1.43,0],[7.28,0],[0,0],[0,1.69],[0,5.2],[2.08,0],[0.26,-2.21],[9.88,-4.29],[0,0],[0,0],[0,0],[-5.85,-0.26],[9.099,1.95],[-1.43,0],[6.761,0.78]],"o":[[7.41,0],[-1.43,-0.129],[6.761,0],[0,0],[-2.731,0],[0,-3.12],[0,-6.631],[-2.21,0],[-1.561,10.401],[0,0],[0,0],[0,0],[13.91,6.89],[8.84,0.259],[-1.951,-0.26],[9.23,0],[-1.69,-0.26]],"v":[[25.025,8.71],[25.936,0.649],[25.936,-0.91],[24.245,-9.491],[16.576,-9.491],[12.546,-12.871],[18.005,-27.951],[12.674,-38.482],[9.035,-34.452],[-13.846,-2.471],[-23.721,-2.37],[-22.198,21.204],[-13.846,21.061],[18.135,28.731],[22.296,20.021],[21.906,18.07],[25.025,10.4]],"c":true}]},{"t":86}],"ix":2},"nm":"Path 1","mn":"ADBE Vector Shape - Group","hd":false},{"ind":1,"ty":"sh","ix":2,"ks":{"a":1,"k":[{"i":{"x":0.66,"y":1},"o":{"x":0.167,"y":0.167},"n":"0p66_1_0p167_0p167","t":1,"s":[{"i":[[3.251,-2.339],[4.03,3.769],[0,0],[0,0],[0,0],[0,0],[0,0],[-0.13,0.649],[-5.589,0],[0,-12.09],[1.82,-3.51],[0,0],[2.861,-11.051],[2.34,-2.08]],"o":[[7.541,23.532],[0,0],[0,0],[0,0],[0,0],[0,0],[10.14,-6.63],[1.559,-6.761],[5.851,0],[0,2.991],[0,0],[7.671,0],[2.99,5.069],[2.34,4.68]],"v":[[33.605,22.36],[-13.846,29.381],[-23.096,29.361],[-31.396,29.361],[-31.896,-9.191],[-25.596,-9.691],[-13.846,-11.311],[1.625,-35.231],[12.674,-45.892],[25.415,-28.082],[22.425,-16.901],[24.245,-16.901],[37.766,-2.21],[36.465,10.53]],"c":true}],"e":[{"i":[[3.251,-2.339],[4.03,3.769],[0,0],[0,0],[0,0],[0,0],[0,0],[-0.339,0.568],[-5.268,-1.868],[4.041,-11.395],[1.82,-3.51],[0,0],[2.861,-11.051],[2.34,-2.08]],"o":[[7.541,23.532],[0,0],[0,0],[0,0],[0,0],[0,0],[10.14,-6.63],[3.729,-5.851],[5.514,1.956],[-1,2.819],[0,0],[7.671,0],[2.99,5.069],[2.34,4.68]],"v":[[33.605,22.36],[-13.846,29.381],[-23.096,29.361],[-31.396,29.361],[-31.896,-9.191],[-25.596,-9.691],[-13.846,-11.311],[6.362,-36.663],[20.339,-43.018],[26.394,-21.974],[22.425,-16.901],[24.245,-16.901],[37.766,-2.21],[36.465,10.53]],"c":true}]},{"i":{"x":0.667,"y":1},"o":{"x":0.34,"y":0},"n":"0p667_1_0p34_0","t":18,"s":[{"i":[[3.251,-2.339],[4.03,3.769],[0,0],[0,0],[0,0],[0,0],[0,0],[-0.339,0.568],[-5.268,-1.868],[4.041,-11.395],[1.82,-3.51],[0,0],[2.861,-11.051],[2.34,-2.08]],"o":[[7.541,23.532],[0,0],[0,0],[0,0],[0,0],[0,0],[10.14,-6.63],[3.729,-5.851],[5.514,1.956],[-1,2.819],[0,0],[7.671,0],[2.99,5.069],[2.34,4.68]],"v":[[33.605,22.36],[-13.846,29.381],[-23.096,29.361],[-31.396,29.361],[-31.896,-9.191],[-25.596,-9.691],[-13.846,-11.311],[6.362,-36.663],[20.339,-43.018],[26.394,-21.974],[22.425,-16.901],[24.245,-16.901],[37.766,-2.21],[36.465,10.53]],"c":true}],"e":[{"i":[[3.251,-2.339],[4.03,3.769],[0,0],[0,0],[0,0],[0,0],[0,0],[-0.087,0.625],[-5.316,0.316],[-0.684,-11.499],[1.82,-3.51],[0,0],[2.861,-11.051],[2.34,-2.08]],"o":[[7.541,23.532],[0,0],[0,0],[0,0],[0,0],[0,0],[10.14,-6.63],[1.1,-6.519],[5.565,-0.331],[0.169,2.845],[0,0],[7.671,0],[2.99,5.069],[2.34,4.68]],"v":[[33.605,22.36],[-13.846,29.381],[-23.096,29.361],[-31.396,29.361],[-31.896,-9.191],[-25.596,-9.691],[-13.846,-11.311],[-0.398,-37.443],[9.508,-48.208],[22.634,-31.989],[22.425,-16.901],[24.245,-16.901],[37.766,-2.21],[36.465,10.53]],"c":true}]},{"i":{"x":0.667,"y":1},"o":{"x":0.333,"y":0},"n":"0p667_1_0p333_0","t":30,"s":[{"i":[[3.251,-2.339],[4.03,3.769],[0,0],[0,0],[0,0],[0,0],[0,0],[-0.087,0.625],[-5.316,0.316],[-0.684,-11.499],[1.82,-3.51],[0,0],[2.861,-11.051],[2.34,-2.08]],"o":[[7.541,23.532],[0,0],[0,0],[0,0],[0,0],[0,0],[10.14,-6.63],[1.1,-6.519],[5.565,-0.331],[0.169,2.845],[0,0],[7.671,0],[2.99,5.069],[2.34,4.68]],"v":[[33.605,22.36],[-13.846,29.381],[-23.096,29.361],[-31.396,29.361],[-31.896,-9.191],[-25.596,-9.691],[-13.846,-11.311],[-0.398,-37.443],[9.508,-48.208],[22.634,-31.989],[22.425,-16.901],[24.245,-16.901],[37.766,-2.21],[36.465,10.53]],"c":true}],"e":[{"i":[[3.251,-2.339],[4.03,3.769],[0,0],[0,0],[0,0],[0,0],[0,0],[-0.13,0.649],[-5.589,0],[0,-12.09],[1.82,-3.51],[0,0],[2.861,-11.051],[2.34,-2.08]],"o":[[7.541,23.532],[0,0],[0,0],[0,0],[0,0],[0,0],[10.14,-6.63],[1.559,-6.761],[5.851,0],[0,2.991],[0,0],[7.671,0],[2.99,5.069],[2.34,4.68]],"v":[[33.605,22.36],[-13.846,29.381],[-23.096,29.361],[-31.396,29.361],[-31.896,-9.191],[-25.596,-9.691],[-13.846,-11.311],[1.625,-35.231],[12.674,-45.892],[25.415,-28.082],[22.425,-16.901],[24.245,-16.901],[37.766,-2.21],[36.465,10.53]],"c":true}]},{"i":{"x":0.667,"y":1},"o":{"x":0.333,"y":0},"n":"0p667_1_0p333_0","t":41,"s":[{"i":[[3.251,-2.339],[4.03,3.769],[0,0],[0,0],[0,0],[0,0],[0,0],[-0.13,0.649],[-5.589,0],[0,-12.09],[1.82,-3.51],[0,0],[2.861,-11.051],[2.34,-2.08]],"o":[[7.541,23.532],[0,0],[0,0],[0,0],[0,0],[0,0],[10.14,-6.63],[1.559,-6.761],[5.851,0],[0,2.991],[0,0],[7.671,0],[2.99,5.069],[2.34,4.68]],"v":[[33.605,22.36],[-13.846,29.381],[-23.096,29.361],[-31.396,29.361],[-31.896,-9.191],[-25.596,-9.691],[-13.846,-11.311],[1.625,-35.231],[12.674,-45.892],[25.415,-28.082],[22.425,-16.901],[24.245,-16.901],[37.766,-2.21],[36.465,10.53]],"c":true}],"e":[{"i":[[3.251,-2.339],[4.03,3.769],[0,0],[0,0],[0,0],[0,0],[0,0],[-0.205,0.62],[-5.474,-0.669],[1.447,-11.841],[1.82,-3.51],[0,0],[2.861,-11.051],[2.34,-2.08]],"o":[[7.541,23.532],[0,0],[0,0],[0,0],[0,0],[0,0],[10.14,-6.63],[2.336,-6.435],[5.73,0.7],[-0.358,2.929],[0,0],[7.671,0],[2.99,5.069],[2.34,4.68]],"v":[[33.605,22.36],[-13.846,29.381],[-23.096,29.361],[-31.396,29.361],[-31.896,-9.191],[-25.596,-9.691],[-13.846,-11.311],[3.322,-35.744],[15.419,-44.863],[25.766,-25.894],[22.425,-16.901],[24.245,-16.901],[37.766,-2.21],[36.465,10.53]],"c":true}]},{"i":{"x":0.667,"y":1},"o":{"x":0.333,"y":0},"n":"0p667_1_0p333_0","t":51,"s":[{"i":[[3.251,-2.339],[4.03,3.769],[0,0],[0,0],[0,0],[0,0],[0,0],[-0.205,0.62],[-5.474,-0.669],[1.447,-11.841],[1.82,-3.51],[0,0],[2.861,-11.051],[2.34,-2.08]],"o":[[7.541,23.532],[0,0],[0,0],[0,0],[0,0],[0,0],[10.14,-6.63],[2.336,-6.435],[5.73,0.7],[-0.358,2.929],[0,0],[7.671,0],[2.99,5.069],[2.34,4.68]],"v":[[33.605,22.36],[-13.846,29.381],[-23.096,29.361],[-31.396,29.361],[-31.896,-9.191],[-25.596,-9.691],[-13.846,-11.311],[3.322,-35.744],[15.419,-44.863],[25.766,-25.894],[22.425,-16.901],[24.245,-16.901],[37.766,-2.21],[36.465,10.53]],"c":true}],"e":[{"i":[[3.251,-2.339],[4.03,3.769],[0,0],[0,0],[0,0],[0,0],[0,0],[-0.13,0.649],[-5.589,0],[0,-12.09],[1.82,-3.51],[0,0],[2.861,-11.051],[2.34,-2.08]],"o":[[7.541,23.532],[0,0],[0,0],[0,0],[0,0],[0,0],[10.14,-6.63],[1.559,-6.761],[5.851,0],[0,2.991],[0,0],[7.671,0],[2.99,5.069],[2.34,4.68]],"v":[[33.605,22.36],[-13.846,29.381],[-23.096,29.361],[-31.396,29.361],[-31.896,-9.191],[-25.596,-9.691],[-13.846,-11.311],[1.625,-35.231],[12.674,-45.892],[25.415,-28.082],[22.425,-16.901],[24.245,-16.901],[37.766,-2.21],[36.465,10.53]],"c":true}]},{"t":86}],"ix":2},"nm":"Path 2","mn":"ADBE Vector Shape - Group","hd":false},{"ty":"fl","c":{"a":0,"k":[0,0,0,1],"ix":4},"o":{"a":0,"k":100,"ix":5},"r":1,"nm":"Fill 1","mn":"ADBE Vector Graphic - Fill","hd":false},{"ty":"tr","p":{"a":0,"k":[77.213,74.12],"ix":2},"a":{"a":0,"k":[0,0],"ix":1},"s":{"a":0,"k":[100,100],"ix":3},"r":{"a":0,"k":0,"ix":6},"o":{"a":0,"k":100,"ix":7},"sk":{"a":0,"k":0,"ix":4},"sa":{"a":0,"k":0,"ix":5},"nm":"Transform"}],"nm":"Group 1","np":3,"cix":2,"ix":1,"mn":"ADBE Vector Group","hd":false}],"ip":0,"op":88,"st":-15,"bm":0}]}],"layers":[{"ddd":0,"ind":1,"ty":0,"nm":"Thumbsdown_AnimOff","refId":"comp_24","sr":1,"ks":{"o":{"a":0,"k":100,"ix":11},"r":{"a":0,"k":0,"ix":10},"p":{"a":0,"k":[400,400,0],"ix":2},"a":{"a":0,"k":[75,75,0],"ix":1},"s":{"a":0,"k":[100,100,100],"ix":6}},"ao":0,"w":150,"h":150,"ip":190,"op":292,"st":190,"bm":0},{"ddd":0,"ind":2,"ty":0,"nm":"Thumbsdown_Animate","refId":"comp_25","sr":1,"ks":{"o":{"a":0,"k":100,"ix":11},"r":{"a":0,"k":0,"ix":10},"p":{"a":0,"k":[400,400,0],"ix":2},"a":{"a":0,"k":[75,75,0],"ix":1},"s":{"a":0,"k":[100,100,100],"ix":6}},"ao":0,"w":150,"h":150,"ip":88,"op":190,"st":88,"bm":0},{"ddd":0,"ind":3,"ty":0,"nm":"Thumbsdown_AnimOn","refId":"comp_26","sr":1,"ks":{"o":{"a":0,"k":100,"ix":11},"r":{"a":0,"k":0,"ix":10},"p":{"a":0,"k":[400,400,0],"ix":2},"a":{"a":0,"k":[75,75,0],"ix":1},"s":{"a":0,"k":[100,100,100],"ix":6}},"ao":0,"w":150,"h":150,"ip":0,"op":88,"st":0,"bm":0}]}