{"v":"4.5.9","fr":25,"ip":0,"op":32,"w":600,"h":600,"ddd":0,"assets":[{"id":"image_0","w":289,"h":287,"u":"images/","p":"img_0.png"}],"layers":[{"ddd":0,"ind":0,"ty":2,"nm":"dribbble-ball.ai","cl":"ai","refId":"image_0","ks":{"o":{"a":0,"k":100},"r":{"a":0,"k":0},"p":{"s":true,"x":{"a":1,"k":[{"i":{"x":[0.833],"y":[0.833]},"o":{"x":[0.01],"y":[0.01]},"n":["0p833_0p833_0p01_0p01"],"t":0,"s":[300],"e":[300]},{"i":{"x":[0.99],"y":[0.99]},"o":{"x":[0.167],"y":[0.167]},"n":["0p99_0p99_0p167_0p167"],"t":15,"s":[300],"e":[300]},{"t":31}]},"y":{"a":1,"k":[{"i":{"x":[0.667],"y":[1]},"o":{"x":[0.081],"y":[0.494]},"n":["0p667_1_0p081_0p494"],"t":0,"s":[508],"e":[342.5]},{"i":{"x":[0.987],"y":[0.569]},"o":{"x":[0.333],"y":[0]},"n":["0p987_0p569_0p333_0"],"t":15,"s":[342.5],"e":[508]},{"t":31}]}},"a":{"a":0,"k":[144.5,279.028,0]},"s":{"a":1,"k":[{"i":{"x":[0.833,0.833,0.833],"y":[0.833,0.833,0.833]},"o":{"x":[0.167,0.167,0.167],"y":[0.167,0.167,0.167]},"n":["0p833_0p833_0p167_0p167","0p833_0p833_0p167_0p167","0p833_0p833_0p167_0p167"],"t":0,"s":[110,85,100],"e":[96,100,100]},{"i":{"x":[0.833,0.833,0.833],"y":[0.833,0.833,0.833]},"o":{"x":[0.167,0.167,0.167],"y":[0.167,0.167,0.167]},"n":["0p833_0p833_0p167_0p167","0p833_0p833_0p167_0p167","0p833_0p833_0p167_0p167"],"t":5,"s":[96,100,100],"e":[96,100,100]},{"i":{"x":[0.833,0.833,0.833],"y":[0.833,0.833,0.833]},"o":{"x":[0.167,0.167,0.167],"y":[0.167,0.167,0.167]},"n":["0p833_0p833_0p167_0p167","0p833_0p833_0p167_0p167","0p833_0p833_0p167_0p167"],"t":29,"s":[96,100,100],"e":[110,85,100]},{"t":31}]}},"ao":0,"ip":0,"op":32,"st":0,"bm":0,"sr":1},{"ddd":0,"ind":1,"ty":1,"nm":"Dark Magenta-Red Solid 1","ks":{"o":{"a":1,"k":[{"i":{"x":[0.667],"y":[1]},"o":{"x":[0.316],"y":[1.147]},"n":["0p667_1_0p316_1p147"],"t":0,"s":[30],"e":[5]},{"i":{"x":[0.721],"y":[-0.143]},"o":{"x":[0.333],"y":[0]},"n":["0p721_-0p143_0p333_0"],"t":15,"s":[5],"e":[30]},{"t":31}]},"r":{"a":0,"k":0},"p":{"a":0,"k":[300,516,0]},"a":{"a":0,"k":[300,533,0]},"s":{"a":1,"k":[{"i":{"x":[0.667,0.667,0.667],"y":[1,1,0.667]},"o":{"x":[0.3,0.3,0.333],"y":[1.033,1.033,0.333]},"n":["0p667_1_0p3_1p033","0p667_1_0p3_1p033","0p667_0p667_0p333_0p333"],"t":0,"s":[100,100,100],"e":[65,65,100]},{"i":{"x":[0.764,0.764,0.667],"y":[0.024,0.024,0.667]},"o":{"x":[0.333,0.333,0.333],"y":[0,0,0.333]},"n":["0p764_0p024_0p333_0","0p764_0p024_0p333_0","0p667_0p667_0p333_0p333"],"t":15,"s":[65,65,100],"e":[100,100,100]},{"t":31}]}},"ao":0,"hasMask":true,"masksProperties":[{"inv":false,"mode":"a","pt":{"a":0,"k":{"i":[[80.634,0],[0,-10.116],[-80.634,0],[0,10.116]],"o":[[-80.634,0],[0,10.116],[80.634,0],[0,-10.116]],"v":[[302,518],[156,536.316],[302,554.633],[448,536.316]],"c":true}},"o":{"a":0,"k":100},"x":{"a":0,"k":0},"nm":"Mask 1"}],"ef":[{"ty":5,"nm":"Fast Blur","mn":"ADBE Fast Blur","ix":1,"en":0,"ef":[{"ty":0,"nm":"Blurriness","mn":"ADBE Fast Blur-0001","ix":1,"v":{"a":0,"k":19}},{"ty":7,"nm":"Blur Dimensions","mn":"ADBE Fast Blur-0002","ix":2,"v":{"a":0,"k":1}},{"ty":7,"nm":"Repeat Edge Pixels","mn":"ADBE Fast Blur-0003","ix":3,"v":{"a":0,"k":1}}]}],"sw":600,"sh":600,"sc":"#35232a","ip":0,"op":32,"st":0,"bm":0,"sr":1},{"ddd":0,"ind":2,"ty":1,"nm":"White Solid 1","ks":{"o":{"a":0,"k":100},"r":{"a":0,"k":0},"p":{"a":0,"k":[300,300,0]},"a":{"a":0,"k":[300,300,0]},"s":{"a":0,"k":[100,100,100]}},"ao":0,"sw":600,"sh":600,"sc":"#ffffff","ip":0,"op":32,"st":0,"bm":0,"sr":1}]}