{"v":"5.1.16","fr":29.9700012207031,"ip":0,"op":29.0000011811942,"w":300,"h":300,"nm":"Comp 1","ddd":0,"assets":[{"id":"image_0","w":320,"h":622,"u":"images/","p":"img_0.png","e":0},{"id":"image_1","w":320,"h":622,"u":"images/","p":"img_1.png","e":0},{"id":"image_2","w":506,"h":550,"u":"images/","p":"img_2.png","e":0}],"layers":[{"ddd":0,"ind":1,"ty":2,"nm":"Combined Shape1.png","cl":"png","refId":"image_0","sr":1,"ks":{"o":{"a":0,"k":100,"ix":11},"r":{"a":1,"k":[{"i":{"x":[0.667],"y":[1]},"o":{"x":[0.167],"y":[0.167]},"n":["0p667_1_0p167_0p167"],"t":0,"s":[16.5],"e":[30]},{"i":{"x":[0.833],"y":[0.833]},"o":{"x":[0.167],"y":[0.167]},"n":["0p833_0p833_0p167_0p167"],"t":22,"s":[30],"e":[16.5]},{"t":29.0000011811942}],"ix":10},"p":{"a":1,"k":[{"i":{"x":0.667,"y":1},"o":{"x":0.167,"y":0.167},"n":"0p667_1_0p167_0p167","t":0,"s":[202,155.008,0],"e":[226,155.008,0],"to":[4,0,0],"ti":[-0.5,0,0]},{"i":{"x":0.833,"y":0.833},"o":{"x":0.167,"y":0.167},"n":"0p833_0p833_0p167_0p167","t":22,"s":[226,155.008,0],"e":[205,155.008,0],"to":[0.5,0,0],"ti":[3.5,0,0]},{"t":29.0000011811942}],"ix":2},"a":{"a":0,"k":[160,311,0],"ix":1},"s":{"a":0,"k":[18.035,18.035,100],"ix":6}},"ao":0,"ip":0,"op":900.000036657751,"st":0,"bm":0},{"ddd":0,"ind":2,"ty":2,"nm":"Combined Shape.png","cl":"png","refId":"image_1","sr":1,"ks":{"o":{"a":0,"k":100,"ix":11},"r":{"a":1,"k":[{"i":{"x":[0.667],"y":[1]},"o":{"x":[0.167],"y":[0.167]},"n":["0p667_1_0p167_0p167"],"t":0,"s":[-16.498],"e":[-30]},{"i":{"x":[0.833],"y":[0.833]},"o":{"x":[0.167],"y":[0.167]},"n":["0p833_0p833_0p167_0p167"],"t":22,"s":[-30],"e":[-16.5]},{"t":29.0000011811942}],"ix":10},"p":{"a":1,"k":[{"i":{"x":0.667,"y":1},"o":{"x":0.167,"y":0.167},"n":"0p667_1_0p167_0p167","t":0,"s":[98,154,0],"e":[74,154,0],"to":[-4,0,0],"ti":[0,0,0]},{"i":{"x":0.833,"y":0.833},"o":{"x":0.167,"y":0.167},"n":"0p833_0p833_0p167_0p167","t":22,"s":[74,154,0],"e":[98,154,0],"to":[0,0,0],"ti":[-4,0,0]},{"t":29.0000011811942}],"ix":2},"a":{"a":0,"k":[160,311,0],"ix":1},"s":{"a":0,"k":[18.328,18.328,100],"ix":6}},"ao":0,"ip":0,"op":900.000036657751,"st":0,"bm":0},{"ddd":0,"ind":3,"ty":2,"nm":"Combined Shape0.png","cl":"png","refId":"image_2","sr":1,"ks":{"o":{"a":0,"k":100,"ix":11},"r":{"a":0,"k":0,"ix":10},"p":{"a":0,"k":[151,149,0],"ix":2},"a":{"a":0,"k":[253,275,0],"ix":1},"s":{"a":1,"k":[{"i":{"x":[0.667,0.667,0.667],"y":[1,1,1]},"o":{"x":[0.167,0.167,0.167],"y":[0.167,0,0]},"n":["0p667_1_0p167_0p167","0p667_1_0p167_0","0p667_1_0p167_0"],"t":0,"s":[18,18,100],"e":[29.858,18,100]},{"i":{"x":[0.833,0.833,0.833],"y":[0.833,0.833,0.833]},"o":{"x":[0.167,0.167,0.167],"y":[0.167,0.167,0.167]},"n":["0p833_0p833_0p167_0p167","0p833_0p833_0p167_0p167","0p833_0p833_0p167_0p167"],"t":22,"s":[29.858,18,100],"e":[18,18,100]},{"t":29.0000011811942}],"ix":6}},"ao":0,"ip":0,"op":900.000036657751,"st":0,"bm":0}],"markers":[]}