{"v":"4.6.9","fr":29.9700012207031,"ip":0,"op":155.000006313279,"w":800,"h":600,"nm":"Comp 1","ddd":0,"assets":[],"layers":[{"ddd":0,"ind":1,"ty":4,"nm":"Shape Layer 8","ks":{"o":{"a":0,"k":100},"r":{"a":0,"k":0},"p":{"a":1,"k":[{"i":{"x":0.833,"y":0.833},"o":{"x":1,"y":0},"n":"0p833_0p833_1_0","t":55,"s":[342,249.938,0],"e":[365,328.984,0],"to":[-30.1666660308838,39.09375,0],"ti":[-36.5833320617676,-3.67447924613953,0]},{"i":{"x":0.833,"y":0.833},"o":{"x":0.167,"y":0.167},"n":"0p833_0p833_0p167_0p167","t":70,"s":[365,328.984,0],"e":[365,328.984,0],"to":[0.15214441716671,-0.12876026332378,0],"ti":[-0.10008501261473,0.04411214217544,0]},{"i":{"x":0,"y":1},"o":{"x":0.167,"y":0.167},"n":"0_1_0p167_0p167","t":135,"s":[365,328.984,0],"e":[342,283.938,0],"to":[32.125,-10.359375,0],"ti":[59.2160377502441,-3.79743361473083,0]},{"t":155.000006313279}],"x":"var $bm_rt;\nvar n, n, t, t, v, amp, freq, decay;\n$bm_rt = n = 0;\nif (numKeys > 0) {\n    $bm_rt = n = nearestKey(time).index;\n    if (key(n).time > time) {\n        n--;\n    }\n}\nif (n == 0) {\n    $bm_rt = t = 0;\n} else {\n    $bm_rt = t = sub(time, key(n).time);\n}\nif (n > 0) {\n    v = velocityAtTime(sub(key(n).time, div(thisComp.frameDuration, 10)));\n    amp = 0.5;\n    freq = 1;\n    decay = 25;\n    $bm_rt = sum(value, div(mul(mul(v, amp), Math.sin(mul(mul(mul(freq, t), 2), Math.PI))), Math.exp(mul(decay, t))));\n} else {\n    $bm_rt = value;\n}"},"a":{"a":0,"k":[-58,51,0]},"s":{"a":0,"k":[100,100,100]}},"ao":0,"shapes":[{"ty":"gr","it":[{"ind":0,"ty":"sh","ix":1,"ks":{"a":1,"k":[{"i":{"x":0.833,"y":0.833},"o":{"x":1,"y":0},"n":"0p833_0p833_1_0","t":60,"s":[{"i":[[0,0],[0,0],[0,0],[0,0],[0,0],[0,0],[0,0],[0,0]],"o":[[0,0],[0,0],[0,0],[0,0],[0,0],[0,0],[0,0],[0,0]],"v":[[5.996,6.068],[-5.996,6.068],[-5.996,6.066],[-5.996,-5.929],[-6,-5.931],[5.996,-5.931],[6,-5.929],[6,6.069]],"c":true}],"e":[{"i":[[5.523,0],[0,0],[0,5.523],[0,0],[-5.523,0],[0,0],[0,-5.523],[0,0]],"o":[[0,0],[-5.523,0],[0,0],[0,-5.523],[0,0],[5.523,0],[0,0],[0,5.523]],"v":[[15,26.016],[-15,26.016],[-25,16.016],[-25,-13.984],[-15,-23.984],[15,-23.984],[25,-13.984],[25,16.016]],"c":true}]},{"i":{"x":0.833,"y":0.833},"o":{"x":0.167,"y":0.167},"n":"0p833_0p833_0p167_0p167","t":70,"s":[{"i":[[5.523,0],[0,0],[0,5.523],[0,0],[-5.523,0],[0,0],[0,-5.523],[0,0]],"o":[[0,0],[-5.523,0],[0,0],[0,-5.523],[0,0],[5.523,0],[0,0],[0,5.523]],"v":[[15,26.016],[-15,26.016],[-25,16.016],[-25,-13.984],[-15,-23.984],[15,-23.984],[25,-13.984],[25,16.016]],"c":true}],"e":[{"i":[[5.523,0],[0,0],[0,5.523],[0,0],[-5.523,0],[0,0],[0,-5.523],[0,0]],"o":[[0,0],[-5.523,0],[0,0],[0,-5.523],[0,0],[5.523,0],[0,0],[0,5.523]],"v":[[15,26.016],[-15,26.016],[-25,16.016],[-25,-13.984],[-15,-23.984],[15,-23.984],[25,-13.984],[25,16.016]],"c":true}]},{"i":{"x":0,"y":1},"o":{"x":0.167,"y":0.167},"n":"0_1_0p167_0p167","t":135,"s":[{"i":[[5.523,0],[0,0],[0,5.523],[0,0],[-5.523,0],[0,0],[0,-5.523],[0,0]],"o":[[0,0],[-5.523,0],[0,0],[0,-5.523],[0,0],[5.523,0],[0,0],[0,5.523]],"v":[[15,26.016],[-15,26.016],[-25,16.016],[-25,-13.984],[-15,-23.984],[15,-23.984],[25,-13.984],[25,16.016]],"c":true}],"e":[{"i":[[0,0],[0,0],[0,0],[0,0],[0,0],[0,0],[0,0],[0,0]],"o":[[0,0],[0,0],[0,0],[0,0],[0,0],[0,0],[0,0],[0,0]],"v":[[5.996,6.068],[-5.996,6.068],[-5.996,6.066],[-5.996,-5.929],[-6,-5.931],[5.996,-5.931],[6,-5.929],[6,6.069]],"c":true}]},{"t":150.000006109625}]},"nm":"Path 1","mn":"ADBE Vector Shape - Group"},{"ty":"fl","c":{"a":0,"k":[0.1058824,0.1058824,0.1058824,1]},"o":{"a":0,"k":100},"r":1,"nm":"Fill 1","mn":"ADBE Vector Graphic - Fill"},{"ty":"tr","p":{"a":0,"k":[-58,51],"ix":2},"a":{"a":0,"k":[0,0],"ix":1},"s":{"a":0,"k":[100,100],"ix":3},"r":{"a":0,"k":0,"ix":6},"o":{"a":0,"k":100,"ix":7},"sk":{"a":0,"k":0,"ix":4},"sa":{"a":0,"k":0,"ix":5},"nm":"Transform"}],"nm":"Shape 1","np":3,"cix":2,"ix":1,"mn":"ADBE Vector Group"}],"ip":0,"op":450.000018328876,"st":0,"bm":0,"sr":1},{"ddd":0,"ind":2,"ty":4,"nm":"Shape Layer 7","ks":{"o":{"a":0,"k":100},"r":{"a":0,"k":0},"p":{"a":1,"k":[{"i":{"x":0.833,"y":0.833},"o":{"x":1,"y":0},"n":"0p833_0p833_1_0","t":55,"s":[342,283.938,0],"e":[435,329,0],"to":[-26.2916660308838,32.2916679382324,0],"ti":[-37.8333320617676,26.5833339691162,0]},{"i":{"x":0.833,"y":0.833},"o":{"x":0.167,"y":0.167},"n":"0p833_0p833_0p167_0p167","t":70,"s":[435,329,0],"e":[435,329,0],"to":[-0.01095498353243,-0.30232459306717,0],"ti":[0,0,0]},{"i":{"x":0,"y":1},"o":{"x":0.167,"y":0.167},"n":"0_1_0p167_0p167","t":135,"s":[435,329,0],"e":[342,249.938,0],"to":[0,0,0],"ti":[173.5986328125,-33.8676338195801,0]},{"t":155.000006313279}],"x":"var $bm_rt;\nvar n, n, t, t, v, amp, freq, decay;\n$bm_rt = n = 0;\nif (numKeys > 0) {\n    $bm_rt = n = nearestKey(time).index;\n    if (key(n).time > time) {\n        n--;\n    }\n}\nif (n == 0) {\n    $bm_rt = t = 0;\n} else {\n    $bm_rt = t = sub(time, key(n).time);\n}\nif (n > 0) {\n    v = velocityAtTime(sub(key(n).time, div(thisComp.frameDuration, 10)));\n    amp = 0.5;\n    freq = 1;\n    decay = 25;\n    $bm_rt = sum(value, div(mul(mul(v, amp), Math.sin(mul(mul(mul(freq, t), 2), Math.PI))), Math.exp(mul(decay, t))));\n} else {\n    $bm_rt = value;\n}"},"a":{"a":0,"k":[-58,51,0]},"s":{"a":0,"k":[100,100,100]}},"ao":0,"shapes":[{"ty":"gr","it":[{"ind":0,"ty":"sh","ix":1,"ks":{"a":1,"k":[{"i":{"x":0.833,"y":0.833},"o":{"x":1,"y":0},"n":"0p833_0p833_1_0","t":60,"s":[{"i":[[0,0],[0,0],[0,0],[0,0],[0,0],[0,0],[0,0],[0,0]],"o":[[0,0],[0,0],[0,0],[0,0],[0,0],[0,0],[0,0],[0,0]],"v":[[5.996,6.068],[-5.996,6.068],[-5.996,6.066],[-5.996,-5.929],[-6,-5.931],[5.996,-5.931],[6,-5.929],[6,6.069]],"c":true}],"e":[{"i":[[5.523,0],[0,0],[0,5.523],[0,0],[-5.523,0],[0,0],[0,-5.523],[0,0]],"o":[[0,0],[-5.523,0],[0,0],[0,-5.523],[0,0],[5.523,0],[0,0],[0,5.523]],"v":[[15,26.016],[-15,26.016],[-25,16.016],[-25,-13.984],[-15,-23.984],[15,-23.984],[25,-13.984],[25,16.016]],"c":true}]},{"i":{"x":0.833,"y":0.833},"o":{"x":0.167,"y":0.167},"n":"0p833_0p833_0p167_0p167","t":70,"s":[{"i":[[5.523,0],[0,0],[0,5.523],[0,0],[-5.523,0],[0,0],[0,-5.523],[0,0]],"o":[[0,0],[-5.523,0],[0,0],[0,-5.523],[0,0],[5.523,0],[0,0],[0,5.523]],"v":[[15,26.016],[-15,26.016],[-25,16.016],[-25,-13.984],[-15,-23.984],[15,-23.984],[25,-13.984],[25,16.016]],"c":true}],"e":[{"i":[[5.523,0],[0,0],[0,5.523],[0,0],[-5.523,0],[0,0],[0,-5.523],[0,0]],"o":[[0,0],[-5.523,0],[0,0],[0,-5.523],[0,0],[5.523,0],[0,0],[0,5.523]],"v":[[15,26.016],[-15,26.016],[-25,16.016],[-25,-13.984],[-15,-23.984],[15,-23.984],[25,-13.984],[25,16.016]],"c":true}]},{"i":{"x":0,"y":1},"o":{"x":0.167,"y":0.167},"n":"0_1_0p167_0p167","t":135,"s":[{"i":[[5.523,0],[0,0],[0,5.523],[0,0],[-5.523,0],[0,0],[0,-5.523],[0,0]],"o":[[0,0],[-5.523,0],[0,0],[0,-5.523],[0,0],[5.523,0],[0,0],[0,5.523]],"v":[[15,26.016],[-15,26.016],[-25,16.016],[-25,-13.984],[-15,-23.984],[15,-23.984],[25,-13.984],[25,16.016]],"c":true}],"e":[{"i":[[0,0],[0,0],[0,0],[0,0],[0,0],[0,0],[0,0],[0,0]],"o":[[0,0],[0,0],[0,0],[0,0],[0,0],[0,0],[0,0],[0,0]],"v":[[5.996,6.068],[-5.996,6.068],[-5.996,6.066],[-5.996,-5.929],[-6,-5.931],[5.996,-5.931],[6,-5.929],[6,6.069]],"c":true}]},{"t":150.000006109625}]},"nm":"Path 1","mn":"ADBE Vector Shape - Group"},{"ty":"fl","c":{"a":0,"k":[0.1058824,0.1058824,0.1058824,1]},"o":{"a":0,"k":100},"r":1,"nm":"Fill 1","mn":"ADBE Vector Graphic - Fill"},{"ty":"tr","p":{"a":0,"k":[-58,51],"ix":2},"a":{"a":0,"k":[0,0],"ix":1},"s":{"a":0,"k":[100,100],"ix":3},"r":{"a":0,"k":0,"ix":6},"o":{"a":0,"k":100,"ix":7},"sk":{"a":0,"k":0,"ix":4},"sa":{"a":0,"k":0,"ix":5},"nm":"Transform"}],"nm":"Shape 1","np":3,"cix":2,"ix":1,"mn":"ADBE Vector Group"}],"ip":0,"op":450.000018328876,"st":0,"bm":0,"sr":1},{"ddd":0,"ind":3,"ty":4,"nm":"Shape Layer 6","ks":{"o":{"a":0,"k":100},"r":{"a":0,"k":0},"p":{"a":1,"k":[{"i":{"x":0.833,"y":0.833},"o":{"x":1,"y":0},"n":"0p833_0p833_1_0","t":55,"s":[341.5,318.25,0],"e":[364.5,261.25,0],"to":[127.75,-0.16666667163372,0],"ti":[18.75,-1.58333337306976,0]},{"i":{"x":0.833,"y":0.833},"o":{"x":0.167,"y":0.167},"n":"0p833_0p833_0p167_0p167","t":70,"s":[364.5,261.25,0],"e":[364.5,261.25,0],"to":[0.19730721414089,0.06333850324154,0],"ti":[0,0,0]},{"i":{"x":0,"y":1},"o":{"x":0.167,"y":0.167},"n":"0_1_0p167_0p167","t":135,"s":[364.5,261.25,0],"e":[341.5,351.25,0],"to":[0,0,0],"ti":[-82.5560760498047,-83.4846954345703,0]},{"t":155.000006313279}],"x":"var $bm_rt;\nvar n, n, t, t, v, amp, freq, decay;\n$bm_rt = n = 0;\nif (numKeys > 0) {\n    $bm_rt = n = nearestKey(time).index;\n    if (key(n).time > time) {\n        n--;\n    }\n}\nif (n == 0) {\n    $bm_rt = t = 0;\n} else {\n    $bm_rt = t = sub(time, key(n).time);\n}\nif (n > 0) {\n    v = velocityAtTime(sub(key(n).time, div(thisComp.frameDuration, 10)));\n    amp = 0.5;\n    freq = 1;\n    decay = 25;\n    $bm_rt = sum(value, div(mul(mul(v, amp), Math.sin(mul(mul(mul(freq, t), 2), Math.PI))), Math.exp(mul(decay, t))));\n} else {\n    $bm_rt = value;\n}"},"a":{"a":0,"k":[-58,51,0]},"s":{"a":0,"k":[100,100,100]}},"ao":0,"shapes":[{"ty":"gr","it":[{"ind":0,"ty":"sh","ix":1,"ks":{"a":1,"k":[{"i":{"x":0.833,"y":0.833},"o":{"x":1,"y":0},"n":"0p833_0p833_1_0","t":60,"s":[{"i":[[0,0],[0,0],[0,0],[0,0],[0,0],[0,0],[0,0],[0,0]],"o":[[0,0],[0,0],[0,0],[0,0],[0,0],[0,0],[0,0],[0,0]],"v":[[6.496,5.756],[-5.496,5.756],[-5.496,5.753],[-5.496,-6.242],[-5.5,-6.243],[6.496,-6.243],[6.5,-6.242],[6.5,5.757]],"c":true}],"e":[{"i":[[5.523,0],[0,0],[0,5.523],[0,0],[-5.523,0],[0,0],[0,-5.523],[0,0]],"o":[[0,0],[-5.523,0],[0,0],[0,-5.523],[0,0],[5.523,0],[0,0],[0,5.523]],"v":[[15.5,25.75],[-14.5,25.75],[-24.5,15.75],[-24.5,-14.25],[-14.5,-24.25],[15.5,-24.25],[25.5,-14.25],[25.5,15.75]],"c":true}]},{"i":{"x":0.833,"y":0.833},"o":{"x":0.167,"y":0.167},"n":"0p833_0p833_0p167_0p167","t":70,"s":[{"i":[[5.523,0],[0,0],[0,5.523],[0,0],[-5.523,0],[0,0],[0,-5.523],[0,0]],"o":[[0,0],[-5.523,0],[0,0],[0,-5.523],[0,0],[5.523,0],[0,0],[0,5.523]],"v":[[15.5,25.75],[-14.5,25.75],[-24.5,15.75],[-24.5,-14.25],[-14.5,-24.25],[15.5,-24.25],[25.5,-14.25],[25.5,15.75]],"c":true}],"e":[{"i":[[5.523,0],[0,0],[0,5.523],[0,0],[-5.523,0],[0,0],[0,-5.523],[0,0]],"o":[[0,0],[-5.523,0],[0,0],[0,-5.523],[0,0],[5.523,0],[0,0],[0,5.523]],"v":[[15.5,25.75],[-14.5,25.75],[-24.5,15.75],[-24.5,-14.25],[-14.5,-24.25],[15.5,-24.25],[25.5,-14.25],[25.5,15.75]],"c":true}]},{"i":{"x":0,"y":1},"o":{"x":0.167,"y":0.167},"n":"0_1_0p167_0p167","t":135,"s":[{"i":[[5.523,0],[0,0],[0,5.523],[0,0],[-5.523,0],[0,0],[0,-5.523],[0,0]],"o":[[0,0],[-5.523,0],[0,0],[0,-5.523],[0,0],[5.523,0],[0,0],[0,5.523]],"v":[[15.5,25.75],[-14.5,25.75],[-24.5,15.75],[-24.5,-14.25],[-14.5,-24.25],[15.5,-24.25],[25.5,-14.25],[25.5,15.75]],"c":true}],"e":[{"i":[[0,0],[0,0],[0,0],[0,0],[0,0],[0,0],[0,0],[0,0]],"o":[[0,0],[0,0],[0,0],[0,0],[0,0],[0,0],[0,0],[0,0]],"v":[[6.496,5.756],[-5.496,5.756],[-5.496,5.753],[-5.496,-6.242],[-5.5,-6.243],[6.496,-6.243],[6.5,-6.242],[6.5,5.757]],"c":true}]},{"t":150.000006109625}]},"nm":"Path 1","mn":"ADBE Vector Shape - Group"},{"ty":"fl","c":{"a":0,"k":[0.1058824,0.1058824,0.1058824,1]},"o":{"a":0,"k":100},"r":1,"nm":"Fill 1","mn":"ADBE Vector Graphic - Fill"},{"ty":"tr","p":{"a":0,"k":[-58,51],"ix":2},"a":{"a":0,"k":[0,0],"ix":1},"s":{"a":0,"k":[100,100],"ix":3},"r":{"a":0,"k":0,"ix":6},"o":{"a":0,"k":100,"ix":7},"sk":{"a":0,"k":0,"ix":4},"sa":{"a":0,"k":0,"ix":5},"nm":"Transform"}],"nm":"Shape 1","np":3,"cix":2,"ix":1,"mn":"ADBE Vector Group"}],"ip":0,"op":450.000018328876,"st":0,"bm":0,"sr":1},{"ddd":0,"ind":4,"ty":4,"nm":"Shape Layer 5","ks":{"o":{"a":0,"k":100},"r":{"a":0,"k":0},"p":{"a":1,"k":[{"i":{"x":0.833,"y":0.833},"o":{"x":1,"y":0},"n":"0p833_0p833_1_0","t":55,"s":[341.5,351.25,0],"e":[434.5,261.25,0],"to":[84.5,-3,0],"ti":[86.25,61.25,0]},{"i":{"x":0.833,"y":0.833},"o":{"x":0.167,"y":0.167},"n":"0p833_0p833_0p167_0p167","t":70,"s":[434.5,261.25,0],"e":[434.5,261.25,0],"to":[-0.08632615208626,-0.23884031176567,0],"ti":[0,0,0]},{"i":{"x":0,"y":1},"o":{"x":0.167,"y":0.167},"n":"0_1_0p167_0p167","t":135,"s":[434.5,261.25,0],"e":[341.5,318.25,0],"to":[0,0,0],"ti":[-51.8580322265625,-110.729637145996,0]},{"t":155.000006313279}],"x":"var $bm_rt;\nvar n, n, t, t, v, amp, freq, decay;\n$bm_rt = n = 0;\nif (numKeys > 0) {\n    $bm_rt = n = nearestKey(time).index;\n    if (key(n).time > time) {\n        n--;\n    }\n}\nif (n == 0) {\n    $bm_rt = t = 0;\n} else {\n    $bm_rt = t = sub(time, key(n).time);\n}\nif (n > 0) {\n    v = velocityAtTime(sub(key(n).time, div(thisComp.frameDuration, 10)));\n    amp = 0.5;\n    freq = 1;\n    decay = 25;\n    $bm_rt = sum(value, div(mul(mul(v, amp), Math.sin(mul(mul(mul(freq, t), 2), Math.PI))), Math.exp(mul(decay, t))));\n} else {\n    $bm_rt = value;\n}"},"a":{"a":0,"k":[-58,51,0]},"s":{"a":0,"k":[100,100,100]}},"ao":0,"shapes":[{"ty":"gr","it":[{"ind":0,"ty":"sh","ix":1,"ks":{"a":1,"k":[{"i":{"x":0.833,"y":0.833},"o":{"x":1,"y":0},"n":"0p833_0p833_1_0","t":60,"s":[{"i":[[0,0],[0,0],[0,0],[0,0],[0,0],[0,0],[0,0],[0,0]],"o":[[0,0],[0,0],[0,0],[0,0],[0,0],[0,0],[0,0],[0,0]],"v":[[6.496,5.756],[-5.496,5.756],[-5.496,5.753],[-5.496,-6.242],[-5.5,-6.243],[6.496,-6.243],[6.5,-6.242],[6.5,5.757]],"c":true}],"e":[{"i":[[5.523,0],[0,0],[0,5.523],[0,0],[-5.523,0],[0,0],[0,-5.523],[0,0]],"o":[[0,0],[-5.523,0],[0,0],[0,-5.523],[0,0],[5.523,0],[0,0],[0,5.523]],"v":[[15.5,25.75],[-14.5,25.75],[-24.5,15.75],[-24.5,-14.25],[-14.5,-24.25],[15.5,-24.25],[25.5,-14.25],[25.5,15.75]],"c":true}]},{"i":{"x":0.833,"y":0.833},"o":{"x":0.167,"y":0.167},"n":"0p833_0p833_0p167_0p167","t":70,"s":[{"i":[[5.523,0],[0,0],[0,5.523],[0,0],[-5.523,0],[0,0],[0,-5.523],[0,0]],"o":[[0,0],[-5.523,0],[0,0],[0,-5.523],[0,0],[5.523,0],[0,0],[0,5.523]],"v":[[15.5,25.75],[-14.5,25.75],[-24.5,15.75],[-24.5,-14.25],[-14.5,-24.25],[15.5,-24.25],[25.5,-14.25],[25.5,15.75]],"c":true}],"e":[{"i":[[5.523,0],[0,0],[0,5.523],[0,0],[-5.523,0],[0,0],[0,-5.523],[0,0]],"o":[[0,0],[-5.523,0],[0,0],[0,-5.523],[0,0],[5.523,0],[0,0],[0,5.523]],"v":[[15.5,25.75],[-14.5,25.75],[-24.5,15.75],[-24.5,-14.25],[-14.5,-24.25],[15.5,-24.25],[25.5,-14.25],[25.5,15.75]],"c":true}]},{"i":{"x":0,"y":1},"o":{"x":0.167,"y":0.167},"n":"0_1_0p167_0p167","t":135,"s":[{"i":[[5.523,0],[0,0],[0,5.523],[0,0],[-5.523,0],[0,0],[0,-5.523],[0,0]],"o":[[0,0],[-5.523,0],[0,0],[0,-5.523],[0,0],[5.523,0],[0,0],[0,5.523]],"v":[[15.5,25.75],[-14.5,25.75],[-24.5,15.75],[-24.5,-14.25],[-14.5,-24.25],[15.5,-24.25],[25.5,-14.25],[25.5,15.75]],"c":true}],"e":[{"i":[[0,0],[0,0],[0,0],[0,0],[0,0],[0,0],[0,0],[0,0]],"o":[[0,0],[0,0],[0,0],[0,0],[0,0],[0,0],[0,0],[0,0]],"v":[[6.496,5.756],[-5.496,5.756],[-5.496,5.753],[-5.496,-6.242],[-5.5,-6.243],[6.496,-6.243],[6.5,-6.242],[6.5,5.757]],"c":true}]},{"t":150.000006109625}]},"nm":"Path 1","mn":"ADBE Vector Shape - Group"},{"ty":"fl","c":{"a":0,"k":[0.1058824,0.1058824,0.1058824,1]},"o":{"a":0,"k":100},"r":1,"nm":"Fill 1","mn":"ADBE Vector Graphic - Fill"},{"ty":"tr","p":{"a":0,"k":[-58,51],"ix":2},"a":{"a":0,"k":[0,0],"ix":1},"s":{"a":0,"k":[100,100],"ix":3},"r":{"a":0,"k":0,"ix":6},"o":{"a":0,"k":100,"ix":7},"sk":{"a":0,"k":0,"ix":4},"sa":{"a":0,"k":0,"ix":5},"nm":"Transform"}],"nm":"Shape 1","np":3,"cix":2,"ix":1,"mn":"ADBE Vector Group"}],"ip":0,"op":450.000018328876,"st":0,"bm":0,"sr":1},{"ddd":0,"ind":5,"ty":4,"nm":"Shape Layer 4","ks":{"o":{"a":0,"k":100},"r":{"a":0,"k":0},"p":{"a":0,"k":[400,199.125,0]},"a":{"a":0,"k":[0,0,0]},"s":{"a":0,"k":[100,100,100]}},"ao":0,"shapes":[{"ty":"gr","it":[{"ind":0,"ty":"sh","ix":1,"ks":{"a":0,"k":{"i":[[0,0],[0,0]],"o":[[0,0],[0,0]],"v":[[-35,50.875],[65,50.875]],"c":false}},"nm":"Path 1","mn":"ADBE Vector Shape - Group"},{"ty":"st","c":{"a":0,"k":[0.105882,0.105882,0.105882,1]},"o":{"a":0,"k":100},"w":{"a":0,"k":12},"lc":1,"lj":1,"ml":4,"nm":"Stroke 1","mn":"ADBE Vector Graphic - Stroke"},{"ty":"tr","p":{"a":0,"k":[0,0],"ix":2},"a":{"a":0,"k":[0,0],"ix":1},"s":{"a":0,"k":[100,100],"ix":3},"r":{"a":0,"k":0,"ix":6},"o":{"a":0,"k":100,"ix":7},"sk":{"a":0,"k":0,"ix":4},"sa":{"a":0,"k":0,"ix":5},"nm":"Transform"}],"nm":"Shape 1","np":3,"cix":2,"ix":1,"mn":"ADBE Vector Group"},{"ty":"tm","s":{"a":1,"k":[{"i":{"x":[0.833],"y":[0.833]},"o":{"x":[0.167],"y":[0.167]},"n":["0p833_0p833_0p167_0p167"],"t":139,"s":[0],"e":[100]},{"i":{"x":[0],"y":[1]},"o":{"x":[0.167],"y":[0.167]},"n":["0_1_0p167_0p167"],"t":140,"s":[100],"e":[0]},{"t":155.000006313279}],"ix":1},"e":{"a":1,"k":[{"i":{"x":[0.833],"y":[0.833]},"o":{"x":[1],"y":[0]},"n":["0p833_0p833_1_0"],"t":55,"s":[100],"e":[0]},{"i":{"x":[0.833],"y":[0.833]},"o":{"x":[0.167],"y":[0.167]},"n":["0p833_0p833_0p167_0p167"],"t":66,"s":[0],"e":[0]},{"i":{"x":[0.833],"y":[0.833]},"o":{"x":[0.167],"y":[0.167]},"n":["0p833_0p833_0p167_0p167"],"t":139,"s":[0],"e":[100]},{"t":140.000005702317}],"ix":2},"o":{"a":0,"k":0,"ix":3},"m":1,"ix":2,"nm":"Trim Paths 1","mn":"ADBE Vector Filter - Trim"}],"ip":0,"op":450.000018328876,"st":0,"bm":0,"sr":1},{"ddd":0,"ind":6,"ty":4,"nm":"Shape Layer 3","ks":{"o":{"a":0,"k":100},"r":{"a":0,"k":0},"p":{"a":0,"k":[400,233.125,0]},"a":{"a":0,"k":[0,0,0]},"s":{"a":0,"k":[100,100,100]}},"ao":0,"shapes":[{"ty":"gr","it":[{"ind":0,"ty":"sh","ix":1,"ks":{"a":0,"k":{"i":[[0,0],[0,0]],"o":[[0,0],[0,0]],"v":[[-35,50.875],[65,50.875]],"c":false}},"nm":"Path 1","mn":"ADBE Vector Shape - Group"},{"ty":"st","c":{"a":0,"k":[0.105882,0.105882,0.105882,1]},"o":{"a":0,"k":100},"w":{"a":0,"k":12},"lc":1,"lj":1,"ml":4,"nm":"Stroke 1","mn":"ADBE Vector Graphic - Stroke"},{"ty":"tr","p":{"a":0,"k":[0,0],"ix":2},"a":{"a":0,"k":[0,0],"ix":1},"s":{"a":0,"k":[100,100],"ix":3},"r":{"a":0,"k":0,"ix":6},"o":{"a":0,"k":100,"ix":7},"sk":{"a":0,"k":0,"ix":4},"sa":{"a":0,"k":0,"ix":5},"nm":"Transform"}],"nm":"Shape 1","np":3,"cix":2,"ix":1,"mn":"ADBE Vector Group"},{"ty":"tm","s":{"a":1,"k":[{"i":{"x":[0.833],"y":[0.833]},"o":{"x":[0.167],"y":[0.167]},"n":["0p833_0p833_0p167_0p167"],"t":137,"s":[0],"e":[100]},{"i":{"x":[0],"y":[1]},"o":{"x":[0.167],"y":[0.167]},"n":["0_1_0p167_0p167"],"t":138,"s":[100],"e":[0]},{"t":153.000006231818}],"ix":1},"e":{"a":1,"k":[{"i":{"x":[0.833],"y":[0.833]},"o":{"x":[1],"y":[0]},"n":["0p833_0p833_1_0"],"t":57,"s":[100],"e":[0]},{"i":{"x":[0.833],"y":[0.833]},"o":{"x":[0.167],"y":[0.167]},"n":["0p833_0p833_0p167_0p167"],"t":68,"s":[0],"e":[0]},{"i":{"x":[0.833],"y":[0.833]},"o":{"x":[0.167],"y":[0.167]},"n":["0p833_0p833_0p167_0p167"],"t":137,"s":[0],"e":[100]},{"t":138.000005620855}],"ix":2},"o":{"a":0,"k":0,"ix":3},"m":1,"ix":2,"nm":"Trim Paths 1","mn":"ADBE Vector Filter - Trim"}],"ip":0,"op":450.000018328876,"st":0,"bm":0,"sr":1},{"ddd":0,"ind":7,"ty":4,"nm":"Shape Layer 2","ks":{"o":{"a":0,"k":100},"r":{"a":0,"k":0},"p":{"a":0,"k":[400,267.125,0]},"a":{"a":0,"k":[0,0,0]},"s":{"a":0,"k":[100,100,100]}},"ao":0,"shapes":[{"ty":"gr","it":[{"ind":0,"ty":"sh","ix":1,"ks":{"a":0,"k":{"i":[[0,0],[0,0]],"o":[[0,0],[0,0]],"v":[[-35,50.875],[65,50.875]],"c":false}},"nm":"Path 1","mn":"ADBE Vector Shape - Group"},{"ty":"st","c":{"a":0,"k":[0.105882,0.105882,0.105882,1]},"o":{"a":0,"k":100},"w":{"a":0,"k":12},"lc":1,"lj":1,"ml":4,"nm":"Stroke 1","mn":"ADBE Vector Graphic - Stroke"},{"ty":"tr","p":{"a":0,"k":[0,0],"ix":2},"a":{"a":0,"k":[0,0],"ix":1},"s":{"a":0,"k":[100,100],"ix":3},"r":{"a":0,"k":0,"ix":6},"o":{"a":0,"k":100,"ix":7},"sk":{"a":0,"k":0,"ix":4},"sa":{"a":0,"k":0,"ix":5},"nm":"Transform"}],"nm":"Shape 1","np":3,"cix":2,"ix":1,"mn":"ADBE Vector Group"},{"ty":"tm","s":{"a":1,"k":[{"i":{"x":[0.833],"y":[0.833]},"o":{"x":[1],"y":[0]},"n":["0p833_0p833_1_0"],"t":57,"s":[0],"e":[100]},{"i":{"x":[0.833],"y":[0.833]},"o":{"x":[0.167],"y":[0.167]},"n":["0p833_0p833_0p167_0p167"],"t":68,"s":[100],"e":[100]},{"i":{"x":[0.833],"y":[0.833]},"o":{"x":[0.167],"y":[0.167]},"n":["0p833_0p833_0p167_0p167"],"t":137,"s":[100],"e":[0]},{"t":138.000005620855}],"ix":1},"e":{"a":1,"k":[{"i":{"x":[0.833],"y":[0.833]},"o":{"x":[0.167],"y":[0.167]},"n":["0p833_0p833_0p167_0p167"],"t":137,"s":[100],"e":[0]},{"i":{"x":[0],"y":[1]},"o":{"x":[0.167],"y":[0.167]},"n":["0_1_0p167_0p167"],"t":138,"s":[0],"e":[100]},{"t":153.000006231818}],"ix":2},"o":{"a":0,"k":0,"ix":3},"m":1,"ix":2,"nm":"Trim Paths 1","mn":"ADBE Vector Filter - Trim"}],"ip":0,"op":450.000018328876,"st":0,"bm":0,"sr":1},{"ddd":0,"ind":8,"ty":4,"nm":"Shape Layer 1","ks":{"o":{"a":0,"k":100},"r":{"a":0,"k":0},"p":{"a":0,"k":[400,300.125,0]},"a":{"a":0,"k":[0,0,0]},"s":{"a":0,"k":[100,100,100]}},"ao":0,"shapes":[{"ty":"gr","it":[{"ind":0,"ty":"sh","ix":1,"ks":{"a":0,"k":{"i":[[0,0],[0,0]],"o":[[0,0],[0,0]],"v":[[-35,50.875],[65,50.875]],"c":false}},"nm":"Path 1","mn":"ADBE Vector Shape - Group"},{"ty":"st","c":{"a":0,"k":[0.105882,0.105882,0.105882,1]},"o":{"a":0,"k":100},"w":{"a":0,"k":12},"lc":1,"lj":1,"ml":4,"nm":"Stroke 1","mn":"ADBE Vector Graphic - Stroke"},{"ty":"tr","p":{"a":0,"k":[0,0],"ix":2},"a":{"a":0,"k":[0,0],"ix":1},"s":{"a":0,"k":[100,100],"ix":3},"r":{"a":0,"k":0,"ix":6},"o":{"a":0,"k":100,"ix":7},"sk":{"a":0,"k":0,"ix":4},"sa":{"a":0,"k":0,"ix":5},"nm":"Transform"}],"nm":"Shape 1","np":3,"cix":2,"ix":1,"mn":"ADBE Vector Group"},{"ty":"tm","s":{"a":1,"k":[{"i":{"x":[0.833],"y":[0.833]},"o":{"x":[1],"y":[0]},"n":["0p833_0p833_1_0"],"t":55,"s":[0],"e":[100]},{"i":{"x":[0.833],"y":[0.833]},"o":{"x":[0.167],"y":[0.167]},"n":["0p833_0p833_0p167_0p167"],"t":66,"s":[100],"e":[100]},{"i":{"x":[0.833],"y":[0.833]},"o":{"x":[0.167],"y":[0.167]},"n":["0p833_0p833_0p167_0p167"],"t":139,"s":[100],"e":[0]},{"t":140.000005702317}],"ix":1},"e":{"a":1,"k":[{"i":{"x":[0.833],"y":[0.833]},"o":{"x":[0.167],"y":[0.167]},"n":["0p833_0p833_0p167_0p167"],"t":139,"s":[100],"e":[0]},{"i":{"x":[0],"y":[1]},"o":{"x":[0.167],"y":[0.167]},"n":["0_1_0p167_0p167"],"t":140,"s":[0],"e":[100]},{"t":155.000006313279}],"ix":2},"o":{"a":0,"k":0,"ix":3},"m":1,"ix":2,"nm":"Trim Paths 1","mn":"ADBE Vector Filter - Trim"}],"ip":0,"op":450.000018328876,"st":0,"bm":0,"sr":1}]}