{"v":"4.6.3","fr":25,"ip":0,"op":65,"w":510,"h":510,"nm":"maldives","ddd":0,"assets":[],"layers":[{"ddd":0,"ind":1,"ty":4,"nm":"moon","ks":{"o":{"a":0,"k":100},"r":{"a":0,"k":0},"p":{"a":0,"k":[318.029,261.086,0]},"a":{"a":0,"k":[109,69,0]},"s":{"a":0,"k":[100,100,100]}},"ao":0,"hasMask":true,"masksProperties":[{"inv":false,"mode":"a","pt":{"a":0,"k":{"i":[[0,0],[0,0],[0,0],[0,0]],"o":[[0,0],[0,0],[0,0],[0,0]],"v":[[-95.529,-41.086],[-95.529,166.914],[187.971,166.914],[187.971,-41.086]],"c":true}},"o":{"a":0,"k":100},"x":{"a":0,"k":0},"nm":"Mask 1"}],"shapes":[{"ty":"gr","it":[{"ind":0,"ty":"sh","ix":1,"ks":{"a":0,"k":{"i":[[0,0],[11.88,0],[0,34.06],[-34.07,0],[-9.42,-5.83],[5.06,0],[0,-30.14],[-29.48,0],[-4.65,1.35],[-4.65,1.35],[0,0],[0,0]],"o":[[-9.42,5.82],[-34.07,0],[0,-34.07],[11.88,0],[-4.65,-1.35],[-29.48,0],[0,30.13],[5.06,0],[0,0],[0,0],[0,0],[0,0]],"v":[[94.08,114.17],[61.68,123.36],[0,61.68],[61.68,0],[94.08,9.19],[79.47,7.12],[26.09,61.68],[79.47,116.24],[94.08,114.17],[94.08,114.17],[94.08,114.17],[94.08,114.17]],"c":true}},"nm":"Path 1","mn":"ADBE Vector Shape - Group"},{"ty":"fl","c":{"a":0,"k":[1,1,1,1]},"o":{"a":0,"k":100},"r":1,"nm":"Fill 1","mn":"ADBE Vector Graphic - Fill"},{"ty":"tr","p":{"a":1,"k":[{"i":{"x":0.667,"y":1},"o":{"x":0.333,"y":0},"n":"0p667_1_0p333_0","t":24,"s":[34.656,226.926],"e":[0,0],"to":[-5.77604150772095,-37.8209648132324],"ti":[5.77604150772095,37.8209648132324]},{"t":40}],"ix":2},"a":{"a":1,"k":[{"i":{"x":0.667,"y":1},"o":{"x":0.333,"y":0},"n":"0p667_1_0p333_0","t":24,"s":[85.411,59],"e":[0,0],"to":[1.96637463569641,0],"ti":[-1.3870974779129,0]},{"t":40}],"ix":1},"s":{"a":0,"k":[102,102],"ix":3},"r":{"a":1,"k":[{"i":{"x":[0.667],"y":[1]},"o":{"x":[0.333],"y":[0]},"n":["0p667_1_0p333_0"],"t":24,"s":[-46],"e":[0]},{"t":40}],"ix":6},"o":{"a":0,"k":100,"ix":7},"sk":{"a":0,"k":0,"ix":4},"sa":{"a":0,"k":0,"ix":5},"nm":"Transform"}],"nm":"Group 1","np":2,"cix":2,"ix":1,"mn":"ADBE Vector Group"}],"ip":0,"op":375,"st":0,"bm":0,"sr":1},{"ddd":0,"ind":2,"ty":4,"nm":"Shape Layer 1","ks":{"o":{"a":0,"k":100},"r":{"a":0,"k":0},"p":{"a":0,"k":[255,255,0]},"a":{"a":0,"k":[39.207,100.768,0]},"s":{"a":1,"k":[{"i":{"x":[0.667,0.667,0.667],"y":[0.667,1,0.667]},"o":{"x":[0.333,0.333,0.333],"y":[0.333,0,0.333]},"n":["0p667_0p667_0p333_0p333","0p667_1_0p333_0","0p667_0p667_0p333_0p333"],"t":16,"s":[0,0,100],"e":[0,100,100]},{"i":{"x":[0.667,0.667,0.667],"y":[1,0.667,0.667]},"o":{"x":[0.333,0.333,0.333],"y":[0,0.333,0.333]},"n":["0p667_1_0p333_0","0p667_0p667_0p333_0p333","0p667_0p667_0p333_0p333"],"t":19,"s":[0,100,100],"e":[115,100,100]},{"i":{"x":[0.667,0.667,0.667],"y":[1,0.667,0.667]},"o":{"x":[0.333,0.333,0.333],"y":[0,0.333,0.333]},"n":["0p667_1_0p333_0","0p667_0p667_0p333_0p333","0p667_0p667_0p333_0p333"],"t":37,"s":[115,100,100],"e":[100,100,100]},{"t":40}]}},"ao":0,"shapes":[{"ty":"gr","it":[{"ty":"rc","d":1,"s":{"a":0,"k":[284.141,209.176]},"p":{"a":0,"k":[0,0]},"r":{"a":0,"k":0},"nm":"Rectangle Path 1","mn":"ADBE Vector Shape - Rect"},{"ty":"st","c":{"a":0,"k":[0.49,0.1519,0.1519,1]},"o":{"a":0,"k":100},"w":{"a":0,"k":0},"lc":1,"lj":1,"ml":4,"nm":"Stroke 1","mn":"ADBE Vector Graphic - Stroke"},{"ty":"fl","c":{"a":0,"k":[0.1019608,0.6862745,0.3647059,1]},"o":{"a":0,"k":100},"r":1,"nm":"Fill 1","mn":"ADBE Vector Graphic - Fill"},{"ty":"tr","p":{"a":0,"k":[39.207,100.768],"ix":2},"a":{"a":0,"k":[0,0],"ix":1},"s":{"a":0,"k":[100,100],"ix":3},"r":{"a":0,"k":0,"ix":6},"o":{"a":0,"k":100,"ix":7},"sk":{"a":0,"k":0,"ix":4},"sa":{"a":0,"k":0,"ix":5},"nm":"Transform"}],"nm":"Rectangle 1","np":3,"cix":2,"ix":1,"mn":"ADBE Vector Group"},{"ty":"gr","it":[{"ty":"tr","p":{"a":1,"k":[{"i":{"x":0.833,"y":0.833},"o":{"x":0.333,"y":0},"n":"0p833_0p833_0p333_0","t":14,"s":[127.707,0.766],"e":[0.07,0.766],"to":[-21.2727870941162,0],"ti":[21.2727870941162,0]},{"t":28}],"ix":2},"a":{"a":0,"k":[0,0],"ix":1},"s":{"a":1,"k":[{"i":{"x":[0.833,0.833],"y":[0.833,0.833]},"o":{"x":[0.333,0.333],"y":[0,0.333]},"n":["0p833_0p833_0p333_0","0p833_0p833_0p333_0p333"],"t":14,"s":[1.917,102],"e":[102,102]},{"t":28}],"ix":3},"r":{"a":0,"k":0,"ix":6},"o":{"a":0,"k":100,"ix":7},"sk":{"a":0,"k":0,"ix":4},"sa":{"a":0,"k":0,"ix":5},"nm":"Transform"}],"nm":"Group 1","np":0,"cix":2,"ix":2,"mn":"ADBE Vector Group"}],"ip":0,"op":375,"st":0,"bm":0,"sr":1},{"ddd":0,"ind":3,"ty":4,"nm":"red_circle","ks":{"o":{"a":1,"k":[{"i":{"x":[0.667],"y":[1]},"o":{"x":[0.333],"y":[0]},"n":["0p667_1_0p333_0"],"t":7,"s":[0],"e":[100]},{"t":17}]},"r":{"a":0,"k":0},"p":{"a":0,"k":[249,251,0]},"a":{"a":0,"k":[-6,-4,0]},"s":{"a":1,"k":[{"i":{"x":[0.667,0.667,0.667],"y":[1,1,0.667]},"o":{"x":[0.333,0.333,0.333],"y":[0,0,0.333]},"n":["0p667_1_0p333_0","0p667_1_0p333_0","0p667_0p667_0p333_0p333"],"t":7,"s":[4,4,100],"e":[104,104,100]},{"i":{"x":[0.667,0.667,0.667],"y":[1,1,0.667]},"o":{"x":[0.333,0.333,0.333],"y":[0,0,0.333]},"n":["0p667_1_0p333_0","0p667_1_0p333_0","0p667_0p667_0p333_0p333"],"t":17,"s":[104,104,100],"e":[114,114,100]},{"i":{"x":[0.667,0.667,0.667],"y":[-17,-17,0.667]},"o":{"x":[0.333,0.333,0.333],"y":[0,0,0.333]},"n":["0p667_-17_0p333_0","0p667_-17_0p333_0","0p667_0p667_0p333_0p333"],"t":20,"s":[114,114,100],"e":[113.52,113.52,100]},{"i":{"x":[0,0,0.667],"y":[1.092,1.092,0.667]},"o":{"x":[0.363,0.363,0.333],"y":[-1.283,-1.283,0.333]},"n":["0_1p092_0p363_-1p283","0_1p092_0p363_-1p283","0p667_0p667_0p333_0p333"],"t":29,"s":[113.52,113.52,100],"e":[100,100,100]},{"t":32}]}},"ao":0,"shapes":[{"ty":"gr","it":[{"ind":0,"ty":"sh","ix":1,"ks":{"a":0,"k":{"i":[[-118.049,0],[0,118.049],[118.049,0],[0,-118.049]],"o":[[118.049,0],[0,-118.049],[-118.049,0],[0,118.049]],"v":[[-0.254,213.492],[213.492,-0.254],[-0.254,-214],[-214,-0.254]],"c":true}},"nm":"Path 1","mn":"ADBE Vector Shape - Group"},{"ty":"fl","c":{"a":0,"k":[0.9137255,0.2941177,0.2078431,1]},"o":{"a":0,"k":100},"r":2,"nm":"Fill 1","mn":"ADBE Vector Graphic - Fill"},{"ty":"tr","p":{"a":0,"k":[-0.254,-0.254],"ix":2},"a":{"a":0,"k":[-0.254,-0.254],"ix":1},"s":{"a":0,"k":[100,100],"ix":3},"r":{"a":0,"k":0,"ix":6},"o":{"a":0,"k":100,"ix":7},"sk":{"a":0,"k":0,"ix":4},"sa":{"a":0,"k":0,"ix":5},"nm":"Transform"}],"nm":"Group 1","np":2,"cix":2,"ix":1,"mn":"ADBE Vector Group"}],"ip":0,"op":375,"st":0,"bm":0,"sr":1},{"ddd":0,"ind":4,"ty":4,"nm":"white_circle","ks":{"o":{"a":1,"k":[{"i":{"x":[0.667],"y":[1]},"o":{"x":[0.333],"y":[0]},"n":["0p667_1_0p333_0"],"t":0,"s":[0],"e":[100]},{"t":5}]},"r":{"a":0,"k":0},"p":{"a":0,"k":[249,251,0]},"a":{"a":0,"k":[-6,-4,0]},"s":{"a":1,"k":[{"i":{"x":[0.667,0.667,0.667],"y":[1,1,0.667]},"o":{"x":[0.333,0.333,0.333],"y":[0,0,0.333]},"n":["0p667_1_0p333_0","0p667_1_0p333_0","0p667_0p667_0p333_0p333"],"t":0,"s":[4,4,100],"e":[104,104,100]},{"i":{"x":[0.667,0.667,0.667],"y":[1,1,0.667]},"o":{"x":[0.333,0.333,0.333],"y":[0,0,0.333]},"n":["0p667_1_0p333_0","0p667_1_0p333_0","0p667_0p667_0p333_0p333"],"t":5,"s":[104,104,100],"e":[114,114,100]},{"i":{"x":[0.667,0.667,0.667],"y":[-17,-17,0.667]},"o":{"x":[0.333,0.333,0.333],"y":[0,0,0.333]},"n":["0p667_-17_0p333_0","0p667_-17_0p333_0","0p667_0p667_0p333_0p333"],"t":9,"s":[114,114,100],"e":[113.52,113.52,100]},{"i":{"x":[0,0,0.667],"y":[1.092,1.092,0.667]},"o":{"x":[0.363,0.363,0.333],"y":[-1.283,-1.283,0.333]},"n":["0_1p092_0p363_-1p283","0_1p092_0p363_-1p283","0p667_0p667_0p333_0p333"],"t":18,"s":[113.52,113.52,100],"e":[100,100,100]},{"t":21}]}},"ao":0,"shapes":[{"ty":"gr","it":[{"ind":0,"ty":"sh","ix":1,"ks":{"a":0,"k":{"i":[[-118.049,0],[0,118.049],[118.049,0],[0,-118.049]],"o":[[118.049,0],[0,-118.049],[-118.049,0],[0,118.049]],"v":[[-0.254,213.492],[213.492,-0.254],[-0.254,-214],[-214,-0.254]],"c":true}},"nm":"Path 1","mn":"ADBE Vector Shape - Group"},{"ty":"fl","c":{"a":0,"k":[1,1,1,1]},"o":{"a":0,"k":100},"r":2,"nm":"Fill 1","mn":"ADBE Vector Graphic - Fill"},{"ty":"tr","p":{"a":0,"k":[-0.254,-0.254],"ix":2},"a":{"a":0,"k":[-0.254,-0.254],"ix":1},"s":{"a":0,"k":[100,100],"ix":3},"r":{"a":0,"k":0,"ix":6},"o":{"a":0,"k":100,"ix":7},"sk":{"a":0,"k":0,"ix":4},"sa":{"a":0,"k":0,"ix":5},"nm":"Transform"}],"nm":"Group 1","np":2,"cix":2,"ix":1,"mn":"ADBE Vector Group"}],"ip":0,"op":375,"st":0,"bm":0,"sr":1}]}