{"v":"4.6.9","fr":29.9700012207031,"ip":0,"op":361.000014703831,"w":800,"h":600,"nm":"Tag Creation","ddd":0,"assets":[{"id":"comp_0","layers":[{"ddd":0,"ind":1,"ty":4,"nm":"Shape Layer 8","td":1,"ks":{"o":{"a":0,"k":100},"r":{"a":0,"k":0},"p":{"a":1,"k":[{"i":{"x":0,"y":1},"o":{"x":0.167,"y":0.167},"n":"0_1_0p167_0p167","t":168,"s":[800,300,0],"e":[385.029,300,0],"to":[-69.1617813110352,0,0],"ti":[69.1617813110352,0,0]},{"t":208.000008472014}]},"a":{"a":0,"k":[0,0,0]},"s":{"a":0,"k":[100,100,100]}},"ao":0,"shapes":[{"ty":"gr","it":[{"ty":"rc","d":1,"s":{"a":0,"k":[423.941,156.676]},"p":{"a":0,"k":[0,0]},"r":{"a":0,"k":0},"nm":"Rectangle Path 1","mn":"ADBE Vector Shape - Rect"},{"ty":"fl","c":{"a":0,"k":[1,0,0,1]},"o":{"a":0,"k":100},"r":1,"nm":"Fill 1","mn":"ADBE Vector Graphic - Fill"},{"ty":"tr","p":{"a":0,"k":[14.971,1.338],"ix":2},"a":{"a":0,"k":[0,0],"ix":1},"s":{"a":0,"k":[100,100],"ix":3},"r":{"a":0,"k":0,"ix":6},"o":{"a":0,"k":100,"ix":7},"sk":{"a":0,"k":0,"ix":4},"sa":{"a":0,"k":0,"ix":5},"nm":"Transform"}],"nm":"Rectangle 1","np":3,"cix":2,"ix":1,"mn":"ADBE Vector Group"}],"ip":0,"op":450.000018328876,"st":0,"bm":0,"sr":1},{"ddd":0,"ind":2,"ty":5,"nm":"hashtag","tt":1,"ks":{"o":{"a":0,"k":100},"r":{"a":0,"k":0},"p":{"a":0,"k":[338,336,0]},"a":{"a":0,"k":[0,0,0]},"s":{"a":0,"k":[100,100,100]}},"ao":0,"t":{"d":{"k":[{"s":{"s":50,"f":"Gotham-Bold","t":"hashtag","j":0,"tr":0,"lh":60,"ls":20,"fc":[1,1,1]},"t":0}]},"p":{},"m":{"g":1,"a":{"a":0,"k":[0,0]}},"a":[]},"ip":0,"op":450.000018328876,"st":0,"bm":0,"sr":1},{"ddd":0,"ind":3,"ty":5,"nm":"<empty text layer>","ks":{"o":{"a":0,"k":100},"r":{"a":0,"k":0},"p":{"a":0,"k":[338,336,0]},"a":{"a":0,"k":[0,0,0]},"s":{"a":0,"k":[100,100,100]}},"ao":0,"t":{"d":{"k":[{"s":{"s":50,"f":"Gotham-Bold","t":"","j":0,"tr":0,"lh":60,"ls":20,"fc":[0.11,0.11,0.11]},"t":65.0000026475043},{"s":{"s":50,"f":"Gotham-Bold","t":"h","j":0,"tr":0,"lh":60,"ls":20,"fc":[0.11,0.11,0.11]},"t":66.0000026882351},{"s":{"s":50,"f":"Gotham-Bold","t":"ha","j":0,"tr":0,"lh":60,"ls":20,"fc":[0.11,0.11,0.11]},"t":74.0000030140818},{"s":{"s":50,"f":"Gotham-Bold","t":"has","j":0,"tr":0,"lh":60,"ls":20,"fc":[0.11,0.11,0.11]},"t":77.0000031362743},{"s":{"s":50,"f":"Gotham-Bold","t":"hash","j":0,"tr":0,"lh":60,"ls":20,"fc":[0.11,0.11,0.11]},"t":79.000003217736},{"s":{"s":50,"f":"Gotham-Bold","t":"hasht","j":0,"tr":0,"lh":60,"ls":20,"fc":[0.11,0.11,0.11]},"t":89.0000036250443},{"s":{"s":50,"f":"Gotham-Bold","t":"hashta","j":0,"tr":0,"lh":60,"ls":20,"fc":[0.11,0.11,0.11]},"t":91.000003706506},{"s":{"s":50,"f":"Gotham-Bold","t":"hashtag","j":0,"tr":0,"lh":60,"ls":20,"fc":[0.11,0.11,0.11]},"t":93.0000037879676}]},"p":{},"m":{"g":1,"a":{"a":0,"k":[0,0]}},"a":[]},"ip":0,"op":450.000018328876,"st":0,"bm":0,"sr":1},{"ddd":0,"ind":4,"ty":4,"nm":"Shape Layer 10","ks":{"o":{"a":0,"k":100},"r":{"a":0,"k":0},"p":{"a":0,"k":[293,310,0]},"a":{"a":0,"k":[0,0,0]},"s":{"a":0,"k":[100,100,100]}},"ao":0,"shapes":[{"ty":"gr","it":[{"ind":0,"ty":"sh","ix":1,"ks":{"a":0,"k":{"i":[[0,0],[0,0]],"o":[[0,0],[0,0]],"v":[[-23,0],[23,0]],"c":false}},"nm":"Path 1","mn":"ADBE Vector Shape - Group"},{"ty":"st","c":{"a":0,"k":[1,1,1,1]},"o":{"a":0,"k":100},"w":{"a":0,"k":8},"lc":1,"lj":1,"ml":4,"nm":"Stroke 1","mn":"ADBE Vector Graphic - Stroke"},{"ty":"tr","p":{"a":0,"k":[0,0],"ix":2},"a":{"a":0,"k":[0,0],"ix":1},"s":{"a":0,"k":[100,100],"ix":3},"r":{"a":0,"k":0,"ix":6},"o":{"a":0,"k":100,"ix":7},"sk":{"a":0,"k":0,"ix":4},"sa":{"a":0,"k":0,"ix":5},"nm":"Transform"}],"nm":"Shape 1","np":3,"cix":2,"ix":1,"mn":"ADBE Vector Group"},{"ty":"tm","s":{"a":0,"k":0,"ix":1},"e":{"a":1,"k":[{"i":{"x":[0],"y":[1]},"o":{"x":[0.167],"y":[0.167]},"n":["0_1_0p167_0p167"],"t":185,"s":[0],"e":[100]},{"t":203.000008268359}],"ix":2},"o":{"a":0,"k":0,"ix":3},"m":1,"ix":2,"nm":"Trim Paths 1","mn":"ADBE Vector Filter - Trim"}],"ip":0,"op":450.000018328876,"st":0,"bm":0,"sr":1},{"ddd":0,"ind":5,"ty":4,"nm":"Shape Layer 12","ks":{"o":{"a":0,"k":100},"r":{"a":0,"k":90},"p":{"a":0,"k":[283,300,0]},"a":{"a":0,"k":[0,0,0]},"s":{"a":0,"k":[100,100,100]}},"ao":0,"shapes":[{"ty":"gr","it":[{"ind":0,"ty":"sh","ix":1,"ks":{"a":0,"k":{"i":[[0,0],[0,0]],"o":[[0,0],[0,0]],"v":[[-23,0],[23,0]],"c":false}},"nm":"Path 1","mn":"ADBE Vector Shape - Group"},{"ty":"st","c":{"a":0,"k":[1,1,1,1]},"o":{"a":0,"k":100},"w":{"a":0,"k":8},"lc":1,"lj":1,"ml":4,"nm":"Stroke 1","mn":"ADBE Vector Graphic - Stroke"},{"ty":"tr","p":{"a":0,"k":[0,0],"ix":2},"a":{"a":0,"k":[0,0],"ix":1},"s":{"a":0,"k":[100,100],"ix":3},"r":{"a":0,"k":0,"ix":6},"o":{"a":0,"k":100,"ix":7},"sk":{"a":0,"k":0,"ix":4},"sa":{"a":0,"k":0,"ix":5},"nm":"Transform"}],"nm":"Shape 1","np":3,"cix":2,"ix":1,"mn":"ADBE Vector Group"},{"ty":"tm","s":{"a":0,"k":0,"ix":1},"e":{"a":1,"k":[{"i":{"x":[0],"y":[1]},"o":{"x":[0.167],"y":[0.167]},"n":["0_1_0p167_0p167"],"t":185,"s":[0],"e":[100]},{"t":203.000008268359}],"ix":2},"o":{"a":0,"k":0,"ix":3},"m":1,"ix":2,"nm":"Trim Paths 1","mn":"ADBE Vector Filter - Trim"}],"ip":0,"op":450.000018328876,"st":0,"bm":0,"sr":1},{"ddd":0,"ind":6,"ty":4,"nm":"Shape Layer 9","ks":{"o":{"a":0,"k":100},"r":{"a":0,"k":0},"p":{"a":0,"k":[293,290,0]},"a":{"a":0,"k":[0,0,0]},"s":{"a":0,"k":[100,100,100]}},"ao":0,"shapes":[{"ty":"gr","it":[{"ind":0,"ty":"sh","ix":1,"ks":{"a":0,"k":{"i":[[0,0],[0,0]],"o":[[0,0],[0,0]],"v":[[-23,0],[23,0]],"c":false}},"nm":"Path 1","mn":"ADBE Vector Shape - Group"},{"ty":"st","c":{"a":0,"k":[1,1,1,1]},"o":{"a":0,"k":100},"w":{"a":0,"k":8},"lc":1,"lj":1,"ml":4,"nm":"Stroke 1","mn":"ADBE Vector Graphic - Stroke"},{"ty":"tr","p":{"a":0,"k":[0,0],"ix":2},"a":{"a":0,"k":[0,0],"ix":1},"s":{"a":0,"k":[100,100],"ix":3},"r":{"a":0,"k":0,"ix":6},"o":{"a":0,"k":100,"ix":7},"sk":{"a":0,"k":0,"ix":4},"sa":{"a":0,"k":0,"ix":5},"nm":"Transform"}],"nm":"Shape 1","np":3,"cix":2,"ix":1,"mn":"ADBE Vector Group"},{"ty":"tm","s":{"a":1,"k":[{"i":{"x":[0],"y":[1]},"o":{"x":[0.167],"y":[0.167]},"n":["0_1_0p167_0p167"],"t":185,"s":[100],"e":[0]},{"t":203.000008268359}],"ix":1},"e":{"a":0,"k":100,"ix":2},"o":{"a":0,"k":0,"ix":3},"m":1,"ix":2,"nm":"Trim Paths 1","mn":"ADBE Vector Filter - Trim"}],"ip":0,"op":450.000018328876,"st":0,"bm":0,"sr":1},{"ddd":0,"ind":7,"ty":4,"nm":"Shape Layer 11","ks":{"o":{"a":0,"k":100},"r":{"a":0,"k":90},"p":{"a":0,"k":[303,300,0]},"a":{"a":0,"k":[0,0,0]},"s":{"a":0,"k":[100,100,100]}},"ao":0,"shapes":[{"ty":"gr","it":[{"ind":0,"ty":"sh","ix":1,"ks":{"a":0,"k":{"i":[[0,0],[0,0]],"o":[[0,0],[0,0]],"v":[[-23,0],[23,0]],"c":false}},"nm":"Path 1","mn":"ADBE Vector Shape - Group"},{"ty":"st","c":{"a":0,"k":[1,1,1,1]},"o":{"a":0,"k":100},"w":{"a":0,"k":8},"lc":1,"lj":1,"ml":4,"nm":"Stroke 1","mn":"ADBE Vector Graphic - Stroke"},{"ty":"tr","p":{"a":0,"k":[0,0],"ix":2},"a":{"a":0,"k":[0,0],"ix":1},"s":{"a":0,"k":[100,100],"ix":3},"r":{"a":0,"k":0,"ix":6},"o":{"a":0,"k":100,"ix":7},"sk":{"a":0,"k":0,"ix":4},"sa":{"a":0,"k":0,"ix":5},"nm":"Transform"}],"nm":"Shape 1","np":3,"cix":2,"ix":1,"mn":"ADBE Vector Group"},{"ty":"tm","s":{"a":0,"k":100,"ix":1},"e":{"a":1,"k":[{"i":{"x":[0],"y":[1]},"o":{"x":[0.167],"y":[0.167]},"n":["0_1_0p167_0p167"],"t":185,"s":[100],"e":[0]},{"t":203.000008268359}],"ix":2},"o":{"a":0,"k":0,"ix":3},"m":1,"ix":2,"nm":"Trim Paths 1","mn":"ADBE Vector Filter - Trim"}],"ip":0,"op":450.000018328876,"st":0,"bm":0,"sr":1},{"ddd":0,"ind":8,"ty":4,"nm":"Shape Layer 7","td":1,"ks":{"o":{"a":0,"k":100},"r":{"a":0,"k":0},"p":{"a":1,"k":[{"i":{"x":0,"y":1},"o":{"x":0.167,"y":0.167},"n":"0_1_0p167_0p167","t":168,"s":[800,300,0],"e":[385.029,300,0],"to":[-69.1617813110352,0,0],"ti":[69.1617813110352,0,0]},{"t":208.000008472014}]},"a":{"a":0,"k":[0,0,0]},"s":{"a":0,"k":[100,100,100]}},"ao":0,"shapes":[{"ty":"gr","it":[{"ty":"rc","d":1,"s":{"a":0,"k":[423.941,156.676]},"p":{"a":0,"k":[0,0]},"r":{"a":0,"k":0},"nm":"Rectangle Path 1","mn":"ADBE Vector Shape - Rect"},{"ty":"fl","c":{"a":0,"k":[1,0,0,1]},"o":{"a":0,"k":100},"r":1,"nm":"Fill 1","mn":"ADBE Vector Graphic - Fill"},{"ty":"tr","p":{"a":0,"k":[14.971,1.338],"ix":2},"a":{"a":0,"k":[0,0],"ix":1},"s":{"a":0,"k":[100,100],"ix":3},"r":{"a":0,"k":0,"ix":6},"o":{"a":0,"k":100,"ix":7},"sk":{"a":0,"k":0,"ix":4},"sa":{"a":0,"k":0,"ix":5},"nm":"Transform"}],"nm":"Rectangle 1","np":3,"cix":2,"ix":1,"mn":"ADBE Vector Group"}],"ip":0,"op":450.000018328876,"st":0,"bm":0,"sr":1},{"ddd":0,"ind":9,"ty":4,"nm":"Shape Layer 6","tt":1,"ks":{"o":{"a":0,"k":100},"r":{"a":0,"k":0},"p":{"a":0,"k":[400,300,0]},"a":{"a":0,"k":[0,0,0]},"s":{"a":0,"k":[100,100,100]}},"ao":0,"shapes":[{"ty":"gr","it":[{"ind":0,"ty":"sh","ix":1,"ks":{"a":0,"k":{"i":[[27.5,0],[0,0],[0,27.5],[0,0],[-27.5,0],[0,0],[0,-27.5],[0,0]],"o":[[0,0],[-27.5,0],[0,0],[0,-27.5],[0,0],[27.5,0],[0,0],[0,27.5]],"v":[[125,50],[-125,50],[-175,0],[-175,0],[-125,-50],[125,-50],[175,0],[175,0]],"c":true}},"nm":"Path 1","mn":"ADBE Vector Shape - Group"},{"ty":"fl","c":{"a":0,"k":[0.1058824,0.1058824,0.1058824,1]},"o":{"a":0,"k":100},"r":1,"nm":"Fill 1","mn":"ADBE Vector Graphic - Fill"},{"ty":"tr","p":{"a":0,"k":[0,0],"ix":2},"a":{"a":0,"k":[0,0],"ix":1},"s":{"a":0,"k":[100,100],"ix":3},"r":{"a":0,"k":0,"ix":6},"o":{"a":0,"k":100,"ix":7},"sk":{"a":0,"k":0,"ix":4},"sa":{"a":0,"k":0,"ix":5},"nm":"Transform"}],"nm":"Shape 1","np":3,"cix":2,"ix":1,"mn":"ADBE Vector Group"}],"ip":0,"op":450.000018328876,"st":0,"bm":0,"sr":1},{"ddd":0,"ind":10,"ty":4,"nm":"Shape Layer 5","ks":{"o":{"a":1,"k":[{"i":{"x":[0.833],"y":[0.833]},"o":{"x":[0.167],"y":[0.167]},"n":["0p833_0p833_0p167_0p167"],"t":0,"s":[100],"e":[100]},{"i":{"x":[0.833],"y":[0.833]},"o":{"x":[0.167],"y":[0.167]},"n":["0p833_0p833_0p167_0p167"],"t":15,"s":[100],"e":[0]},{"i":{"x":[0.833],"y":[0.833]},"o":{"x":[0.167],"y":[0.167]},"n":["0p833_0p833_0p167_0p167"],"t":16,"s":[0],"e":[0]},{"i":{"x":[0.833],"y":[0.833]},"o":{"x":[0.167],"y":[0.167]},"n":["0p833_0p833_0p167_0p167"],"t":30,"s":[0],"e":[100]},{"i":{"x":[0.833],"y":[0.833]},"o":{"x":[0.167],"y":[0.167]},"n":["0p833_0p833_0p167_0p167"],"t":31,"s":[100],"e":[100]},{"i":{"x":[0.833],"y":[0.833]},"o":{"x":[0.167],"y":[0.167]},"n":["0p833_0p833_0p167_0p167"],"t":46,"s":[100],"e":[0]},{"i":{"x":[0.833],"y":[0.833]},"o":{"x":[0.167],"y":[0.167]},"n":["0p833_0p833_0p167_0p167"],"t":47,"s":[0],"e":[0]},{"i":{"x":[0.833],"y":[0.833]},"o":{"x":[0.167],"y":[0.167]},"n":["0p833_0p833_0p167_0p167"],"t":62,"s":[0],"e":[100]},{"i":{"x":[0.833],"y":[0.833]},"o":{"x":[0.167],"y":[0.167]},"n":["0p833_0p833_0p167_0p167"],"t":63,"s":[100],"e":[100]},{"i":{"x":[0.833],"y":[0.833]},"o":{"x":[0.167],"y":[0.167]},"n":["0p833_0p833_0p167_0p167"],"t":97,"s":[100],"e":[0]},{"i":{"x":[0.833],"y":[0.833]},"o":{"x":[0.167],"y":[0.167]},"n":["0p833_0p833_0p167_0p167"],"t":98,"s":[0],"e":[0]},{"i":{"x":[0.833],"y":[0.833]},"o":{"x":[0.167],"y":[0.167]},"n":["0p833_0p833_0p167_0p167"],"t":112,"s":[0],"e":[100]},{"i":{"x":[0.833],"y":[0.833]},"o":{"x":[0.167],"y":[0.167]},"n":["0p833_0p833_0p167_0p167"],"t":113,"s":[100],"e":[100]},{"i":{"x":[0.833],"y":[0.833]},"o":{"x":[0.167],"y":[0.167]},"n":["0p833_0p833_0p167_0p167"],"t":128,"s":[100],"e":[0]},{"i":{"x":[0.833],"y":[0.833]},"o":{"x":[0.167],"y":[0.167]},"n":["0p833_0p833_0p167_0p167"],"t":129,"s":[0],"e":[0]},{"i":{"x":[0.833],"y":[0.833]},"o":{"x":[0.167],"y":[0.167]},"n":["0p833_0p833_0p167_0p167"],"t":144,"s":[0],"e":[100]},{"t":145.000005905971}]},"r":{"a":0,"k":0},"p":{"a":1,"k":[{"i":{"x":0.833,"y":0.833},"o":{"x":0.167,"y":0.167},"n":"0p833_0p833_0p167_0p167","t":65,"s":[162.125,300,0],"e":[196.125,300,0],"to":[5.66666650772095,0,0],"ti":[-5.66666650772095,0,0]},{"i":{"x":0.833,"y":0.833},"o":{"x":0.167,"y":0.167},"n":"0p833_0p833_0p167_0p167","t":66,"s":[196.125,300,0],"e":[196.125,300,0],"to":[0,0,0],"ti":[0,0,0]},{"i":{"x":0.833,"y":0.833},"o":{"x":0.167,"y":0.167},"n":"0p833_0p833_0p167_0p167","t":73,"s":[196.125,300,0],"e":[226.125,300,0],"to":[5,0,0],"ti":[-5,0,0]},{"i":{"x":0.833,"y":0.833},"o":{"x":0.167,"y":0.167},"n":"0p833_0p833_0p167_0p167","t":74,"s":[226.125,300,0],"e":[226.125,300,0],"to":[0,0,0],"ti":[0,0,0]},{"i":{"x":0.833,"y":0.833},"o":{"x":0.167,"y":0.167},"n":"0p833_0p833_0p167_0p167","t":76,"s":[226.125,300,0],"e":[254.125,300,0],"to":[4.66666650772095,0,0],"ti":[-4.66666650772095,0,0]},{"i":{"x":0.833,"y":0.833},"o":{"x":0.167,"y":0.167},"n":"0p833_0p833_0p167_0p167","t":77,"s":[254.125,300,0],"e":[254.125,300,0],"to":[0,0,0],"ti":[0,0,0]},{"i":{"x":0.833,"y":0.833},"o":{"x":0.167,"y":0.167},"n":"0p833_0p833_0p167_0p167","t":78,"s":[254.125,300,0],"e":[284.125,300,0],"to":[5,0,0],"ti":[-5,0,0]},{"i":{"x":0.833,"y":0.833},"o":{"x":0.167,"y":0.167},"n":"0p833_0p833_0p167_0p167","t":79,"s":[284.125,300,0],"e":[284.125,300,0],"to":[0,0,0],"ti":[0,0,0]},{"i":{"x":0.833,"y":0.833},"o":{"x":0.167,"y":0.167},"n":"0p833_0p833_0p167_0p167","t":88,"s":[284.125,300,0],"e":[304.125,300,0],"to":[3.33333325386047,0,0],"ti":[-3.33333325386047,0,0]},{"i":{"x":0.833,"y":0.833},"o":{"x":0.167,"y":0.167},"n":"0p833_0p833_0p167_0p167","t":89,"s":[304.125,300,0],"e":[304.125,300,0],"to":[0,0,0],"ti":[0,0,0]},{"i":{"x":0.833,"y":0.833},"o":{"x":0.167,"y":0.167},"n":"0p833_0p833_0p167_0p167","t":90,"s":[304.125,300,0],"e":[334.125,300,0],"to":[5,0,0],"ti":[-5,0,0]},{"i":{"x":0.833,"y":0.833},"o":{"x":0.167,"y":0.167},"n":"0p833_0p833_0p167_0p167","t":91,"s":[334.125,300,0],"e":[334.125,300,0],"to":[0,0,0],"ti":[0,0,0]},{"i":{"x":0.833,"y":0.833},"o":{"x":0.167,"y":0.167},"n":"0p833_0p833_0p167_0p167","t":92,"s":[334.125,300,0],"e":[368.125,300,0],"to":[5.66666650772095,0,0],"ti":[-5.66666650772095,0,0]},{"i":{"x":0.833,"y":0.833},"o":{"x":0.167,"y":0.167},"n":"0p833_0p833_0p167_0p167","t":93,"s":[368.125,300,0],"e":[368.125,300,0],"to":[0,0,0],"ti":[0,0,0]},{"i":{"x":0,"y":1},"o":{"x":0.167,"y":0.167},"n":"0_1_0p167_0p167","t":156,"s":[368.125,300,0],"e":[400,300,0],"to":[5.3125,0,0],"ti":[-5.3125,0,0]},{"t":166.000006761319}]},"a":{"a":0,"k":[0,0,0]},"s":{"a":0,"k":[100,100,100]}},"ao":0,"shapes":[{"ty":"gr","it":[{"ind":0,"ty":"sh","ix":1,"ks":{"a":1,"k":[{"i":{"x":0.833,"y":0.833},"o":{"x":0.167,"y":0.167},"n":"0p833_0p833_0p167_0p167","t":0,"s":[{"i":[[0,0],[0,0],[0,27.5],[0,0],[-27.5,0],[0,0],[0,0],[0,0]],"o":[[0,0],[-27.5,0],[0,0],[0,-27.5],[0,0],[0,0],[0,0],[0,0]],"v":[[175.25,50],[-125.25,50],[-175.25,0],[-175.25,0],[-125.25,-50],[175,-50],[174.75,0],[174.75,0]],"c":true}],"e":[{"i":[[0,0],[0,0],[0,27.5],[0,0],[-27.5,0],[0,0],[0,0],[0,0]],"o":[[0,0],[-27.5,0],[0,0],[0,-27.5],[0,0],[0,0],[0,0],[0,0]],"v":[[175.25,50],[-125.25,50],[-175.25,0],[-175.25,0],[-125.25,-50],[175,-50],[174.75,0],[174.75,0]],"c":true}]},{"i":{"x":0,"y":1},"o":{"x":0.167,"y":0.167},"n":"0_1_0p167_0p167","t":166,"s":[{"i":[[0,0],[0,0],[0,27.5],[0,0],[-27.5,0],[0,0],[0,0],[0,0]],"o":[[0,0],[-27.5,0],[0,0],[0,-27.5],[0,0],[0,0],[0,0],[0,0]],"v":[[175.25,50],[-125.25,50],[-175.25,0],[-175.25,0],[-125.25,-50],[175,-50],[174.75,0],[174.75,0]],"c":true}],"e":[{"i":[[27.5,0],[0,0],[0,27.5],[0,0],[-27.5,0],[0,0],[0,-27.5],[0,0]],"o":[[0,0],[-27.5,0],[0,0],[0,-27.5],[0,0],[27.5,0],[0,0],[0,27.5]],"v":[[125,50],[-125,50],[-175,0],[-175,0],[-125,-50],[125,-50],[175,0],[175,0]],"c":true}]},{"t":171.000006964973}]},"nm":"Path 1","mn":"ADBE Vector Shape - Group"},{"ty":"tm","s":{"a":1,"k":[{"i":{"x":[0],"y":[1]},"o":{"x":[0.167],"y":[0.167]},"n":["0_1_0p167_0p167"],"t":166,"s":[90],"e":[0]},{"t":196.000007983244}],"ix":1},"e":{"a":1,"k":[{"i":{"x":[0],"y":[1]},"o":{"x":[0.167],"y":[0.167]},"n":["0_1_0p167_0p167"],"t":166,"s":[98],"e":[100]},{"t":196.000007983244}],"ix":2},"o":{"a":1,"k":[{"i":{"x":[0],"y":[1]},"o":{"x":[0.167],"y":[0.167]},"n":["0_1_0p167_0p167"],"t":166,"s":[0],"e":[144]},{"t":197.000008023974}],"ix":3},"m":1,"ix":2,"nm":"Trim Paths 1","mn":"ADBE Vector Filter - Trim"},{"ty":"st","c":{"a":0,"k":[0.1058824,0.1058824,0.1058824,1]},"o":{"a":0,"k":100},"w":{"a":1,"k":[{"i":{"x":[0.833],"y":[0.833]},"o":{"x":[0.167],"y":[0.167]},"n":["0p833_0p833_0p167_0p167"],"t":0,"s":[6],"e":[6]},{"i":{"x":[0],"y":[1]},"o":{"x":[0.167],"y":[0.167]},"n":["0_1_0p167_0p167"],"t":166,"s":[6],"e":[10]},{"t":176.000007168627}]},"lc":1,"lj":1,"ml":4,"nm":"Stroke 1","mn":"ADBE Vector Graphic - Stroke"},{"ty":"tr","p":{"a":0,"k":[0,0],"ix":2},"a":{"a":0,"k":[0,0],"ix":1},"s":{"a":0,"k":[100,100],"ix":3},"r":{"a":0,"k":0,"ix":6},"o":{"a":0,"k":100,"ix":7},"sk":{"a":0,"k":0,"ix":4},"sa":{"a":0,"k":0,"ix":5},"nm":"Transform"}],"nm":"Shape 1","np":4,"cix":2,"ix":1,"mn":"ADBE Vector Group"}],"ip":0,"op":450.000018328876,"st":0,"bm":0,"sr":1}]},{"id":"comp_1","layers":[{"ddd":0,"ind":1,"ty":4,"nm":"Shape Layer 4","ks":{"o":{"a":0,"k":100},"r":{"a":0,"k":90},"p":{"a":0,"k":[283,300,0]},"a":{"a":0,"k":[0,0,0]},"s":{"a":0,"k":[100,100,100]}},"ao":0,"shapes":[{"ty":"gr","it":[{"ind":0,"ty":"sh","ix":1,"ks":{"a":0,"k":{"i":[[0,0],[0,0]],"o":[[0,0],[0,0]],"v":[[-23,0],[23,0]],"c":false}},"nm":"Path 1","mn":"ADBE Vector Shape - Group"},{"ty":"st","c":{"a":0,"k":[0.7843137,0.7803922,0.7803922,1]},"o":{"a":0,"k":100},"w":{"a":0,"k":8},"lc":1,"lj":1,"ml":4,"nm":"Stroke 1","mn":"ADBE Vector Graphic - Stroke"},{"ty":"tr","p":{"a":0,"k":[0,0],"ix":2},"a":{"a":0,"k":[0,0],"ix":1},"s":{"a":0,"k":[100,100],"ix":3},"r":{"a":0,"k":0,"ix":6},"o":{"a":0,"k":100,"ix":7},"sk":{"a":0,"k":0,"ix":4},"sa":{"a":0,"k":0,"ix":5},"nm":"Transform"}],"nm":"Shape 1","np":3,"cix":2,"ix":1,"mn":"ADBE Vector Group"}],"ip":0,"op":450.000018328876,"st":0,"bm":0,"sr":1},{"ddd":0,"ind":2,"ty":4,"nm":"Shape Layer 3","ks":{"o":{"a":0,"k":100},"r":{"a":0,"k":90},"p":{"a":0,"k":[303,300,0]},"a":{"a":0,"k":[0,0,0]},"s":{"a":0,"k":[100,100,100]}},"ao":0,"shapes":[{"ty":"gr","it":[{"ind":0,"ty":"sh","ix":1,"ks":{"a":0,"k":{"i":[[0,0],[0,0]],"o":[[0,0],[0,0]],"v":[[-23,0],[23,0]],"c":false}},"nm":"Path 1","mn":"ADBE Vector Shape - Group"},{"ty":"st","c":{"a":0,"k":[0.7843137,0.7803922,0.7803922,1]},"o":{"a":0,"k":100},"w":{"a":0,"k":8},"lc":1,"lj":1,"ml":4,"nm":"Stroke 1","mn":"ADBE Vector Graphic - Stroke"},{"ty":"tr","p":{"a":0,"k":[0,0],"ix":2},"a":{"a":0,"k":[0,0],"ix":1},"s":{"a":0,"k":[100,100],"ix":3},"r":{"a":0,"k":0,"ix":6},"o":{"a":0,"k":100,"ix":7},"sk":{"a":0,"k":0,"ix":4},"sa":{"a":0,"k":0,"ix":5},"nm":"Transform"}],"nm":"Shape 1","np":3,"cix":2,"ix":1,"mn":"ADBE Vector Group"}],"ip":0,"op":450.000018328876,"st":0,"bm":0,"sr":1},{"ddd":0,"ind":3,"ty":4,"nm":"Shape Layer 2","ks":{"o":{"a":0,"k":100},"r":{"a":0,"k":0},"p":{"a":0,"k":[293,310,0]},"a":{"a":0,"k":[0,0,0]},"s":{"a":0,"k":[100,100,100]}},"ao":0,"shapes":[{"ty":"gr","it":[{"ind":0,"ty":"sh","ix":1,"ks":{"a":0,"k":{"i":[[0,0],[0,0]],"o":[[0,0],[0,0]],"v":[[-23,0],[23,0]],"c":false}},"nm":"Path 1","mn":"ADBE Vector Shape - Group"},{"ty":"st","c":{"a":0,"k":[0.7843137,0.7803922,0.7803922,1]},"o":{"a":0,"k":100},"w":{"a":0,"k":8},"lc":1,"lj":1,"ml":4,"nm":"Stroke 1","mn":"ADBE Vector Graphic - Stroke"},{"ty":"tr","p":{"a":0,"k":[0,0],"ix":2},"a":{"a":0,"k":[0,0],"ix":1},"s":{"a":0,"k":[100,100],"ix":3},"r":{"a":0,"k":0,"ix":6},"o":{"a":0,"k":100,"ix":7},"sk":{"a":0,"k":0,"ix":4},"sa":{"a":0,"k":0,"ix":5},"nm":"Transform"}],"nm":"Shape 1","np":3,"cix":2,"ix":1,"mn":"ADBE Vector Group"}],"ip":0,"op":450.000018328876,"st":0,"bm":0,"sr":1},{"ddd":0,"ind":4,"ty":4,"nm":"Shape Layer 1","ks":{"o":{"a":0,"k":100},"r":{"a":0,"k":0},"p":{"a":0,"k":[293,290,0]},"a":{"a":0,"k":[0,0,0]},"s":{"a":0,"k":[100,100,100]}},"ao":0,"shapes":[{"ty":"gr","it":[{"ind":0,"ty":"sh","ix":1,"ks":{"a":0,"k":{"i":[[0,0],[0,0]],"o":[[0,0],[0,0]],"v":[[-23,0],[23,0]],"c":false}},"nm":"Path 1","mn":"ADBE Vector Shape - Group"},{"ty":"st","c":{"a":0,"k":[0.7843137,0.7803922,0.7803922,1]},"o":{"a":0,"k":100},"w":{"a":0,"k":8},"lc":1,"lj":1,"ml":4,"nm":"Stroke 1","mn":"ADBE Vector Graphic - Stroke"},{"ty":"tr","p":{"a":0,"k":[0,0],"ix":2},"a":{"a":0,"k":[0,0],"ix":1},"s":{"a":0,"k":[100,100],"ix":3},"r":{"a":0,"k":0,"ix":6},"o":{"a":0,"k":100,"ix":7},"sk":{"a":0,"k":0,"ix":4},"sa":{"a":0,"k":0,"ix":5},"nm":"Transform"}],"nm":"Shape 1","np":3,"cix":2,"ix":1,"mn":"ADBE Vector Group"}],"ip":0,"op":450.000018328876,"st":0,"bm":0,"sr":1}]}],"fonts":{"list":[{"fName":"Gotham-Bold","fFamily":"Gotham","fStyle":"Bold","ascent":52.9995727539062}]},"layers":[{"ddd":0,"ind":1,"ty":0,"nm":"Tag Type and Reveal","refId":"comp_0","ks":{"o":{"a":1,"k":[{"i":{"x":[0],"y":[1]},"o":{"x":[0.167],"y":[0.167]},"n":["0_1_0p167_0p167"],"t":255,"s":[100],"e":[0]},{"t":270.000010997325}]},"r":{"a":0,"k":0},"p":{"a":1,"k":[{"i":{"x":0,"y":1},"o":{"x":0.167,"y":0.167},"n":"0_1_0p167_0p167","t":255,"s":[400,300,0],"e":[400,200,0],"to":[0,-16.6666660308838,0],"ti":[0,16.6666660308838,0]},{"t":270.000010997325}]},"a":{"a":0,"k":[400,300,0]},"s":{"a":0,"k":[100,100,100]}},"ao":0,"w":800,"h":600,"ip":0,"op":450.000018328876,"st":0,"bm":0,"sr":1},{"ddd":0,"ind":2,"ty":0,"nm":"grey hashtag","refId":"comp_1","ks":{"o":{"a":0,"k":100},"r":{"a":0,"k":0},"p":{"a":0,"k":[400,300,0]},"a":{"a":0,"k":[400,300,0]},"s":{"a":0,"k":[100,100,100]}},"ao":0,"w":800,"h":600,"ip":0,"op":450.000018328876,"st":0,"bm":0,"sr":1},{"ddd":0,"ind":4,"ty":5,"nm":"example","ks":{"o":{"a":1,"k":[{"i":{"x":[0.833],"y":[0.833]},"o":{"x":[0.167],"y":[0.167]},"n":["0p833_0p833_0p167_0p167"],"t":63,"s":[25],"e":[0]},{"i":{"x":[0.833],"y":[0.833]},"o":{"x":[0.167],"y":[0.167]},"n":["0p833_0p833_0p167_0p167"],"t":68,"s":[0],"e":[0]},{"i":{"x":[0],"y":[1]},"o":{"x":[0.167],"y":[0.167]},"n":["0_1_0p167_0p167"],"t":275,"s":[0],"e":[25]},{"t":285.000011608288}]},"r":{"a":0,"k":0},"p":{"a":0,"k":[338,337,0]},"a":{"a":0,"k":[0,0,0]},"s":{"a":0,"k":[100,100,100]}},"ao":0,"t":{"d":{"k":[{"s":{"s":50,"f":"Gotham-Bold","t":"example","j":0,"tr":0,"lh":60,"ls":20,"fc":[0.11,0.11,0.11]},"t":0},{"s":{"s":50,"f":"Gotham-Bold","t":"","j":0,"tr":0,"lh":60,"ls":20,"fc":[0.11,0.11,0.11]},"t":221.000009001515},{"s":{"s":50,"f":"Gotham-Bold","t":"e","j":0,"tr":0,"lh":60,"ls":20,"fc":[0.11,0.11,0.11]},"t":285.000011608288},{"s":{"s":50,"f":"Gotham-Bold","t":"ex","j":0,"tr":0,"lh":60,"ls":20,"fc":[0.11,0.11,0.11]},"t":288.00001173048},{"s":{"s":50,"f":"Gotham-Bold","t":"exa","j":0,"tr":0,"lh":60,"ls":20,"fc":[0.11,0.11,0.11]},"t":290.000011811942},{"s":{"s":50,"f":"Gotham-Bold","t":"exam","j":0,"tr":0,"lh":60,"ls":20,"fc":[0.11,0.11,0.11]},"t":294.000011974866},{"s":{"s":50,"f":"Gotham-Bold","t":"examp","j":0,"tr":0,"lh":60,"ls":20,"fc":[0.11,0.11,0.11]},"t":297.000012097058},{"s":{"s":50,"f":"Gotham-Bold","t":"exampl","j":0,"tr":0,"lh":60,"ls":20,"fc":[0.11,0.11,0.11]},"t":299.00001217852},{"s":{"s":50,"f":"Gotham-Bold","t":"example","j":0,"tr":0,"lh":60,"ls":20,"fc":[0.11,0.11,0.11]},"t":302.000012300712}]},"p":{},"m":{"g":1,"a":{"a":0,"k":[0,0]}},"a":[]},"ip":0,"op":450.000018328876,"st":0,"bm":0,"sr":1}],"chars":[{"ch":"h","size":50,"style":"Bold","w":62.3,"data":{"shapes":[{"ty":"gr","it":[{"ind":0,"ty":"sh","ix":1,"ks":{"a":0,"k":{"i":[[6.848,0],[22.156,0],[22.156,-30.112],[25.882,-41.089],[40.988,-37.363],[40.988,0],[56.296,0],[56.296,-34.946],[49.548,-54.987],[25.681,-50.858],[22.156,-73.517],[6.848,-73.517]],"o":[[6.848,0],[22.156,0],[22.156,-37.363],[37.564,-41.089],[40.988,-30.112],[40.988,0],[56.296,0],[56.296,-47.333],[30.212,-54.987],[22.156,-46.326],[22.156,-73.517],[6.848,-73.517]],"v":[[6.848,0],[22.156,0],[22.156,-30.112],[31.723,-41.089],[40.988,-30.112],[40.988,0],[56.296,0],[56.296,-34.946],[37.967,-54.987],[22.156,-46.326],[22.156,-73.517],[6.848,-73.517]],"c":true}},"nm":"h","mn":"ADBE Vector Shape - Group"}],"nm":"h","np":3,"cix":2,"ix":1,"mn":"ADBE Vector Group"},{"ty":"gr","it":[{"ind":0,"ty":"sh","ix":1,"ks":{"a":0,"k":{"i":[[0,0],[0,0],[0,0],[-5.841,0],[0,-7.251],[0,0],[0,0],[0,0],[11.581,0],[3.525,-4.532],[0,0],[0,0]],"o":[[0,0],[0,0],[0,-7.251],[5.841,0],[0,0],[0,0],[0,0],[0,-12.387],[-7.755,0],[0,0],[0,0],[0,0]],"v":[[69.147,0],[84.454,0],[84.454,-30.112],[94.022,-41.089],[103.287,-30.112],[103.287,0],[118.594,0],[118.594,-34.946],[100.266,-54.987],[84.454,-46.326],[84.454,-73.517],[69.147,-73.517]],"c":true}},"nm":"h","mn":"ADBE Vector Shape - Group"}],"nm":"h","np":3,"cix":2,"ix":2,"mn":"ADBE Vector Group"}]},"fFamily":"Gotham"},{"ch":"a","size":50,"style":"Bold","w":59.2,"data":{"shapes":[{"ty":"gr","it":[{"ind":0,"ty":"sh","ix":1,"ks":{"a":0,"k":{"i":[[11.984,1.007],[34.744,-1.712],[38.47,0],[53.275,0],[53.275,-31.32],[51.461,-44.513],[37.564,-54.584],[14.2,-52.871],[12.085,-38.571],[21.149,-41.492],[38.571,-37.967],[38.571,-30.716],[30.816,-32.932],[3.625,-27.493],[3.625,-15.509]],"o":[[29.608,1.007],[38.47,-5.841],[38.47,0],[53.275,0],[53.275,-38.571],[43.606,-52.368],[20.041,-54.584],[8.258,-50.253],[17.02,-40.384],[34.644,-41.492],[38.571,-31.622],[34.744,-32.025],[12.588,-32.932],[3.625,-15.71],[3.625,-4.834]],"v":[[22.156,1.007],[38.47,-5.841],[38.47,0],[53.275,0],[53.275,-31.32],[47.433,-48.541],[29.205,-54.584],[8.258,-50.253],[12.085,-38.571],[26.99,-41.492],[38.571,-31.622],[38.571,-30.716],[25.378,-32.932],[3.625,-15.71],[3.625,-15.509]],"c":true}},"nm":"a","mn":"ADBE Vector Shape - Group"},{"ind":1,"ty":"sh","ix":2,"ks":{"a":0,"k":{"i":[[33.938,-9.567],[18.43,-11.984],[18.43,-16.315],[22.458,-23.767],[36.155,-22.961],[38.773,-19.034]],"o":[[21.853,-9.567],[18.43,-16.113],[18.43,-21.149],[32.73,-23.767],[38.773,-21.753],[38.773,-13.495]],"v":[[26.788,-9.567],[18.43,-16.113],[18.43,-16.315],[29.004,-23.767],[38.773,-21.753],[38.773,-19.034]],"c":true}},"nm":"a","mn":"ADBE Vector Shape - Group"}],"nm":"a","np":5,"cix":2,"ix":1,"mn":"ADBE Vector Group"},{"ty":"gr","it":[{"ind":0,"ty":"sh","ix":1,"ks":{"a":0,"k":{"i":[[-10.172,0],[-3.726,4.129],[0,0],[0,0],[0,0],[4.028,4.028],[8.359,0],[5.942,-2.618],[0,0],[-5.841,0],[0,-6.345],[0,0],[5.438,0],[0,-11.783],[0,0]],"o":[[7.452,0],[0,0],[0,0],[0,0],[0,-7.251],[-3.827,-3.827],[-9.164,0],[0,0],[4.935,-1.813],[7.654,0],[0,0],[-3.827,-1.309],[-12.79,0],[0,0],[0,10.675]],"v":[[81.355,1.007],[97.67,-5.841],[97.67,0],[112.474,0],[112.474,-31.32],[106.633,-48.541],[88.405,-54.584],[67.458,-50.253],[71.284,-38.571],[86.189,-41.492],[97.771,-31.622],[97.771,-30.716],[84.578,-32.932],[62.825,-15.71],[62.825,-15.509]],"c":true}},"nm":"a","mn":"ADBE Vector Shape - Group"},{"ind":1,"ty":"sh","ix":2,"ks":{"a":0,"k":{"i":[[7.15,0],[0,4.129],[0,0],[-6.546,0],[-2.618,-1.208],[0,0]],"o":[[-4.935,0],[0,0],[0,-4.834],[3.726,0],[0,0],[0,5.539]],"v":[[85.988,-9.567],[77.629,-16.113],[77.629,-16.315],[88.203,-23.767],[97.972,-21.753],[97.972,-19.034]],"c":true}},"nm":"a","mn":"ADBE Vector Shape - Group"},{"ty":"mm","mm":1,"nm":"Merge Paths 1","mn":"ADBE Vector Filter - Merge"}],"nm":"a","np":5,"cix":2,"ix":2,"mn":"ADBE Vector Group"}]},"fFamily":"Gotham"},{"ch":"s","size":50,"style":"Bold","w":49.2,"data":{"shapes":[{"ty":"gr","it":[{"ind":0,"ty":"sh","ix":1,"ks":{"a":0,"k":{"i":[[18.228,1.007],[46.426,-4.431],[46.426,-16.617],[37.665,-30.111],[19.135,-36.054],[19.135,-39.276],[21.048,-43.002],[34.039,-41.089],[45.218,-48.541],[31.924,-54.785],[5.338,-48.642],[5.338,-37.463],[13.898,-23.465],[32.629,-18.328],[32.629,-14.804],[30.615,-10.776],[15.005,-12.991],[2.618,-7.15]],"o":[[37.463,1.007],[46.426,-16.415],[46.426,-26.486],[24.271,-34.643],[19.135,-39.075],[19.135,-41.391],[28.702,-43.002],[39.377,-37.967],[39.377,-52.469],[14.2,-54.785],[5.338,-37.665],[5.338,-26.989],[27.393,-19.436],[32.629,-15.005],[32.629,-12.387],[21.149,-10.776],[9.164,-17.221],[9.768,-1.51]],"v":[[25.781,1.007],[46.426,-16.415],[46.426,-16.617],[30.112,-32.629],[19.135,-39.075],[19.135,-39.276],[24.774,-43.002],[39.377,-37.967],[45.218,-48.541],[25.076,-54.785],[5.338,-37.665],[5.338,-37.463],[21.451,-21.249],[32.629,-15.005],[32.629,-14.804],[26.184,-10.776],[9.164,-17.221],[2.618,-7.15]],"c":true}},"nm":"s","mn":"ADBE Vector Shape - Group"}],"nm":"s","np":3,"cix":2,"ix":1,"mn":"ADBE Vector Group"},{"ty":"gr","it":[{"ind":0,"ty":"sh","ix":1,"ks":{"a":0,"k":{"i":[[-7.553,0],[0,11.984],[0,0],[7.553,2.518],[0,3.021],[0,0],[-3.726,0],[-5.338,-3.122],[0,0],[6.848,0],[0,-10.977],[0,0],[-7.553,-2.216],[0,-3.323],[0,0],[4.431,0],[5.841,4.23],[0,0]],"o":[[11.682,0],[0,0],[0,-9.869],[-5.841,-2.014],[0,0],[0,-2.115],[3.928,0],[0,0],[-5.841,-3.928],[-10.876,0],[0,0],[0,10.474],[5.942,1.813],[0,0],[0,2.417],[-5.035,0],[0,0],[7.15,5.64]],"v":[[74.982,1.007],[95.627,-16.415],[95.627,-16.617],[79.312,-32.629],[68.335,-39.075],[68.335,-39.276],[73.975,-43.002],[88.577,-37.967],[94.418,-48.541],[74.277,-54.785],[54.538,-37.665],[54.538,-37.463],[70.651,-21.249],[81.83,-15.005],[81.83,-14.804],[75.385,-10.776],[58.365,-17.221],[51.819,-7.15]],"c":true}},"nm":"s","mn":"ADBE Vector Shape - Group"}],"nm":"s","np":3,"cix":2,"ix":2,"mn":"ADBE Vector Group"}]},"fFamily":"Gotham"},{"ch":"t","size":50,"style":"Bold","w":41.5,"data":{"shapes":[{"ty":"gr","it":[{"ind":0,"ty":"sh","ix":1,"ks":{"a":0,"k":{"i":[[15.71,0.906],[33.938,-0.303],[37.161,-14.502],[32.428,-12.589],[24.673,-14.3],[24.673,-40.887],[37.363,-40.887],[37.363,-53.979],[24.673,-53.979],[24.673,-67.776],[9.366,-67.776],[9.366,-53.979],[2.921,-53.979],[2.921,-40.887],[9.366,-40.887],[9.366,-15.308]],"o":[[30.212,0.906],[37.161,-2.216],[34.945,-13.294],[26.184,-12.589],[24.673,-17.825],[24.673,-40.887],[37.363,-40.887],[37.363,-53.979],[24.673,-53.979],[24.673,-67.776],[9.366,-67.776],[9.366,-53.979],[2.921,-53.979],[2.921,-40.887],[9.366,-40.887],[9.366,-2.82]],"v":[[25.076,0.906],[37.161,-2.216],[37.161,-14.502],[29.608,-12.589],[24.673,-17.825],[24.673,-40.887],[37.363,-40.887],[37.363,-53.979],[24.673,-53.979],[24.673,-67.776],[9.366,-67.776],[9.366,-53.979],[2.921,-53.979],[2.921,-40.887],[9.366,-40.887],[9.366,-15.308]],"c":true}},"nm":"t","mn":"ADBE Vector Shape - Group"}],"nm":"t","np":3,"cix":2,"ix":1,"mn":"ADBE Vector Group"},{"ty":"gr","it":[{"ind":0,"ty":"sh","ix":1,"ks":{"a":0,"k":{"i":[[-9.366,0],[-3.223,1.913],[0,0],[2.82,0],[0,3.525],[0,0],[0,0],[0,0],[0,0],[0,0],[0,0],[0,0],[0,0],[0,0],[0,0],[0,0]],"o":[[5.136,0],[0,0],[-2.216,1.208],[-3.424,0],[0,0],[0,0],[0,0],[0,0],[0,0],[0,0],[0,0],[0,0],[0,0],[0,0],[0,0],[0,12.488]],"v":[[66.576,0.906],[78.661,-2.216],[78.661,-14.502],[71.107,-12.589],[66.173,-17.825],[66.173,-40.887],[78.862,-40.887],[78.862,-53.979],[66.173,-53.979],[66.173,-67.776],[50.865,-67.776],[50.865,-53.979],[44.42,-53.979],[44.42,-40.887],[50.865,-40.887],[50.865,-15.308]],"c":true}},"nm":"t","mn":"ADBE Vector Shape - Group"}],"nm":"t","np":3,"cix":2,"ix":2,"mn":"ADBE Vector Group"}]},"fFamily":"Gotham"},{"ch":"g","size":50,"style":"Bold","w":67.5,"data":{"shapes":[{"ty":"gr","it":[{"ind":0,"ty":"sh","ix":1,"ks":{"a":0,"k":{"i":[[22.256,16.315],[49.247,14.099],[61.13,-2.518],[61.13,-53.979],[45.822,-53.979],[45.822,-46.93],[36.759,-54.987],[4.431,-45.923],[4.431,-29.608],[15.811,-4.431],[41.492,-7.755],[46.024,-10.574],[41.089,4.129],[17.926,2.316],[7.15,10.675]],"o":[[41.492,16.315],[58.814,4.532],[61.13,-12.186],[61.13,-53.979],[45.822,-53.979],[41.693,-51.462],[16.013,-54.987],[4.431,-29.81],[4.431,-13.595],[36.557,-4.431],[46.024,-13.193],[46.024,-0.906],[23.465,4.129],[12.387,-0.806],[13.998,14.3]],"v":[[31.018,16.315],[54.282,9.064],[61.13,-12.186],[61.13,-53.979],[45.822,-53.979],[45.822,-46.93],[28.4,-54.987],[4.431,-29.81],[4.431,-29.608],[28.4,-4.431],[46.024,-13.193],[46.024,-10.574],[30.615,4.129],[12.387,-0.806],[7.15,10.675]],"c":true}},"nm":"g","mn":"ADBE Vector Shape - Group"},{"ind":1,"ty":"sh","ix":2,"ks":{"a":0,"k":{"i":[[40.283,-17.12],[19.739,-22.156],[19.739,-29.81],[25.379,-42.297],[46.024,-37.162],[46.024,-29.608]],"o":[[25.379,-17.12],[19.739,-29.608],[19.739,-37.162],[40.283,-42.297],[46.024,-29.81],[46.024,-22.256]],"v":[[32.831,-17.12],[19.739,-29.608],[19.739,-29.81],[32.831,-42.297],[46.024,-29.81],[46.024,-29.608]],"c":true}},"nm":"g","mn":"ADBE Vector Shape - Group"}],"nm":"g","np":5,"cix":2,"ix":1,"mn":"ADBE Vector Group"},{"ty":"gr","it":[{"ind":0,"ty":"sh","ix":1,"ks":{"a":0,"k":{"i":[[-8.762,0],[-5.035,5.035],[0,9.668],[0,0],[0,0],[0,0],[8.359,0],[0,-16.113],[0,0],[-12.589,0],[-4.532,5.438],[0,0],[10.474,0],[5.539,3.122],[0,0]],"o":[[10.474,0],[4.532,-4.532],[0,0],[0,0],[0,0],[-4.129,-4.532],[-12.387,0],[0,0],[0,16.013],[8.157,0],[0,0],[0,9.668],[-7.15,0],[0,0],[6.848,3.625]],"v":[[98.517,16.315],[121.78,9.064],[128.629,-12.186],[128.629,-53.979],[113.321,-53.979],[113.321,-46.93],[95.898,-54.987],[71.93,-29.81],[71.93,-29.608],[95.898,-4.431],[113.522,-13.193],[113.522,-10.574],[98.114,4.129],[79.886,-0.806],[74.649,10.675]],"c":true}},"nm":"g","mn":"ADBE Vector Shape - Group"},{"ind":1,"ty":"sh","ix":2,"ks":{"a":0,"k":{"i":[[7.452,0],[0,7.452],[0,0],[-7.452,0],[0,-7.352],[0,0]],"o":[[-7.452,0],[0,0],[0,-7.352],[7.452,0],[0,0],[0,7.352]],"v":[[100.33,-17.12],[87.238,-29.608],[87.238,-29.81],[100.33,-42.297],[113.522,-29.81],[113.522,-29.608]],"c":true}},"nm":"g","mn":"ADBE Vector Shape - Group"},{"ty":"mm","mm":1,"nm":"Merge Paths 1","mn":"ADBE Vector Filter - Merge"}],"nm":"g","np":5,"cix":2,"ix":2,"mn":"ADBE Vector Group"}]},"fFamily":"Gotham"},{"ch":"e","size":50,"style":"Bold","w":61.3,"data":{"shapes":[{"ty":"gr","it":[{"ind":0,"ty":"sh","ix":1,"ks":{"a":0,"k":{"i":[[16.214,1.208],[49.448,-2.618],[45.721,-16.617],[37.765,-11.078],[20.948,-14.703],[57.001,-21.652],[57.202,-24.473],[48.944,-54.987],[4.23,-42.297],[4.23,-26.688]],"o":[[42.197,1.208],[54.483,-8.862],[41.491,-12.689],[25.781,-11.078],[19.437,-21.652],[57.102,-23.062],[57.202,-40.989],[15.207,-54.987],[4.23,-26.889],[4.23,-10.172]],"v":[[32.428,1.208],[54.483,-8.862],[45.721,-16.617],[32.629,-11.078],[19.437,-21.652],[57.001,-21.652],[57.202,-25.681],[30.917,-54.987],[4.23,-26.889],[4.23,-26.688]],"c":true}},"nm":"e","mn":"ADBE Vector Shape - Group"},{"ind":1,"ty":"sh","ix":2,"ks":{"a":0,"k":{"i":[[19.235,-31.219],[24.572,-42.7],[41.391,-38.067]],"o":[[20.443,-38.168],[37.362,-42.7],[42.297,-31.219]],"v":[[19.235,-31.219],[30.917,-42.7],[42.297,-31.219]],"c":true}},"nm":"e","mn":"ADBE Vector Shape - Group"}],"nm":"e","np":5,"cix":2,"ix":1,"mn":"ADBE Vector Group"},{"ty":"gr","it":[{"ind":0,"ty":"sh","ix":1,"ks":{"a":0,"k":{"i":[[-16.214,0],[-5.035,6.244],[0,0],[5.136,0],[1.511,6.949],[0,0],[0,1.208],[18.027,0],[0,-15.408],[0,0]],"o":[[9.769,0],[0,0],[-4.23,3.928],[-6.848,0],[0,0],[0.101,-1.41],[0,-15.308],[-15.71,0],[0,0],[0,16.516]],"v":[[93.727,1.208],[115.782,-8.862],[107.021,-16.617],[93.929,-11.078],[80.736,-21.652],[118.3,-21.652],[118.501,-25.681],[92.216,-54.987],[65.529,-26.889],[65.529,-26.688]],"c":true}},"nm":"e","mn":"ADBE Vector Shape - Group"},{"ind":1,"ty":"sh","ix":2,"ks":{"a":0,"k":{"i":[[0,0],[-6.345,0],[-0.906,-6.848]],"o":[[1.208,-6.949],[6.445,0],[0,0]],"v":[[80.534,-31.219],[92.216,-42.7],[103.596,-31.219]],"c":true}},"nm":"e","mn":"ADBE Vector Shape - Group"},{"ty":"mm","mm":1,"nm":"Merge Paths 1","mn":"ADBE Vector Filter - Merge"}],"nm":"e","np":5,"cix":2,"ix":2,"mn":"ADBE Vector Group"}]},"fFamily":"Gotham"},{"ch":"x","size":50,"style":"Bold","w":58.4,"data":{"shapes":[{"ty":"gr","it":[{"ind":0,"ty":"sh","ix":1,"ks":{"a":0,"k":{"i":[[19.437,-53.979],[3.021,-53.979],[21.249,-27.393],[2.316,0],[18.329,0],[29.205,-16.818],[40.082,0],[56.497,0],[37.463,-27.594],[55.692,-53.979],[39.679,-53.979],[29.507,-38.168]],"o":[[19.437,-53.979],[3.021,-53.979],[21.249,-27.393],[2.316,0],[18.329,0],[29.205,-16.818],[40.082,0],[56.497,0],[37.463,-27.594],[55.692,-53.979],[39.679,-53.979],[29.507,-38.168]],"v":[[19.437,-53.979],[3.021,-53.979],[21.249,-27.393],[2.316,0],[18.329,0],[29.205,-16.818],[40.082,0],[56.497,0],[37.463,-27.594],[55.692,-53.979],[39.679,-53.979],[29.507,-38.168]],"c":true}},"nm":"x","mn":"ADBE Vector Shape - Group"}],"nm":"x","np":3,"cix":2,"ix":1,"mn":"ADBE Vector Group"},{"ty":"gr","it":[{"ind":0,"ty":"sh","ix":1,"ks":{"a":0,"k":{"i":[[0,0],[0,0],[0,0],[0,0],[0,0],[0,0],[0,0],[0,0],[0,0],[0,0],[0,0],[0,0]],"o":[[0,0],[0,0],[0,0],[0,0],[0,0],[0,0],[0,0],[0,0],[0,0],[0,0],[0,0],[0,0]],"v":[[77.837,-53.979],[61.421,-53.979],[79.649,-27.393],[60.716,0],[76.729,0],[87.605,-16.818],[98.482,0],[114.897,0],[95.863,-27.594],[114.091,-53.979],[98.079,-53.979],[87.907,-38.168]],"c":true}},"nm":"x","mn":"ADBE Vector Shape - Group"}],"nm":"x","np":3,"cix":2,"ix":2,"mn":"ADBE Vector Group"}]},"fFamily":"Gotham"},{"ch":"m","size":50,"style":"Bold","w":95,"data":{"shapes":[{"ty":"gr","it":[{"ind":0,"ty":"sh","ix":1,"ks":{"a":0,"k":{"i":[[6.848,0],[22.156,0],[22.156,-30.112],[25.681,-41.089],[40.384,-37.363],[40.384,0],[55.692,0],[55.692,-30.112],[59.217,-41.089],[73.92,-37.363],[73.92,0],[89.227,0],[89.227,-35.147],[82.379,-54.987],[58.008,-51.965],[45.118,-54.987],[25.681,-50.858],[22.156,-53.979],[6.848,-53.979]],"o":[[6.848,0],[22.156,0],[22.156,-37.363],[37.161,-41.089],[40.384,-30.112],[40.384,0],[55.692,0],[55.692,-37.363],[70.697,-41.089],[73.92,-30.112],[73.92,0],[89.227,0],[89.227,-48.138],[63.647,-54.987],[50.455,-51.864],[30.313,-54.987],[22.156,-46.326],[22.156,-53.979],[6.848,-53.979]],"v":[[6.848,0],[22.156,0],[22.156,-30.112],[31.421,-41.089],[40.384,-30.112],[40.384,0],[55.692,0],[55.692,-30.112],[64.957,-41.089],[73.92,-30.112],[73.92,0],[89.227,0],[89.227,-35.147],[70.999,-54.987],[53.275,-46.426],[38.068,-54.987],[22.156,-46.326],[22.156,-53.979],[6.848,-53.979]],"c":true}},"nm":"m","mn":"ADBE Vector Shape - Group"}],"nm":"m","np":3,"cix":2,"ix":1,"mn":"ADBE Vector Group"},{"ty":"gr","it":[{"ind":0,"ty":"sh","ix":1,"ks":{"a":0,"k":{"i":[[0,0],[0,0],[0,0],[-5.74,0],[0,-7.251],[0,0],[0,0],[0,0],[-5.74,0],[0,-7.251],[0,0],[0,0],[0,0],[11.38,0],[4.733,-5.539],[7.05,0],[3.525,-4.532],[0,0],[0,0]],"o":[[0,0],[0,0],[0,-7.251],[5.74,0],[0,0],[0,0],[0,0],[0,-7.251],[5.74,0],[0,0],[0,0],[0,0],[0,-12.991],[-7.352,0],[-2.82,-5.438],[-7.755,0],[0,0],[0,0],[0,0]],"v":[[101.848,0],[117.155,0],[117.155,-30.112],[126.421,-41.089],[135.384,-30.112],[135.384,0],[150.691,0],[150.691,-30.112],[159.956,-41.089],[168.919,-30.112],[168.919,0],[184.227,0],[184.227,-35.147],[165.999,-54.987],[148.274,-46.426],[133.067,-54.987],[117.155,-46.326],[117.155,-53.979],[101.848,-53.979]],"c":true}},"nm":"m","mn":"ADBE Vector Shape - Group"}],"nm":"m","np":3,"cix":2,"ix":2,"mn":"ADBE Vector Group"}]},"fFamily":"Gotham"},{"ch":"p","size":50,"style":"Bold","w":67.5,"data":{"shapes":[{"ty":"gr","it":[{"ind":0,"ty":"sh","ix":1,"ks":{"a":0,"k":{"i":[[6.848,16.113],[22.156,16.113],[22.156,-7.05],[30.817,1.007],[63.547,-8.862],[63.547,-27.09],[51.563,-54.987],[25.882,-51.26],[22.156,-53.979],[6.848,-53.979]],"o":[[6.848,16.113],[22.156,16.113],[25.781,-2.72],[51.764,1.007],[63.547,-26.889],[63.547,-45.117],[31.018,-54.987],[22.156,-46.225],[22.156,-53.979],[6.848,-53.979]],"v":[[6.848,16.113],[22.156,16.113],[22.156,-7.05],[38.974,1.007],[63.547,-26.889],[63.547,-27.09],[38.974,-54.987],[22.156,-46.225],[22.156,-53.979],[6.848,-53.979]],"c":true}},"nm":"p","mn":"ADBE Vector Shape - Group"},{"ind":1,"ty":"sh","ix":2,"ks":{"a":0,"k":{"i":[[42.196,-11.984],[21.954,-17.926],[21.954,-27.09],[27.896,-41.995],[48.239,-36.053],[48.239,-26.889]],"o":[[27.896,-11.984],[21.954,-26.889],[21.954,-36.053],[42.196,-41.995],[48.239,-27.09],[48.239,-17.825]],"v":[[35.046,-11.984],[21.954,-26.889],[21.954,-27.09],[35.046,-41.995],[48.239,-27.09],[48.239,-26.889]],"c":true}},"nm":"p","mn":"ADBE Vector Shape - Group"}],"nm":"p","np":5,"cix":2,"ix":1,"mn":"ADBE Vector Group"},{"ty":"gr","it":[{"ind":0,"ty":"sh","ix":1,"ks":{"a":0,"k":{"i":[[0,0],[0,0],[0,0],[-8.157,0],[0,18.027],[0,0],[12.589,0],[3.726,-5.035],[0,0],[0,0]],"o":[[0,0],[0,0],[3.625,4.33],[12.79,0],[0,0],[0,-18.027],[-7.956,0],[0,0],[0,0],[0,0]],"v":[[74.347,16.113],[89.655,16.113],[89.655,-7.05],[106.473,1.007],[131.046,-26.889],[131.046,-27.09],[106.473,-54.987],[89.655,-46.225],[89.655,-53.979],[74.347,-53.979]],"c":true}},"nm":"p","mn":"ADBE Vector Shape - Group"},{"ind":1,"ty":"sh","ix":2,"ks":{"a":0,"k":{"i":[[7.15,0],[0,8.963],[0,0],[-7.15,0],[0,-8.963],[0,0]],"o":[[-7.15,0],[0,0],[0,-8.963],[7.15,0],[0,0],[0,9.064]],"v":[[102.545,-11.984],[89.453,-26.889],[89.453,-27.09],[102.545,-41.995],[115.738,-27.09],[115.738,-26.889]],"c":true}},"nm":"p","mn":"ADBE Vector Shape - Group"},{"ty":"mm","mm":1,"nm":"Merge Paths 1","mn":"ADBE Vector Filter - Merge"}],"nm":"p","np":5,"cix":2,"ix":2,"mn":"ADBE Vector Group"}]},"fFamily":"Gotham"},{"ch":"l","size":50,"style":"Bold","w":30.2,"data":{"shapes":[{"ty":"gr","it":[{"ind":0,"ty":"sh","ix":1,"ks":{"a":0,"k":{"i":[[7.553,0],[22.861,0],[22.861,-73.517],[7.553,-73.517]],"o":[[7.553,0],[22.861,0],[22.861,-73.517],[7.553,-73.517]],"v":[[7.553,0],[22.861,0],[22.861,-73.517],[7.553,-73.517]],"c":true}},"nm":"l","mn":"ADBE Vector Shape - Group"}],"nm":"l","np":3,"cix":2,"ix":1,"mn":"ADBE Vector Group"},{"ty":"gr","it":[{"ind":0,"ty":"sh","ix":1,"ks":{"a":0,"k":{"i":[[0,0],[0,0],[0,0],[0,0]],"o":[[0,0],[0,0],[0,0],[0,0]],"v":[[37.752,0],[53.059,0],[53.059,-73.517],[37.752,-73.517]],"c":true}},"nm":"l","mn":"ADBE Vector Shape - Group"}],"nm":"l","np":3,"cix":2,"ix":2,"mn":"ADBE Vector Group"}]},"fFamily":"Gotham"}]}