{"v":"5.2.1","fr":30,"ip":0,"op":20,"w":1920,"h":1080,"nm":"ball","ddd":0,"assets":[{"id":"image_0","w":470,"h":461,"u":"images/","p":"img_0.png","e":0}],"layers":[{"ddd":0,"ind":1,"ty":2,"nm":"img_0.png","cl":"png","refId":"image_0","sr":1,"ks":{"o":{"a":0,"k":100,"ix":11},"r":{"a":0,"k":0,"ix":10},"p":{"a":1,"k":[{"i":{"x":0.849,"y":1},"o":{"x":0.814,"y":0},"n":"0p849_1_0p814_0","t":0,"s":[960,360,0],"e":[960,740,0],"to":[0,63.3333320617676,0],"ti":[0,-63.3333320617676,0]},{"i":{"x":0,"y":0},"o":{"x":0,"y":0},"n":"0_0_0_0","t":9,"s":[960,740,0],"e":[960,740,0],"to":[0,0,0],"ti":[0,0,0]},{"i":{"x":0.129,"y":1},"o":{"x":0.197,"y":0},"n":"0p129_1_0p197_0","t":10,"s":[960,740,0],"e":[960,360,0],"to":[0,-63.3333320617676,0],"ti":[0,63.3333320617676,0]},{"t":20}],"ix":2},"a":{"a":0,"k":[235,230.5,0],"ix":1},"s":{"a":1,"k":[{"i":{"x":[0.879,0.879,0.667],"y":[1,1,1]},"o":{"x":[1,1,0.333],"y":[0,0,0]},"n":["0p879_1_1_0","0p879_1_1_0","0p667_1_0p333_0"],"t":0,"s":[40.426,40.426,100],"e":[30,60,100]},{"i":{"x":[0.833,0.833,0.833],"y":[1,1,1]},"o":{"x":[0.333,0.333,0.333],"y":[0,0,0]},"n":["0p833_1_0p333_0","0p833_1_0p333_0","0p833_1_0p333_0"],"t":8,"s":[30,60,100],"e":[60,20,100]},{"i":{"x":[0.833,0.833,0.833],"y":[1,1,1]},"o":{"x":[0.167,0.167,0.167],"y":[0,0,0]},"n":["0p833_1_0p167_0","0p833_1_0p167_0","0p833_1_0p167_0"],"t":10,"s":[60,20,100],"e":[42,47,100]},{"i":{"x":[0.667,0.667,0.667],"y":[1,1,1]},"o":{"x":[0.167,0.167,0.167],"y":[0,0,0]},"n":["0p667_1_0p167_0","0p667_1_0p167_0","0p667_1_0p167_0"],"t":12,"s":[42,47,100],"e":[40.426,40.426,100]},{"t":20}],"ix":6}},"ao":0,"ip":0,"op":150,"st":0,"bm":0}],"markers":[]}