{"v":"4.12.0","fr":15,"ip":0,"op":75,"w":200,"h":34,"nm":"Search 2","ddd":1,"assets":[],"layers":[{"ddd":0,"ind":1,"ty":4,"nm":"H Outlines","sr":1,"ks":{"o":{"a":0,"k":100,"ix":11},"r":{"a":0,"k":0,"ix":10},"p":{"a":0,"k":[111.5,17,0],"ix":2},"a":{"a":0,"k":[100,17,0],"ix":1},"s":{"a":0,"k":[100,100,100],"ix":6}},"ao":0,"shapes":[{"ty":"gr","it":[{"ind":0,"ty":"sh","ix":1,"ks":{"a":0,"k":{"i":[[0,0],[0,0],[0,0],[-0.398,0.217],[-0.465,0],[-0.369,-0.242],[-0.176,-0.408],[0,-0.871],[0,0],[0,0],[0,0],[0.059,0.246],[0.267,0.213],[0.433,0],[0.392,-0.328],[0.125,-0.485],[0,-0.844],[0,0],[0,0]],"o":[[0,0],[0,0],[0.332,-0.438],[0.398,-0.217],[0.477,0],[0.37,0.242],[0.176,0.408],[0,0],[0,0],[0,0],[0,-0.734],[-0.101,-0.422],[-0.268,-0.213],[-0.496,0],[-0.393,0.328],[-0.078,0.312],[0,0],[0,0],[0,0]],"v":[[-2.781,-4.418],[-1.96,-4.418],[-1.96,-0.814],[-0.865,-1.796],[0.43,-2.121],[1.699,-1.758],[2.516,-0.782],[2.781,1.137],[2.781,4.418],[1.96,4.418],[1.96,1.377],[1.871,-0.094],[1.318,-1.046],[0.266,-1.365],[-1.066,-0.873],[-1.844,0.346],[-1.96,2.08],[-1.96,4.418],[-2.781,4.418]],"c":true},"ix":2},"nm":"Path 1","mn":"ADBE Vector Shape - Group","hd":false},{"ty":"fl","c":{"a":0,"k":[0.936999990426,0.936999990426,0.936999990426,1],"ix":4},"o":{"a":0,"k":100,"ix":5},"r":1,"nm":"Fill 1","mn":"ADBE Vector Graphic - Fill","hd":false},{"ty":"tr","p":{"a":0,"k":[62.25,17.419],"ix":2},"a":{"a":0,"k":[0,0],"ix":1},"s":{"a":1,"k":[{"i":{"x":[0.833,0.833],"y":[0.833,0.833]},"o":{"x":[0.167,0.167],"y":[0.167,0.167]},"n":["0p833_0p833_0p167_0p167","0p833_0p833_0p167_0p167"],"t":26,"s":[0,0],"e":[150,150]},{"i":{"x":[0.833,0.833],"y":[0.833,0.833]},"o":{"x":[0.167,0.167],"y":[0.167,0.167]},"n":["0p833_0p833_0p167_0p167","0p833_0p833_0p167_0p167"],"t":28,"s":[150,150],"e":[100,100]},{"t":30}],"ix":3},"r":{"a":0,"k":0,"ix":6},"o":{"a":0,"k":100,"ix":7},"sk":{"a":0,"k":0,"ix":4},"sa":{"a":0,"k":0,"ix":5},"nm":"Transform"}],"nm":"Group 1","np":2,"cix":2,"ix":1,"mn":"ADBE Vector Group","hd":false}],"ip":14,"op":76,"st":0,"bm":0},{"ddd":0,"ind":2,"ty":4,"nm":"C Outlines","sr":1,"ks":{"o":{"a":0,"k":100,"ix":11},"r":{"a":0,"k":0,"ix":10},"p":{"a":0,"k":[110.5,17,0],"ix":2},"a":{"a":0,"k":[100,17,0],"ix":1},"s":{"a":0,"k":[100,100,100],"ix":6}},"ao":0,"shapes":[{"ty":"gr","it":[{"ind":0,"ty":"sh","ix":1,"ks":{"a":0,"k":{"i":[[-0.191,-0.32],[0,0],[0.972,0],[0.513,-0.499],[0,-0.713],[-0.236,-0.41],[-0.411,-0.225],[-0.511,0],[-0.594,0.746],[0,0],[0.514,-0.253],[0.656,0],[0.664,0.641],[0,0.918],[-0.31,0.53],[-0.543,0.297],[-0.672,0],[-0.393,-0.129],[-0.274,-0.207]],"o":[[0,0],[-0.562,-0.746],[-0.776,0],[-0.513,0.5],[0,0.464],[0.236,0.409],[0.412,0.227],[0.937,0],[0,0],[-0.305,0.459],[-0.513,0.253],[-1.008,0],[-0.664,-0.641],[0,-0.617],[0.311,-0.529],[0.543,-0.297],[0.422,0],[0.392,0.129],[0.273,0.207]],"v":[[3.243,-1.863],[2.593,-1.46],[0.292,-2.579],[-1.642,-1.829],[-2.411,-0.01],[-2.057,1.303],[-1.086,2.256],[0.298,2.596],[2.593,1.477],[3.243,1.904],[2.015,2.971],[0.261,3.352],[-2.247,2.391],[-3.243,0.053],[-2.778,-1.667],[-1.497,-2.906],[0.325,-3.352],[1.547,-3.158],[2.546,-2.654]],"c":true},"ix":2},"nm":"Path 1","mn":"ADBE Vector Shape - Group","hd":false},{"ty":"fl","c":{"a":0,"k":[0.936999990426,0.936999990426,0.936999990426,1],"ix":4},"o":{"a":0,"k":100,"ix":5},"r":1,"nm":"Fill 1","mn":"ADBE Vector Graphic - Fill","hd":false},{"ty":"tr","p":{"a":0,"k":[54.65,17.419],"ix":2},"a":{"a":0,"k":[0,0],"ix":1},"s":{"a":1,"k":[{"i":{"x":[0.833,0.833],"y":[0.833,0.833]},"o":{"x":[0.167,0.167],"y":[0.167,0.167]},"n":["0p833_0p833_0p167_0p167","0p833_0p833_0p167_0p167"],"t":24,"s":[0,0],"e":[150,150]},{"i":{"x":[0.833,0.833],"y":[0.833,0.833]},"o":{"x":[0.167,0.167],"y":[0.167,0.167]},"n":["0p833_0p833_0p167_0p167","0p833_0p833_0p167_0p167"],"t":26,"s":[150,150],"e":[100,100]},{"t":28}],"ix":3},"r":{"a":0,"k":0,"ix":6},"o":{"a":0,"k":100,"ix":7},"sk":{"a":0,"k":0,"ix":4},"sa":{"a":0,"k":0,"ix":5},"nm":"Transform"}],"nm":"Group 1","np":2,"cix":2,"ix":1,"mn":"ADBE Vector Group","hd":false}],"ip":14,"op":76,"st":0,"bm":0},{"ddd":0,"ind":3,"ty":4,"nm":"R Outlines","sr":1,"ks":{"o":{"a":0,"k":100,"ix":11},"r":{"a":0,"k":0,"ix":10},"p":{"a":0,"k":[109.5,17,0],"ix":2},"a":{"a":0,"k":[100,17,0],"ix":1},"s":{"a":0,"k":[100,100,100],"ix":6}},"ao":0,"shapes":[{"ty":"gr","it":[{"ind":0,"ty":"sh","ix":1,"ks":{"a":0,"k":{"i":[[0,0],[0,0],[0,0],[-0.277,0.182],[-0.301,0],[-0.258,-0.145],[0,0],[0.118,0],[0.254,-0.225],[0.133,-0.473],[0,-1.106],[0,0],[0,0]],"o":[[0,0],[0,0],[0.25,-0.368],[0.277,-0.181],[0.227,0],[0,0],[-0.172,-0.074],[-0.273,0],[-0.254,0.224],[-0.101,0.363],[0,0],[0,0],[0,0]],"v":[[-1.611,-3.105],[-0.773,-3.105],[-0.773,-2.173],[0.018,-2.997],[0.885,-3.27],[1.611,-3.053],[1.184,-2.361],[0.749,-2.473],[-0.042,-2.135],[-0.622,-1.089],[-0.773,1.113],[-0.773,3.27],[-1.611,3.27]],"c":true},"ix":2},"nm":"Path 1","mn":"ADBE Vector Shape - Group","hd":false},{"ty":"fl","c":{"a":0,"k":[0.936999990426,0.936999990426,0.936999990426,1],"ix":4},"o":{"a":0,"k":100,"ix":5},"r":1,"nm":"Fill 1","mn":"ADBE Vector Graphic - Fill","hd":false},{"ty":"tr","p":{"a":0,"k":[49.479,17.419],"ix":2},"a":{"a":0,"k":[0,0],"ix":1},"s":{"a":1,"k":[{"i":{"x":[0.833,0.833],"y":[0.833,0.833]},"o":{"x":[0.167,0.167],"y":[0.167,0.167]},"n":["0p833_0p833_0p167_0p167","0p833_0p833_0p167_0p167"],"t":22,"s":[0,0],"e":[150,150]},{"i":{"x":[0.833,0.833],"y":[0.833,0.833]},"o":{"x":[0.167,0.167],"y":[0.167,0.167]},"n":["0p833_0p833_0p167_0p167","0p833_0p833_0p167_0p167"],"t":24,"s":[150,150],"e":[100,100]},{"t":26}],"ix":3},"r":{"a":0,"k":0,"ix":6},"o":{"a":0,"k":100,"ix":7},"sk":{"a":0,"k":0,"ix":4},"sa":{"a":0,"k":0,"ix":5},"nm":"Transform"}],"nm":"Group 1","np":2,"cix":2,"ix":1,"mn":"ADBE Vector Group","hd":false}],"ip":14,"op":76,"st":0,"bm":0},{"ddd":0,"ind":4,"ty":4,"nm":"A Outlines","sr":1,"ks":{"o":{"a":0,"k":100,"ix":11},"r":{"a":0,"k":0,"ix":10},"p":{"a":0,"k":[108.5,17,0],"ix":2},"a":{"a":0,"k":[100,17,0],"ix":1},"s":{"a":0,"k":[100,100,100],"ix":6}},"ao":0,"shapes":[{"ty":"gr","it":[{"ind":0,"ty":"sh","ix":1,"ks":{"a":0,"k":{"i":[[0.71,0],[0.386,-0.225],[0.228,-0.406],[0,-0.452],[-0.23,-0.41],[-0.389,-0.227],[-0.445,0],[-0.402,0.227],[-0.217,0.386],[0,0.483],[0.486,0.496]],"o":[[-0.457,0],[-0.386,0.224],[-0.228,0.405],[0,0.45],[0.23,0.41],[0.388,0.229],[0.449,0],[0.402,-0.225],[0.216,-0.386],[0,-0.738],[-0.486,-0.495]],"v":[[0.041,-2.561],[-1.223,-2.223],[-2.145,-1.279],[-2.487,0.008],[-2.142,1.296],[-1.214,2.253],[0.035,2.596],[1.311,2.255],[2.239,1.337],[2.563,0.033],[1.835,-1.818]],"c":true},"ix":2},"nm":"Path 1","mn":"ADBE Vector Shape - Group","hd":false},{"ind":1,"ty":"sh","ix":2,"ks":{"a":0,"k":{"i":[[0,0],[0,0],[0,0],[0,0],[0.428,-0.211],[0.508,0],[0.638,0.654],[0,0.937],[-0.644,0.653],[-0.907,0],[-0.424,-0.223],[-0.321,-0.445],[0,0]],"o":[[0,0],[0,0],[0,0],[-0.344,0.418],[-0.427,0.211],[-0.902,0],[-0.639,-0.655],[0,-0.918],[0.645,-0.652],[0.523,0],[0.423,0.223],[0,0],[0,0]],"v":[[3.319,-3.188],[3.319,3.188],[2.511,3.188],[2.511,2.092],[1.353,3.036],[-0.05,3.352],[-2.361,2.37],[-3.319,-0.018],[-2.353,-2.374],[-0.026,-3.352],[1.395,-3.018],[2.511,-2.016],[2.511,-3.188]],"c":true},"ix":2},"nm":"Path 2","mn":"ADBE Vector Shape - Group","hd":false},{"ty":"mm","mm":1,"nm":"Merge Paths 1","mn":"ADBE Vector Filter - Merge","hd":false},{"ty":"fl","c":{"a":0,"k":[0.936999990426,0.936999990426,0.936999990426,1],"ix":4},"o":{"a":0,"k":100,"ix":5},"r":1,"nm":"Fill 1","mn":"ADBE Vector Graphic - Fill","hd":false},{"ty":"tr","p":{"a":0,"k":[43.013,17.419],"ix":2},"a":{"a":0,"k":[0,0],"ix":1},"s":{"a":1,"k":[{"i":{"x":[0.833,0.833],"y":[0.833,0.833]},"o":{"x":[0.167,0.167],"y":[0.167,0.167]},"n":["0p833_0p833_0p167_0p167","0p833_0p833_0p167_0p167"],"t":20,"s":[0,0],"e":[150,150]},{"i":{"x":[0.833,0.833],"y":[0.833,0.833]},"o":{"x":[0.167,0.167],"y":[0.167,0.167]},"n":["0p833_0p833_0p167_0p167","0p833_0p833_0p167_0p167"],"t":22,"s":[150,150],"e":[100,100]},{"t":24}],"ix":3},"r":{"a":0,"k":0,"ix":6},"o":{"a":0,"k":100,"ix":7},"sk":{"a":0,"k":0,"ix":4},"sa":{"a":0,"k":0,"ix":5},"nm":"Transform"}],"nm":"Group 1","np":4,"cix":2,"ix":1,"mn":"ADBE Vector Group","hd":false}],"ip":14,"op":76,"st":0,"bm":0},{"ddd":0,"ind":5,"ty":4,"nm":"E Outlines","sr":1,"ks":{"o":{"a":0,"k":100,"ix":11},"r":{"a":0,"k":0,"ix":10},"p":{"a":0,"k":[107.5,17,0],"ix":2},"a":{"a":0,"k":[100,17,0],"ix":1},"s":{"a":0,"k":[100,100,100],"ix":6}},"ao":0,"shapes":[{"ty":"gr","it":[{"ind":0,"ty":"sh","ix":1,"ks":{"a":0,"k":{"i":[[0,0],[0.209,0.262],[0.344,0.161],[0.38,0],[0.45,-0.403],[0.168,-0.586]],"o":[[-0.109,-0.437],[-0.209,-0.262],[-0.344,-0.16],[-0.626,0],[-0.328,0.293],[0,0]],"v":[[2.388,-0.645],[1.91,-1.693],[1.08,-2.327],[-0.006,-2.566],[-1.619,-1.962],[-2.364,-0.645]],"c":true},"ix":2},"nm":"Path 1","mn":"ADBE Vector Shape - Group","hd":false},{"ind":1,"ty":"sh","ix":2,"ks":{"a":0,"k":{"i":[[-0.25,0.416],[0,0],[0.298,-0.273],[0.371,-0.142],[0.469,0],[0.587,0.681],[0,0.859],[-0.497,0.633],[-1.056,0],[-0.649,-0.824],[-0.007,-0.871],[0,0],[-0.458,-0.473],[-0.673,0],[-0.308,0.113],[-0.215,0.188]],"o":[[0,0],[-0.226,0.445],[-0.297,0.274],[-0.372,0.143],[-1.04,0],[-0.586,-0.682],[0,-0.808],[0.629,-0.805],[1.087,0],[0.461,0.582],[0,0],[0.016,0.74],[0.457,0.474],[0.325,0],[0.307,-0.113],[0.215,-0.186]],"v":[[2.388,1.072],[3.079,1.436],[2.293,2.514],[1.291,3.137],[0.03,3.352],[-2.41,2.329],[-3.29,0.018],[-2.545,-2.145],[-0.017,-3.352],[2.587,-2.115],[3.29,0.064],[-2.446,0.064],[-1.736,1.885],[-0.041,2.596],[0.907,2.426],[1.69,1.977]],"c":true},"ix":2},"nm":"Path 2","mn":"ADBE Vector Shape - Group","hd":false},{"ty":"mm","mm":1,"nm":"Merge Paths 1","mn":"ADBE Vector Filter - Merge","hd":false},{"ty":"fl","c":{"a":0,"k":[0.936999990426,0.936999990426,0.936999990426,1],"ix":4},"o":{"a":0,"k":100,"ix":5},"r":1,"nm":"Fill 1","mn":"ADBE Vector Graphic - Fill","hd":false},{"ty":"tr","p":{"a":0,"k":[35.161,17.419],"ix":2},"a":{"a":0,"k":[0,0],"ix":1},"s":{"a":1,"k":[{"i":{"x":[0.833,0.833],"y":[0.833,0.833]},"o":{"x":[0.167,0.167],"y":[0.167,0.167]},"n":["0p833_0p833_0p167_0p167","0p833_0p833_0p167_0p167"],"t":18,"s":[0,0],"e":[150,150]},{"i":{"x":[0.833,0.833],"y":[0.833,0.833]},"o":{"x":[0.167,0.167],"y":[0.167,0.167]},"n":["0p833_0p833_0p167_0p167","0p833_0p833_0p167_0p167"],"t":20,"s":[150,150],"e":[100,100]},{"t":22}],"ix":3},"r":{"a":0,"k":0,"ix":6},"o":{"a":0,"k":100,"ix":7},"sk":{"a":0,"k":0,"ix":4},"sa":{"a":0,"k":0,"ix":5},"nm":"Transform"}],"nm":"Group 1","np":4,"cix":2,"ix":1,"mn":"ADBE Vector Group","hd":false}],"ip":14,"op":76,"st":0,"bm":0},{"ddd":0,"ind":6,"ty":4,"nm":"S Outlines","sr":1,"ks":{"o":{"a":0,"k":100,"ix":11},"r":{"a":0,"k":0,"ix":10},"p":{"a":0,"k":[106.5,17,0],"ix":2},"a":{"a":0,"k":[100,17,0],"ix":1},"s":{"a":0,"k":[100,100,100],"ix":6}},"ao":0,"shapes":[{"ty":"gr","it":[{"ind":0,"ty":"sh","ix":1,"ks":{"a":0,"k":{"i":[[0.359,0.656],[0,0],[-0.676,0],[-0.254,0.135],[-0.133,0.227],[0,0.253],[0.196,0.277],[0.715,0.539],[0.176,0.243],[0,0.473],[-0.179,0.308],[-0.326,0.178],[-0.383,0],[-0.353,-0.201],[-0.394,-0.539],[0,0],[0.229,0.137],[0.27,0],[0.22,-0.211],[0,-0.309],[-0.078,-0.176],[-0.207,-0.207],[-0.629,-0.465],[-0.277,-0.43],[0,-0.434],[0.475,-0.461],[0.679,0],[0.426,0.28]],"o":[[0,0],[0.516,0.949],[0.289,0],[0.254,-0.135],[0.133,-0.226],[0,-0.29],[-0.269,-0.383],[-0.719,-0.543],[-0.305,-0.406],[0,-0.375],[0.18,-0.309],[0.326,-0.178],[0.406,0],[0.354,0.201],[0,0],[-0.324,-0.43],[-0.228,-0.136],[-0.348,0],[-0.221,0.211],[0,0.187],[0.078,0.176],[0.114,0.109],[0.746,0.551],[0.277,0.43],[0,0.625],[-0.475,0.461],[-0.524,0],[-0.426,-0.279]],"v":[[-2.523,2.704],[-1.79,2.265],[-0.003,3.688],[0.811,3.486],[1.391,2.944],[1.59,2.224],[1.298,1.374],[-0.178,-0.009],[-1.521,-1.187],[-1.978,-2.505],[-1.708,-3.53],[-0.95,-4.26],[0.115,-4.526],[1.253,-4.225],[2.376,-3.114],[1.673,-2.581],[0.844,-3.431],[0.096,-3.636],[-0.756,-3.319],[-1.087,-2.54],[-0.969,-1.995],[-0.542,-1.421],[0.572,-0.56],[2.107,0.911],[2.523,2.206],[1.811,3.835],[0.079,4.526],[-1.344,4.107]],"c":true},"ix":2},"nm":"Path 1","mn":"ADBE Vector Shape - Group","hd":false},{"ty":"fl","c":{"a":0,"k":[0.936999990426,0.936999990426,0.936999990426,1],"ix":4},"o":{"a":0,"k":100,"ix":5},"r":1,"nm":"Fill 1","mn":"ADBE Vector Graphic - Fill","hd":false},{"ty":"tr","p":{"a":0,"k":[27.972,17.419],"ix":2},"a":{"a":0,"k":[0,0],"ix":1},"s":{"a":1,"k":[{"i":{"x":[0.833,0.833],"y":[0.833,0.833]},"o":{"x":[0.167,0.167],"y":[0.167,0.167]},"n":["0p833_0p833_0p167_0p167","0p833_0p833_0p167_0p167"],"t":16,"s":[0,0],"e":[150,150]},{"i":{"x":[0.833,0.833],"y":[0.833,0.833]},"o":{"x":[0.167,0.167],"y":[0.167,0.167]},"n":["0p833_0p833_0p167_0p167","0p833_0p833_0p167_0p167"],"t":18,"s":[150,150],"e":[100,100]},{"t":20}],"ix":3},"r":{"a":0,"k":0,"ix":6},"o":{"a":0,"k":100,"ix":7},"sk":{"a":0,"k":0,"ix":4},"sa":{"a":0,"k":0,"ix":5},"nm":"Transform"}],"nm":"Group 1","np":2,"cix":2,"ix":1,"mn":"ADBE Vector Group","hd":false}],"ip":14,"op":76,"st":0,"bm":0},{"ddd":0,"ind":7,"ty":4,"nm":"Cursor Outlines","sr":1,"ks":{"o":{"a":1,"k":[{"i":{"x":[0.833],"y":[0.833]},"o":{"x":[0.167],"y":[0.167]},"n":["0p833_0p833_0p167_0p167"],"t":14,"s":[0],"e":[100]},{"i":{"x":[0.833],"y":[0.833]},"o":{"x":[0.167],"y":[0.167]},"n":["0p833_0p833_0p167_0p167"],"t":18,"s":[100],"e":[100]},{"i":{"x":[0.833],"y":[0.833]},"o":{"x":[0.167],"y":[0.167]},"n":["0p833_0p833_0p167_0p167"],"t":22,"s":[100],"e":[0]},{"i":{"x":[0.833],"y":[0.833]},"o":{"x":[0.167],"y":[0.167]},"n":["0p833_0p833_0p167_0p167"],"t":26,"s":[0],"e":[100]},{"i":{"x":[0.833],"y":[0.833]},"o":{"x":[0.167],"y":[0.167]},"n":["0p833_0p833_0p167_0p167"],"t":30,"s":[100],"e":[100]},{"i":{"x":[0.833],"y":[0.833]},"o":{"x":[0.167],"y":[0.167]},"n":["0p833_0p833_0p167_0p167"],"t":34,"s":[100],"e":[0]},{"i":{"x":[0.833],"y":[0.833]},"o":{"x":[0.167],"y":[0.167]},"n":["0p833_0p833_0p167_0p167"],"t":38,"s":[0],"e":[100]},{"i":{"x":[0.833],"y":[0.833]},"o":{"x":[0.167],"y":[0.167]},"n":["0p833_0p833_0p167_0p167"],"t":42,"s":[100],"e":[100]},{"i":{"x":[0.833],"y":[0.833]},"o":{"x":[0.167],"y":[0.167]},"n":["0p833_0p833_0p167_0p167"],"t":46,"s":[100],"e":[0]},{"i":{"x":[0.833],"y":[0.833]},"o":{"x":[0.167],"y":[0.167]},"n":["0p833_0p833_0p167_0p167"],"t":50,"s":[0],"e":[100]},{"i":{"x":[0.833],"y":[0.833]},"o":{"x":[0.167],"y":[0.167]},"n":["0p833_0p833_0p167_0p167"],"t":54,"s":[100],"e":[100]},{"i":{"x":[0.833],"y":[0.833]},"o":{"x":[0.167],"y":[0.167]},"n":["0p833_0p833_0p167_0p167"],"t":58,"s":[100],"e":[0]},{"i":{"x":[0.833],"y":[0.833]},"o":{"x":[0.167],"y":[0.167]},"n":["0p833_0p833_0p167_0p167"],"t":62,"s":[0],"e":[100]},{"i":{"x":[0.833],"y":[0.833]},"o":{"x":[0.167],"y":[0.167]},"n":["0p833_0p833_0p167_0p167"],"t":66,"s":[100],"e":[100]},{"i":{"x":[0.833],"y":[0.833]},"o":{"x":[0.167],"y":[0.167]},"n":["0p833_0p833_0p167_0p167"],"t":70,"s":[100],"e":[0]},{"t":74}],"ix":11},"r":{"a":0,"k":0,"ix":10},"p":{"a":0,"k":[106.5,17,0],"ix":2},"a":{"a":0,"k":[100,17,0],"ix":1},"s":{"a":0,"k":[100,100,100],"ix":6}},"ao":0,"shapes":[{"ty":"gr","it":[{"ind":0,"ty":"sh","ix":1,"ks":{"a":0,"k":{"i":[[0,0],[0,0]],"o":[[0,0],[0,0]],"v":[[24.917,7.919],[24.917,26.919]],"c":false},"ix":2},"nm":"Path 1","mn":"ADBE Vector Shape - Group","hd":false},{"ty":"st","c":{"a":0,"k":[0.957000014361,0.301999978458,0.517999985639,1],"ix":3},"o":{"a":0,"k":100,"ix":4},"w":{"a":0,"k":1,"ix":5},"lc":2,"lj":1,"ml":10,"nm":"Stroke 1","mn":"ADBE Vector Graphic - Stroke","hd":false},{"ty":"tr","p":{"a":0,"k":[0,0],"ix":2},"a":{"a":0,"k":[0,0],"ix":1},"s":{"a":0,"k":[100,100],"ix":3},"r":{"a":0,"k":0,"ix":6},"o":{"a":0,"k":100,"ix":7},"sk":{"a":0,"k":0,"ix":4},"sa":{"a":0,"k":0,"ix":5},"nm":"Transform"}],"nm":"Group 1","np":2,"cix":2,"ix":1,"mn":"ADBE Vector Group","hd":false}],"ip":14,"op":76,"st":0,"bm":0},{"ddd":0,"ind":8,"ty":4,"nm":"Active Search Outlines","sr":1,"ks":{"o":{"a":1,"k":[{"i":{"x":[0.833],"y":[0.833]},"o":{"x":[0.167],"y":[0.167]},"n":["0p833_0p833_0p167_0p167"],"t":12,"s":[0],"e":[100]},{"t":14}],"ix":11},"r":{"a":0,"k":0,"ix":10},"p":{"a":0,"k":[109,16.5,0],"ix":2},"a":{"a":0,"k":[100,17,0],"ix":1},"s":{"a":1,"k":[{"i":{"x":[0.833,0.833,0.833],"y":[0.833,0.833,0.833]},"o":{"x":[0.167,0.167,0.167],"y":[0.167,0.167,0.167]},"n":["0p833_0p833_0p167_0p167","0p833_0p833_0p167_0p167","0p833_0p833_0p167_0p167"],"t":12,"s":[0,0,100],"e":[100,100,100]},{"t":14}],"ix":6}},"ao":0,"shapes":[{"ty":"gr","it":[{"ind":0,"ty":"sh","ix":1,"ks":{"a":0,"k":{"i":[[-2.874,0],[0,2.872],[2.874,0],[0,-2.872]],"o":[[2.874,0],[0,-2.872],[-2.874,0],[0,2.872]],"v":[[-1.173,3.866],[4.031,-1.334],[-1.173,-6.534],[-6.376,-1.334]],"c":true},"ix":2},"nm":"Path 1","mn":"ADBE Vector Shape - Group","hd":false},{"ind":1,"ty":"sh","ix":2,"ks":{"a":0,"k":{"i":[[2.155,0],[0,2.154],[-2.155,0],[0,-2.154]],"o":[[-2.155,0],[0,-2.154],[2.155,0],[0,2.154]],"v":[[-1.173,2.565],[-5.074,-1.334],[-1.173,-5.234],[2.73,-1.334]],"c":true},"ix":2},"nm":"Path 2","mn":"ADBE Vector Shape - Group","hd":false},{"ind":2,"ty":"sh","ix":3,"ks":{"a":0,"k":{"i":[[0,0],[-0.26,0.247],[-0.247,-0.259],[0,0],[0.261,-0.247],[0.247,0.26]],"o":[[-0.248,-0.26],[0.26,-0.247],[0,0],[0.247,0.261],[-0.26,0.247],[0,0]],"v":[[1.609,2.5],[1.632,1.581],[2.551,1.604],[6.128,5.368],[6.105,6.287],[5.186,6.263]],"c":true},"ix":2},"nm":"Path 3","mn":"ADBE Vector Shape - Group","hd":false},{"ty":"mm","mm":1,"nm":"Merge Paths 1","mn":"ADBE Vector Filter - Merge","hd":false},{"ty":"fl","c":{"a":0,"k":[0.936999990426,0.936999990426,0.936999990426,1],"ix":4},"o":{"a":0,"k":100,"ix":5},"r":1,"nm":"Fill 1","mn":"ADBE Vector Graphic - Fill","hd":false},{"ty":"tr","p":{"a":0,"k":[14.542,17.453],"ix":2},"a":{"a":0,"k":[0,0],"ix":1},"s":{"a":0,"k":[100,100],"ix":3},"r":{"a":0,"k":0,"ix":6},"o":{"a":0,"k":100,"ix":7},"sk":{"a":0,"k":0,"ix":4},"sa":{"a":0,"k":0,"ix":5},"nm":"Transform"}],"nm":"Group 1","np":5,"cix":2,"ix":1,"mn":"ADBE Vector Group","hd":false}],"ip":12,"op":76,"st":0,"bm":0},{"ddd":1,"ind":9,"ty":4,"nm":"Seatch 1 Outlines","sr":1,"ks":{"o":{"a":1,"k":[{"i":{"x":[0.833],"y":[0.833]},"o":{"x":[0.167],"y":[0.167]},"n":["0p833_0p833_0p167_0p167"],"t":12,"s":[100],"e":[0]},{"t":14}],"ix":11},"rx":{"a":0,"k":0,"ix":8},"ry":{"a":0,"k":0,"ix":9},"rz":{"a":0,"k":0,"ix":10},"or":{"a":0,"k":[0,0,0],"ix":7},"p":{"a":1,"k":[{"i":{"x":0.833,"y":0.833},"o":{"x":0.167,"y":0.167},"n":"0p833_0p833_0p167_0p167","t":8,"s":[100,17,0],"e":[24,17,0],"to":[-12.6666669845581,0,0],"ti":[12.6666669845581,0,0]},{"t":12}],"ix":2},"a":{"a":0,"k":[100,17,0],"ix":1},"s":{"a":1,"k":[{"i":{"x":[0.833,0.833,0.833],"y":[0.833,0.833,0.833]},"o":{"x":[0.167,0.167,0.167],"y":[0.167,0.167,0.167]},"n":["0p833_0p833_0p167_0p167","0p833_0p833_0p167_0p167","0p833_0p833_0p167_0p167"],"t":4,"s":[100,100,100],"e":[120,120,100]},{"i":{"x":[0.833,0.833,0.833],"y":[0.833,0.833,0.833]},"o":{"x":[0.167,0.167,0.167],"y":[0.167,0.167,0.167]},"n":["0p833_0p833_0p167_0p167","0p833_0p833_0p167_0p167","0p833_0p833_0p167_0p167"],"t":6,"s":[120,120,100],"e":[100,100,100]},{"t":8}],"ix":6}},"ao":0,"shapes":[{"ty":"gr","it":[{"ind":0,"ty":"sh","ix":1,"ks":{"a":0,"k":{"i":[[-4.532,0],[0,4.528],[4.532,0],[0,-4.529]],"o":[[4.532,0],[0,-4.529],[-4.532,0],[0,4.528]],"v":[[-1.849,6.096],[6.356,-2.104],[-1.849,-10.304],[-10.054,-2.104]],"c":true},"ix":2},"nm":"Path 1","mn":"ADBE Vector Shape - Group","hd":false},{"ind":1,"ty":"sh","ix":2,"ks":{"a":0,"k":{"i":[[3.399,0],[0,3.396],[-3.398,0],[0,-3.397]],"o":[[-3.398,0],[0,-3.397],[3.399,0],[0,3.396]],"v":[[-1.849,4.045],[-8.003,-2.104],[-1.849,-8.254],[4.305,-2.104]],"c":true},"ix":2},"nm":"Path 2","mn":"ADBE Vector Shape - Group","hd":false},{"ind":2,"ty":"sh","ix":3,"ks":{"a":0,"k":{"i":[[0,0],[-0.411,0.391],[-0.39,-0.411],[0,0],[0.41,-0.389],[0.39,0.411]],"o":[[-0.39,-0.41],[0.411,-0.389],[0,0],[0.39,0.41],[-0.411,0.391],[0,0]],"v":[[2.536,3.942],[2.573,2.492],[4.023,2.53],[9.664,8.465],[9.627,9.913],[8.177,9.876]],"c":true},"ix":2},"nm":"Path 3","mn":"ADBE Vector Shape - Group","hd":false},{"ty":"mm","mm":1,"nm":"Merge Paths 1","mn":"ADBE Vector Filter - Merge","hd":false},{"ty":"fl","c":{"a":0,"k":[0.957000014361,0.301999978458,0.517999985639,1],"ix":4},"o":{"a":0,"k":100,"ix":5},"r":1,"nm":"Fill 1","mn":"ADBE Vector Graphic - Fill","hd":false},{"ty":"tr","p":{"a":0,"k":[100.221,17.473],"ix":2},"a":{"a":0,"k":[0,0],"ix":1},"s":{"a":0,"k":[100,100],"ix":3},"r":{"a":0,"k":0,"ix":6},"o":{"a":0,"k":100,"ix":7},"sk":{"a":0,"k":0,"ix":4},"sa":{"a":0,"k":0,"ix":5},"nm":"Transform"}],"nm":"Group 1","np":5,"cix":2,"ix":1,"mn":"ADBE Vector Group","hd":false}],"ip":0,"op":45,"st":0,"bm":0},{"ddd":0,"ind":10,"ty":4,"nm":"Frame Outlines","sr":1,"ks":{"o":{"a":0,"k":100,"ix":11},"r":{"a":0,"k":0,"ix":10},"p":{"a":0,"k":[100,17,0],"ix":2},"a":{"a":0,"k":[100,17,0],"ix":1},"s":{"a":0,"k":[100,100,100],"ix":6}},"ao":0,"shapes":[{"ty":"gr","it":[{"ind":0,"ty":"sh","ix":1,"ks":{"a":0,"k":{"i":[[4.95,0],[0,0],[0,4.95],[0,0],[-4.95,0],[0,0],[0,-4.95],[0,0]],"o":[[0,0],[-4.95,0],[0,0],[0,-4.95],[0,0],[4.95,0],[0,0],[0,4.95]],"v":[[88.5,15.5],[-88.5,15.5],[-97.5,6.5],[-97.5,-6.5],[-88.5,-15.5],[88.5,-15.5],[97.5,-6.5],[97.5,6.5]],"c":true},"ix":2},"nm":"Path 1","mn":"ADBE Vector Shape - Group","hd":false},{"ty":"st","c":{"a":0,"k":[0.936999990426,0.936999990426,0.936999990426,1],"ix":3},"o":{"a":0,"k":100,"ix":4},"w":{"a":0,"k":1,"ix":5},"lc":1,"lj":1,"ml":10,"nm":"Stroke 1","mn":"ADBE Vector Graphic - Stroke","hd":false},{"ty":"tr","p":{"a":0,"k":[100.167,17.419],"ix":2},"a":{"a":0,"k":[0,0],"ix":1},"s":{"a":0,"k":[100,100],"ix":3},"r":{"a":0,"k":0,"ix":6},"o":{"a":0,"k":100,"ix":7},"sk":{"a":0,"k":0,"ix":4},"sa":{"a":0,"k":0,"ix":5},"nm":"Transform"}],"nm":"Group 1","np":2,"cix":2,"ix":1,"mn":"ADBE Vector Group","hd":false}],"ip":0,"op":76,"st":0,"bm":0}]}