{"v":"4.6.9","fr":29.9700012207031,"ip":0,"op":330.000013441176,"w":800,"h":600,"nm":"Finding Location","ddd":0,"assets":[],"fonts":{"list":[{"fName":"Gotham-Medium","fFamily":"Gotham","fStyle":"Medium","ascent":72.9995727539062}]},"layers":[{"ddd":0,"ind":1,"ty":4,"nm":"Shape Layer 10","ks":{"o":{"a":1,"k":[{"i":{"x":[0],"y":[1]},"o":{"x":[0.167],"y":[0.167]},"n":["0_1_0p167_0p167"],"t":190,"s":[0],"e":[100]},{"i":{"x":[0.833],"y":[0.833]},"o":{"x":[0.167],"y":[0.167]},"n":["0p833_0p833_0p167_0p167"],"t":205,"s":[100],"e":[100]},{"i":{"x":[0],"y":[1]},"o":{"x":[0.167],"y":[0.167]},"n":["0_1_0p167_0p167"],"t":270,"s":[100],"e":[0]},{"t":300.00001221925}]},"r":{"a":0,"k":0},"p":{"a":0,"k":[400.25,301.25,0]},"a":{"a":0,"k":[0,0,0]},"s":{"a":0,"k":[100,100,100]}},"ao":0,"shapes":[{"ty":"gr","it":[{"ind":0,"ty":"sh","ix":1,"ks":{"a":1,"k":[{"i":{"x":0,"y":1},"o":{"x":0.167,"y":0.167},"n":"0_1_0p167_0p167","t":190,"s":[{"i":[[47.262,-15.098],[0,0],[-25.855,-8.344],[0,0],[0,0],[-15.098,32.115],[0,0]],"o":[[0,0],[-40.855,20.288],[0,0],[0,0],[17.032,36.078],[0,0],[12.052,-25.565]],"v":[[36.988,-88.902],[-63.584,-44.051],[-62.622,33.081],[-39.261,42.81],[-29.532,66.172],[47.598,67.135],[92.448,-33.435]],"c":true}],"e":[{"i":[[18.478,-7.877],[0,0],[-18.53,-8.459],[0,0],[0,0],[-10.627,20.643],[0,0]],"o":[[0,0],[-16.077,7.064],[0,0],[0,0],[4.603,13.627],[0,0],[7.629,-18.147]],"v":[[41.293,-70.863],[-59.277,-26.012],[-58.783,13.469],[-27.624,26.447],[-14.645,57.613],[24.835,58.097],[69.684,-42.467]],"c":true}]},{"i":{"x":0.833,"y":0.833},"o":{"x":0.167,"y":0.167},"n":"0p833_0p833_0p167_0p167","t":205,"s":[{"i":[[18.478,-7.877],[0,0],[-18.53,-8.459],[0,0],[0,0],[-10.627,20.643],[0,0]],"o":[[0,0],[-16.077,7.064],[0,0],[0,0],[4.603,13.627],[0,0],[7.629,-18.147]],"v":[[41.293,-70.863],[-59.277,-26.012],[-58.783,13.469],[-27.624,26.447],[-14.645,57.613],[24.835,58.097],[69.684,-42.467]],"c":true}],"e":[{"i":[[18.478,-7.877],[0,0],[-18.53,-8.459],[0,0],[0,0],[-10.627,20.643],[0,0]],"o":[[0,0],[-16.077,7.064],[0,0],[0,0],[4.603,13.627],[0,0],[7.629,-18.147]],"v":[[41.293,-70.863],[-59.277,-26.012],[-58.783,13.469],[-27.624,26.447],[-14.645,57.613],[24.835,58.097],[69.684,-42.467]],"c":true}]},{"i":{"x":0,"y":1},"o":{"x":0.167,"y":0.167},"n":"0_1_0p167_0p167","t":270,"s":[{"i":[[18.478,-7.877],[0,0],[-18.53,-8.459],[0,0],[0,0],[-10.627,20.643],[0,0]],"o":[[0,0],[-16.077,7.064],[0,0],[0,0],[4.603,13.627],[0,0],[7.629,-18.147]],"v":[[41.293,-70.863],[-59.277,-26.012],[-58.783,13.469],[-27.624,26.447],[-14.645,57.613],[24.835,58.097],[69.684,-42.467]],"c":true}],"e":[{"i":[[47.262,-15.098],[0,0],[-25.855,-8.344],[0,0],[0,0],[-15.098,32.115],[0,0]],"o":[[0,0],[-40.855,20.288],[0,0],[0,0],[17.032,36.078],[0,0],[12.052,-25.565]],"v":[[36.988,-88.902],[-63.584,-44.051],[-62.622,33.081],[-39.261,42.81],[-29.532,66.172],[47.598,67.135],[92.448,-33.435]],"c":true}]},{"t":300.00001221925}]},"nm":"Path 1","mn":"ADBE Vector Shape - Group"},{"ty":"st","c":{"a":0,"k":[0.105882,0.105882,0.105882,1]},"o":{"a":0,"k":100},"w":{"a":0,"k":9},"lc":1,"lj":1,"ml":4,"nm":"Stroke 1","mn":"ADBE Vector Graphic - Stroke"},{"ty":"tr","p":{"a":0,"k":[0,0],"ix":2},"a":{"a":0,"k":[0,0],"ix":1},"s":{"a":0,"k":[100,100],"ix":3},"r":{"a":0,"k":0,"ix":6},"o":{"a":0,"k":100,"ix":7},"sk":{"a":0,"k":0,"ix":4},"sa":{"a":0,"k":0,"ix":5},"nm":"Transform"}],"nm":"Shape 1","np":3,"cix":2,"ix":1,"mn":"ADBE Vector Group"},{"ty":"tm","s":{"a":0,"k":0,"ix":1},"e":{"a":0,"k":100,"ix":2},"o":{"a":0,"k":-20,"ix":3},"m":1,"ix":2,"nm":"Trim Paths 1","mn":"ADBE Vector Filter - Trim"}],"ip":0,"op":450.000018328876,"st":0,"bm":0,"sr":1},{"ddd":0,"ind":2,"ty":5,"nm":"Lost","ks":{"o":{"a":1,"k":[{"i":{"x":[0],"y":[1]},"o":{"x":[0.167],"y":[0.167]},"n":["0_1_0p167_0p167"],"t":270,"s":[0],"e":[25]},{"i":{"x":[0.833],"y":[0.833]},"o":{"x":[0.167],"y":[0.167]},"n":["0p833_0p833_0p167_0p167"],"t":280,"s":[25],"e":[25]},{"i":{"x":[0],"y":[1]},"o":{"x":[0.167],"y":[0.167]},"n":["0_1_0p167_0p167"],"t":320,"s":[25],"e":[0]},{"t":330.000013441176}]},"r":{"a":0,"k":0},"p":{"a":1,"k":[{"i":{"x":0,"y":1},"o":{"x":0.167,"y":0.167},"n":"0_1_0p167_0p167","t":270,"s":[470,474.363,0],"e":[470,444.363,0],"to":[0,0,0],"ti":[0,0,0]},{"i":{"x":0.833,"y":0.833},"o":{"x":0.167,"y":0.167},"n":"0p833_0p833_0p167_0p167","t":280,"s":[470,444.363,0],"e":[470,444.363,0],"to":[0,0,0],"ti":[0,0,0]},{"i":{"x":0,"y":1},"o":{"x":0.167,"y":0.167},"n":"0_1_0p167_0p167","t":320,"s":[470,444.363,0],"e":[470,414.363,0],"to":[0,0,0],"ti":[0,0,0]},{"t":330.000013441176}]},"a":{"a":0,"k":[0.117,-19.637,0]},"s":{"a":0,"k":[100,100,100]}},"ao":0,"t":{"d":{"k":[{"s":{"s":30,"f":"Gotham-Medium","t":"Lost","j":2,"tr":0,"lh":36,"ls":20,"fc":[0.11,0.11,0.11]},"t":0}]},"p":{},"m":{"g":1,"a":{"a":0,"k":[0,0]}},"a":[]},"ip":137.000005580124,"op":587.000023909,"st":137.000005580124,"bm":0,"sr":1},{"ddd":0,"ind":3,"ty":5,"nm":"Found","ks":{"o":{"a":1,"k":[{"i":{"x":[0],"y":[1]},"o":{"x":[0.167],"y":[0.167]},"n":["0_1_0p167_0p167"],"t":190,"s":[0],"e":[100]},{"i":{"x":[0.833],"y":[0.833]},"o":{"x":[0.167],"y":[0.167]},"n":["0p833_0p833_0p167_0p167"],"t":200,"s":[100],"e":[100]},{"i":{"x":[0],"y":[1]},"o":{"x":[0.167],"y":[0.167]},"n":["0_1_0p167_0p167"],"t":270,"s":[100],"e":[0]},{"t":280.000011404634}]},"r":{"a":0,"k":0},"p":{"a":1,"k":[{"i":{"x":0,"y":1},"o":{"x":0.167,"y":0.167},"n":"0_1_0p167_0p167","t":190,"s":[590,444.363,0],"e":[470,444.363,0],"to":[0,0,0],"ti":[0,0,0]},{"i":{"x":0.833,"y":0.833},"o":{"x":0.167,"y":0.167},"n":"0p833_0p833_0p167_0p167","t":200,"s":[470,444.363,0],"e":[470,444.363,0],"to":[0,0,0],"ti":[0,0,0]},{"i":{"x":0,"y":1},"o":{"x":0.167,"y":0.167},"n":"0_1_0p167_0p167","t":270,"s":[470,444.363,0],"e":[470,414.363,0],"to":[0,0,0],"ti":[0,0,0]},{"t":280.000011404634}]},"a":{"a":0,"k":[0.117,-19.637,0]},"s":{"a":0,"k":[100,100,100]}},"ao":0,"t":{"d":{"k":[{"s":{"s":30,"f":"Gotham-Medium","t":"Found","j":2,"tr":0,"lh":36,"ls":20,"fc":[0.11,0.11,0.11]},"t":0}]},"p":{},"m":{"g":1,"a":{"a":0,"k":[0,0]}},"a":[]},"ip":57.0000023216576,"op":507.000020650533,"st":57.0000023216576,"bm":0,"sr":1},{"ddd":0,"ind":4,"ty":4,"nm":"Shape Layer 11","td":1,"ks":{"o":{"a":0,"k":100},"r":{"a":0,"k":0},"p":{"a":1,"k":[{"i":{"x":0,"y":1},"o":{"x":0.167,"y":0.167},"n":"0_1_0p167_0p167","t":0,"s":[400,330,0],"e":[399.976,298.89,0],"to":[0,-0.31353041529655,0],"ti":[0.01543623209,0.42409509420395,0]},{"i":{"x":0.833,"y":0.833},"o":{"x":0.167,"y":0.167},"n":"0p833_0p833_0p167_0p167","t":10,"s":[399.976,298.89,0],"e":[400,300,0],"to":[-0.23073178529739,-6.33912563323975,0],"ti":[-2.03080344200134,4.68646955490112,0]},{"i":{"x":0,"y":1},"o":{"x":0.167,"y":0.167},"n":"0_1_0p167_0p167","t":270,"s":[400,300,0],"e":[413,300,0],"to":[2.16666674613953,-5,0],"ti":[-2.16666674613953,0,0]},{"i":{"x":0.833,"y":0.833},"o":{"x":0.167,"y":0.167},"n":"0p833_0p833_0p167_0p167","t":280,"s":[413,300,0],"e":[413,300,0],"to":[0,0,0],"ti":[0,0,0]},{"i":{"x":0,"y":1},"o":{"x":0.167,"y":0.167},"n":"0_1_0p167_0p167","t":320,"s":[413,300,0],"e":[413,270,0],"to":[0,-5,0],"ti":[0,5,0]},{"t":330.000013441176}]},"a":{"a":0,"k":[0,0,0]},"s":{"a":0,"k":[100,100,100]}},"ao":0,"shapes":[{"ty":"gr","it":[{"ty":"rc","d":1,"s":{"a":0,"k":[253.738,47.785]},"p":{"a":0,"k":[0,0]},"r":{"a":0,"k":0},"nm":"Rectangle Path 1","mn":"ADBE Vector Shape - Rect"},{"ty":"fl","c":{"a":0,"k":[0.1058824,0.1058824,0.1058824,1]},"o":{"a":0,"k":100},"r":1,"nm":"Fill 1","mn":"ADBE Vector Graphic - Fill"},{"ty":"tr","p":{"a":0,"k":[-1.131,134.893],"ix":2},"a":{"a":0,"k":[0,0],"ix":1},"s":{"a":0,"k":[100,100],"ix":3},"r":{"a":0,"k":0,"ix":6},"o":{"a":0,"k":100,"ix":7},"sk":{"a":0,"k":0,"ix":4},"sa":{"a":0,"k":0,"ix":5},"nm":"Transform"}],"nm":"Rectangle 1","np":3,"cix":2,"ix":1,"mn":"ADBE Vector Group"}],"ip":0,"op":450.000018328876,"st":0,"bm":0,"sr":1},{"ddd":0,"ind":5,"ty":5,"nm":"Finding Location ","tt":1,"ks":{"o":{"a":1,"k":[{"i":{"x":[0],"y":[1]},"o":{"x":[0.167],"y":[0.167]},"n":["0_1_0p167_0p167"],"t":0,"s":[0],"e":[25]},{"i":{"x":[0.833],"y":[0.833]},"o":{"x":[0.167],"y":[0.167]},"n":["0p833_0p833_0p167_0p167"],"t":10,"s":[25],"e":[25]},{"i":{"x":[0],"y":[1]},"o":{"x":[0.167],"y":[0.167]},"n":["0_1_0p167_0p167"],"t":190,"s":[25],"e":[100]},{"i":{"x":[0.833],"y":[0.833]},"o":{"x":[0.167],"y":[0.167]},"n":["0p833_0p833_0p167_0p167"],"t":200,"s":[100],"e":[100]},{"i":{"x":[0],"y":[1]},"o":{"x":[0.167],"y":[0.167]},"n":["0_1_0p167_0p167"],"t":270,"s":[100],"e":[25]},{"i":{"x":[0.833],"y":[0.833]},"o":{"x":[0.167],"y":[0.167]},"n":["0p833_0p833_0p167_0p167"],"t":280,"s":[25],"e":[25]},{"i":{"x":[0],"y":[1]},"o":{"x":[0.167],"y":[0.167]},"n":["0_1_0p167_0p167"],"t":320,"s":[25],"e":[0]},{"t":330.000013441176}]},"r":{"a":0,"k":0},"p":{"a":1,"k":[{"i":{"x":0,"y":1},"o":{"x":0.167,"y":0.167},"n":"0_1_0p167_0p167","t":0,"s":[400,474.363,0],"e":[400,444.363,0],"to":[0,0,0],"ti":[0,0,0]},{"i":{"x":0.833,"y":0.833},"o":{"x":0.167,"y":0.167},"n":"0p833_0p833_0p167_0p167","t":10,"s":[400,444.363,0],"e":[400,444.363,0],"to":[0,0,0],"ti":[0,0,0]},{"i":{"x":0,"y":1},"o":{"x":0.167,"y":0.167},"n":"0_1_0p167_0p167","t":190,"s":[400,444.363,0],"e":[285,444.363,0],"to":[0,0,0],"ti":[0,0,0]},{"i":{"x":0.833,"y":0.833},"o":{"x":0.167,"y":0.167},"n":"0p833_0p833_0p167_0p167","t":200,"s":[285,444.363,0],"e":[285,444.363,0],"to":[0,0,0],"ti":[0,0,0]},{"i":{"x":0,"y":1},"o":{"x":0.167,"y":0.167},"n":"0_1_0p167_0p167","t":270,"s":[285,444.363,0],"e":[298,444.363,0],"to":[0,0,0],"ti":[-2.16666674613953,0,0]},{"i":{"x":0.833,"y":0.833},"o":{"x":0.167,"y":0.167},"n":"0p833_0p833_0p167_0p167","t":280,"s":[298,444.363,0],"e":[298,444.363,0],"to":[0,0,0],"ti":[0,0,0]},{"i":{"x":0,"y":1},"o":{"x":0.167,"y":0.167},"n":"0_1_0p167_0p167","t":320,"s":[298,444.363,0],"e":[298,414.363,0],"to":[0,-5,0],"ti":[0,5,0]},{"t":330.000013441176}]},"a":{"a":0,"k":[0.117,-19.637,0]},"s":{"a":0,"k":[100,100,100]}},"ao":0,"t":{"d":{"k":[{"s":{"s":30,"f":"Gotham-Medium","t":"Finding Location","j":2,"tr":0,"lh":36,"ls":20,"fc":[0.11,0.11,0.11]},"t":0}]},"p":{},"m":{"g":1,"a":{"a":0,"k":[0,0]}},"a":[]},"ip":-133.000005417201,"op":450.000018328876,"st":-133.000005417201,"bm":0,"sr":1},{"ddd":0,"ind":6,"ty":4,"nm":"Shape Layer 1","ks":{"o":{"a":0,"k":100},"r":{"a":0,"k":0},"p":{"a":0,"k":[410,293,0]},"a":{"a":0,"k":[10,-7,0]},"s":{"a":0,"k":[100,100,100]}},"ao":0,"shapes":[{"ty":"gr","it":[{"ind":0,"ty":"sh","ix":1,"ks":{"a":0,"k":{"i":[[1.675,-0.747],[0,0],[-1.62,-0.674],[0,0],[0,0],[-0.715,1.602],[0,0]],"o":[[0,0],[-1.602,0.715],[0,0],[0,0],[0.674,1.62],[0,0],[0.747,-1.675]],"v":[[49.39,-52.032],[-51.176,-7.182],[-51.131,-3.509],[-12.555,12.555],[3.509,51.131],[7.182,51.176],[52.032,-49.39]],"c":true}},"nm":"Path 1","mn":"ADBE Vector Shape - Group"},{"ty":"st","c":{"a":0,"k":[0.105882,0.105882,0.105882,1]},"o":{"a":0,"k":100},"w":{"a":0,"k":9},"lc":1,"lj":1,"ml":4,"nm":"Stroke 1","mn":"ADBE Vector Graphic - Stroke"},{"ty":"fl","c":{"a":0,"k":[0.1058824,0.1058824,0.1058824,1]},"o":{"a":0,"k":100},"r":1,"nm":"Fill 1","mn":"ADBE Vector Graphic - Fill"},{"ty":"tr","p":{"a":0,"k":[0,0],"ix":2},"a":{"a":0,"k":[0,0],"ix":1},"s":{"a":0,"k":[100,100],"ix":3},"r":{"a":0,"k":0,"ix":6},"o":{"a":0,"k":100,"ix":7},"sk":{"a":0,"k":0,"ix":4},"sa":{"a":0,"k":0,"ix":5},"nm":"Transform"}],"nm":"Shape 1","np":3,"cix":2,"ix":1,"mn":"ADBE Vector Group"}],"ip":0,"op":450.000018328876,"st":0,"bm":0,"sr":1},{"ddd":0,"ind":7,"ty":4,"nm":"Shape Layer 8","ks":{"o":{"a":1,"k":[{"i":{"x":[0.667],"y":[1]},"o":{"x":[0.333],"y":[0]},"n":["0p667_1_0p333_0"],"t":130,"s":[5],"e":[10]},{"i":{"x":[0],"y":[1]},"o":{"x":[0.333],"y":[0]},"n":["0_1_0p333_0"],"t":145,"s":[10],"e":[0]},{"t":190.000007738859}]},"r":{"a":0,"k":0},"p":{"a":0,"k":[383.715,289.715,0]},"a":{"a":0,"k":[0,0,0]},"s":{"a":0,"k":[100,100,100]}},"ao":0,"shapes":[{"ty":"gr","it":[{"d":1,"ty":"el","s":{"a":1,"k":[{"i":{"x":[0,0],"y":[1,1]},"o":{"x":[0.167,0.167],"y":[0.167,0.167]},"n":["0_1_0p167_0p167","0_1_0p167_0p167"],"t":130,"s":[38.57,38.57],"e":[350,350]},{"t":190.000007738859}]},"p":{"a":0,"k":[0,0]},"nm":"Ellipse Path 1","mn":"ADBE Vector Shape - Ellipse"},{"ty":"fl","c":{"a":0,"k":[0.1058824,0.1058824,0.1058824,1]},"o":{"a":0,"k":75},"r":1,"nm":"Fill 1","mn":"ADBE Vector Graphic - Fill"},{"ty":"tr","p":{"a":0,"k":[24.285,4.285],"ix":2},"a":{"a":0,"k":[0,0],"ix":1},"s":{"a":0,"k":[100,100],"ix":3},"r":{"a":0,"k":0,"ix":6},"o":{"a":0,"k":100,"ix":7},"sk":{"a":0,"k":0,"ix":4},"sa":{"a":0,"k":0,"ix":5},"nm":"Transform"}],"nm":"Ellipse 1","np":3,"cix":2,"ix":1,"mn":"ADBE Vector Group"}],"ip":0,"op":450.000018328876,"st":0,"bm":0,"sr":1},{"ddd":0,"ind":8,"ty":4,"nm":"Shape Layer 7","ks":{"o":{"a":1,"k":[{"i":{"x":[0.667],"y":[1]},"o":{"x":[0.333],"y":[0]},"n":["0p667_1_0p333_0"],"t":105,"s":[5],"e":[10]},{"i":{"x":[0],"y":[1]},"o":{"x":[0.333],"y":[0]},"n":["0_1_0p333_0"],"t":120,"s":[10],"e":[0]},{"t":165.000006720588}]},"r":{"a":0,"k":0},"p":{"a":0,"k":[383.715,289.715,0]},"a":{"a":0,"k":[0,0,0]},"s":{"a":0,"k":[100,100,100]}},"ao":0,"shapes":[{"ty":"gr","it":[{"d":1,"ty":"el","s":{"a":1,"k":[{"i":{"x":[0,0],"y":[1,1]},"o":{"x":[0.167,0.167],"y":[0.167,0.167]},"n":["0_1_0p167_0p167","0_1_0p167_0p167"],"t":105,"s":[38.57,38.57],"e":[350,350]},{"t":165.000006720588}]},"p":{"a":0,"k":[0,0]},"nm":"Ellipse Path 1","mn":"ADBE Vector Shape - Ellipse"},{"ty":"fl","c":{"a":0,"k":[0.1058824,0.1058824,0.1058824,1]},"o":{"a":0,"k":75},"r":1,"nm":"Fill 1","mn":"ADBE Vector Graphic - Fill"},{"ty":"tr","p":{"a":0,"k":[24.285,4.285],"ix":2},"a":{"a":0,"k":[0,0],"ix":1},"s":{"a":0,"k":[100,100],"ix":3},"r":{"a":0,"k":0,"ix":6},"o":{"a":0,"k":100,"ix":7},"sk":{"a":0,"k":0,"ix":4},"sa":{"a":0,"k":0,"ix":5},"nm":"Transform"}],"nm":"Ellipse 1","np":3,"cix":2,"ix":1,"mn":"ADBE Vector Group"}],"ip":0,"op":450.000018328876,"st":0,"bm":0,"sr":1},{"ddd":0,"ind":9,"ty":4,"nm":"Shape Layer 6","ks":{"o":{"a":1,"k":[{"i":{"x":[0.667],"y":[1]},"o":{"x":[0.333],"y":[0]},"n":["0p667_1_0p333_0"],"t":25,"s":[5],"e":[10]},{"i":{"x":[0],"y":[1]},"o":{"x":[0.333],"y":[0]},"n":["0_1_0p333_0"],"t":40,"s":[10],"e":[0]},{"t":85.000003462121}]},"r":{"a":0,"k":0},"p":{"a":0,"k":[383.715,289.715,0]},"a":{"a":0,"k":[0,0,0]},"s":{"a":0,"k":[100,100,100]}},"ao":0,"shapes":[{"ty":"gr","it":[{"d":1,"ty":"el","s":{"a":1,"k":[{"i":{"x":[0,0],"y":[1,1]},"o":{"x":[0.167,0.167],"y":[0.167,0.167]},"n":["0_1_0p167_0p167","0_1_0p167_0p167"],"t":25,"s":[38.57,38.57],"e":[350,350]},{"t":85.000003462121}]},"p":{"a":0,"k":[0,0]},"nm":"Ellipse Path 1","mn":"ADBE Vector Shape - Ellipse"},{"ty":"fl","c":{"a":0,"k":[0.1058824,0.1058824,0.1058824,1]},"o":{"a":0,"k":75},"r":1,"nm":"Fill 1","mn":"ADBE Vector Graphic - Fill"},{"ty":"tr","p":{"a":0,"k":[24.285,4.285],"ix":2},"a":{"a":0,"k":[0,0],"ix":1},"s":{"a":0,"k":[100,100],"ix":3},"r":{"a":0,"k":0,"ix":6},"o":{"a":0,"k":100,"ix":7},"sk":{"a":0,"k":0,"ix":4},"sa":{"a":0,"k":0,"ix":5},"nm":"Transform"}],"nm":"Ellipse 1","np":3,"cix":2,"ix":1,"mn":"ADBE Vector Group"}],"ip":0,"op":450.000018328876,"st":0,"bm":0,"sr":1},{"ddd":0,"ind":10,"ty":4,"nm":"Shape Layer 5","ks":{"o":{"a":1,"k":[{"i":{"x":[0.667],"y":[1]},"o":{"x":[0.333],"y":[0]},"n":["0p667_1_0p333_0"],"t":0,"s":[5],"e":[10]},{"i":{"x":[0],"y":[1]},"o":{"x":[0.333],"y":[0]},"n":["0_1_0p333_0"],"t":15,"s":[10],"e":[0]},{"t":60.0000024438501}]},"r":{"a":0,"k":0},"p":{"a":0,"k":[383.715,289.715,0]},"a":{"a":0,"k":[0,0,0]},"s":{"a":0,"k":[100,100,100]}},"ao":0,"shapes":[{"ty":"gr","it":[{"d":1,"ty":"el","s":{"a":1,"k":[{"i":{"x":[0,0],"y":[1,1]},"o":{"x":[0.167,0.167],"y":[0.167,0.167]},"n":["0_1_0p167_0p167","0_1_0p167_0p167"],"t":0,"s":[38.57,38.57],"e":[350,350]},{"t":60.0000024438501}]},"p":{"a":0,"k":[0,0]},"nm":"Ellipse Path 1","mn":"ADBE Vector Shape - Ellipse"},{"ty":"fl","c":{"a":0,"k":[0.1058824,0.1058824,0.1058824,1]},"o":{"a":0,"k":75},"r":1,"nm":"Fill 1","mn":"ADBE Vector Graphic - Fill"},{"ty":"tr","p":{"a":0,"k":[24.285,4.285],"ix":2},"a":{"a":0,"k":[0,0],"ix":1},"s":{"a":0,"k":[100,100],"ix":3},"r":{"a":0,"k":0,"ix":6},"o":{"a":0,"k":100,"ix":7},"sk":{"a":0,"k":0,"ix":4},"sa":{"a":0,"k":0,"ix":5},"nm":"Transform"}],"nm":"Ellipse 1","np":3,"cix":2,"ix":1,"mn":"ADBE Vector Group"}],"ip":0,"op":450.000018328876,"st":0,"bm":0,"sr":1}],"chars":[{"ch":"F","size":30,"style":"Medium","w":65.6,"data":{"shapes":[{"ty":"gr","it":[{"ind":0,"ty":"sh","ix":1,"ks":{"a":0,"k":{"i":[[9.064,0],[21.451,0],[21.451,-28.702],[57.001,-28.702],[57.001,-39.981],[21.451,-39.981],[21.451,-59.216],[61.533,-59.216],[61.533,-70.496],[9.064,-70.496]],"o":[[9.064,0],[21.451,0],[21.451,-28.702],[57.001,-28.702],[57.001,-39.981],[21.451,-39.981],[21.451,-59.216],[61.533,-59.216],[61.533,-70.496],[9.064,-70.496]],"v":[[9.064,0],[21.451,0],[21.451,-28.702],[57.001,-28.702],[57.001,-39.981],[21.451,-39.981],[21.451,-59.216],[61.533,-59.216],[61.533,-70.496],[9.064,-70.496]],"c":true}},"nm":"F","mn":"ADBE Vector Shape - Group"}],"nm":"F","np":3,"cix":2,"ix":1,"mn":"ADBE Vector Group"},{"ty":"gr","it":[{"ind":0,"ty":"sh","ix":1,"ks":{"a":0,"k":{"i":[[0,0],[0,0],[0,0],[0,0],[0,0],[0,0],[0,0],[0,0],[0,0],[0,0]],"o":[[0,0],[0,0],[0,0],[0,0],[0,0],[0,0],[0,0],[0,0],[0,0],[0,0]],"v":[[74.663,0],[87.05,0],[87.05,-28.702],[122.6,-28.702],[122.6,-39.981],[87.05,-39.981],[87.05,-59.216],[127.132,-59.216],[127.132,-70.496],[74.663,-70.496]],"c":true}},"nm":"F","mn":"ADBE Vector Shape - Group"}],"nm":"F","np":3,"cix":2,"ix":2,"mn":"ADBE Vector Group"}]},"fFamily":"Gotham"},{"ch":"i","size":30,"style":"Medium","w":28.6,"data":{"shapes":[{"ty":"gr","it":[{"ind":0,"ty":"sh","ix":1,"ks":{"a":0,"k":{"i":[[7.855,-61.331],[20.947,-61.331],[20.947,-72.913],[7.855,-72.913]],"o":[[7.855,-61.331],[20.947,-61.331],[20.947,-72.913],[7.855,-72.913]],"v":[[7.855,-61.331],[20.947,-61.331],[20.947,-72.913],[7.855,-72.913]],"c":true}},"nm":"i","mn":"ADBE Vector Shape - Group"},{"ind":1,"ty":"sh","ix":2,"ks":{"a":0,"k":{"i":[[8.359,0],[20.544,0],[20.544,-53.174],[8.359,-53.174]],"o":[[8.359,0],[20.544,0],[20.544,-53.174],[8.359,-53.174]],"v":[[8.359,0],[20.544,0],[20.544,-53.174],[8.359,-53.174]],"c":true}},"nm":"i","mn":"ADBE Vector Shape - Group"}],"nm":"i","np":5,"cix":2,"ix":1,"mn":"ADBE Vector Group"},{"ty":"gr","it":[{"ind":0,"ty":"sh","ix":1,"ks":{"a":0,"k":{"i":[[0,0],[0,0],[0,0],[0,0]],"o":[[0,0],[0,0],[0,0],[0,0]],"v":[[36.455,-61.331],[49.547,-61.331],[49.547,-72.913],[36.455,-72.913]],"c":true}},"nm":"i","mn":"ADBE Vector Shape - Group"},{"ind":1,"ty":"sh","ix":2,"ks":{"a":0,"k":{"i":[[0,0],[0,0],[0,0],[0,0]],"o":[[0,0],[0,0],[0,0],[0,0]],"v":[[36.958,0],[49.144,0],[49.144,-53.174],[36.958,-53.174]],"c":true}},"nm":"i","mn":"ADBE Vector Shape - Group"},{"ty":"mm","mm":1,"nm":"Merge Paths 1","mn":"ADBE Vector Filter - Merge"}],"nm":"i","np":5,"cix":2,"ix":2,"mn":"ADBE Vector Group"}]},"fFamily":"Gotham"},{"ch":"n","size":30,"style":"Medium","w":62,"data":{"shapes":[{"ty":"gr","it":[{"ind":0,"ty":"sh","ix":1,"ks":{"a":0,"k":{"i":[[7.654,0],[19.839,0],[19.839,-30.011],[24.774,-43.204],[43.204,-38.47],[43.204,0],[55.389,0],[55.389,-33.939],[48.44,-54.282],[23.263,-49.951],[19.839,-53.174],[7.654,-53.174]],"o":[[7.654,0],[19.839,0],[19.839,-38.269],[39.075,-43.204],[43.204,-30.212],[43.204,0],[55.389,0],[55.389,-46.225],[28.198,-54.282],[19.839,-45.016],[19.839,-53.174],[7.654,-53.174]],"v":[[7.654,0],[19.839,0],[19.839,-30.011],[31.824,-43.204],[43.204,-30.212],[43.204,0],[55.389,0],[55.389,-33.939],[36.456,-54.282],[19.839,-45.016],[19.839,-53.174],[7.654,-53.174]],"c":true}},"nm":"n","mn":"ADBE Vector Shape - Group"}],"nm":"n","np":3,"cix":2,"ix":1,"mn":"ADBE Vector Group"},{"ty":"gr","it":[{"ind":0,"ty":"sh","ix":1,"ks":{"a":0,"k":{"i":[[0,0],[0,0],[0,0],[-7.05,0],[0,-8.258],[0,0],[0,0],[0,0],[11.984,0],[3.424,-4.935],[0,0],[0,0]],"o":[[0,0],[0,0],[0,-8.258],[7.251,0],[0,0],[0,0],[0,0],[0,-12.286],[-8.258,0],[0,0],[0,0],[0,0]],"v":[[69.653,0],[81.839,0],[81.839,-30.011],[93.823,-43.204],[105.203,-30.212],[105.203,0],[117.389,0],[117.389,-33.939],[98.456,-54.282],[81.839,-45.016],[81.839,-53.174],[69.653,-53.174]],"c":true}},"nm":"n","mn":"ADBE Vector Shape - Group"}],"nm":"n","np":3,"cix":2,"ix":2,"mn":"ADBE Vector Group"}]},"fFamily":"Gotham"},{"ch":"d","size":30,"style":"Medium","w":67.1,"data":{"shapes":[{"ty":"gr","it":[{"ind":0,"ty":"sh","ix":1,"ks":{"a":0,"k":{"i":[[17.12,1.108],[43.808,-3.323],[47.736,0],[59.921,0],[59.921,-73.517],[47.736,-73.517],[47.736,-44.916],[38.37,-54.282],[4.935,-44.312],[4.935,-26.486]],"o":[[38.269,1.108],[47.736,-8.862],[47.736,0],[59.921,0],[59.921,-73.517],[47.736,-73.517],[43.909,-49.951],[16.919,-54.282],[4.935,-26.688],[4.935,-8.862]],"v":[[29.608,1.108],[47.736,-8.862],[47.736,0],[59.921,0],[59.921,-73.517],[47.736,-73.517],[47.736,-44.916],[29.608,-54.282],[4.935,-26.688],[4.935,-26.486]],"c":true}},"nm":"d","mn":"ADBE Vector Shape - Group"},{"ind":1,"ty":"sh","ix":2,"ks":{"a":0,"k":{"i":[[40.686,-9.467],[17.221,-16.214],[17.221,-26.688],[24.17,-43.707],[47.937,-36.96],[47.937,-26.486]],"o":[[24.271,-9.467],[17.221,-26.486],[17.221,-37.262],[40.686,-43.707],[47.937,-26.688],[47.937,-16.314]],"v":[[32.529,-9.467],[17.221,-26.486],[17.221,-26.688],[32.529,-43.707],[47.937,-26.688],[47.937,-26.486]],"c":true}},"nm":"d","mn":"ADBE Vector Shape - Group"}],"nm":"d","np":5,"cix":2,"ix":1,"mn":"ADBE Vector Group"},{"ty":"gr","it":[{"ind":0,"ty":"sh","ix":1,"ks":{"a":0,"k":{"i":[[-12.488,0],[-3.928,5.539],[0,0],[0,0],[0,0],[0,0],[0,0],[8.762,0],[0,-17.624],[0,0]],"o":[[8.661,0],[0,0],[0,0],[0,0],[0,0],[0,0],[-3.827,-5.035],[-12.689,0],[0,0],[0,17.624]],"v":[[96.707,1.108],[114.835,-8.862],[114.835,0],[127.02,0],[127.02,-73.517],[114.835,-73.517],[114.835,-44.916],[96.707,-54.282],[72.034,-26.688],[72.034,-26.486]],"c":true}},"nm":"d","mn":"ADBE Vector Shape - Group"},{"ind":1,"ty":"sh","ix":2,"ks":{"a":0,"k":{"i":[[8.157,0],[0,10.272],[0,0],[-8.359,0],[0,-10.272],[0,0]],"o":[[-8.258,0],[0,0],[0,-10.574],[8.157,0],[0,0],[0,10.172]],"v":[[99.628,-9.467],[84.32,-26.486],[84.32,-26.688],[99.628,-43.707],[115.036,-26.688],[115.036,-26.486]],"c":true}},"nm":"d","mn":"ADBE Vector Shape - Group"},{"ty":"mm","mm":1,"nm":"Merge Paths 1","mn":"ADBE Vector Filter - Merge"}],"nm":"d","np":5,"cix":2,"ix":2,"mn":"ADBE Vector Group"}]},"fFamily":"Gotham"},{"ch":"g","size":30,"style":"Medium","w":67.1,"data":{"shapes":[{"ty":"gr","it":[{"ind":0,"ty":"sh","ix":1,"ks":{"a":0,"k":{"i":[[22.558,16.315],[48.34,13.998],[59.921,-1.913],[59.921,-53.174],[47.736,-53.174],[47.736,-45.218],[38.068,-54.282],[4.935,-45.016],[4.935,-29.105],[16.617,-4.23],[43.405,-8.258],[47.836,-9.869],[41.894,6.445],[17.825,4.331],[7.553,9.97]],"o":[[40.887,16.315],[57.605,4.733],[59.921,-10.876],[59.921,-53.174],[47.736,-53.174],[43.607,-50.153],[16.718,-54.282],[4.935,-29.306],[4.935,-13.495],[37.867,-4.23],[47.836,-13.998],[47.836,0.806],[23.767,6.445],[12.085,0.806],[14.401,14.099]],"v":[[31.32,16.315],[53.174,9.164],[59.921,-10.876],[59.921,-53.174],[47.736,-53.174],[47.736,-45.218],[29.105,-54.282],[4.935,-29.306],[4.935,-29.105],[29.105,-4.23],[47.836,-13.998],[47.836,-9.869],[31.018,6.445],[12.085,0.806],[7.553,9.97]],"c":true}},"nm":"g","mn":"ADBE Vector Shape - Group"},{"ind":1,"ty":"sh","ix":2,"ks":{"a":0,"k":{"i":[[40.786,-14.603],[17.221,-20.544],[17.221,-29.407],[23.868,-44.009],[47.937,-38.068],[47.937,-29.205]],"o":[[23.968,-14.603],[17.221,-29.205],[17.221,-38.169],[40.786,-44.009],[47.937,-29.407],[47.937,-20.544]],"v":[[32.327,-14.603],[17.221,-29.205],[17.221,-29.407],[32.327,-44.009],[47.937,-29.407],[47.937,-29.205]],"c":true}},"nm":"g","mn":"ADBE Vector Shape - Group"}],"nm":"g","np":5,"cix":2,"ix":1,"mn":"ADBE Vector Group"},{"ty":"gr","it":[{"ind":0,"ty":"sh","ix":1,"ks":{"a":0,"k":{"i":[[-8.762,0],[-4.834,4.834],[0,8.963],[0,0],[0,0],[0,0],[8.963,0],[0,-15.71],[0,0],[-12.488,0],[-4.431,5.74],[0,0],[10.876,0],[5.74,3.525],[0,0]],"o":[[9.567,0],[4.431,-4.431],[0,0],[0,0],[0,0],[-4.129,-4.935],[-12.387,0],[0,0],[0,15.61],[8.762,0],[0,0],[0,10.675],[-7.251,0],[0,0],[6.848,4.129]],"v":[[98.419,16.315],[120.273,9.164],[127.02,-10.876],[127.02,-53.174],[114.835,-53.174],[114.835,-45.218],[96.204,-54.282],[72.034,-29.306],[72.034,-29.105],[96.204,-4.23],[114.935,-13.998],[114.935,-9.869],[98.117,6.445],[79.184,0.806],[74.652,9.97]],"c":true}},"nm":"g","mn":"ADBE Vector Shape - Group"},{"ind":1,"ty":"sh","ix":2,"ks":{"a":0,"k":{"i":[[8.459,0],[0,8.661],[0,0],[-8.459,0],[0,-8.661],[0,0]],"o":[[-8.359,0],[0,0],[0,-8.762],[8.459,0],[0,0],[0,8.661]],"v":[[99.426,-14.603],[84.32,-29.205],[84.32,-29.407],[99.426,-44.009],[115.036,-29.407],[115.036,-29.205]],"c":true}},"nm":"g","mn":"ADBE Vector Shape - Group"},{"ty":"mm","mm":1,"nm":"Merge Paths 1","mn":"ADBE Vector Filter - Merge"}],"nm":"g","np":5,"cix":2,"ix":2,"mn":"ADBE Vector Group"}]},"fFamily":"Gotham"},{"ch":" ","size":30,"style":"Medium","w":30,"data":{},"fFamily":"Gotham"},{"ch":"L","size":30,"style":"Medium","w":61.9,"data":{"shapes":[{"ty":"gr","it":[{"ind":0,"ty":"sh","ix":1,"ks":{"a":0,"k":{"i":[[9.064,0],[58.511,0],[58.511,-11.279],[21.451,-11.279],[21.451,-70.496],[9.064,-70.496]],"o":[[9.064,0],[58.511,0],[58.511,-11.279],[21.451,-11.279],[21.451,-70.496],[9.064,-70.496]],"v":[[9.064,0],[58.511,0],[58.511,-11.279],[21.451,-11.279],[21.451,-70.496],[9.064,-70.496]],"c":true}},"nm":"L","mn":"ADBE Vector Shape - Group"}],"nm":"L","np":3,"cix":2,"ix":1,"mn":"ADBE Vector Group"},{"ty":"gr","it":[{"ind":0,"ty":"sh","ix":1,"ks":{"a":0,"k":{"i":[[0,0],[0,0],[0,0],[0,0],[0,0],[0,0]],"o":[[0,0],[0,0],[0,0],[0,0],[0,0],[0,0]],"v":[[70.963,0],[120.41,0],[120.41,-11.279],[83.35,-11.279],[83.35,-70.496],[70.963,-70.496]],"c":true}},"nm":"L","mn":"ADBE Vector Shape - Group"}],"nm":"L","np":3,"cix":2,"ix":2,"mn":"ADBE Vector Group"}]},"fFamily":"Gotham"},{"ch":"o","size":30,"style":"Medium","w":65.7,"data":{"shapes":[{"ty":"gr","it":[{"ind":0,"ty":"sh","ix":1,"ks":{"a":0,"k":{"i":[[16.718,1.208],[61.432,-11.38],[61.432,-26.688],[49.448,-54.282],[4.733,-41.693],[4.733,-26.285]],"o":[[49.347,1.208],[61.432,-26.486],[61.432,-41.895],[16.818,-54.282],[4.733,-26.486],[4.733,-11.179]],"v":[[32.932,1.208],[61.432,-26.486],[61.432,-26.688],[33.133,-54.282],[4.733,-26.486],[4.733,-26.285]],"c":true}},"nm":"o","mn":"ADBE Vector Shape - Group"},{"ind":1,"ty":"sh","ix":2,"ks":{"a":0,"k":{"i":[[43.002,-9.467],[16.919,-17.221],[16.919,-26.688],[23.163,-43.607],[49.246,-35.852],[49.246,-26.285]],"o":[[23.666,-9.467],[16.919,-26.486],[16.919,-35.953],[42.499,-43.607],[49.246,-26.486],[49.246,-17.121]],"v":[[33.133,-9.467],[16.919,-26.486],[16.919,-26.688],[32.932,-43.607],[49.246,-26.486],[49.246,-26.285]],"c":true}},"nm":"o","mn":"ADBE Vector Shape - Group"}],"nm":"o","np":5,"cix":2,"ix":1,"mn":"ADBE Vector Group"},{"ty":"gr","it":[{"ind":0,"ty":"sh","ix":1,"ks":{"a":0,"k":{"i":[[-16.214,0],[0,15.106],[0,0],[16.315,0],[0,-15.207],[0,0]],"o":[[16.415,0],[0,0],[0,-15.207],[-16.315,0],[0,0],[0,15.106]],"v":[[98.631,1.208],[127.132,-26.486],[127.132,-26.688],[98.833,-54.282],[70.433,-26.486],[70.433,-26.285]],"c":true}},"nm":"o","mn":"ADBE Vector Shape - Group"},{"ind":1,"ty":"sh","ix":2,"ks":{"a":0,"k":{"i":[[9.869,0],[0,9.265],[0,0],[-9.769,0],[0,-9.366],[0,0]],"o":[[-9.467,0],[0,0],[0,-9.265],[9.567,0],[0,0],[0,9.164]],"v":[[98.833,-9.467],[82.619,-26.486],[82.619,-26.688],[98.631,-43.607],[114.946,-26.486],[114.946,-26.285]],"c":true}},"nm":"o","mn":"ADBE Vector Shape - Group"},{"ty":"mm","mm":1,"nm":"Merge Paths 1","mn":"ADBE Vector Filter - Merge"}],"nm":"o","np":5,"cix":2,"ix":2,"mn":"ADBE Vector Group"}]},"fFamily":"Gotham"},{"ch":"c","size":30,"style":"Medium","w":55.6,"data":{"shapes":[{"ty":"gr","it":[{"ind":0,"ty":"sh","ix":1,"ks":{"a":0,"k":{"i":[[16.416,1.208],[48.742,-2.921],[46.628,-16.013],[38.571,-9.467],[16.919,-17.019],[16.919,-26.688],[23.465,-43.607],[42.298,-40.888],[53.677,-45.117],[42.398,-54.282],[4.733,-41.592],[4.733,-26.285]],"o":[[42.6,1.208],[53.979,-8.762],[42.801,-12.085],[23.465,-9.467],[16.919,-26.486],[16.919,-35.953],[38.369,-43.607],[46.024,-36.96],[48.642,-50.555],[16.415,-54.282],[4.733,-26.486],[4.733,-11.179]],"v":[[32.227,1.208],[53.979,-8.762],[46.628,-16.013],[32.831,-9.467],[16.919,-26.486],[16.919,-26.688],[32.327,-43.607],[46.024,-36.96],[53.677,-45.117],[32.428,-54.282],[4.733,-26.486],[4.733,-26.285]],"c":true}},"nm":"c","mn":"ADBE Vector Shape - Group"}],"nm":"c","np":3,"cix":2,"ix":1,"mn":"ADBE Vector Group"},{"ty":"gr","it":[{"ind":0,"ty":"sh","ix":1,"ks":{"a":0,"k":{"i":[[-15.811,0],[-5.237,5.841],[0,0],[5.74,0],[0,9.467],[0,0],[-8.862,0],[-3.726,-3.928],[0,0],[9.97,0],[0,-15.106],[0,0]],"o":[[10.373,0],[0,0],[-3.827,3.928],[-9.366,0],[0,0],[0,-9.265],[6.042,0],[0,0],[-5.035,-5.438],[-16.013,0],[0,0],[0,15.106]],"v":[[87.827,1.208],[109.579,-8.762],[102.228,-16.013],[88.431,-9.467],[72.519,-26.486],[72.519,-26.688],[87.927,-43.607],[101.624,-36.96],[109.277,-45.117],[88.028,-54.282],[60.333,-26.486],[60.333,-26.285]],"c":true}},"nm":"c","mn":"ADBE Vector Shape - Group"}],"nm":"c","np":3,"cix":2,"ix":2,"mn":"ADBE Vector Group"}]},"fFamily":"Gotham"},{"ch":"a","size":30,"style":"Medium","w":58.7,"data":{"shapes":[{"ty":"gr","it":[{"ind":0,"ty":"sh","ix":1,"ks":{"a":0,"k":{"i":[[12.991,1.108],[36.658,-2.317],[40.283,0],[52.167,0],[52.167,-31.522],[50.354,-44.11],[36.758,-53.879],[14.603,-52.166],[11.984,-39.981],[21.249,-43.304],[40.384,-39.276],[40.384,-30.414],[32.025,-32.629],[4.129,-26.99],[4.129,-15.308]],"o":[[31.118,1.108],[40.283,-6.647],[40.283,0],[52.167,0],[52.167,-38.471],[42.7,-51.764],[20.343,-53.879],[8.762,-49.548],[16.818,-41.995],[35.751,-43.304],[40.384,-31.723],[36.255,-31.723],[13.092,-32.629],[4.129,-15.509],[4.129,-4.633]],"v":[[22.961,1.108],[40.283,-6.647],[40.283,0],[52.167,0],[52.167,-31.522],[46.426,-47.937],[28.802,-53.879],[8.762,-49.548],[11.984,-39.981],[27.191,-43.304],[40.384,-31.723],[40.384,-30.414],[26.083,-32.629],[4.129,-15.509],[4.129,-15.308]],"c":true}},"nm":"a","mn":"ADBE Vector Shape - Group"},{"ind":1,"ty":"sh","ix":2,"ks":{"a":0,"k":{"i":[[34.442,-7.755],[16.013,-10.675],[16.013,-16.013],[20.645,-24.875],[37.463,-23.968],[40.585,-19.135]],"o":[[20.544,-7.755],[16.013,-15.811],[16.013,-21.552],[33.334,-24.875],[40.585,-22.76],[40.585,-12.388]],"v":[[26.385,-7.755],[16.013,-15.811],[16.013,-16.013],[28.5,-24.875],[40.585,-22.76],[40.585,-19.135]],"c":true}},"nm":"a","mn":"ADBE Vector Shape - Group"}],"nm":"a","np":5,"cix":2,"ix":1,"mn":"ADBE Vector Group"},{"ty":"gr","it":[{"ind":0,"ty":"sh","ix":1,"ks":{"a":0,"k":{"i":[[-9.97,0],[-3.625,4.33],[0,0],[0,0],[0,0],[3.928,3.827],[7.956,0],[5.841,-2.618],[0,0],[-5.942,0],[0,-7.553],[0,0],[5.942,0],[0,-11.481],[0,0]],"o":[[8.157,0],[0,0],[0,0],[0,0],[0,-6.949],[-3.726,-3.827],[-8.459,0],[0,0],[4.834,-2.014],[8.56,0],[0,0],[-4.129,-1.309],[-12.991,0],[0,0],[0,10.675]],"v":[[81.66,1.108],[98.982,-6.647],[98.982,0],[110.866,0],[110.866,-31.522],[105.125,-47.937],[87.502,-53.879],[67.461,-49.548],[70.683,-39.981],[85.89,-43.304],[99.083,-31.723],[99.083,-30.414],[84.782,-32.629],[62.828,-15.509],[62.828,-15.308]],"c":true}},"nm":"a","mn":"ADBE Vector Shape - Group"},{"ind":1,"ty":"sh","ix":2,"ks":{"a":0,"k":{"i":[[8.057,0],[0,5.136],[0,0],[-7.855,0],[-3.122,-1.208],[0,0]],"o":[[-5.841,0],[0,0],[0,-5.539],[4.834,0],[0,0],[0,6.747]],"v":[[85.085,-7.755],[74.712,-15.811],[74.712,-16.013],[87.199,-24.875],[99.284,-22.76],[99.284,-19.135]],"c":true}},"nm":"a","mn":"ADBE Vector Shape - Group"},{"ty":"mm","mm":1,"nm":"Merge Paths 1","mn":"ADBE Vector Filter - Merge"}],"nm":"a","np":5,"cix":2,"ix":2,"mn":"ADBE Vector Group"}]},"fFamily":"Gotham"},{"ch":"t","size":30,"style":"Medium","w":41.1,"data":{"shapes":[{"ty":"gr","it":[{"ind":0,"ty":"sh","ix":1,"ks":{"a":0,"k":{"i":[[16.516,0.906],[33.435,-0.101],[36.456,-11.783],[31.622,-9.97],[22.357,-11.884],[22.357,-42.7],[36.658,-42.7],[36.658,-53.174],[22.357,-53.174],[22.357,-67.776],[10.172,-67.776],[10.172,-53.174],[3.424,-53.174],[3.424,-42.7],[10.172,-42.7],[10.172,-14.703]],"o":[[30.112,0.906],[36.456,-1.813],[34.039,-10.575],[24.774,-9.97],[22.357,-16.617],[22.357,-42.7],[36.658,-42.7],[36.658,-53.174],[22.357,-53.174],[22.357,-67.776],[10.172,-67.776],[10.172,-53.174],[3.424,-53.174],[3.424,-42.7],[10.172,-42.7],[10.172,-3.021]],"v":[[25.479,0.906],[36.456,-1.813],[36.456,-11.783],[28.903,-9.97],[22.357,-16.617],[22.357,-42.7],[36.658,-42.7],[36.658,-53.174],[22.357,-53.174],[22.357,-67.776],[10.172,-67.776],[10.172,-53.174],[3.424,-53.174],[3.424,-42.7],[10.172,-42.7],[10.172,-14.703]],"c":true}},"nm":"t","mn":"ADBE Vector Shape - Group"}],"nm":"t","np":3,"cix":2,"ix":1,"mn":"ADBE Vector Group"},{"ty":"gr","it":[{"ind":0,"ty":"sh","ix":1,"ks":{"a":0,"k":{"i":[[-8.963,0],[-3.021,1.712],[0,0],[2.719,0],[0,4.733],[0,0],[0,0],[0,0],[0,0],[0,0],[0,0],[0,0],[0,0],[0,0],[0,0],[0,0]],"o":[[4.633,0],[0,0],[-2.417,1.208],[-4.129,0],[0,0],[0,0],[0,0],[0,0],[0,0],[0,0],[0,0],[0,0],[0,0],[0,0],[0,0],[0,11.682]],"v":[[66.579,0.906],[77.556,-1.813],[77.556,-11.783],[70.003,-9.97],[63.457,-16.617],[63.457,-42.7],[77.757,-42.7],[77.757,-53.174],[63.457,-53.174],[63.457,-67.776],[51.271,-67.776],[51.271,-53.174],[44.524,-53.174],[44.524,-42.7],[51.271,-42.7],[51.271,-14.703]],"c":true}},"nm":"t","mn":"ADBE Vector Shape - Group"}],"nm":"t","np":3,"cix":2,"ix":2,"mn":"ADBE Vector Group"}]},"fFamily":"Gotham"},{"ch":"u","size":30,"style":"Medium","w":62,"data":{"shapes":[{"ty":"gr","it":[{"ind":0,"ty":"sh","ix":1,"ks":{"a":0,"k":{"i":[[13.999,1.108],[39.175,-3.223],[42.599,0],[54.886,0],[54.886,-53.174],[42.599,-53.174],[42.599,-23.163],[37.665,-10.071],[19.235,-14.703],[19.235,-53.174],[7.05,-53.174],[7.05,-19.336]],"o":[[34.241,1.108],[42.599,-8.258],[42.599,0],[54.886,0],[54.886,-53.174],[42.599,-53.174],[42.599,-14.905],[23.364,-10.071],[19.235,-22.961],[19.235,-53.174],[7.05,-53.174],[7.05,-6.949]],"v":[[25.983,1.108],[42.599,-8.258],[42.599,0],[54.886,0],[54.886,-53.174],[42.599,-53.174],[42.599,-23.163],[30.615,-10.071],[19.235,-22.961],[19.235,-53.174],[7.05,-53.174],[7.05,-19.336]],"c":true}},"nm":"u","mn":"ADBE Vector Shape - Group"}],"nm":"u","np":3,"cix":2,"ix":1,"mn":"ADBE Vector Group"},{"ty":"gr","it":[{"ind":0,"ty":"sh","ix":1,"ks":{"a":0,"k":{"i":[[-11.984,0],[-3.424,5.035],[0,0],[0,0],[0,0],[0,0],[0,0],[7.05,0],[0,8.258],[0,0],[0,0],[0,0]],"o":[[8.258,0],[0,0],[0,0],[0,0],[0,0],[0,0],[0,8.258],[-7.251,0],[0,0],[0,0],[0,0],[0,12.387]],"v":[[87.982,1.108],[104.599,-8.258],[104.599,0],[116.885,0],[116.885,-53.174],[104.599,-53.174],[104.599,-23.163],[92.615,-10.071],[81.235,-22.961],[81.235,-53.174],[69.049,-53.174],[69.049,-19.336]],"c":true}},"nm":"u","mn":"ADBE Vector Shape - Group"}],"nm":"u","np":3,"cix":2,"ix":2,"mn":"ADBE Vector Group"}]},"fFamily":"Gotham"},{"ch":"s","size":30,"style":"Medium","w":49.1,"data":{"shapes":[{"ty":"gr","it":[{"ind":0,"ty":"sh","ix":1,"ks":{"a":0,"k":{"i":[[18.329,1.007],[45.621,-4.531],[45.621,-15.912],[36.86,-29.004],[17.12,-35.046],[17.12,-39.175],[19.84,-44.412],[34.442,-42.499],[44.412,-48.038],[31.522,-54.08],[5.942,-47.937],[5.942,-37.665],[14.704,-24.271],[34.442,-18.732],[34.442,-14.401],[31.421,-8.661],[14.603,-10.877],[3.323,-6.949]],"o":[[36.96,1.007],[45.621,-15.71],[45.621,-25.479],[22.861,-33.435],[17.12,-38.974],[17.12,-42.196],[29.004,-44.412],[39.578,-39.377],[38.772,-51.764],[14.301,-54.08],[5.942,-37.866],[5.942,-27.493],[28.803,-20.142],[34.442,-14.603],[34.442,-10.876],[20.746,-8.661],[8.762,-15.207],[9.97,-1.712]],"v":[[25.882,1.007],[45.621,-15.71],[45.621,-15.912],[29.105,-31.421],[17.12,-38.974],[17.12,-39.175],[24.573,-44.412],[39.578,-39.377],[44.412,-48.038],[24.875,-54.08],[5.942,-37.866],[5.942,-37.665],[22.559,-22.055],[34.442,-14.603],[34.442,-14.401],[26.184,-8.661],[8.762,-15.207],[3.323,-6.949]],"c":true}},"nm":"s","mn":"ADBE Vector Shape - Group"}],"nm":"s","np":3,"cix":2,"ix":1,"mn":"ADBE Vector Group"},{"ty":"gr","it":[{"ind":0,"ty":"sh","ix":1,"ks":{"a":0,"k":{"i":[[-7.553,0],[0,11.179],[0,0],[7.755,2.417],[0,3.928],[0,0],[-4.733,0],[-5.136,-3.122],[0,0],[6.647,0],[0,-10.071],[0,0],[-7.855,-2.216],[0,-4.129],[0,0],[5.237,0],[5.841,4.33],[0,0]],"o":[[11.078,0],[0,0],[0,-9.567],[-6.244,-2.014],[0,0],[0,-3.021],[4.431,0],[0,0],[-5.64,-3.726],[-10.574,0],[0,0],[0,10.172],[6.244,1.913],[0,0],[0,3.525],[-5.438,0],[0,0],[6.647,5.237]],"v":[[74.982,1.007],[94.72,-15.71],[94.72,-15.912],[78.204,-31.421],[66.22,-38.974],[66.22,-39.175],[73.672,-44.412],[88.678,-39.377],[93.512,-48.038],[73.975,-54.08],[55.042,-37.866],[55.042,-37.665],[71.658,-22.055],[83.542,-14.603],[83.542,-14.401],[75.284,-8.661],[57.861,-15.207],[52.423,-6.949]],"c":true}},"nm":"s","mn":"ADBE Vector Shape - Group"}],"nm":"s","np":3,"cix":2,"ix":2,"mn":"ADBE Vector Group"}]},"fFamily":"Gotham"}]}