{"v":"4.6.8","fr":25,"ip":0,"op":125,"w":1000,"h":3000,"nm":"fba_animate","ddd":0,"assets":[{"id":"image_0","w":380,"h":380,"u":"images/","p":"ic_picture.png"},{"id":"image_1","w":380,"h":380,"u":"images/","p":"ic_camera.png"},{"id":"image_2","w":380,"h":380,"u":"images/","p":"ic_done.png"},{"id":"comp_2","layers":[{"ddd":0,"ind":1,"ty":4,"nm":"plus_hor","ks":{"o":{"a":0,"k":100},"r":{"a":0,"k":0},"p":{"a":0,"k":[375,375,0]},"a":{"a":0,"k":[225,-272,0]},"s":{"a":0,"k":[100,100,100]}},"ao":0,"shapes":[{"ty":"gr","it":[{"ty":"rc","d":1,"s":{"a":0,"k":[140,20]},"p":{"a":0,"k":[0,0]},"r":{"a":0,"k":0},"nm":"Rectangle Path 1","mn":"ADBE Vector Shape - Rect"},{"ty":"fl","c":{"a":0,"k":[1,1,1,1]},"o":{"a":0,"k":100},"r":1,"nm":"Fill 1","mn":"ADBE Vector Graphic - Fill"},{"ty":"tr","p":{"a":0,"k":[225,-272],"ix":2},"a":{"a":0,"k":[0,0],"ix":1},"s":{"a":0,"k":[100,100],"ix":3},"r":{"a":0,"k":0,"ix":6},"o":{"a":0,"k":100,"ix":7},"sk":{"a":0,"k":0,"ix":4},"sa":{"a":0,"k":0,"ix":5},"nm":"Transform"}],"nm":"Rectangle 1","np":3,"cix":2,"ix":1,"mn":"ADBE Vector Group"}],"ip":0,"op":126,"st":0,"bm":0,"sr":1},{"ddd":0,"ind":2,"ty":4,"nm":"plus_ver","ks":{"o":{"a":0,"k":100},"r":{"a":0,"k":90},"p":{"a":0,"k":[375,375,0]},"a":{"a":0,"k":[225,-272,0]},"s":{"a":0,"k":[100,100,100]}},"ao":0,"shapes":[{"ty":"gr","it":[{"ty":"rc","d":1,"s":{"a":0,"k":[140,20]},"p":{"a":0,"k":[0,0]},"r":{"a":0,"k":0},"nm":"Rectangle Path 1","mn":"ADBE Vector Shape - Rect"},{"ty":"fl","c":{"a":0,"k":[1,1,1,1]},"o":{"a":0,"k":100},"r":1,"nm":"Fill 1","mn":"ADBE Vector Graphic - Fill"},{"ty":"tr","p":{"a":0,"k":[225,-272],"ix":2},"a":{"a":0,"k":[0,0],"ix":1},"s":{"a":0,"k":[100,100],"ix":3},"r":{"a":0,"k":0,"ix":6},"o":{"a":0,"k":100,"ix":7},"sk":{"a":0,"k":0,"ix":4},"sa":{"a":0,"k":0,"ix":5},"nm":"Transform"}],"nm":"Rectangle 1","np":3,"cix":2,"ix":1,"mn":"ADBE Vector Group"}],"ip":0,"op":126,"st":0,"bm":0,"sr":1}]}],"layers":[{"ddd":0,"ind":1,"ty":2,"nm":"ic_picture.ai","cl":"ai","parent":2,"hd":true,"refId":"image_0","ks":{"o":{"a":1,"k":[{"i":{"x":[0.667],"y":[1]},"o":{"x":[0.333],"y":[0]},"n":["0p667_1_0p333_0"],"t":35,"s":[0],"e":[54]},{"i":{"x":[0.667],"y":[0.667]},"o":{"x":[0.333],"y":[0.333]},"n":["0p667_0p667_0p333_0p333"],"t":40,"s":[54],"e":[54]},{"i":{"x":[0.667],"y":[1]},"o":{"x":[0.333],"y":[0]},"n":["0p667_1_0p333_0"],"t":70,"s":[54],"e":[0]},{"t":74}]},"r":{"a":0,"k":0},"p":{"a":0,"k":[-186,-196,0]},"a":{"a":0,"k":[190,190,0]},"s":{"a":0,"k":[100,100,100]}},"ao":0,"ip":0,"op":125,"st":0,"bm":0,"sr":1},{"ddd":0,"ind":2,"ty":4,"nm":"mini_fab_1","ks":{"o":{"a":1,"k":[{"i":{"x":[0.667],"y":[1]},"o":{"x":[0.184],"y":[0]},"n":["0p667_1_0p184_0"],"t":35,"s":[0],"e":[100]},{"i":{"x":[0.833],"y":[0.833]},"o":{"x":[0.142],"y":[0.142]},"n":["0p833_0p833_0p142_0p142"],"t":40,"s":[100],"e":[100]},{"i":{"x":[0.833],"y":[1]},"o":{"x":[0.167],"y":[0]},"n":["0p833_1_0p167_0"],"t":70,"s":[100],"e":[0]},{"t":74}]},"r":{"a":0,"k":0},"p":{"a":1,"k":[{"i":{"x":0.32,"y":1},"o":{"x":0.28,"y":0},"n":"0p32_1_0p28_0","t":35,"s":[500,1970,0],"e":[500,1820,0],"to":[0,-25,0],"ti":[0,25,0]},{"i":{"x":0.667,"y":0.667},"o":{"x":0.158,"y":0.158},"n":"0p667_0p667_0p158_0p158","t":40,"s":[500,1820,0],"e":[500,1820,0],"to":[0,0,0],"ti":[0,0,0]},{"i":{"x":0.667,"y":1},"o":{"x":0.167,"y":0},"n":"0p667_1_0p167_0","t":70,"s":[500,1820,0],"e":[500,1970,0],"to":[0,25,0],"ti":[0,-25,0]},{"t":74}]},"a":{"a":0,"k":[-186,-196,0]},"s":{"a":0,"k":[100,100,100]}},"ao":0,"shapes":[{"ty":"gr","it":[{"d":1,"ty":"el","s":{"a":0,"k":[380,380]},"p":{"a":0,"k":[0,0]},"nm":"Ellipse Path 1","mn":"ADBE Vector Shape - Ellipse"},{"ty":"fl","c":{"a":0,"k":[0.9411765,0.9411765,0.9411765,1]},"o":{"a":0,"k":100},"r":1,"nm":"Fill 1","mn":"ADBE Vector Graphic - Fill"},{"ty":"tr","p":{"a":0,"k":[-186,-196],"ix":2},"a":{"a":0,"k":[0,0],"ix":1},"s":{"a":0,"k":[100,100],"ix":3},"r":{"a":0,"k":0,"ix":6},"o":{"a":0,"k":100,"ix":7},"sk":{"a":0,"k":0,"ix":4},"sa":{"a":0,"k":0,"ix":5},"nm":"Transform"}],"nm":"Ellipse 1","np":3,"cix":2,"ix":1,"mn":"ADBE Vector Group"}],"ip":0,"op":125,"st":0,"bm":0,"sr":1},{"ddd":0,"ind":3,"ty":2,"nm":"ic_camera.ai","cl":"ai","parent":4,"hd":true,"refId":"image_1","ks":{"o":{"a":1,"k":[{"i":{"x":[0.667],"y":[1]},"o":{"x":[0.333],"y":[0]},"n":["0p667_1_0p333_0"],"t":36,"s":[0],"e":[54]},{"i":{"x":[0.667],"y":[0.667]},"o":{"x":[0.333],"y":[0.333]},"n":["0p667_0p667_0p333_0p333"],"t":41,"s":[54],"e":[54]},{"i":{"x":[0.667],"y":[1]},"o":{"x":[0.333],"y":[0]},"n":["0p667_1_0p333_0"],"t":71,"s":[54],"e":[0]},{"t":75}]},"r":{"a":0,"k":0},"p":{"a":0,"k":[-186,-196,0]},"a":{"a":0,"k":[190,190,0]},"s":{"a":0,"k":[100,100,100]}},"ao":0,"ip":0,"op":125,"st":0,"bm":0,"sr":1},{"ddd":0,"ind":4,"ty":4,"nm":"mini_fab_2","ks":{"o":{"a":1,"k":[{"i":{"x":[0.667],"y":[1]},"o":{"x":[0.333],"y":[0]},"n":["0p667_1_0p333_0"],"t":36,"s":[0],"e":[100]},{"i":{"x":[0.833],"y":[0.833]},"o":{"x":[0.167],"y":[0.167]},"n":["0p833_0p833_0p167_0p167"],"t":41,"s":[100],"e":[100]},{"i":{"x":[0.833],"y":[1]},"o":{"x":[0.167],"y":[0]},"n":["0p833_1_0p167_0"],"t":71,"s":[100],"e":[0]},{"t":75}]},"r":{"a":0,"k":0},"p":{"a":1,"k":[{"i":{"x":0.32,"y":1},"o":{"x":0.28,"y":0},"n":"0p32_1_0p28_0","t":36,"s":[500,1430,0],"e":[500,1280,0],"to":[0,-25,0],"ti":[0,25,0]},{"i":{"x":0.667,"y":0.667},"o":{"x":0.158,"y":0.158},"n":"0p667_0p667_0p158_0p158","t":41,"s":[500,1280,0],"e":[500,1280,0],"to":[0,0,0],"ti":[0,0,0]},{"i":{"x":0.667,"y":1},"o":{"x":0.167,"y":0},"n":"0p667_1_0p167_0","t":71,"s":[500,1280,0],"e":[500,1430,0],"to":[0,25,0],"ti":[0,-25,0]},{"t":75}]},"a":{"a":0,"k":[-186,-196,0]},"s":{"a":0,"k":[100,100,100]}},"ao":0,"shapes":[{"ty":"gr","it":[{"d":1,"ty":"el","s":{"a":0,"k":[380,380]},"p":{"a":0,"k":[0,0]},"nm":"Ellipse Path 1","mn":"ADBE Vector Shape - Ellipse"},{"ty":"fl","c":{"a":0,"k":[0.9411765,0.9411765,0.9411765,1]},"o":{"a":0,"k":100},"r":1,"nm":"Fill 1","mn":"ADBE Vector Graphic - Fill"},{"ty":"tr","p":{"a":0,"k":[-186,-196],"ix":2},"a":{"a":0,"k":[0,0],"ix":1},"s":{"a":0,"k":[100,100],"ix":3},"r":{"a":0,"k":0,"ix":6},"o":{"a":0,"k":100,"ix":7},"sk":{"a":0,"k":0,"ix":4},"sa":{"a":0,"k":0,"ix":5},"nm":"Transform"}],"nm":"Ellipse 1","np":3,"cix":2,"ix":1,"mn":"ADBE Vector Group"}],"ip":0,"op":125,"st":0,"bm":0,"sr":1},{"ddd":0,"ind":5,"ty":2,"nm":"ic_done.ai","cl":"ai","parent":6,"hd":true,"refId":"image_2","ks":{"o":{"a":1,"k":[{"i":{"x":[0.667],"y":[1]},"o":{"x":[0.333],"y":[0]},"n":["0p667_1_0p333_0"],"t":37,"s":[0],"e":[54]},{"i":{"x":[0.667],"y":[0.667]},"o":{"x":[0.333],"y":[0.333]},"n":["0p667_0p667_0p333_0p333"],"t":42,"s":[54],"e":[54]},{"i":{"x":[0.667],"y":[1]},"o":{"x":[0.333],"y":[0]},"n":["0p667_1_0p333_0"],"t":72,"s":[54],"e":[0]},{"t":76}]},"r":{"a":0,"k":0},"p":{"a":0,"k":[-186,-196,0]},"a":{"a":0,"k":[190,190,0]},"s":{"a":0,"k":[100,100,100]}},"ao":0,"ip":0,"op":125,"st":0,"bm":0,"sr":1},{"ddd":0,"ind":6,"ty":4,"nm":"mini_fab_3","ks":{"o":{"a":1,"k":[{"i":{"x":[0.667],"y":[1]},"o":{"x":[0.333],"y":[0]},"n":["0p667_1_0p333_0"],"t":37,"s":[0],"e":[100]},{"i":{"x":[0.833],"y":[0.833]},"o":{"x":[0.167],"y":[0.167]},"n":["0p833_0p833_0p167_0p167"],"t":42,"s":[100],"e":[100]},{"i":{"x":[0.833],"y":[1]},"o":{"x":[0.167],"y":[0]},"n":["0p833_1_0p167_0"],"t":72,"s":[100],"e":[0]},{"t":76}]},"r":{"a":0,"k":0},"p":{"a":1,"k":[{"i":{"x":0.32,"y":1},"o":{"x":0.28,"y":0},"n":"0p32_1_0p28_0","t":37,"s":[500,890,0],"e":[500,740,0],"to":[0,-25,0],"ti":[0,25,0]},{"i":{"x":0.667,"y":0.667},"o":{"x":0.158,"y":0.158},"n":"0p667_0p667_0p158_0p158","t":42,"s":[500,740,0],"e":[500,740,0],"to":[0,0,0],"ti":[0,0,0]},{"i":{"x":0.667,"y":1},"o":{"x":0.167,"y":0},"n":"0p667_1_0p167_0","t":72,"s":[500,740,0],"e":[500,890,0],"to":[0,25,0],"ti":[0,-25,0]},{"t":76}]},"a":{"a":0,"k":[-186,-196,0]},"s":{"a":0,"k":[100,100,100]}},"ao":0,"shapes":[{"ty":"gr","it":[{"d":1,"ty":"el","s":{"a":0,"k":[380,380]},"p":{"a":0,"k":[0,0]},"nm":"Ellipse Path 1","mn":"ADBE Vector Shape - Ellipse"},{"ty":"fl","c":{"a":0,"k":[0.9411765,0.9411765,0.9411765,1]},"o":{"a":0,"k":100},"r":1,"nm":"Fill 1","mn":"ADBE Vector Graphic - Fill"},{"ty":"tr","p":{"a":0,"k":[-186,-196],"ix":2},"a":{"a":0,"k":[0,0],"ix":1},"s":{"a":0,"k":[100,100],"ix":3},"r":{"a":0,"k":0,"ix":6},"o":{"a":0,"k":100,"ix":7},"sk":{"a":0,"k":0,"ix":4},"sa":{"a":0,"k":0,"ix":5},"nm":"Transform"}],"nm":"Ellipse 1","np":3,"cix":2,"ix":1,"mn":"ADBE Vector Group"}],"ip":0,"op":125,"st":0,"bm":0,"sr":1},{"ddd":0,"ind":7,"ty":0,"nm":"ic_plus","refId":"comp_2","ks":{"o":{"a":0,"k":100},"r":{"a":1,"k":[{"i":{"x":[0.394],"y":[1]},"o":{"x":[0.631],"y":[0]},"n":["0p394_1_0p631_0"],"t":0,"s":[-30],"e":[0]},{"i":{"x":[0.705],"y":[0.476]},"o":{"x":[0.401],"y":[0]},"n":["0p705_0p476_0p401_0"],"t":10,"s":[0],"e":[0]},{"i":{"x":[0.667],"y":[1]},"o":{"x":[0.334],"y":[0]},"n":["0p667_1_0p334_0"],"t":35,"s":[0],"e":[45]},{"i":{"x":[1],"y":[1]},"o":{"x":[0],"y":[0]},"n":["1_1_0_0"],"t":38,"s":[45],"e":[45]},{"i":{"x":[0.659],"y":[0.971]},"o":{"x":[0.564],"y":[-0.048]},"n":["0p659_0p971_0p564_-0p048"],"t":70,"s":[45],"e":[0]},{"i":{"x":[1],"y":[1]},"o":{"x":[0.063],"y":[0.063]},"n":["1_1_0p063_0p063"],"t":73,"s":[0],"e":[0]},{"i":{"x":[0.287],"y":[1]},"o":{"x":[0.738],"y":[0]},"n":["0p287_1_0p738_0"],"t":100,"s":[0],"e":[-30]},{"t":110}]},"p":{"a":0,"k":[500,2500,0]},"a":{"a":0,"k":[375,375,0]},"s":{"a":1,"k":[{"i":{"x":[0.447,0.447,0.667],"y":[1,1,0.667]},"o":{"x":[0.578,0.578,0.333],"y":[0,0,0.333]},"n":["0p447_1_0p578_0","0p447_1_0p578_0","0p667_0p667_0p333_0p333"],"t":0,"s":[0,0,100],"e":[100,100,100]},{"i":{"x":[0.667,0.667,0.667],"y":[0.667,0.667,0.667]},"o":{"x":[0.503,0.503,0.333],"y":[0.503,0.503,0.333]},"n":["0p667_0p667_0p503_0p503","0p667_0p667_0p503_0p503","0p667_0p667_0p333_0p333"],"t":10,"s":[100,100,100],"e":[100,100,100]},{"i":{"x":[0.447,0.447,0.667],"y":[1,1,0.667]},"o":{"x":[0.596,0.596,0.333],"y":[0,0,0.333]},"n":["0p447_1_0p596_0","0p447_1_0p596_0","0p667_0p667_0p333_0p333"],"t":100,"s":[100,100,100],"e":[0,0,100]},{"t":110}]}},"ao":0,"w":750,"h":750,"ip":0,"op":126,"st":0,"bm":0,"sr":1},{"ddd":0,"ind":8,"ty":4,"nm":"fab_base","ks":{"o":{"a":0,"k":100},"r":{"a":0,"k":0},"p":{"a":0,"k":[500,2500,0]},"a":{"a":0,"k":[41,17,0]},"s":{"a":1,"k":[{"i":{"x":[0.667,0.667,0.667],"y":[0.915,0.915,0.667]},"o":{"x":[0.333,0.333,0.333],"y":[0,0,0.333]},"n":["0p667_0p915_0p333_0","0p667_0p915_0p333_0","0p667_0p667_0p333_0p333"],"t":0,"s":[0,0,100],"e":[100,100,100]},{"i":{"x":[0.667,0.667,0.667],"y":[1,1,0.667]},"o":{"x":[0.333,0.333,0.333],"y":[-1.28,-1.28,0.333]},"n":["0p667_1_0p333_-1p28","0p667_1_0p333_-1p28","0p667_0p667_0p333_0p333"],"t":4,"s":[100,100,100],"e":[95,95,100]},{"i":{"x":[1,1,0.667],"y":[1,1,0.667]},"o":{"x":[0.333,0.333,0.333],"y":[0,0,0.333]},"n":["1_1_0p333_0","1_1_0p333_0","0p667_0p667_0p333_0p333"],"t":7,"s":[95,95,100],"e":[100,100,100]},{"i":{"x":[0.427,0.427,0.667],"y":[0.427,0.427,0.667]},"o":{"x":[0,0,0.333],"y":[0,0,0.333]},"n":["0p427_0p427_0_0","0p427_0p427_0_0","0p667_0p667_0p333_0p333"],"t":10,"s":[100,100,100],"e":[100.003,100.003,100]},{"i":{"x":[0.661,0.661,0.667],"y":[1,1,0.667]},"o":{"x":[0.327,0.327,0.333],"y":[0,0,0.333]},"n":["0p661_1_0p327_0","0p661_1_0p327_0","0p667_0p667_0p333_0p333"],"t":32,"s":[100.003,100.003,100],"e":[97.5,97.5,100]},{"i":{"x":[0.662,0.662,0.667],"y":[1,1,0.667]},"o":{"x":[0.328,0.328,0.333],"y":[0,0,0.333]},"n":["0p662_1_0p328_0","0p662_1_0p328_0","0p667_0p667_0p333_0p333"],"t":35,"s":[97.5,97.5,100],"e":[100.004,100.004,100]},{"i":{"x":[1,1,0.667],"y":[1,1,0.667]},"o":{"x":[0.431,0.431,0.333],"y":[0.431,0.431,0.333]},"n":["1_1_0p431_0p431","1_1_0p431_0p431","0p667_0p667_0p333_0p333"],"t":38,"s":[100.004,100.004,100],"e":[100.013,100.013,100]},{"i":{"x":[0.667,0.667,0.667],"y":[1,1,0.667]},"o":{"x":[0,0,0.333],"y":[0,0,0.333]},"n":["0p667_1_0_0","0p667_1_0_0","0p667_0p667_0p333_0p333"],"t":97,"s":[100.013,100.013,100],"e":[105,105,100]},{"i":{"x":[0.667,0.667,0.667],"y":[0.552,0.552,0.667]},"o":{"x":[0.333,0.333,0.333],"y":[0,0,0.333]},"n":["0p667_0p552_0p333_0","0p667_0p552_0p333_0","0p667_0p667_0p333_0p333"],"t":100,"s":[105,105,100],"e":[90,90,100]},{"i":{"x":[0.667,0.667,0.667],"y":[1,1,0.667]},"o":{"x":[0.333,0.333,0.333],"y":[0.174,0.174,0.333]},"n":["0p667_1_0p333_0p174","0p667_1_0p333_0p174","0p667_0p667_0p333_0p333"],"t":103,"s":[90,90,100],"e":[0,0,100]},{"t":110}]}},"ao":0,"shapes":[{"ty":"gr","it":[{"d":1,"ty":"el","s":{"a":0,"k":[560,560]},"p":{"a":0,"k":[0,0]},"nm":"Ellipse Path 1","mn":"ADBE Vector Shape - Ellipse"},{"ty":"fl","c":{"a":1,"k":[{"i":{"x":[0.667],"y":[1]},"o":{"x":[0.333],"y":[0]},"n":["0p667_1_0p333_0"],"t":32,"s":[0.184314,0.737255,0.603922,1],"e":[0.1803922,0.5294118,0.4431373,1]},{"i":{"x":[0.667],"y":[1]},"o":{"x":[0.333],"y":[0]},"n":["0p667_1_0p333_0"],"t":35,"s":[0.1803922,0.5294118,0.4431373,1],"e":[0.184314,0.737255,0.603922,1]},{"t":38}]},"o":{"a":0,"k":100},"r":1,"nm":"Fill 1","mn":"ADBE Vector Graphic - Fill"},{"ty":"tr","p":{"a":0,"k":[41,17],"ix":2},"a":{"a":0,"k":[0,0],"ix":1},"s":{"a":0,"k":[100,100],"ix":3},"r":{"a":0,"k":0,"ix":6},"o":{"a":0,"k":100,"ix":7},"sk":{"a":0,"k":0,"ix":4},"sa":{"a":0,"k":0,"ix":5},"nm":"Transform"}],"nm":"Ellipse 1","np":3,"cix":2,"ix":1,"mn":"ADBE Vector Group"}],"ip":0,"op":125,"st":0,"bm":0,"sr":1}]}