{"v":"4.10.1","fr":60,"ip":0,"op":145,"w":800,"h":800,"nm":"ShoppingCart_Preview","ddd":0,"assets":[{"id":"comp_14","layers":[{"ddd":0,"ind":1,"ty":4,"nm":"Bottom","parent":5,"sr":1,"ks":{"o":{"a":0,"k":100,"ix":11},"r":{"a":0,"k":0,"ix":10},"p":{"a":0,"k":[354,-319.667,0],"ix":2},"a":{"a":0,"k":[0,0,0],"ix":1},"s":{"a":0,"k":[100,100,100],"ix":6}},"ao":0,"shapes":[{"ty":"gr","it":[{"ind":0,"ty":"sh","ix":1,"ks":{"a":0,"k":{"i":[[0,0],[28,-4],[-1,-53],[-25,0],[0,0]],"o":[[0,0],[-28,4],[1,52.991],[36,0],[0,0]],"v":[[-148,-14],[-175,-11],[-247,66],[-173,136],[337,136]],"c":false},"ix":2},"nm":"Path 1","mn":"ADBE Vector Shape - Group","hd":false},{"ty":"st","c":{"a":0,"k":[0,0,0,1],"ix":3},"o":{"a":0,"k":100,"ix":4},"w":{"a":0,"k":86,"ix":5},"lc":2,"lj":1,"ml":4,"nm":"Stroke 1","mn":"ADBE Vector Graphic - Stroke","hd":false},{"ty":"tr","p":{"a":0,"k":[0,0],"ix":2},"a":{"a":0,"k":[0,0],"ix":1},"s":{"a":0,"k":[100,100],"ix":3},"r":{"a":0,"k":0,"ix":6},"o":{"a":0,"k":100,"ix":7},"sk":{"a":0,"k":0,"ix":4},"sa":{"a":0,"k":0,"ix":5},"nm":"Transform"}],"nm":"Shape 1","np":2,"cix":2,"ix":1,"mn":"ADBE Vector Group","hd":false}],"ip":0,"op":36,"st":-165,"bm":0},{"ddd":0,"ind":2,"ty":1,"nm":"Rotator","parent":5,"sr":1,"ks":{"o":{"a":0,"k":0,"ix":11},"r":{"a":0,"k":0,"ix":10},"p":{"a":0,"k":[205.941,-333.843,0],"ix":2},"a":{"a":0,"k":[60,60,0],"ix":1},"s":{"a":0,"k":[100,100,100],"ix":6}},"ao":0,"sw":120,"sh":120,"sc":"#ffffff","ip":0,"op":36,"st":-163,"bm":0},{"ddd":0,"ind":3,"ty":4,"nm":"Cart","parent":2,"sr":1,"ks":{"o":{"a":0,"k":100,"ix":11},"r":{"a":0,"k":0,"ix":10},"p":{"a":0,"k":[208.059,74.176,0],"ix":2},"a":{"a":0,"k":[75,75,0],"ix":1},"s":{"a":0,"k":[1000,1000,100],"ix":6}},"ao":0,"shapes":[{"ty":"gr","it":[{"ind":0,"ty":"sh","ix":1,"ks":{"a":0,"k":{"i":[[0,0],[0,0],[0,0],[0,0]],"o":[[0,0],[0,0],[0,0],[0,0]],"v":[[38.091,-12.09],[24.311,-12.09],[26.391,-3.9],[38.091,-5.07]],"c":true},"ix":2},"nm":"Path 1","mn":"ADBE Vector Shape - Group","hd":false},{"ind":1,"ty":"sh","ix":2,"ks":{"a":0,"k":{"i":[[0,0],[0,0],[0,0],[0,0]],"o":[[0,0],[0,0],[0,0],[0,0]],"v":[[38.091,-25.872],[21.32,-25.872],[23.271,-16.77],[38.091,-16.77]],"c":true},"ix":2},"nm":"Path 3","mn":"ADBE Vector Shape - Group","hd":false},{"ind":2,"ty":"sh","ix":3,"ks":{"a":0,"k":{"i":[[0,0],[0,0],[0,0],[0,0]],"o":[[0,0],[0,0],[0,0],[0,0]],"v":[[22.101,-3.251],[19.501,-12.09],[7.151,-12.09],[10.401,-2.081]],"c":true},"ix":2},"nm":"Path 4","mn":"ADBE Vector Shape - Group","hd":false},{"ind":3,"ty":"sh","ix":4,"ks":{"a":0,"k":{"i":[[0,0],[0,0],[0,0],[0,0]],"o":[[0,0],[0,0],[0,0],[0,0]],"v":[[3.121,-25.872],[5.851,-16.77],[18.721,-16.77],[16.641,-25.872]],"c":true},"ix":2},"nm":"Path 5","mn":"ADBE Vector Shape - Group","hd":false},{"ind":4,"ty":"sh","ix":5,"ks":{"a":0,"k":{"i":[[0,0],[0,0],[0,0],[0,0]],"o":[[0,0],[0,0],[0,0],[0,0]],"v":[[5.851,-1.561],[2.47,-12.09],[-12.22,-12.09],[-6.89,-0.26]],"c":true},"ix":2},"nm":"Path 6","mn":"ADBE Vector Shape - Group","hd":false},{"ind":5,"ty":"sh","ix":6,"ks":{"a":0,"k":{"i":[[0,0],[0,0],[0,0],[0,0]],"o":[[0,0],[0,0],[0,0],[0,0]],"v":[[-14.17,-16.77],[1.3,-16.77],[-1.559,-25.872],[-18.46,-25.872]],"c":true},"ix":2},"nm":"Path 7","mn":"ADBE Vector Shape - Group","hd":false},{"ind":6,"ty":"sh","ix":7,"ks":{"a":0,"k":{"i":[[0,0],[0,-2.859],[0,0],[2.729,-0.261],[0,0],[0,0],[0,0],[0,0],[0,2.6],[-2.6,0],[0,0],[-4.81,-10.14]],"o":[[3.9,0],[0,0],[0,2.73],[0,0],[0,0],[0,0],[0,0],[-2.6,0],[0,-2.6],[0,0],[8.32,0],[0,0]],"v":[[39.522,-32.891],[45.241,-27.691],[45.241,-3.38],[40.432,1.821],[-12.09,7.67],[-14.95,-0.001],[-31.201,-35.622],[-40.561,-35.622],[-45.241,-40.301],[-40.561,-44.982],[-34.581,-44.982],[-21.32,-32.891]],"c":true},"ix":2},"nm":"Path 9","mn":"ADBE Vector Shape - Group","hd":false},{"ty":"mm","mm":1,"nm":"Merge Paths 1","mn":"ADBE Vector Filter - Merge","hd":false},{"ty":"fl","c":{"a":0,"k":[0,0,0,1],"ix":4},"o":{"a":0,"k":100,"ix":5},"r":1,"nm":"Fill 1","mn":"ADBE Vector Graphic - Fill","hd":false},{"ty":"tr","p":{"a":0,"k":[70.386,70.416],"ix":2},"a":{"a":0,"k":[0,0],"ix":1},"s":{"a":0,"k":[100,100],"ix":3},"r":{"a":0,"k":0,"ix":6},"o":{"a":0,"k":100,"ix":7},"sk":{"a":0,"k":0,"ix":4},"sa":{"a":0,"k":0,"ix":5},"nm":"Transform"}],"nm":"Group 1","np":9,"cix":2,"ix":1,"mn":"ADBE Vector Group","hd":false}],"ip":0,"op":36,"st":-165,"bm":0},{"ddd":0,"ind":4,"ty":4,"nm":"Cart","parent":5,"sr":1,"ks":{"o":{"a":0,"k":100,"ix":11},"r":{"a":0,"k":0,"ix":10},"p":{"s":true,"x":{"a":0,"k":-19.745,"ix":3},"y":{"a":0,"k":84.309,"ix":4}},"a":{"a":0,"k":[37.626,115.398,0],"ix":1},"s":{"a":0,"k":[1000,1000,100],"ix":6}},"ao":0,"shapes":[{"ty":"gr","it":[{"ind":0,"ty":"sh","ix":1,"ks":{"a":0,"k":{"i":[[0,-4.551],[4.551,0],[0,4.42],[-4.55,0]],"o":[[0,4.42],[-4.55,0],[0,-4.551],[4.551,0]],"v":[[38.482,36.922],[30.421,44.982],[22.231,36.922],[30.421,28.732]],"c":true},"ix":2},"nm":"Path 2","mn":"ADBE Vector Shape - Group","hd":false},{"ind":1,"ty":"sh","ix":2,"ks":{"a":0,"k":{"i":[[0,-4.551],[4.681,0],[0,4.42],[-4.419,0]],"o":[[0,4.42],[-4.419,0],[0,-4.551],[4.681,0]],"v":[[-16.51,36.922],[-24.701,44.982],[-32.761,36.922],[-24.701,28.732]],"c":true},"ix":2},"nm":"Path 8","mn":"ADBE Vector Shape - Group","hd":false},{"ty":"mm","mm":1,"nm":"Merge Paths 1","mn":"ADBE Vector Filter - Merge","hd":false},{"ty":"fl","c":{"a":0,"k":[0,0,0,1],"ix":4},"o":{"a":0,"k":100,"ix":5},"r":1,"nm":"Fill 1","mn":"ADBE Vector Graphic - Fill","hd":false},{"ty":"tr","p":{"a":0,"k":[70.386,70.416],"ix":2},"a":{"a":0,"k":[0,0],"ix":1},"s":{"a":0,"k":[100,100],"ix":3},"r":{"a":0,"k":0,"ix":6},"o":{"a":0,"k":100,"ix":7},"sk":{"a":0,"k":0,"ix":4},"sa":{"a":0,"k":0,"ix":5},"nm":"Transform"}],"nm":"Group 1","np":4,"cix":2,"ix":1,"mn":"ADBE Vector Group","hd":false}],"ip":0,"op":36,"st":-165,"bm":0},{"ddd":0,"ind":5,"ty":1,"nm":"BackWheel","parent":6,"sr":1,"ks":{"o":{"a":0,"k":0,"ix":11},"r":{"a":1,"k":[{"i":{"x":[0.07],"y":[1]},"o":{"x":[0.333],"y":[0]},"n":["0p07_1_0p333_0"],"t":8,"s":[0],"e":[-12.9]},{"t":28}],"ix":10},"p":{"s":true,"x":{"a":0,"k":-492,"ix":3},"y":{"a":0,"k":84.167,"ix":4}},"a":{"a":0,"k":[60,84.167,0],"ix":1},"s":{"a":0,"k":[100,100,100],"ix":6}},"ao":0,"sw":120,"sh":120,"sc":"#ffffff","ip":0,"op":36,"st":-165,"bm":0},{"ddd":0,"ind":6,"ty":1,"nm":"FrontWheel","sr":1,"ks":{"o":{"a":0,"k":0,"ix":11},"r":{"a":0,"k":0,"ix":10},"p":{"a":1,"k":[{"i":{"x":0.667,"y":1},"o":{"x":0.167,"y":0.167},"n":"0p667_1_0p167_0p167","t":4,"s":[96.8,115.383,0],"e":[94.2,115.383,0],"to":[0,0,0],"ti":[0,0,0]},{"i":{"x":0.833,"y":0.833},"o":{"x":0.333,"y":0},"n":"0p833_0p833_0p333_0","t":8,"s":[94.2,115.383,0],"e":[146.8,115.383,0],"to":[0,0,0],"ti":[0,0,0]},{"t":34}],"ix":2},"a":{"a":0,"k":[60,84.167,0],"ix":1},"s":{"a":1,"k":[{"i":{"x":[0.833,0.833,0.833],"y":[0.833,0.833,1]},"o":{"x":[0.333,0.333,0.333],"y":[0,0,0]},"n":["0p833_0p833_0p333_0","0p833_0p833_0p333_0","0p833_1_0p333_0"],"t":20,"s":[10,10,100],"e":[0,0,100]},{"t":34}],"ix":6}},"ao":0,"sw":120,"sh":120,"sc":"#ffffff","ip":0,"op":36,"st":-165,"bm":0}]},{"id":"comp_15","layers":[{"ddd":0,"ind":1,"ty":4,"nm":"Bottom","parent":5,"sr":1,"ks":{"o":{"a":0,"k":100,"ix":11},"r":{"a":0,"k":0,"ix":10},"p":{"a":0,"k":[354,-319.667,0],"ix":2},"a":{"a":0,"k":[0,0,0],"ix":1},"s":{"a":0,"k":[100,100,100],"ix":6}},"ao":0,"shapes":[{"ty":"gr","it":[{"ind":0,"ty":"sh","ix":1,"ks":{"a":0,"k":{"i":[[0,0],[28,-4],[-1,-53],[-25,0],[0,0]],"o":[[0,0],[-28,4],[1,52.991],[36,0],[0,0]],"v":[[-148,-14],[-175,-11],[-247,66],[-173,136],[337,136]],"c":false},"ix":2},"nm":"Path 1","mn":"ADBE Vector Shape - Group","hd":false},{"ty":"st","c":{"a":0,"k":[0,0,0,1],"ix":3},"o":{"a":0,"k":100,"ix":4},"w":{"a":0,"k":86,"ix":5},"lc":2,"lj":1,"ml":4,"nm":"Stroke 1","mn":"ADBE Vector Graphic - Stroke","hd":false},{"ty":"tr","p":{"a":0,"k":[0,0],"ix":2},"a":{"a":0,"k":[0,0],"ix":1},"s":{"a":0,"k":[100,100],"ix":3},"r":{"a":0,"k":0,"ix":6},"o":{"a":0,"k":100,"ix":7},"sk":{"a":0,"k":0,"ix":4},"sa":{"a":0,"k":0,"ix":5},"nm":"Transform"}],"nm":"Shape 1","np":2,"cix":2,"ix":1,"mn":"ADBE Vector Group","hd":false}],"ip":0,"op":109,"st":-41,"bm":0},{"ddd":0,"ind":2,"ty":1,"nm":"Rotator","parent":5,"sr":1,"ks":{"o":{"a":0,"k":0,"ix":11},"r":{"a":1,"k":[{"i":{"x":[0.667],"y":[1]},"o":{"x":[0.333],"y":[0]},"n":["0p667_1_0p333_0"],"t":7,"s":[6],"e":[-7]},{"i":{"x":[0.667],"y":[1]},"o":{"x":[0.333],"y":[0]},"n":["0p667_1_0p333_0"],"t":29,"s":[-7],"e":[-7]},{"i":{"x":[0.667],"y":[1]},"o":{"x":[0.333],"y":[0]},"n":["0p667_1_0p333_0"],"t":39,"s":[-7],"e":[5]},{"i":{"x":[0.667],"y":[1]},"o":{"x":[0.333],"y":[0]},"n":["0p667_1_0p333_0"],"t":65,"s":[5],"e":[-2]},{"i":{"x":[0.667],"y":[1]},"o":{"x":[0.333],"y":[0]},"n":["0p667_1_0p333_0"],"t":78,"s":[-2],"e":[1]},{"i":{"x":[0.667],"y":[1]},"o":{"x":[0.333],"y":[0]},"n":["0p667_1_0p333_0"],"t":93,"s":[1],"e":[0]},{"t":107}],"ix":10},"p":{"a":1,"k":[{"i":{"x":0.667,"y":1},"o":{"x":0.333,"y":0},"n":"0p667_1_0p333_0","t":24,"s":[222.441,-339.343,0],"e":[205.941,-333.843,0],"to":[0,0,0],"ti":[0,0,0]},{"t":33}],"ix":2},"a":{"a":0,"k":[60,60,0],"ix":1},"s":{"a":0,"k":[100,100,100],"ix":6}},"ao":0,"sw":120,"sh":120,"sc":"#ffffff","ip":0,"op":109,"st":-39,"bm":0},{"ddd":0,"ind":3,"ty":4,"nm":"Cart","parent":2,"sr":1,"ks":{"o":{"a":0,"k":100,"ix":11},"r":{"a":0,"k":0,"ix":10},"p":{"a":0,"k":[208.059,74.176,0],"ix":2},"a":{"a":0,"k":[75,75,0],"ix":1},"s":{"a":0,"k":[1000,1000,100],"ix":6}},"ao":0,"shapes":[{"ty":"gr","it":[{"ind":0,"ty":"sh","ix":1,"ks":{"a":0,"k":{"i":[[0,0],[0,0],[0,0],[0,0]],"o":[[0,0],[0,0],[0,0],[0,0]],"v":[[38.091,-12.09],[24.311,-12.09],[26.391,-3.9],[38.091,-5.07]],"c":true},"ix":2},"nm":"Path 1","mn":"ADBE Vector Shape - Group","hd":false},{"ind":1,"ty":"sh","ix":2,"ks":{"a":0,"k":{"i":[[0,0],[0,0],[0,0],[0,0]],"o":[[0,0],[0,0],[0,0],[0,0]],"v":[[38.091,-25.872],[21.32,-25.872],[23.271,-16.77],[38.091,-16.77]],"c":true},"ix":2},"nm":"Path 3","mn":"ADBE Vector Shape - Group","hd":false},{"ind":2,"ty":"sh","ix":3,"ks":{"a":0,"k":{"i":[[0,0],[0,0],[0,0],[0,0]],"o":[[0,0],[0,0],[0,0],[0,0]],"v":[[22.101,-3.251],[19.501,-12.09],[7.151,-12.09],[10.401,-2.081]],"c":true},"ix":2},"nm":"Path 4","mn":"ADBE Vector Shape - Group","hd":false},{"ind":3,"ty":"sh","ix":4,"ks":{"a":0,"k":{"i":[[0,0],[0,0],[0,0],[0,0]],"o":[[0,0],[0,0],[0,0],[0,0]],"v":[[3.121,-25.872],[5.851,-16.77],[18.721,-16.77],[16.641,-25.872]],"c":true},"ix":2},"nm":"Path 5","mn":"ADBE Vector Shape - Group","hd":false},{"ind":4,"ty":"sh","ix":5,"ks":{"a":0,"k":{"i":[[0,0],[0,0],[0,0],[0,0]],"o":[[0,0],[0,0],[0,0],[0,0]],"v":[[5.851,-1.561],[2.47,-12.09],[-12.22,-12.09],[-6.89,-0.26]],"c":true},"ix":2},"nm":"Path 6","mn":"ADBE Vector Shape - Group","hd":false},{"ind":5,"ty":"sh","ix":6,"ks":{"a":0,"k":{"i":[[0,0],[0,0],[0,0],[0,0]],"o":[[0,0],[0,0],[0,0],[0,0]],"v":[[-14.17,-16.77],[1.3,-16.77],[-1.559,-25.872],[-18.46,-25.872]],"c":true},"ix":2},"nm":"Path 7","mn":"ADBE Vector Shape - Group","hd":false},{"ind":6,"ty":"sh","ix":7,"ks":{"a":0,"k":{"i":[[0,0],[0,-2.859],[0,0],[2.729,-0.261],[0,0],[0,0],[0,0],[0,0],[0,2.6],[-2.6,0],[0,0],[-4.81,-10.14]],"o":[[3.9,0],[0,0],[0,2.73],[0,0],[0,0],[0,0],[0,0],[-2.6,0],[0,-2.6],[0,0],[8.32,0],[0,0]],"v":[[39.522,-32.891],[45.241,-27.691],[45.241,-3.38],[40.432,1.821],[-12.09,7.67],[-14.95,-0.001],[-31.201,-35.622],[-40.561,-35.622],[-45.241,-40.301],[-40.561,-44.982],[-34.581,-44.982],[-21.32,-32.891]],"c":true},"ix":2},"nm":"Path 9","mn":"ADBE Vector Shape - Group","hd":false},{"ty":"mm","mm":1,"nm":"Merge Paths 1","mn":"ADBE Vector Filter - Merge","hd":false},{"ty":"fl","c":{"a":0,"k":[0,0,0,1],"ix":4},"o":{"a":0,"k":100,"ix":5},"r":1,"nm":"Fill 1","mn":"ADBE Vector Graphic - Fill","hd":false},{"ty":"tr","p":{"a":0,"k":[70.386,70.416],"ix":2},"a":{"a":0,"k":[0,0],"ix":1},"s":{"a":0,"k":[100,100],"ix":3},"r":{"a":0,"k":0,"ix":6},"o":{"a":0,"k":100,"ix":7},"sk":{"a":0,"k":0,"ix":4},"sa":{"a":0,"k":0,"ix":5},"nm":"Transform"}],"nm":"Group 1","np":9,"cix":2,"ix":1,"mn":"ADBE Vector Group","hd":false}],"ip":0,"op":109,"st":-41,"bm":0},{"ddd":0,"ind":4,"ty":4,"nm":"Cart","parent":5,"sr":1,"ks":{"o":{"a":0,"k":100,"ix":11},"r":{"a":0,"k":0,"ix":10},"p":{"s":true,"x":{"a":0,"k":-19.745,"ix":3},"y":{"a":0,"k":84.309,"ix":4}},"a":{"a":0,"k":[37.626,115.398,0],"ix":1},"s":{"a":0,"k":[1000,1000,100],"ix":6}},"ao":0,"shapes":[{"ty":"gr","it":[{"ind":0,"ty":"sh","ix":1,"ks":{"a":0,"k":{"i":[[0,-4.551],[4.551,0],[0,4.42],[-4.55,0]],"o":[[0,4.42],[-4.55,0],[0,-4.551],[4.551,0]],"v":[[38.482,36.922],[30.421,44.982],[22.231,36.922],[30.421,28.732]],"c":true},"ix":2},"nm":"Path 2","mn":"ADBE Vector Shape - Group","hd":false},{"ind":1,"ty":"sh","ix":2,"ks":{"a":0,"k":{"i":[[0,-4.551],[4.681,0],[0,4.42],[-4.419,0]],"o":[[0,4.42],[-4.419,0],[0,-4.551],[4.681,0]],"v":[[-16.51,36.922],[-24.701,44.982],[-32.761,36.922],[-24.701,28.732]],"c":true},"ix":2},"nm":"Path 8","mn":"ADBE Vector Shape - Group","hd":false},{"ty":"mm","mm":1,"nm":"Merge Paths 1","mn":"ADBE Vector Filter - Merge","hd":false},{"ty":"fl","c":{"a":0,"k":[0,0,0,1],"ix":4},"o":{"a":0,"k":100,"ix":5},"r":1,"nm":"Fill 1","mn":"ADBE Vector Graphic - Fill","hd":false},{"ty":"tr","p":{"a":0,"k":[70.386,70.416],"ix":2},"a":{"a":0,"k":[0,0],"ix":1},"s":{"a":0,"k":[100,100],"ix":3},"r":{"a":0,"k":0,"ix":6},"o":{"a":0,"k":100,"ix":7},"sk":{"a":0,"k":0,"ix":4},"sa":{"a":0,"k":0,"ix":5},"nm":"Transform"}],"nm":"Group 1","np":4,"cix":2,"ix":1,"mn":"ADBE Vector Group","hd":false}],"ip":0,"op":109,"st":-41,"bm":0},{"ddd":0,"ind":5,"ty":1,"nm":"BackWheel","parent":6,"sr":1,"ks":{"o":{"a":0,"k":0,"ix":11},"r":{"a":1,"k":[{"i":{"x":[0.833],"y":[0.833]},"o":{"x":[0.056],"y":[0]},"n":["0p833_0p833_0p056_0"],"t":21,"s":[-17.4],"e":[0]},{"i":{"x":[0.833],"y":[0.833]},"o":{"x":[0.167],"y":[0.167]},"n":["0p833_0p833_0p167_0p167"],"t":31,"s":[0],"e":[0]},{"i":{"x":[0.82],"y":[1]},"o":{"x":[0.167],"y":[0.167]},"n":["0p82_1_0p167_0p167"],"t":63,"s":[0],"e":[-2]},{"i":{"x":[0.833],"y":[0.833]},"o":{"x":[0.167],"y":[0]},"n":["0p833_0p833_0p167_0"],"t":75,"s":[-2],"e":[0]},{"t":84}],"ix":10},"p":{"s":true,"x":{"a":1,"k":[{"i":{"x":[0.833],"y":[0.833]},"o":{"x":[0.167],"y":[0.167]},"n":["0p833_0p833_0p167_0p167"],"t":0,"s":[-572],"e":[-492]},{"t":22}],"ix":3},"y":{"a":1,"k":[{"i":{"x":[0.274],"y":[1]},"o":{"x":[0.167],"y":[0.167]},"n":["0p274_1_0p167_0p167"],"t":0,"s":[84.167],"e":[-218.536]},{"i":{"x":[0.833],"y":[0.833]},"o":{"x":[0.681],"y":[0]},"n":["0p833_0p833_0p681_0"],"t":10,"s":[-218.536],"e":[84.167]},{"t":22}],"ix":4}},"a":{"a":0,"k":[60,84.167,0],"ix":1},"s":{"a":1,"k":[{"i":{"x":[0,0,0.595],"y":[1.038,1.038,1]},"o":{"x":[0.167,0.167,0.167],"y":[0.167,0.167,16.612]},"n":["0_1p038_0p167_0p167","0_1p038_0p167_0p167","0p595_1_0p167_16p612"],"t":0,"s":[0,0,100],"e":[90.6,90.6,100]},{"i":{"x":[0.833,0.833,0.833],"y":[1,1,1]},"o":{"x":[1,1,1],"y":[0,0,0]},"n":["0p833_1_1_0","0p833_1_1_0","0p833_1_1_0"],"t":16,"s":[90.6,90.6,100],"e":[100,100,100]},{"t":33}],"ix":6}},"ao":0,"sw":120,"sh":120,"sc":"#ffffff","ip":0,"op":109,"st":-41,"bm":0},{"ddd":0,"ind":6,"ty":1,"nm":"FrontWheel","sr":1,"ks":{"o":{"a":0,"k":0,"ix":11},"r":{"a":1,"k":[{"i":{"x":[0],"y":[1]},"o":{"x":[0.167],"y":[0.167]},"n":["0_1_0p167_0p167"],"t":31,"s":[0],"e":[7.3]},{"i":{"x":[0.833],"y":[0.833]},"o":{"x":[1],"y":[0]},"n":["0p833_0p833_1_0"],"t":47,"s":[7.3],"e":[0]},{"t":63}],"ix":10},"p":{"a":0,"k":[96.8,115.383,0],"ix":2},"a":{"a":0,"k":[60,84.167,0],"ix":1},"s":{"a":0,"k":[10,10,100],"ix":6}},"ao":0,"sw":120,"sh":120,"sc":"#ffffff","ip":0,"op":109,"st":-41,"bm":0}]}],"layers":[{"ddd":0,"ind":1,"ty":0,"nm":"ShoppingCart_AnimOff","refId":"comp_14","sr":1,"ks":{"o":{"a":0,"k":100,"ix":11},"r":{"a":0,"k":0,"ix":10},"p":{"a":0,"k":[400,400,0],"ix":2},"a":{"a":0,"k":[75,75,0],"ix":1},"s":{"a":0,"k":[100,100,100],"ix":6}},"ao":0,"w":150,"h":150,"ip":109,"op":145,"st":109,"bm":0},{"ddd":0,"ind":2,"ty":0,"nm":"ShoppingCart_AnimOn","refId":"comp_15","sr":1,"ks":{"o":{"a":0,"k":100,"ix":11},"r":{"a":0,"k":0,"ix":10},"p":{"a":0,"k":[400,400,0],"ix":2},"a":{"a":0,"k":[75,75,0],"ix":1},"s":{"a":0,"k":[100,100,100],"ix":6}},"ao":0,"w":150,"h":150,"ip":0,"op":109,"st":0,"bm":0}]}