<animated-vector xmlns:android="http://schemas.android.com/apk/res/android" xmlns:aapt="http://schemas.android.com/aapt"><aapt:attr name="android:drawable"><vector android:height="200dp" android:width="200dp" android:viewportHeight="200" android:viewportWidth="200"><group android:name="_R_G"><group android:name="_R_G_L_0_G" android:translateY="3.5"><group android:name="_R_G_L_0_G_D_0_P_0_G_0_T_0" android:translateX="31.208" android:translateY="93.5" android:scaleX="0" android:scaleY="0"><path android:name="_R_G_L_0_G_D_0_P_0" android:fillColor="#457fff" android:fillAlpha="1" android:fillType="nonZero" android:trimPathStart="0" android:trimPathEnd="0" android:trimPathOffset="0" android:pathData=" M0 -8.5 C4.69,-8.5 8.5,-4.69 8.5,0 C8.5,4.69 4.69,8.5 0,8.5 C-4.69,8.5 -8.5,4.69 -8.5,0 C-8.5,-4.69 -4.69,-8.5 0,-8.5c "/></group><group android:name="_R_G_L_0_G_D_0_P_1_G_0_T_0" android:translateX="31.208" android:translateY="93.5" android:scaleX="0" android:scaleY="0"><path android:name="_R_G_L_0_G_D_0_P_1" android:fillColor="#457fff" android:fillAlpha="1" android:fillType="nonZero" android:trimPathStart="0" android:trimPathEnd="0" android:trimPathOffset="0" android:pathData=" M0 -9.5 C-5.25,-9.5 -9.5,-5.25 -9.5,0 C-9.5,5.25 -5.25,9.5 0,9.5 C5.25,9.5 9.5,5.25 9.5,0 C9.5,-5.25 5.25,-9.5 0,-9.5c "/></group><group android:name="_R_G_L_0_G_D_1_P_0_G_0_T_0" android:translateX="58.125" android:translateY="93.5" android:scaleX="0" android:scaleY="0"><path android:name="_R_G_L_0_G_D_1_P_0" android:fillColor="#457fff" android:fillAlpha="1" android:fillType="nonZero" android:trimPathStart="0" android:trimPathEnd="0" android:trimPathOffset="0" android:pathData=" M0 -8.5 C4.69,-8.5 8.5,-4.69 8.5,0 C8.5,4.69 4.69,8.5 0,8.5 C-4.69,8.5 -8.5,4.69 -8.5,0 C-8.5,-4.69 -4.69,-8.5 0,-8.5c "/></group><group android:name="_R_G_L_0_G_D_1_P_1_G_0_T_0" android:translateX="58.125" android:translateY="93.5" android:scaleX="0" android:scaleY="0"><path android:name="_R_G_L_0_G_D_1_P_1" android:fillColor="#457fff" android:fillAlpha="1" android:fillType="nonZero" android:trimPathStart="0" android:trimPathEnd="0" android:trimPathOffset="0" android:pathData=" M0 -9.5 C-5.25,-9.5 -9.5,-5.25 -9.5,0 C-9.5,5.25 -5.25,9.5 0,9.5 C5.25,9.5 9.5,5.25 9.5,0 C9.5,-5.25 5.25,-9.5 0,-9.5c "/></group><group android:name="_R_G_L_0_G_D_2_P_0_G_0_T_0" android:translateX="85.041" android:translateY="93.5" android:scaleX="1" android:scaleY="1"><path android:name="_R_G_L_0_G_D_2_P_0" android:fillColor="#457fff" android:fillAlpha="1" android:fillType="nonZero" android:trimPathStart="0" android:trimPathEnd="0" android:trimPathOffset="0" android:pathData=" M0 -8.5 C4.69,-8.5 8.5,-4.69 8.5,0 C8.5,4.69 4.69,8.5 0,8.5 C-4.69,8.5 -8.5,4.69 -8.5,0 C-8.5,-4.69 -4.69,-8.5 0,-8.5c "/></group><group android:name="_R_G_L_0_G_D_2_P_1_G_0_T_0" android:translateX="85.041" android:translateY="93.5" android:scaleX="1" android:scaleY="1"><path android:name="_R_G_L_0_G_D_2_P_1" android:fillColor="#457fff" android:fillAlpha="1" android:fillType="nonZero" android:trimPathStart="0" android:trimPathEnd="0" android:trimPathOffset="0" android:pathData=" M0 -9.5 C-5.25,-9.5 -9.5,-5.25 -9.5,0 C-9.5,5.25 -5.25,9.5 0,9.5 C5.25,9.5 9.5,5.25 9.5,0 C9.5,-5.25 5.25,-9.5 0,-9.5c "/></group><group android:name="_R_G_L_0_G_D_3_P_0_G_0_T_0" android:translateX="111.958" android:translateY="93.5" android:scaleX="0" android:scaleY="0"><path android:name="_R_G_L_0_G_D_3_P_0" android:fillColor="#457fff" android:fillAlpha="1" android:fillType="nonZero" android:trimPathStart="0" android:trimPathEnd="0" android:trimPathOffset="0" android:pathData=" M0 -8.5 C4.69,-8.5 8.5,-4.69 8.5,0 C8.5,4.69 4.69,8.5 0,8.5 C-4.69,8.5 -8.5,4.69 -8.5,0 C-8.5,-4.69 -4.69,-8.5 0,-8.5c "/></group><group android:name="_R_G_L_0_G_D_3_P_1_G_0_T_0" android:translateX="111.958" android:translateY="93.5" android:scaleX="0" android:scaleY="0"><path android:name="_R_G_L_0_G_D_3_P_1" android:fillColor="#457fff" android:fillAlpha="1" android:fillType="nonZero" android:trimPathStart="0" android:trimPathEnd="0" android:trimPathOffset="0" android:pathData=" M0 -9.5 C-5.25,-9.5 -9.5,-5.25 -9.5,0 C-9.5,5.25 -5.25,9.5 0,9.5 C5.25,9.5 9.5,5.25 9.5,0 C9.5,-5.25 5.25,-9.5 0,-9.5c "/></group><group android:name="_R_G_L_0_G_D_4_P_0_G_0_T_0" android:translateX="138.875" android:translateY="93.5" android:scaleX="0" android:scaleY="0"><path android:name="_R_G_L_0_G_D_4_P_0" android:fillColor="#457fff" android:fillAlpha="1" android:fillType="nonZero" android:trimPathStart="0" android:trimPathEnd="0" android:trimPathOffset="0" android:pathData=" M0 -8.5 C4.69,-8.5 8.5,-4.69 8.5,0 C8.5,4.69 4.69,8.5 0,8.5 C-4.69,8.5 -8.5,4.69 -8.5,0 C-8.5,-4.69 -4.69,-8.5 0,-8.5c "/></group><group android:name="_R_G_L_0_G_D_4_P_1_G_0_T_0" android:translateX="138.875" android:translateY="93.5" android:scaleX="0" android:scaleY="0"><path android:name="_R_G_L_0_G_D_4_P_1" android:fillColor="#457fff" android:fillAlpha="1" android:fillType="nonZero" android:trimPathStart="0" android:trimPathEnd="0" android:trimPathOffset="0" android:pathData=" M0 -9.5 C-5.25,-9.5 -9.5,-5.25 -9.5,0 C-9.5,5.25 -5.25,9.5 0,9.5 C5.25,9.5 9.5,5.25 9.5,0 C9.5,-5.25 5.25,-9.5 0,-9.5c "/></group><group android:name="_R_G_L_0_G_D_5_P_0_G_0_T_0" android:translateX="165.792" android:translateY="93.5" android:scaleX="0" android:scaleY="0"><path android:name="_R_G_L_0_G_D_5_P_0" android:fillColor="#457fff" android:fillAlpha="1" android:fillType="nonZero" android:trimPathStart="0" android:trimPathEnd="0" android:trimPathOffset="0" android:pathData=" M0 -8.5 C4.69,-8.5 8.5,-4.69 8.5,0 C8.5,4.69 4.69,8.5 0,8.5 C-4.69,8.5 -8.5,4.69 -8.5,0 C-8.5,-4.69 -4.69,-8.5 0,-8.5c "/></group><group android:name="_R_G_L_0_G_D_5_P_1_G_0_T_0" android:translateX="165.792" android:translateY="93.5" android:scaleX="0" android:scaleY="0"><path android:name="_R_G_L_0_G_D_5_P_1" android:fillColor="#457fff" android:fillAlpha="1" android:fillType="nonZero" android:trimPathStart="0" android:trimPathEnd="0" android:trimPathOffset="0" android:pathData=" M0 -9.5 C-5.25,-9.5 -9.5,-5.25 -9.5,0 C-9.5,5.25 -5.25,9.5 0,9.5 C5.25,9.5 9.5,5.25 9.5,0 C9.5,-5.25 5.25,-9.5 0,-9.5c "/></group></group></group><group android:name="time_group"/></vector></aapt:attr><target android:name="_R_G_L_0_G_D_0_P_0_G_0_T_0"><aapt:attr name="android:animation"><set android:ordering="together"><objectAnimator android:propertyName="scaleX" android:duration="1000" android:startOffset="0" android:valueFrom="0" android:valueTo="1.5" android:valueType="floatType"><aapt:attr name="android:interpolator"><pathInterpolator android:pathData="M 0.0,0.0 c0.167,0.167 0.833,0.833 1.0,1.0"/></aapt:attr></objectAnimator><objectAnimator android:propertyName="scaleY" android:duration="1000" android:startOffset="0" android:valueFrom="0" android:valueTo="1.5" android:valueType="floatType"><aapt:attr name="android:interpolator"><pathInterpolator android:pathData="M 0.0,0.0 c0.167,0.167 0.833,0.833 1.0,1.0"/></aapt:attr></objectAnimator><objectAnimator android:propertyName="scaleX" android:duration="333" android:startOffset="1000" android:valueFrom="1.5" android:valueTo="1" android:valueType="floatType"><aapt:attr name="android:interpolator"><pathInterpolator android:pathData="M 0.0,0.0 c0.167,0.167 0.833,0.833 1.0,1.0"/></aapt:attr></objectAnimator><objectAnimator android:propertyName="scaleY" android:duration="333" android:startOffset="1000" android:valueFrom="1.5" android:valueTo="1" android:valueType="floatType"><aapt:attr name="android:interpolator"><pathInterpolator android:pathData="M 0.0,0.0 c0.167,0.167 0.833,0.833 1.0,1.0"/></aapt:attr></objectAnimator></set></aapt:attr></target><target android:name="_R_G_L_0_G_D_0_P_0"><aapt:attr name="android:animation"><set android:ordering="together"><objectAnimator android:propertyName="trimPathEnd" android:duration="200" android:startOffset="0" android:valueFrom="0" android:valueTo="0" android:valueType="floatType"><aapt:attr name="android:interpolator"><pathInterpolator android:pathData="M 0.0,0.0 c0.167,0.167 0.833,0.833 1.0,1.0"/></aapt:attr></objectAnimator><objectAnimator android:propertyName="trimPathEnd" android:duration="1000" android:startOffset="200" android:valueFrom="0" android:valueTo="1" android:valueType="floatType"><aapt:attr name="android:interpolator"><pathInterpolator android:pathData="M 0.0,0.0 c0.167,0.167 0.833,0.833 1.0,1.0"/></aapt:attr></objectAnimator></set></aapt:attr></target><target android:name="_R_G_L_0_G_D_0_P_1_G_0_T_0"><aapt:attr name="android:animation"><set android:ordering="together"><objectAnimator android:propertyName="scaleX" android:duration="1000" android:startOffset="0" android:valueFrom="0" android:valueTo="1.5" android:valueType="floatType"><aapt:attr name="android:interpolator"><pathInterpolator android:pathData="M 0.0,0.0 c0.167,0.167 0.833,0.833 1.0,1.0"/></aapt:attr></objectAnimator><objectAnimator android:propertyName="scaleY" android:duration="1000" android:startOffset="0" android:valueFrom="0" android:valueTo="1.5" android:valueType="floatType"><aapt:attr name="android:interpolator"><pathInterpolator android:pathData="M 0.0,0.0 c0.167,0.167 0.833,0.833 1.0,1.0"/></aapt:attr></objectAnimator><objectAnimator android:propertyName="scaleX" android:duration="333" android:startOffset="1000" android:valueFrom="1.5" android:valueTo="1" android:valueType="floatType"><aapt:attr name="android:interpolator"><pathInterpolator android:pathData="M 0.0,0.0 c0.167,0.167 0.833,0.833 1.0,1.0"/></aapt:attr></objectAnimator><objectAnimator android:propertyName="scaleY" android:duration="333" android:startOffset="1000" android:valueFrom="1.5" android:valueTo="1" android:valueType="floatType"><aapt:attr name="android:interpolator"><pathInterpolator android:pathData="M 0.0,0.0 c0.167,0.167 0.833,0.833 1.0,1.0"/></aapt:attr></objectAnimator></set></aapt:attr></target><target android:name="_R_G_L_0_G_D_0_P_1"><aapt:attr name="android:animation"><set android:ordering="together"><objectAnimator android:propertyName="trimPathEnd" android:duration="200" android:startOffset="0" android:valueFrom="0" android:valueTo="0" android:valueType="floatType"><aapt:attr name="android:interpolator"><pathInterpolator android:pathData="M 0.0,0.0 c0.167,0.167 0.833,0.833 1.0,1.0"/></aapt:attr></objectAnimator><objectAnimator android:propertyName="trimPathEnd" android:duration="1000" android:startOffset="200" android:valueFrom="0" android:valueTo="1" android:valueType="floatType"><aapt:attr name="android:interpolator"><pathInterpolator android:pathData="M 0.0,0.0 c0.167,0.167 0.833,0.833 1.0,1.0"/></aapt:attr></objectAnimator></set></aapt:attr></target><target android:name="_R_G_L_0_G_D_1_P_0_G_0_T_0"><aapt:attr name="android:animation"><set android:ordering="together"><objectAnimator android:propertyName="scaleX" android:duration="667" android:startOffset="0" android:valueFrom="0" android:valueTo="0" android:valueType="floatType"><aapt:attr name="android:interpolator"><pathInterpolator android:pathData="M 0.0,0.0 c0.167,0.167 0.833,0.833 1.0,1.0"/></aapt:attr></objectAnimator><objectAnimator android:propertyName="scaleY" android:duration="667" android:startOffset="0" android:valueFrom="0" android:valueTo="0" android:valueType="floatType"><aapt:attr name="android:interpolator"><pathInterpolator android:pathData="M 0.0,0.0 c0.167,0.167 0.833,0.833 1.0,1.0"/></aapt:attr></objectAnimator><objectAnimator android:propertyName="scaleX" android:duration="1000" android:startOffset="667" android:valueFrom="0" android:valueTo="1.5" android:valueType="floatType"><aapt:attr name="android:interpolator"><pathInterpolator android:pathData="M 0.0,0.0 c0.167,0.167 0.833,0.833 1.0,1.0"/></aapt:attr></objectAnimator><objectAnimator android:propertyName="scaleY" android:duration="1000" android:startOffset="667" android:valueFrom="0" android:valueTo="1.5" android:valueType="floatType"><aapt:attr name="android:interpolator"><pathInterpolator android:pathData="M 0.0,0.0 c0.167,0.167 0.833,0.833 1.0,1.0"/></aapt:attr></objectAnimator><objectAnimator android:propertyName="scaleX" android:duration="333" android:startOffset="1667" android:valueFrom="1.5" android:valueTo="1" android:valueType="floatType"><aapt:attr name="android:interpolator"><pathInterpolator android:pathData="M 0.0,0.0 c0.167,0.167 0.833,0.833 1.0,1.0"/></aapt:attr></objectAnimator><objectAnimator android:propertyName="scaleY" android:duration="333" android:startOffset="1667" android:valueFrom="1.5" android:valueTo="1" android:valueType="floatType"><aapt:attr name="android:interpolator"><pathInterpolator android:pathData="M 0.0,0.0 c0.167,0.167 0.833,0.833 1.0,1.0"/></aapt:attr></objectAnimator></set></aapt:attr></target><target android:name="_R_G_L_0_G_D_1_P_0"><aapt:attr name="android:animation"><set android:ordering="together"><objectAnimator android:propertyName="trimPathEnd" android:duration="800" android:startOffset="0" android:valueFrom="0" android:valueTo="0" android:valueType="floatType"><aapt:attr name="android:interpolator"><pathInterpolator android:pathData="M 0.0,0.0 c0.167,0.167 0.833,0.833 1.0,1.0"/></aapt:attr></objectAnimator><objectAnimator android:propertyName="trimPathEnd" android:duration="1000" android:startOffset="800" android:valueFrom="0" android:valueTo="1" android:valueType="floatType"><aapt:attr name="android:interpolator"><pathInterpolator android:pathData="M 0.0,0.0 c0.167,0.167 0.833,0.833 1.0,1.0"/></aapt:attr></objectAnimator></set></aapt:attr></target><target android:name="_R_G_L_0_G_D_1_P_1_G_0_T_0"><aapt:attr name="android:animation"><set android:ordering="together"><objectAnimator android:propertyName="scaleX" android:duration="667" android:startOffset="0" android:valueFrom="0" android:valueTo="0" android:valueType="floatType"><aapt:attr name="android:interpolator"><pathInterpolator android:pathData="M 0.0,0.0 c0.167,0.167 0.833,0.833 1.0,1.0"/></aapt:attr></objectAnimator><objectAnimator android:propertyName="scaleY" android:duration="667" android:startOffset="0" android:valueFrom="0" android:valueTo="0" android:valueType="floatType"><aapt:attr name="android:interpolator"><pathInterpolator android:pathData="M 0.0,0.0 c0.167,0.167 0.833,0.833 1.0,1.0"/></aapt:attr></objectAnimator><objectAnimator android:propertyName="scaleX" android:duration="1000" android:startOffset="667" android:valueFrom="0" android:valueTo="1.5" android:valueType="floatType"><aapt:attr name="android:interpolator"><pathInterpolator android:pathData="M 0.0,0.0 c0.167,0.167 0.833,0.833 1.0,1.0"/></aapt:attr></objectAnimator><objectAnimator android:propertyName="scaleY" android:duration="1000" android:startOffset="667" android:valueFrom="0" android:valueTo="1.5" android:valueType="floatType"><aapt:attr name="android:interpolator"><pathInterpolator android:pathData="M 0.0,0.0 c0.167,0.167 0.833,0.833 1.0,1.0"/></aapt:attr></objectAnimator><objectAnimator android:propertyName="scaleX" android:duration="333" android:startOffset="1667" android:valueFrom="1.5" android:valueTo="1" android:valueType="floatType"><aapt:attr name="android:interpolator"><pathInterpolator android:pathData="M 0.0,0.0 c0.167,0.167 0.833,0.833 1.0,1.0"/></aapt:attr></objectAnimator><objectAnimator android:propertyName="scaleY" android:duration="333" android:startOffset="1667" android:valueFrom="1.5" android:valueTo="1" android:valueType="floatType"><aapt:attr name="android:interpolator"><pathInterpolator android:pathData="M 0.0,0.0 c0.167,0.167 0.833,0.833 1.0,1.0"/></aapt:attr></objectAnimator></set></aapt:attr></target><target android:name="_R_G_L_0_G_D_1_P_1"><aapt:attr name="android:animation"><set android:ordering="together"><objectAnimator android:propertyName="trimPathEnd" android:duration="800" android:startOffset="0" android:valueFrom="0" android:valueTo="0" android:valueType="floatType"><aapt:attr name="android:interpolator"><pathInterpolator android:pathData="M 0.0,0.0 c0.167,0.167 0.833,0.833 1.0,1.0"/></aapt:attr></objectAnimator><objectAnimator android:propertyName="trimPathEnd" android:duration="1000" android:startOffset="800" android:valueFrom="0" android:valueTo="1" android:valueType="floatType"><aapt:attr name="android:interpolator"><pathInterpolator android:pathData="M 0.0,0.0 c0.167,0.167 0.833,0.833 1.0,1.0"/></aapt:attr></objectAnimator></set></aapt:attr></target><target android:name="_R_G_L_0_G_D_2_P_0_G_0_T_0"><aapt:attr name="android:animation"><set android:ordering="together"><objectAnimator android:propertyName="scaleX" android:duration="1267" android:startOffset="0" android:valueFrom="1" android:valueTo="1" android:valueType="floatType"><aapt:attr name="android:interpolator"><pathInterpolator android:pathData="M 0.0,0.0 c0.167,0.167 0.833,0.833 1.0,1.0"/></aapt:attr></objectAnimator><objectAnimator android:propertyName="scaleY" android:duration="1267" android:startOffset="0" android:valueFrom="1" android:valueTo="1" android:valueType="floatType"><aapt:attr name="android:interpolator"><pathInterpolator android:pathData="M 0.0,0.0 c0.167,0.167 0.833,0.833 1.0,1.0"/></aapt:attr></objectAnimator><objectAnimator android:propertyName="scaleX" android:duration="1000" android:startOffset="1267" android:valueFrom="1" android:valueTo="1.5" android:valueType="floatType"><aapt:attr name="android:interpolator"><pathInterpolator android:pathData="M 0.0,0.0 c0.167,0.167 0.833,0.833 1.0,1.0"/></aapt:attr></objectAnimator><objectAnimator android:propertyName="scaleY" android:duration="1000" android:startOffset="1267" android:valueFrom="1" android:valueTo="1.5" android:valueType="floatType"><aapt:attr name="android:interpolator"><pathInterpolator android:pathData="M 0.0,0.0 c0.167,0.167 0.833,0.833 1.0,1.0"/></aapt:attr></objectAnimator><objectAnimator android:propertyName="scaleX" android:duration="333" android:startOffset="2267" android:valueFrom="1.5" android:valueTo="1" android:valueType="floatType"><aapt:attr name="android:interpolator"><pathInterpolator android:pathData="M 0.0,0.0 c0.167,0.167 0.833,0.833 1.0,1.0"/></aapt:attr></objectAnimator><objectAnimator android:propertyName="scaleY" android:duration="333" android:startOffset="2267" android:valueFrom="1.5" android:valueTo="1" android:valueType="floatType"><aapt:attr name="android:interpolator"><pathInterpolator android:pathData="M 0.0,0.0 c0.167,0.167 0.833,0.833 1.0,1.0"/></aapt:attr></objectAnimator></set></aapt:attr></target><target android:name="_R_G_L_0_G_D_2_P_0"><aapt:attr name="android:animation"><set android:ordering="together"><objectAnimator android:propertyName="trimPathEnd" android:duration="1400" android:startOffset="0" android:valueFrom="0" android:valueTo="0" android:valueType="floatType"><aapt:attr name="android:interpolator"><pathInterpolator android:pathData="M 0.0,0.0 c0.167,0.167 0.833,0.833 1.0,1.0"/></aapt:attr></objectAnimator><objectAnimator android:propertyName="trimPathEnd" android:duration="1000" android:startOffset="1400" android:valueFrom="0" android:valueTo="1" android:valueType="floatType"><aapt:attr name="android:interpolator"><pathInterpolator android:pathData="M 0.0,0.0 c0.167,0.167 0.833,0.833 1.0,1.0"/></aapt:attr></objectAnimator></set></aapt:attr></target><target android:name="_R_G_L_0_G_D_2_P_1_G_0_T_0"><aapt:attr name="android:animation"><set android:ordering="together"><objectAnimator android:propertyName="scaleX" android:duration="1267" android:startOffset="0" android:valueFrom="1" android:valueTo="1" android:valueType="floatType"><aapt:attr name="android:interpolator"><pathInterpolator android:pathData="M 0.0,0.0 c0.167,0.167 0.833,0.833 1.0,1.0"/></aapt:attr></objectAnimator><objectAnimator android:propertyName="scaleY" android:duration="1267" android:startOffset="0" android:valueFrom="1" android:valueTo="1" android:valueType="floatType"><aapt:attr name="android:interpolator"><pathInterpolator android:pathData="M 0.0,0.0 c0.167,0.167 0.833,0.833 1.0,1.0"/></aapt:attr></objectAnimator><objectAnimator android:propertyName="scaleX" android:duration="1000" android:startOffset="1267" android:valueFrom="1" android:valueTo="1.5" android:valueType="floatType"><aapt:attr name="android:interpolator"><pathInterpolator android:pathData="M 0.0,0.0 c0.167,0.167 0.833,0.833 1.0,1.0"/></aapt:attr></objectAnimator><objectAnimator android:propertyName="scaleY" android:duration="1000" android:startOffset="1267" android:valueFrom="1" android:valueTo="1.5" android:valueType="floatType"><aapt:attr name="android:interpolator"><pathInterpolator android:pathData="M 0.0,0.0 c0.167,0.167 0.833,0.833 1.0,1.0"/></aapt:attr></objectAnimator><objectAnimator android:propertyName="scaleX" android:duration="333" android:startOffset="2267" android:valueFrom="1.5" android:valueTo="1" android:valueType="floatType"><aapt:attr name="android:interpolator"><pathInterpolator android:pathData="M 0.0,0.0 c0.167,0.167 0.833,0.833 1.0,1.0"/></aapt:attr></objectAnimator><objectAnimator android:propertyName="scaleY" android:duration="333" android:startOffset="2267" android:valueFrom="1.5" android:valueTo="1" android:valueType="floatType"><aapt:attr name="android:interpolator"><pathInterpolator android:pathData="M 0.0,0.0 c0.167,0.167 0.833,0.833 1.0,1.0"/></aapt:attr></objectAnimator></set></aapt:attr></target><target android:name="_R_G_L_0_G_D_2_P_1"><aapt:attr name="android:animation"><set android:ordering="together"><objectAnimator android:propertyName="trimPathEnd" android:duration="1400" android:startOffset="0" android:valueFrom="0" android:valueTo="0" android:valueType="floatType"><aapt:attr name="android:interpolator"><pathInterpolator android:pathData="M 0.0,0.0 c0.167,0.167 0.833,0.833 1.0,1.0"/></aapt:attr></objectAnimator><objectAnimator android:propertyName="trimPathEnd" android:duration="1000" android:startOffset="1400" android:valueFrom="0" android:valueTo="1" android:valueType="floatType"><aapt:attr name="android:interpolator"><pathInterpolator android:pathData="M 0.0,0.0 c0.167,0.167 0.833,0.833 1.0,1.0"/></aapt:attr></objectAnimator></set></aapt:attr></target><target android:name="_R_G_L_0_G_D_3_P_0_G_0_T_0"><aapt:attr name="android:animation"><set android:ordering="together"><objectAnimator android:propertyName="scaleX" android:duration="2067" android:startOffset="0" android:valueFrom="0" android:valueTo="0" android:valueType="floatType"><aapt:attr name="android:interpolator"><pathInterpolator android:pathData="M 0.0,0.0 c0.167,0.167 0.833,0.833 1.0,1.0"/></aapt:attr></objectAnimator><objectAnimator android:propertyName="scaleY" android:duration="2067" android:startOffset="0" android:valueFrom="0" android:valueTo="0" android:valueType="floatType"><aapt:attr name="android:interpolator"><pathInterpolator android:pathData="M 0.0,0.0 c0.167,0.167 0.833,0.833 1.0,1.0"/></aapt:attr></objectAnimator><objectAnimator android:propertyName="scaleX" android:duration="933" android:startOffset="2067" android:valueFrom="0" android:valueTo="1.5" android:valueType="floatType"><aapt:attr name="android:interpolator"><pathInterpolator android:pathData="M 0.0,0.0 c0.167,0.167 0.833,0.833 1.0,1.0"/></aapt:attr></objectAnimator><objectAnimator android:propertyName="scaleY" android:duration="933" android:startOffset="2067" android:valueFrom="0" android:valueTo="1.5" android:valueType="floatType"><aapt:attr name="android:interpolator"><pathInterpolator android:pathData="M 0.0,0.0 c0.167,0.167 0.833,0.833 1.0,1.0"/></aapt:attr></objectAnimator><objectAnimator android:propertyName="scaleX" android:duration="400" android:startOffset="3000" android:valueFrom="1.5" android:valueTo="1" android:valueType="floatType"><aapt:attr name="android:interpolator"><pathInterpolator android:pathData="M 0.0,0.0 c0.167,0.167 0.833,0.833 1.0,1.0"/></aapt:attr></objectAnimator><objectAnimator android:propertyName="scaleY" android:duration="400" android:startOffset="3000" android:valueFrom="1.5" android:valueTo="1" android:valueType="floatType"><aapt:attr name="android:interpolator"><pathInterpolator android:pathData="M 0.0,0.0 c0.167,0.167 0.833,0.833 1.0,1.0"/></aapt:attr></objectAnimator></set></aapt:attr></target><target android:name="_R_G_L_0_G_D_3_P_0"><aapt:attr name="android:animation"><set android:ordering="together"><objectAnimator android:propertyName="trimPathEnd" android:duration="2267" android:startOffset="0" android:valueFrom="0" android:valueTo="0" android:valueType="floatType"><aapt:attr name="android:interpolator"><pathInterpolator android:pathData="M 0.0,0.0 c0.167,0.167 0.833,0.833 1.0,1.0"/></aapt:attr></objectAnimator><objectAnimator android:propertyName="trimPathEnd" android:duration="1000" android:startOffset="2267" android:valueFrom="0" android:valueTo="1" android:valueType="floatType"><aapt:attr name="android:interpolator"><pathInterpolator android:pathData="M 0.0,0.0 c0.167,0.167 0.833,0.833 1.0,1.0"/></aapt:attr></objectAnimator></set></aapt:attr></target><target android:name="_R_G_L_0_G_D_3_P_1_G_0_T_0"><aapt:attr name="android:animation"><set android:ordering="together"><objectAnimator android:propertyName="scaleX" android:duration="2067" android:startOffset="0" android:valueFrom="0" android:valueTo="0" android:valueType="floatType"><aapt:attr name="android:interpolator"><pathInterpolator android:pathData="M 0.0,0.0 c0.167,0.167 0.833,0.833 1.0,1.0"/></aapt:attr></objectAnimator><objectAnimator android:propertyName="scaleY" android:duration="2067" android:startOffset="0" android:valueFrom="0" android:valueTo="0" android:valueType="floatType"><aapt:attr name="android:interpolator"><pathInterpolator android:pathData="M 0.0,0.0 c0.167,0.167 0.833,0.833 1.0,1.0"/></aapt:attr></objectAnimator><objectAnimator android:propertyName="scaleX" android:duration="933" android:startOffset="2067" android:valueFrom="0" android:valueTo="1.5" android:valueType="floatType"><aapt:attr name="android:interpolator"><pathInterpolator android:pathData="M 0.0,0.0 c0.167,0.167 0.833,0.833 1.0,1.0"/></aapt:attr></objectAnimator><objectAnimator android:propertyName="scaleY" android:duration="933" android:startOffset="2067" android:valueFrom="0" android:valueTo="1.5" android:valueType="floatType"><aapt:attr name="android:interpolator"><pathInterpolator android:pathData="M 0.0,0.0 c0.167,0.167 0.833,0.833 1.0,1.0"/></aapt:attr></objectAnimator><objectAnimator android:propertyName="scaleX" android:duration="400" android:startOffset="3000" android:valueFrom="1.5" android:valueTo="1" android:valueType="floatType"><aapt:attr name="android:interpolator"><pathInterpolator android:pathData="M 0.0,0.0 c0.167,0.167 0.833,0.833 1.0,1.0"/></aapt:attr></objectAnimator><objectAnimator android:propertyName="scaleY" android:duration="400" android:startOffset="3000" android:valueFrom="1.5" android:valueTo="1" android:valueType="floatType"><aapt:attr name="android:interpolator"><pathInterpolator android:pathData="M 0.0,0.0 c0.167,0.167 0.833,0.833 1.0,1.0"/></aapt:attr></objectAnimator></set></aapt:attr></target><target android:name="_R_G_L_0_G_D_3_P_1"><aapt:attr name="android:animation"><set android:ordering="together"><objectAnimator android:propertyName="trimPathEnd" android:duration="2267" android:startOffset="0" android:valueFrom="0" android:valueTo="0" android:valueType="floatType"><aapt:attr name="android:interpolator"><pathInterpolator android:pathData="M 0.0,0.0 c0.167,0.167 0.833,0.833 1.0,1.0"/></aapt:attr></objectAnimator><objectAnimator android:propertyName="trimPathEnd" android:duration="1000" android:startOffset="2267" android:valueFrom="0" android:valueTo="1" android:valueType="floatType"><aapt:attr name="android:interpolator"><pathInterpolator android:pathData="M 0.0,0.0 c0.167,0.167 0.833,0.833 1.0,1.0"/></aapt:attr></objectAnimator></set></aapt:attr></target><target android:name="_R_G_L_0_G_D_4_P_0_G_0_T_0"><aapt:attr name="android:animation"><set android:ordering="together"><objectAnimator android:propertyName="scaleX" android:duration="3067" android:startOffset="0" android:valueFrom="0" android:valueTo="0" android:valueType="floatType"><aapt:attr name="android:interpolator"><pathInterpolator android:pathData="M 0.0,0.0 c0.167,0.167 0.833,0.833 1.0,1.0"/></aapt:attr></objectAnimator><objectAnimator android:propertyName="scaleY" android:duration="3067" android:startOffset="0" android:valueFrom="0" android:valueTo="0" android:valueType="floatType"><aapt:attr name="android:interpolator"><pathInterpolator android:pathData="M 0.0,0.0 c0.167,0.167 0.833,0.833 1.0,1.0"/></aapt:attr></objectAnimator><objectAnimator android:propertyName="scaleX" android:duration="1000" android:startOffset="3067" android:valueFrom="0" android:valueTo="1.5" android:valueType="floatType"><aapt:attr name="android:interpolator"><pathInterpolator android:pathData="M 0.0,0.0 c0.167,0.167 0.833,0.833 1.0,1.0"/></aapt:attr></objectAnimator><objectAnimator android:propertyName="scaleY" android:duration="1000" android:startOffset="3067" android:valueFrom="0" android:valueTo="1.5" android:valueType="floatType"><aapt:attr name="android:interpolator"><pathInterpolator android:pathData="M 0.0,0.0 c0.167,0.167 0.833,0.833 1.0,1.0"/></aapt:attr></objectAnimator><objectAnimator android:propertyName="scaleX" android:duration="400" android:startOffset="4067" android:valueFrom="1.5" android:valueTo="1" android:valueType="floatType"><aapt:attr name="android:interpolator"><pathInterpolator android:pathData="M 0.0,0.0 c0.167,0.167 0.833,0.833 1.0,1.0"/></aapt:attr></objectAnimator><objectAnimator android:propertyName="scaleY" android:duration="400" android:startOffset="4067" android:valueFrom="1.5" android:valueTo="1" android:valueType="floatType"><aapt:attr name="android:interpolator"><pathInterpolator android:pathData="M 0.0,0.0 c0.167,0.167 0.833,0.833 1.0,1.0"/></aapt:attr></objectAnimator></set></aapt:attr></target><target android:name="_R_G_L_0_G_D_4_P_0"><aapt:attr name="android:animation"><set android:ordering="together"><objectAnimator android:propertyName="trimPathEnd" android:duration="3267" android:startOffset="0" android:valueFrom="0" android:valueTo="0" android:valueType="floatType"><aapt:attr name="android:interpolator"><pathInterpolator android:pathData="M 0.0,0.0 c0.167,0.167 0.833,0.833 1.0,1.0"/></aapt:attr></objectAnimator><objectAnimator android:propertyName="trimPathEnd" android:duration="1000" android:startOffset="3267" android:valueFrom="0" android:valueTo="1" android:valueType="floatType"><aapt:attr name="android:interpolator"><pathInterpolator android:pathData="M 0.0,0.0 c0.167,0.167 0.833,0.833 1.0,1.0"/></aapt:attr></objectAnimator></set></aapt:attr></target><target android:name="_R_G_L_0_G_D_4_P_1_G_0_T_0"><aapt:attr name="android:animation"><set android:ordering="together"><objectAnimator android:propertyName="scaleX" android:duration="3067" android:startOffset="0" android:valueFrom="0" android:valueTo="0" android:valueType="floatType"><aapt:attr name="android:interpolator"><pathInterpolator android:pathData="M 0.0,0.0 c0.167,0.167 0.833,0.833 1.0,1.0"/></aapt:attr></objectAnimator><objectAnimator android:propertyName="scaleY" android:duration="3067" android:startOffset="0" android:valueFrom="0" android:valueTo="0" android:valueType="floatType"><aapt:attr name="android:interpolator"><pathInterpolator android:pathData="M 0.0,0.0 c0.167,0.167 0.833,0.833 1.0,1.0"/></aapt:attr></objectAnimator><objectAnimator android:propertyName="scaleX" android:duration="1000" android:startOffset="3067" android:valueFrom="0" android:valueTo="1.5" android:valueType="floatType"><aapt:attr name="android:interpolator"><pathInterpolator android:pathData="M 0.0,0.0 c0.167,0.167 0.833,0.833 1.0,1.0"/></aapt:attr></objectAnimator><objectAnimator android:propertyName="scaleY" android:duration="1000" android:startOffset="3067" android:valueFrom="0" android:valueTo="1.5" android:valueType="floatType"><aapt:attr name="android:interpolator"><pathInterpolator android:pathData="M 0.0,0.0 c0.167,0.167 0.833,0.833 1.0,1.0"/></aapt:attr></objectAnimator><objectAnimator android:propertyName="scaleX" android:duration="400" android:startOffset="4067" android:valueFrom="1.5" android:valueTo="1" android:valueType="floatType"><aapt:attr name="android:interpolator"><pathInterpolator android:pathData="M 0.0,0.0 c0.167,0.167 0.833,0.833 1.0,1.0"/></aapt:attr></objectAnimator><objectAnimator android:propertyName="scaleY" android:duration="400" android:startOffset="4067" android:valueFrom="1.5" android:valueTo="1" android:valueType="floatType"><aapt:attr name="android:interpolator"><pathInterpolator android:pathData="M 0.0,0.0 c0.167,0.167 0.833,0.833 1.0,1.0"/></aapt:attr></objectAnimator></set></aapt:attr></target><target android:name="_R_G_L_0_G_D_4_P_1"><aapt:attr name="android:animation"><set android:ordering="together"><objectAnimator android:propertyName="trimPathEnd" android:duration="3267" android:startOffset="0" android:valueFrom="0" android:valueTo="0" android:valueType="floatType"><aapt:attr name="android:interpolator"><pathInterpolator android:pathData="M 0.0,0.0 c0.167,0.167 0.833,0.833 1.0,1.0"/></aapt:attr></objectAnimator><objectAnimator android:propertyName="trimPathEnd" android:duration="1000" android:startOffset="3267" android:valueFrom="0" android:valueTo="1" android:valueType="floatType"><aapt:attr name="android:interpolator"><pathInterpolator android:pathData="M 0.0,0.0 c0.167,0.167 0.833,0.833 1.0,1.0"/></aapt:attr></objectAnimator></set></aapt:attr></target><target android:name="_R_G_L_0_G_D_5_P_0_G_0_T_0"><aapt:attr name="android:animation"><set android:ordering="together"><objectAnimator android:propertyName="scaleX" android:duration="4067" android:startOffset="0" android:valueFrom="0" android:valueTo="0" android:valueType="floatType"><aapt:attr name="android:interpolator"><pathInterpolator android:pathData="M 0.0,0.0 c0.167,0.167 0.833,0.833 1.0,1.0"/></aapt:attr></objectAnimator><objectAnimator android:propertyName="scaleY" android:duration="4067" android:startOffset="0" android:valueFrom="0" android:valueTo="0" android:valueType="floatType"><aapt:attr name="android:interpolator"><pathInterpolator android:pathData="M 0.0,0.0 c0.167,0.167 0.833,0.833 1.0,1.0"/></aapt:attr></objectAnimator><objectAnimator android:propertyName="scaleX" android:duration="1000" android:startOffset="4067" android:valueFrom="0" android:valueTo="1.5" android:valueType="floatType"><aapt:attr name="android:interpolator"><pathInterpolator android:pathData="M 0.0,0.0 c0.167,0.167 0.833,0.833 1.0,1.0"/></aapt:attr></objectAnimator><objectAnimator android:propertyName="scaleY" android:duration="1000" android:startOffset="4067" android:valueFrom="0" android:valueTo="1.5" android:valueType="floatType"><aapt:attr name="android:interpolator"><pathInterpolator android:pathData="M 0.0,0.0 c0.167,0.167 0.833,0.833 1.0,1.0"/></aapt:attr></objectAnimator><objectAnimator android:propertyName="scaleX" android:duration="333" android:startOffset="5067" android:valueFrom="1.5" android:valueTo="1" android:valueType="floatType"><aapt:attr name="android:interpolator"><pathInterpolator android:pathData="M 0.0,0.0 c0.167,0.167 0.833,0.833 1.0,1.0"/></aapt:attr></objectAnimator><objectAnimator android:propertyName="scaleY" android:duration="333" android:startOffset="5067" android:valueFrom="1.5" android:valueTo="1" android:valueType="floatType"><aapt:attr name="android:interpolator"><pathInterpolator android:pathData="M 0.0,0.0 c0.167,0.167 0.833,0.833 1.0,1.0"/></aapt:attr></objectAnimator></set></aapt:attr></target><target android:name="_R_G_L_0_G_D_5_P_0"><aapt:attr name="android:animation"><set android:ordering="together"><objectAnimator android:propertyName="trimPathEnd" android:duration="4267" android:startOffset="0" android:valueFrom="0" android:valueTo="0" android:valueType="floatType"><aapt:attr name="android:interpolator"><pathInterpolator android:pathData="M 0.0,0.0 c0.167,0.167 0.833,0.833 1.0,1.0"/></aapt:attr></objectAnimator><objectAnimator android:propertyName="trimPathEnd" android:duration="1000" android:startOffset="4267" android:valueFrom="0" android:valueTo="1" android:valueType="floatType"><aapt:attr name="android:interpolator"><pathInterpolator android:pathData="M 0.0,0.0 c0.167,0.167 0.833,0.833 1.0,1.0"/></aapt:attr></objectAnimator></set></aapt:attr></target><target android:name="_R_G_L_0_G_D_5_P_1_G_0_T_0"><aapt:attr name="android:animation"><set android:ordering="together"><objectAnimator android:propertyName="scaleX" android:duration="4067" android:startOffset="0" android:valueFrom="0" android:valueTo="0" android:valueType="floatType"><aapt:attr name="android:interpolator"><pathInterpolator android:pathData="M 0.0,0.0 c0.167,0.167 0.833,0.833 1.0,1.0"/></aapt:attr></objectAnimator><objectAnimator android:propertyName="scaleY" android:duration="4067" android:startOffset="0" android:valueFrom="0" android:valueTo="0" android:valueType="floatType"><aapt:attr name="android:interpolator"><pathInterpolator android:pathData="M 0.0,0.0 c0.167,0.167 0.833,0.833 1.0,1.0"/></aapt:attr></objectAnimator><objectAnimator android:propertyName="scaleX" android:duration="1000" android:startOffset="4067" android:valueFrom="0" android:valueTo="1.5" android:valueType="floatType"><aapt:attr name="android:interpolator"><pathInterpolator android:pathData="M 0.0,0.0 c0.167,0.167 0.833,0.833 1.0,1.0"/></aapt:attr></objectAnimator><objectAnimator android:propertyName="scaleY" android:duration="1000" android:startOffset="4067" android:valueFrom="0" android:valueTo="1.5" android:valueType="floatType"><aapt:attr name="android:interpolator"><pathInterpolator android:pathData="M 0.0,0.0 c0.167,0.167 0.833,0.833 1.0,1.0"/></aapt:attr></objectAnimator><objectAnimator android:propertyName="scaleX" android:duration="333" android:startOffset="5067" android:valueFrom="1.5" android:valueTo="1" android:valueType="floatType"><aapt:attr name="android:interpolator"><pathInterpolator android:pathData="M 0.0,0.0 c0.167,0.167 0.833,0.833 1.0,1.0"/></aapt:attr></objectAnimator><objectAnimator android:propertyName="scaleY" android:duration="333" android:startOffset="5067" android:valueFrom="1.5" android:valueTo="1" android:valueType="floatType"><aapt:attr name="android:interpolator"><pathInterpolator android:pathData="M 0.0,0.0 c0.167,0.167 0.833,0.833 1.0,1.0"/></aapt:attr></objectAnimator></set></aapt:attr></target><target android:name="_R_G_L_0_G_D_5_P_1"><aapt:attr name="android:animation"><set android:ordering="together"><objectAnimator android:propertyName="trimPathEnd" android:duration="4267" android:startOffset="0" android:valueFrom="0" android:valueTo="0" android:valueType="floatType"><aapt:attr name="android:interpolator"><pathInterpolator android:pathData="M 0.0,0.0 c0.167,0.167 0.833,0.833 1.0,1.0"/></aapt:attr></objectAnimator><objectAnimator android:propertyName="trimPathEnd" android:duration="1000" android:startOffset="4267" android:valueFrom="0" android:valueTo="1" android:valueType="floatType"><aapt:attr name="android:interpolator"><pathInterpolator android:pathData="M 0.0,0.0 c0.167,0.167 0.833,0.833 1.0,1.0"/></aapt:attr></objectAnimator></set></aapt:attr></target><target android:name="time_group"><aapt:attr name="android:animation"><set android:ordering="together"><objectAnimator android:propertyName="translateX" android:duration="6000" android:startOffset="0" android:valueFrom="0" android:valueTo="1" android:valueType="floatType"/></set></aapt:attr></target></animated-vector>