{"v":"4.10.1","fr":60,"ip":0,"op":302,"w":800,"h":800,"nm":"Thumbsup_Preview","ddd":0,"assets":[{"id":"comp_27","layers":[{"ddd":0,"ind":1,"ty":4,"nm":"Streak","sr":1,"ks":{"o":{"a":0,"k":100,"ix":11},"r":{"a":0,"k":0,"ix":10},"p":{"a":0,"k":[75,75,0],"ix":2},"a":{"a":0,"k":[0,0,0],"ix":1},"s":{"a":0,"k":[100,100,100],"ix":6}},"ao":0,"shapes":[{"ty":"gr","it":[{"ind":0,"ty":"sh","ix":1,"ks":{"a":0,"k":{"i":[[-32.306,11.69],[16.5,15]],"o":[[38.69,-14],[-21.828,-19.844]],"v":[[-27.19,47],[0,-26]],"c":false},"ix":2},"nm":"Path 1","mn":"ADBE Vector Shape - Group","hd":false},{"ty":"tm","s":{"a":1,"k":[{"i":{"x":[0.833],"y":[0.833]},"o":{"x":[0.167],"y":[0.167]},"n":["0p833_0p833_0p167_0p167"],"t":42,"s":[100],"e":[27.333]},{"i":{"x":[0.833],"y":[0.833]},"o":{"x":[0.167],"y":[0.167]},"n":["0p833_0p833_0p167_0p167"],"t":49,"s":[27.333],"e":[10.2]},{"i":{"x":[0.667],"y":[1]},"o":{"x":[0.167],"y":[0.167]},"n":["0p667_1_0p167_0p167"],"t":51.223,"s":[10.2],"e":[0]},{"t":53}],"ix":1},"e":{"a":1,"k":[{"i":{"x":[0.833],"y":[0.833]},"o":{"x":[0.167],"y":[0.167]},"n":["0p833_0p833_0p167_0p167"],"t":42,"s":[100],"e":[42.171]},{"i":{"x":[0.667],"y":[1]},"o":{"x":[0.167],"y":[0.167]},"n":["0p667_1_0p167_0p167"],"t":51.223,"s":[42.171],"e":[0]},{"t":53}],"ix":2},"o":{"a":0,"k":0,"ix":3},"m":1,"ix":2,"nm":"Trim Paths 1","mn":"ADBE Vector Filter - Trim","hd":false},{"ty":"st","c":{"a":0,"k":[0,0,0,1],"ix":3},"o":{"a":0,"k":100,"ix":4},"w":{"a":0,"k":5,"ix":5},"lc":2,"lj":1,"ml":4,"nm":"Stroke 1","mn":"ADBE Vector Graphic - Stroke","hd":false},{"ty":"tr","p":{"a":0,"k":[0,0],"ix":2},"a":{"a":0,"k":[0,0],"ix":1},"s":{"a":0,"k":[100,100],"ix":3},"r":{"a":0,"k":0,"ix":6},"o":{"a":0,"k":100,"ix":7},"sk":{"a":0,"k":0,"ix":4},"sa":{"a":0,"k":0,"ix":5},"nm":"Transform"}],"nm":"Shape 1","np":3,"cix":2,"ix":1,"mn":"ADBE Vector Group","hd":false}],"ip":42,"op":121,"st":19,"bm":0},{"ddd":0,"ind":2,"ty":4,"nm":"Streak","sr":1,"ks":{"o":{"a":0,"k":100,"ix":11},"r":{"a":0,"k":0,"ix":10},"p":{"a":0,"k":[75,75,0],"ix":2},"a":{"a":0,"k":[0,0,0],"ix":1},"s":{"a":0,"k":[100,100,100],"ix":6}},"ao":0,"shapes":[{"ty":"gr","it":[{"ind":0,"ty":"sh","ix":1,"ks":{"a":0,"k":{"i":[[-32.413,11.389],[20.5,26.5]],"o":[[42.69,-15],[-18.05,-23.333]],"v":[[-22.19,52.5],[10,-26]],"c":false},"ix":2},"nm":"Path 2","mn":"ADBE Vector Shape - Group","hd":false},{"ty":"tm","s":{"a":1,"k":[{"i":{"x":[0.833],"y":[0.833]},"o":{"x":[0.167],"y":[0.167]},"n":["0p833_0p833_0p167_0p167"],"t":42,"s":[100],"e":[26.633]},{"i":{"x":[0.833],"y":[0.833]},"o":{"x":[0.167],"y":[0.167]},"n":["0p833_0p833_0p167_0p167"],"t":49,"s":[26.633],"e":[10.2]},{"i":{"x":[0.667],"y":[1]},"o":{"x":[0.167],"y":[0.167]},"n":["0p667_1_0p167_0p167"],"t":51.223,"s":[10.2],"e":[0]},{"t":53}],"ix":1},"e":{"a":1,"k":[{"i":{"x":[0.833],"y":[0.833]},"o":{"x":[0.167],"y":[0.167]},"n":["0p833_0p833_0p167_0p167"],"t":42,"s":[100],"e":[42.668]},{"i":{"x":[0.833],"y":[0.833]},"o":{"x":[0.167],"y":[0.167]},"n":["0p833_0p833_0p167_0p167"],"t":49,"s":[42.668],"e":[0]},{"t":53}],"ix":2},"o":{"a":0,"k":0,"ix":3},"m":1,"ix":2,"nm":"Trim Paths 1","mn":"ADBE Vector Filter - Trim","hd":false},{"ty":"st","c":{"a":0,"k":[0,0,0,1],"ix":3},"o":{"a":0,"k":100,"ix":4},"w":{"a":0,"k":5,"ix":5},"lc":2,"lj":1,"ml":4,"nm":"Stroke 1","mn":"ADBE Vector Graphic - Stroke","hd":false},{"ty":"tr","p":{"a":0,"k":[0,0],"ix":2},"a":{"a":0,"k":[0,0],"ix":1},"s":{"a":0,"k":[100,100],"ix":3},"r":{"a":0,"k":0,"ix":6},"o":{"a":0,"k":100,"ix":7},"sk":{"a":0,"k":0,"ix":4},"sa":{"a":0,"k":0,"ix":5},"nm":"Transform"}],"nm":"Shape 1","np":3,"cix":2,"ix":1,"mn":"ADBE Vector Group","hd":false}],"ip":42,"op":121,"st":19,"bm":0},{"ddd":0,"ind":3,"ty":4,"nm":"Wrist","sr":1,"ks":{"o":{"a":0,"k":100,"ix":11},"r":{"a":1,"k":[{"i":{"x":[0.268],"y":[1]},"o":{"x":[0.85],"y":[0]},"n":["0p268_1_0p85_0"],"t":23,"s":[0],"e":[-24]},{"i":{"x":[0.474],"y":[1]},"o":{"x":[0.333],"y":[0]},"n":["0p474_1_0p333_0"],"t":36,"s":[-24],"e":[80]},{"t":54}],"ix":10},"p":{"a":1,"k":[{"i":{"x":0.22,"y":1},"o":{"x":0.85,"y":0},"n":"0p22_1_0p85_0","t":23,"s":[36.066,84.52,0],"e":[36.118,76.032,0],"to":[-1.23854327201843,1.23854327201843,0],"ti":[-0.01632204465568,-0.00618695560843,0]},{"i":{"x":0.844,"y":0.683},"o":{"x":0.601,"y":0},"n":"0p844_0p683_0p601_0","t":36,"s":[36.118,76.032,0],"e":[46.411,96.315,0],"to":[0.31963109970093,0.12115782499313,0],"ti":[0.06263589113951,-8.62023639678955,0]},{"i":{"x":0.325,"y":1},"o":{"x":0.26,"y":0.576},"n":"0p325_1_0p26_0p576","t":44.434,"s":[46.411,96.315,0],"e":[36.066,117.52,0],"to":[-0.08372224867344,11.5222368240356,0],"ti":[0,-0.23325119912624,0]},{"t":54}],"ix":2},"a":{"a":0,"k":[36.066,84.52,0],"ix":1},"s":{"a":1,"k":[{"i":{"x":[0.268,0.268,0.667],"y":[1,1,1]},"o":{"x":[0.85,0.85,0.85],"y":[0,0,0]},"n":["0p268_1_0p85_0","0p268_1_0p85_0","0p667_1_0p85_0"],"t":23,"s":[100,100,100],"e":[100,100,100]},{"i":{"x":[0.833,0.833,0.833],"y":[1,1,1]},"o":{"x":[0.333,0.333,0.333],"y":[0,0,0]},"n":["0p833_1_0p333_0","0p833_1_0p333_0","0p833_1_0p333_0"],"t":36,"s":[100,100,100],"e":[0,0,100]},{"t":54}],"ix":6}},"ao":0,"shapes":[{"ty":"gr","it":[{"ind":0,"ty":"sh","ix":1,"ks":{"a":0,"k":{"i":[[0,0],[0,0],[1.56,0],[0,0],[0,1.69],[0,0],[-1.56,0],[0,0],[0,-1.56],[0,0]],"o":[[0,0],[0,1.69],[0,0],[-1.56,0],[0,0],[0,-1.56],[0,0],[1.56,0],[0,0],[0,0]],"v":[[-13.846,29.381],[-13.846,35.361],[-16.836,38.481],[-38.157,38.481],[-41.146,35.361],[-41.146,-14.691],[-38.157,-17.681],[-16.836,-17.681],[-13.846,-14.691],[-13.846,-11.311]],"c":true},"ix":2},"nm":"Path 2","mn":"ADBE Vector Shape - Group","hd":false},{"ty":"fl","c":{"a":0,"k":[0,0,0,1],"ix":4},"o":{"a":0,"k":100,"ix":5},"r":1,"nm":"Fill 1","mn":"ADBE Vector Graphic - Fill","hd":false},{"ty":"tr","p":{"a":0,"k":[77.213,74.12],"ix":2},"a":{"a":0,"k":[0,0],"ix":1},"s":{"a":0,"k":[100,100],"ix":3},"r":{"a":0,"k":0,"ix":6},"o":{"a":0,"k":100,"ix":7},"sk":{"a":0,"k":0,"ix":4},"sa":{"a":0,"k":0,"ix":5},"nm":"Transform"}],"nm":"Group 1","np":2,"cix":2,"ix":1,"mn":"ADBE Vector Group","hd":false}],"ip":0,"op":107,"st":1,"bm":0},{"ddd":0,"ind":4,"ty":4,"nm":"Hand","parent":3,"sr":1,"ks":{"o":{"a":0,"k":100,"ix":11},"r":{"a":1,"k":[{"i":{"x":[0.842],"y":[0.859]},"o":{"x":[0.85],"y":[0]},"n":["0p842_0p859_0p85_0"],"t":23,"s":[0],"e":[10]},{"i":{"x":[0.833],"y":[1]},"o":{"x":[0.167],"y":[0.167]},"n":["0p833_1_0p167_0p167"],"t":32,"s":[10],"e":[-7]},{"i":{"x":[0.833],"y":[1]},"o":{"x":[0.167],"y":[0]},"n":["0p833_1_0p167_0"],"t":42,"s":[-7],"e":[3]},{"t":57}],"ix":10},"p":{"a":1,"k":[{"i":{"x":0.833,"y":0.833},"o":{"x":0.85,"y":0.85},"n":"0p833_0p833_0p85_0p85","t":23,"s":[56,84,0],"e":[56,84,0],"to":[0,0,0],"ti":[0,0,0]},{"t":36}],"ix":2},"a":{"a":0,"k":[56,84,0],"ix":1},"s":{"a":0,"k":[100,100,100],"ix":6}},"ao":0,"shapes":[{"ty":"gr","it":[{"ind":0,"ty":"sh","ix":1,"ks":{"a":1,"k":[{"i":{"x":0.667,"y":1},"o":{"x":0.85,"y":0},"n":"0p667_1_0p85_0","t":23,"s":[{"i":[[-1.69,0],[6.761,0.261],[-1.43,0],[7.28,0],[0,0],[0,1.69],[0,5.2],[2.08,0],[0.26,-2.21],[9.88,-4.29],[0,0],[0,0],[0,0],[-5.85,-0.26],[9.099,1.95],[-1.43,0],[6.761,0.78]],"o":[[7.41,0],[-1.43,-0.129],[6.761,0],[0,0],[-2.731,0],[0,-3.12],[0,-6.631],[-2.21,0],[-1.561,10.401],[0,0],[0,0],[0,0],[13.91,6.89],[8.84,0.259],[-1.951,-0.26],[9.23,0],[-1.69,-0.26]],"v":[[25.025,8.71],[25.936,0.649],[25.936,-0.91],[24.245,-9.491],[16.576,-9.491],[12.546,-12.871],[18.005,-27.951],[12.674,-38.482],[9.035,-34.452],[-13.846,-2.471],[-23.721,-2.37],[-22.198,21.204],[-13.846,21.061],[18.135,28.731],[22.296,20.021],[21.906,18.07],[25.025,10.4]],"c":true}],"e":[{"i":[[-1.69,0],[6.761,0.261],[-1.43,0],[7.28,0],[0,0],[0,1.69],[-1.738,4.901],[1.96,0.695],[0.984,-1.996],[9.88,-4.29],[0,0],[0,0],[0,0],[-5.85,-0.26],[9.099,1.95],[-1.43,0],[6.761,0.78]],"o":[[7.41,0],[-1.43,-0.129],[6.761,0],[0,0],[-2.731,0],[0,-3.12],[2.216,-6.25],[-2.083,-0.739],[-4.948,9.281],[0,0],[0,0],[0,0],[13.91,6.89],[8.84,0.259],[-1.951,-0.26],[9.23,0],[-1.69,-0.26]],"v":[[25.025,8.71],[25.936,0.649],[25.936,-0.91],[24.245,-9.491],[16.576,-9.491],[12.546,-12.871],[19.366,-24.327],[17.862,-36.034],[13.085,-33.452],[-13.846,-2.471],[-23.721,-2.37],[-22.198,21.204],[-13.846,21.061],[18.135,28.731],[22.296,20.021],[21.906,18.07],[25.025,10.4]],"c":true}]},{"i":{"x":0.667,"y":1},"o":{"x":0.333,"y":0},"n":"0p667_1_0p333_0","t":34,"s":[{"i":[[-1.69,0],[6.761,0.261],[-1.43,0],[7.28,0],[0,0],[0,1.69],[-1.738,4.901],[1.96,0.695],[0.984,-1.996],[9.88,-4.29],[0,0],[0,0],[0,0],[-5.85,-0.26],[9.099,1.95],[-1.43,0],[6.761,0.78]],"o":[[7.41,0],[-1.43,-0.129],[6.761,0],[0,0],[-2.731,0],[0,-3.12],[2.216,-6.25],[-2.083,-0.739],[-4.948,9.281],[0,0],[0,0],[0,0],[13.91,6.89],[8.84,0.259],[-1.951,-0.26],[9.23,0],[-1.69,-0.26]],"v":[[25.025,8.71],[25.936,0.649],[25.936,-0.91],[24.245,-9.491],[16.576,-9.491],[12.546,-12.871],[19.366,-24.327],[17.862,-36.034],[13.085,-33.452],[-13.846,-2.471],[-23.721,-2.37],[-22.198,21.204],[-13.846,21.061],[18.135,28.731],[22.296,20.021],[21.906,18.07],[25.025,10.4]],"c":true}],"e":[{"i":[[-1.69,0],[6.761,0.261],[-1.43,0],[7.28,0],[0,0],[-0.323,1.639],[0.294,4.946],[1.978,-0.118],[0.122,-2.117],[9.88,-4.29],[0,0],[0,0],[0,0],[-5.85,-0.26],[9.099,1.95],[-1.43,0],[6.761,0.78]],"o":[[7.41,0],[-1.43,-0.129],[6.761,0],[0,0],[-2.731,0],[1.281,-5.148],[-0.375,-6.307],[-2.102,0.125],[-0.896,9.981],[0,0],[0,0],[0,0],[13.91,6.89],[8.84,0.259],[-1.951,-0.26],[9.23,0],[-1.69,-0.26]],"v":[[25.025,8.71],[25.936,0.649],[25.936,-0.91],[24.245,-9.491],[16.576,-9.491],[12.546,-12.871],[15.592,-31.445],[9.927,-41.16],[6.694,-37.121],[-13.846,-2.471],[-23.721,-2.37],[-22.198,21.204],[-13.846,21.061],[18.135,28.731],[22.296,20.021],[21.906,18.07],[25.025,10.4]],"c":true}]},{"i":{"x":0.667,"y":1},"o":{"x":0.333,"y":0},"n":"0p667_1_0p333_0","t":46,"s":[{"i":[[-1.69,0],[6.761,0.261],[-1.43,0],[7.28,0],[0,0],[-0.323,1.639],[0.294,4.946],[1.978,-0.118],[0.122,-2.117],[9.88,-4.29],[0,0],[0,0],[0,0],[-5.85,-0.26],[9.099,1.95],[-1.43,0],[6.761,0.78]],"o":[[7.41,0],[-1.43,-0.129],[6.761,0],[0,0],[-2.731,0],[1.281,-5.148],[-0.375,-6.307],[-2.102,0.125],[-0.896,9.981],[0,0],[0,0],[0,0],[13.91,6.89],[8.84,0.259],[-1.951,-0.26],[9.23,0],[-1.69,-0.26]],"v":[[25.025,8.71],[25.936,0.649],[25.936,-0.91],[24.245,-9.491],[16.576,-9.491],[12.546,-12.871],[15.592,-31.445],[9.927,-41.16],[6.694,-37.121],[-13.846,-2.471],[-23.721,-2.37],[-22.198,21.204],[-13.846,21.061],[18.135,28.731],[22.296,20.021],[21.906,18.07],[25.025,10.4]],"c":true}],"e":[{"i":[[-1.69,0],[6.761,0.261],[-1.43,0],[7.28,0],[0,0],[0,1.69],[0,5.2],[2.08,0],[0.26,-2.21],[9.88,-4.29],[0,0],[0,0],[0,0],[-5.85,-0.26],[9.099,1.95],[-1.43,0],[6.761,0.78]],"o":[[7.41,0],[-1.43,-0.129],[6.761,0],[0,0],[-2.731,0],[0,-3.12],[0,-6.631],[-2.21,0],[-1.561,10.401],[0,0],[0,0],[0,0],[13.91,6.89],[8.84,0.259],[-1.951,-0.26],[9.23,0],[-1.69,-0.26]],"v":[[25.025,8.71],[25.936,0.649],[25.936,-0.91],[24.245,-9.491],[16.576,-9.491],[12.546,-12.871],[18.005,-27.951],[12.674,-38.482],[9.035,-34.452],[-13.846,-2.471],[-23.721,-2.37],[-22.198,21.204],[-13.846,21.061],[18.135,28.731],[22.296,20.021],[21.906,18.07],[25.025,10.4]],"c":true}]},{"t":54}],"ix":2},"nm":"Path 1","mn":"ADBE Vector Shape - Group","hd":false},{"ind":1,"ty":"sh","ix":2,"ks":{"a":1,"k":[{"i":{"x":0.667,"y":1},"o":{"x":0.85,"y":0},"n":"0p667_1_0p85_0","t":23,"s":[{"i":[[3.251,-2.339],[4.03,3.769],[0,0],[0,0],[0,0],[0,0],[0,0],[-0.13,0.649],[-5.589,0],[0,-12.09],[1.82,-3.51],[0,0],[2.861,-11.051],[2.34,-2.08]],"o":[[7.541,23.532],[0,0],[0,0],[0,0],[0,0],[0,0],[10.14,-6.63],[1.559,-6.761],[5.851,0],[0,2.991],[0,0],[7.671,0],[2.99,5.069],[2.34,4.68]],"v":[[33.605,22.36],[-13.846,29.381],[-23.096,29.361],[-31.396,29.361],[-31.896,-9.191],[-25.596,-9.691],[-13.846,-11.311],[1.625,-35.231],[12.674,-45.892],[25.415,-28.082],[22.425,-16.901],[24.245,-16.901],[37.766,-2.21],[36.465,10.53]],"c":true}],"e":[{"i":[[3.251,-2.339],[4.03,3.769],[0,0],[0,0],[0,0],[0,0],[0,0],[-0.339,0.568],[-5.268,-1.868],[4.041,-11.395],[1.82,-3.51],[0,0],[2.861,-11.051],[2.34,-2.08]],"o":[[7.541,23.532],[0,0],[0,0],[0,0],[0,0],[0,0],[10.14,-6.63],[3.729,-5.851],[5.514,1.956],[-1,2.819],[0,0],[7.671,0],[2.99,5.069],[2.34,4.68]],"v":[[33.605,22.36],[-13.846,29.381],[-23.096,29.361],[-31.396,29.361],[-31.896,-9.191],[-25.596,-9.691],[-13.846,-11.311],[6.362,-36.663],[20.339,-43.018],[26.394,-21.974],[22.425,-16.901],[24.245,-16.901],[37.766,-2.21],[36.465,10.53]],"c":true}]},{"i":{"x":0.667,"y":1},"o":{"x":0.333,"y":0},"n":"0p667_1_0p333_0","t":34,"s":[{"i":[[3.251,-2.339],[4.03,3.769],[0,0],[0,0],[0,0],[0,0],[0,0],[-0.339,0.568],[-5.268,-1.868],[4.041,-11.395],[1.82,-3.51],[0,0],[2.861,-11.051],[2.34,-2.08]],"o":[[7.541,23.532],[0,0],[0,0],[0,0],[0,0],[0,0],[10.14,-6.63],[3.729,-5.851],[5.514,1.956],[-1,2.819],[0,0],[7.671,0],[2.99,5.069],[2.34,4.68]],"v":[[33.605,22.36],[-13.846,29.381],[-23.096,29.361],[-31.396,29.361],[-31.896,-9.191],[-25.596,-9.691],[-13.846,-11.311],[6.362,-36.663],[20.339,-43.018],[26.394,-21.974],[22.425,-16.901],[24.245,-16.901],[37.766,-2.21],[36.465,10.53]],"c":true}],"e":[{"i":[[3.251,-2.339],[4.03,3.769],[0,0],[0,0],[0,0],[0,0],[0,0],[-0.087,0.625],[-5.316,0.316],[-0.684,-11.499],[1.82,-3.51],[0,0],[2.861,-11.051],[2.34,-2.08]],"o":[[7.541,23.532],[0,0],[0,0],[0,0],[0,0],[0,0],[10.14,-6.63],[1.1,-6.519],[5.565,-0.331],[0.169,2.845],[0,0],[7.671,0],[2.99,5.069],[2.34,4.68]],"v":[[33.605,22.36],[-13.846,29.381],[-23.096,29.361],[-31.396,29.361],[-31.896,-9.191],[-25.596,-9.691],[-13.846,-11.311],[-0.398,-37.443],[9.508,-48.208],[22.634,-31.989],[22.425,-16.901],[24.245,-16.901],[37.766,-2.21],[36.465,10.53]],"c":true}]},{"i":{"x":0.667,"y":1},"o":{"x":0.333,"y":0},"n":"0p667_1_0p333_0","t":46,"s":[{"i":[[3.251,-2.339],[4.03,3.769],[0,0],[0,0],[0,0],[0,0],[0,0],[-0.087,0.625],[-5.316,0.316],[-0.684,-11.499],[1.82,-3.51],[0,0],[2.861,-11.051],[2.34,-2.08]],"o":[[7.541,23.532],[0,0],[0,0],[0,0],[0,0],[0,0],[10.14,-6.63],[1.1,-6.519],[5.565,-0.331],[0.169,2.845],[0,0],[7.671,0],[2.99,5.069],[2.34,4.68]],"v":[[33.605,22.36],[-13.846,29.381],[-23.096,29.361],[-31.396,29.361],[-31.896,-9.191],[-25.596,-9.691],[-13.846,-11.311],[-0.398,-37.443],[9.508,-48.208],[22.634,-31.989],[22.425,-16.901],[24.245,-16.901],[37.766,-2.21],[36.465,10.53]],"c":true}],"e":[{"i":[[3.251,-2.339],[4.03,3.769],[0,0],[0,0],[0,0],[0,0],[0,0],[-0.13,0.649],[-5.589,0],[0,-12.09],[1.82,-3.51],[0,0],[2.861,-11.051],[2.34,-2.08]],"o":[[7.541,23.532],[0,0],[0,0],[0,0],[0,0],[0,0],[10.14,-6.63],[1.559,-6.761],[5.851,0],[0,2.991],[0,0],[7.671,0],[2.99,5.069],[2.34,4.68]],"v":[[33.605,22.36],[-13.846,29.381],[-23.096,29.361],[-31.396,29.361],[-31.896,-9.191],[-25.596,-9.691],[-13.846,-11.311],[1.625,-35.231],[12.674,-45.892],[25.415,-28.082],[22.425,-16.901],[24.245,-16.901],[37.766,-2.21],[36.465,10.53]],"c":true}]},{"t":54}],"ix":2},"nm":"Path 2","mn":"ADBE Vector Shape - Group","hd":false},{"ty":"fl","c":{"a":0,"k":[0,0,0,1],"ix":4},"o":{"a":0,"k":100,"ix":5},"r":1,"nm":"Fill 1","mn":"ADBE Vector Graphic - Fill","hd":false},{"ty":"tr","p":{"a":0,"k":[77.213,74.12],"ix":2},"a":{"a":0,"k":[0,0],"ix":1},"s":{"a":0,"k":[100,100],"ix":3},"r":{"a":0,"k":0,"ix":6},"o":{"a":0,"k":100,"ix":7},"sk":{"a":0,"k":0,"ix":4},"sa":{"a":0,"k":0,"ix":5},"nm":"Transform"}],"nm":"Group 1","np":3,"cix":2,"ix":1,"mn":"ADBE Vector Group","hd":false}],"ip":0,"op":107,"st":1,"bm":0}]},{"id":"comp_28","layers":[{"ddd":0,"ind":1,"ty":4,"nm":"Wrist","sr":1,"ks":{"o":{"a":0,"k":100,"ix":11},"r":{"a":1,"k":[{"i":{"x":[0.808],"y":[4.18]},"o":{"x":[0.85],"y":[0]},"n":["0p808_4p18_0p85_0"],"t":5,"s":[0],"e":[-1.767]},{"i":{"x":[0.261],"y":[1]},"o":{"x":[0.165],"y":[0.161]},"n":["0p261_1_0p165_0p161"],"t":11,"s":[-1.767],"e":[28.1]},{"i":{"x":[0.22],"y":[1]},"o":{"x":[0.78],"y":[0]},"n":["0p22_1_0p78_0"],"t":17,"s":[28.1],"e":[28.1]},{"i":{"x":[0.268],"y":[1]},"o":{"x":[0.78],"y":[0]},"n":["0p268_1_0p78_0"],"t":19,"s":[28.1],"e":[-24]},{"i":{"x":[0.474],"y":[1]},"o":{"x":[0.333],"y":[0]},"n":["0p474_1_0p333_0"],"t":36,"s":[-24],"e":[0]},{"t":54}],"ix":10},"p":{"a":1,"k":[{"i":{"x":0.667,"y":1},"o":{"x":0.85,"y":0},"n":"0p667_1_0p85_0","t":5,"s":[36.066,84.52,0],"e":[21.066,87.02,0],"to":[-1.23854327201843,1.23854327201843,0],"ti":[2.5,-0.41666665673256,0]},{"i":{"x":0.667,"y":0.667},"o":{"x":0.333,"y":0.333},"n":"0p667_0p667_0p333_0p333","t":17,"s":[21.066,87.02,0],"e":[21.066,87.02,0],"to":[0,0,0],"ti":[0,0,0]},{"i":{"x":0.22,"y":1},"o":{"x":0.333,"y":0},"n":"0p22_1_0p333_0","t":18,"s":[21.066,87.02,0],"e":[36.118,76.032,0],"to":[2.50853395462036,-1.83133327960968,0],"ti":[-0.01632204465568,-0.00618695560843,0]},{"i":{"x":0.475,"y":1},"o":{"x":0.78,"y":0},"n":"0p475_1_0p78_0","t":36,"s":[36.118,76.032,0],"e":[36.066,87.52,0],"to":[0.74686586856842,0.28310337662697,0],"ti":[0,-0.40775555372238,0]},{"i":{"x":0.833,"y":0.833},"o":{"x":0.333,"y":0},"n":"0p833_0p833_0p333_0","t":54,"s":[36.066,87.52,0],"e":[36.066,84.52,0],"to":[0,0.41666665673256,0],"ti":[0,0.5,0]},{"t":73}],"ix":2},"a":{"a":0,"k":[36.066,84.52,0],"ix":1},"s":{"a":1,"k":[{"i":{"x":[0.667,0.667,0.667],"y":[1,1,1]},"o":{"x":[0.85,0.85,0.85],"y":[0,0,0]},"n":["0p667_1_0p85_0","0p667_1_0p85_0","0p667_1_0p85_0"],"t":5,"s":[100,100,100],"e":[83.6,83.6,100]},{"i":{"x":[0.544,0.544,0.667],"y":[0.944,0.944,1]},"o":{"x":[0.333,0.333,0.333],"y":[0,0,0]},"n":["0p544_0p944_0p333_0","0p544_0p944_0p333_0","0p667_1_0p333_0"],"t":17,"s":[83.6,83.6,100],"e":[83.6,83.6,100]},{"i":{"x":[0.268,0.268,0.667],"y":[1,1,1]},"o":{"x":[0.333,0.333,0.333],"y":[0,0,0]},"n":["0p268_1_0p333_0","0p268_1_0p333_0","0p667_1_0p333_0"],"t":18,"s":[83.6,83.6,100],"e":[100,100,100]},{"t":36}],"ix":6}},"ao":0,"shapes":[{"ty":"gr","it":[{"ind":0,"ty":"sh","ix":1,"ks":{"a":0,"k":{"i":[[0,0],[0,0],[1.56,0],[0,0],[0,1.69],[0,0],[-1.56,0],[0,0],[0,-1.56],[0,0]],"o":[[0,0],[0,1.69],[0,0],[-1.56,0],[0,0],[0,-1.56],[0,0],[1.56,0],[0,0],[0,0]],"v":[[-13.846,29.381],[-13.846,35.361],[-16.836,38.481],[-38.157,38.481],[-41.146,35.361],[-41.146,-14.691],[-38.157,-17.681],[-16.836,-17.681],[-13.846,-14.691],[-13.846,-11.311]],"c":true},"ix":2},"nm":"Path 2","mn":"ADBE Vector Shape - Group","hd":false},{"ty":"fl","c":{"a":0,"k":[0,0,0,1],"ix":4},"o":{"a":0,"k":100,"ix":5},"r":1,"nm":"Fill 1","mn":"ADBE Vector Graphic - Fill","hd":false},{"ty":"tr","p":{"a":0,"k":[77.213,74.12],"ix":2},"a":{"a":0,"k":[0,0],"ix":1},"s":{"a":0,"k":[100,100],"ix":3},"r":{"a":0,"k":0,"ix":6},"o":{"a":0,"k":100,"ix":7},"sk":{"a":0,"k":0,"ix":4},"sa":{"a":0,"k":0,"ix":5},"nm":"Transform"}],"nm":"Group 1","np":2,"cix":2,"ix":1,"mn":"ADBE Vector Group","hd":false}],"ip":0,"op":107,"st":1,"bm":0},{"ddd":0,"ind":2,"ty":4,"nm":"Hand","parent":1,"sr":1,"ks":{"o":{"a":0,"k":100,"ix":11},"r":{"a":1,"k":[{"i":{"x":[0.562],"y":[1.583]},"o":{"x":[0.85],"y":[0]},"n":["0p562_1p583_0p85_0"],"t":5,"s":[0],"e":[-6.676]},{"i":{"x":[0.842],"y":[0.915]},"o":{"x":[0.365],"y":[0.196]},"n":["0p842_0p915_0p365_0p196"],"t":14,"s":[-6.676],"e":[20.9]},{"i":{"x":[0.833],"y":[1]},"o":{"x":[0.167],"y":[0.167]},"n":["0p833_1_0p167_0p167"],"t":29,"s":[20.9],"e":[-7]},{"i":{"x":[0.833],"y":[1]},"o":{"x":[0.167],"y":[0]},"n":["0p833_1_0p167_0"],"t":42,"s":[-7],"e":[3]},{"i":{"x":[0.833],"y":[1]},"o":{"x":[0.167],"y":[0]},"n":["0p833_1_0p167_0"],"t":60,"s":[3],"e":[0]},{"t":88}],"ix":10},"p":{"a":1,"k":[{"i":{"x":0.833,"y":0.833},"o":{"x":0.85,"y":0.85},"n":"0p833_0p833_0p85_0p85","t":5,"s":[56,84,0],"e":[56,84,0],"to":[0,0,0],"ti":[0,0,0]},{"t":36}],"ix":2},"a":{"a":0,"k":[56,84,0],"ix":1},"s":{"a":0,"k":[100,100,100],"ix":6}},"ao":0,"shapes":[{"ty":"gr","it":[{"ind":0,"ty":"sh","ix":1,"ks":{"a":1,"k":[{"i":{"x":0.667,"y":1},"o":{"x":0.85,"y":0},"n":"0p667_1_0p85_0","t":5,"s":[{"i":[[-1.69,0],[6.761,0.261],[-1.43,0],[7.28,0],[0,0],[0,1.69],[0,5.2],[2.08,0],[0.26,-2.21],[9.88,-4.29],[0,0],[0,0],[0,0],[-5.85,-0.26],[9.099,1.95],[-1.43,0],[6.761,0.78]],"o":[[7.41,0],[-1.43,-0.129],[6.761,0],[0,0],[-2.731,0],[0,-3.12],[0,-6.631],[-2.21,0],[-1.561,10.401],[0,0],[0,0],[0,0],[13.91,6.89],[8.84,0.259],[-1.951,-0.26],[9.23,0],[-1.69,-0.26]],"v":[[25.025,8.71],[25.936,0.649],[25.936,-0.91],[24.245,-9.491],[16.576,-9.491],[12.546,-12.871],[18.005,-27.951],[12.674,-38.482],[9.035,-34.452],[-13.846,-2.471],[-23.721,-2.37],[-22.198,21.204],[-13.846,21.061],[18.135,28.731],[22.296,20.021],[21.906,18.07],[25.025,10.4]],"c":true}],"e":[{"i":[[-1.69,0],[6.761,0.261],[-1.43,0],[7.28,0],[0,0],[0,1.69],[0,5.2],[2.08,0],[0.26,-2.21],[9.88,-4.29],[0,0],[0,0],[0,0],[-5.85,-0.26],[9.099,1.95],[-1.43,0],[6.761,0.78]],"o":[[7.41,0],[-1.43,-0.129],[6.761,0],[0,0],[-2.731,0],[0,-3.12],[0,-6.631],[-2.21,0],[-1.561,10.401],[0,0],[0,0],[0,0],[13.91,6.89],[8.84,0.259],[-1.951,-0.26],[9.23,0],[-1.69,-0.26]],"v":[[25.025,8.71],[25.936,0.649],[25.936,-0.91],[24.245,-9.491],[16.576,-9.491],[12.546,-12.871],[18.005,-27.951],[12.674,-38.482],[9.035,-34.452],[-13.846,-2.471],[-23.721,-2.37],[-22.198,21.204],[-13.846,21.061],[18.135,28.731],[22.296,20.021],[21.906,18.07],[25.025,10.4]],"c":true}]},{"i":{"x":0.667,"y":1},"o":{"x":0.333,"y":0},"n":"0p667_1_0p333_0","t":17,"s":[{"i":[[-1.69,0],[6.761,0.261],[-1.43,0],[7.28,0],[0,0],[0,1.69],[0,5.2],[2.08,0],[0.26,-2.21],[9.88,-4.29],[0,0],[0,0],[0,0],[-5.85,-0.26],[9.099,1.95],[-1.43,0],[6.761,0.78]],"o":[[7.41,0],[-1.43,-0.129],[6.761,0],[0,0],[-2.731,0],[0,-3.12],[0,-6.631],[-2.21,0],[-1.561,10.401],[0,0],[0,0],[0,0],[13.91,6.89],[8.84,0.259],[-1.951,-0.26],[9.23,0],[-1.69,-0.26]],"v":[[25.025,8.71],[25.936,0.649],[25.936,-0.91],[24.245,-9.491],[16.576,-9.491],[12.546,-12.871],[18.005,-27.951],[12.674,-38.482],[9.035,-34.452],[-13.846,-2.471],[-23.721,-2.37],[-22.198,21.204],[-13.846,21.061],[18.135,28.731],[22.296,20.021],[21.906,18.07],[25.025,10.4]],"c":true}],"e":[{"i":[[-1.69,0],[6.761,0.261],[-1.43,0],[7.28,0],[0,0],[0,1.69],[0,5.2],[2.08,0],[0.26,-2.21],[9.88,-4.29],[0,0],[0,0],[0,0],[-5.85,-0.26],[9.099,1.95],[-1.43,0],[6.761,0.78]],"o":[[7.41,0],[-1.43,-0.129],[6.761,0],[0,0],[-2.731,0],[0,-3.12],[0,-6.631],[-2.21,0],[-1.561,10.401],[0,0],[0,0],[0,0],[13.91,6.89],[8.84,0.259],[-1.951,-0.26],[9.23,0],[-1.69,-0.26]],"v":[[25.025,8.71],[25.936,0.649],[25.936,-0.91],[24.245,-9.491],[16.576,-9.491],[12.546,-12.871],[18.005,-27.951],[12.674,-38.482],[9.035,-34.452],[-13.846,-2.471],[-23.721,-2.37],[-22.198,21.204],[-13.846,21.061],[18.135,28.731],[22.296,20.021],[21.906,18.07],[25.025,10.4]],"c":true}]},{"i":{"x":0.667,"y":1},"o":{"x":0.333,"y":0},"n":"0p667_1_0p333_0","t":18,"s":[{"i":[[-1.69,0],[6.761,0.261],[-1.43,0],[7.28,0],[0,0],[0,1.69],[0,5.2],[2.08,0],[0.26,-2.21],[9.88,-4.29],[0,0],[0,0],[0,0],[-5.85,-0.26],[9.099,1.95],[-1.43,0],[6.761,0.78]],"o":[[7.41,0],[-1.43,-0.129],[6.761,0],[0,0],[-2.731,0],[0,-3.12],[0,-6.631],[-2.21,0],[-1.561,10.401],[0,0],[0,0],[0,0],[13.91,6.89],[8.84,0.259],[-1.951,-0.26],[9.23,0],[-1.69,-0.26]],"v":[[25.025,8.71],[25.936,0.649],[25.936,-0.91],[24.245,-9.491],[16.576,-9.491],[12.546,-12.871],[18.005,-27.951],[12.674,-38.482],[9.035,-34.452],[-13.846,-2.471],[-23.721,-2.37],[-22.198,21.204],[-13.846,21.061],[18.135,28.731],[22.296,20.021],[21.906,18.07],[25.025,10.4]],"c":true}],"e":[{"i":[[-1.69,0],[6.761,0.261],[-1.43,0],[7.28,0],[0,0],[0,1.69],[-1.738,4.901],[1.96,0.695],[0.984,-1.996],[9.88,-4.29],[0,0],[0,0],[0,0],[-5.85,-0.26],[9.099,1.95],[-1.43,0],[6.761,0.78]],"o":[[7.41,0],[-1.43,-0.129],[6.761,0],[0,0],[-2.731,0],[0,-3.12],[2.216,-6.25],[-2.083,-0.739],[-4.948,9.281],[0,0],[0,0],[0,0],[13.91,6.89],[8.84,0.259],[-1.951,-0.26],[9.23,0],[-1.69,-0.26]],"v":[[25.025,8.71],[25.936,0.649],[25.936,-0.91],[24.245,-9.491],[16.576,-9.491],[12.546,-12.871],[19.366,-24.327],[17.862,-36.034],[13.085,-33.452],[-13.846,-2.471],[-23.721,-2.37],[-22.198,21.204],[-13.846,21.061],[18.135,28.731],[22.296,20.021],[21.906,18.07],[25.025,10.4]],"c":true}]},{"i":{"x":0.667,"y":1},"o":{"x":0.333,"y":0},"n":"0p667_1_0p333_0","t":34,"s":[{"i":[[-1.69,0],[6.761,0.261],[-1.43,0],[7.28,0],[0,0],[0,1.69],[-1.738,4.901],[1.96,0.695],[0.984,-1.996],[9.88,-4.29],[0,0],[0,0],[0,0],[-5.85,-0.26],[9.099,1.95],[-1.43,0],[6.761,0.78]],"o":[[7.41,0],[-1.43,-0.129],[6.761,0],[0,0],[-2.731,0],[0,-3.12],[2.216,-6.25],[-2.083,-0.739],[-4.948,9.281],[0,0],[0,0],[0,0],[13.91,6.89],[8.84,0.259],[-1.951,-0.26],[9.23,0],[-1.69,-0.26]],"v":[[25.025,8.71],[25.936,0.649],[25.936,-0.91],[24.245,-9.491],[16.576,-9.491],[12.546,-12.871],[19.366,-24.327],[17.862,-36.034],[13.085,-33.452],[-13.846,-2.471],[-23.721,-2.37],[-22.198,21.204],[-13.846,21.061],[18.135,28.731],[22.296,20.021],[21.906,18.07],[25.025,10.4]],"c":true}],"e":[{"i":[[-1.69,0],[6.761,0.261],[-1.43,0],[7.28,0],[0,0],[-0.323,1.639],[0.294,4.946],[1.978,-0.118],[0.122,-2.117],[9.88,-4.29],[0,0],[0,0],[0,0],[-5.85,-0.26],[9.099,1.95],[-1.43,0],[6.761,0.78]],"o":[[7.41,0],[-1.43,-0.129],[6.761,0],[0,0],[-2.731,0],[1.281,-5.148],[-0.375,-6.307],[-2.102,0.125],[-0.896,9.981],[0,0],[0,0],[0,0],[13.91,6.89],[8.84,0.259],[-1.951,-0.26],[9.23,0],[-1.69,-0.26]],"v":[[25.025,8.71],[25.936,0.649],[25.936,-0.91],[24.245,-9.491],[16.576,-9.491],[12.546,-12.871],[15.592,-31.445],[9.927,-41.16],[6.694,-37.121],[-13.846,-2.471],[-23.721,-2.37],[-22.198,21.204],[-13.846,21.061],[18.135,28.731],[22.296,20.021],[21.906,18.07],[25.025,10.4]],"c":true}]},{"i":{"x":0.667,"y":1},"o":{"x":0.333,"y":0},"n":"0p667_1_0p333_0","t":46,"s":[{"i":[[-1.69,0],[6.761,0.261],[-1.43,0],[7.28,0],[0,0],[-0.323,1.639],[0.294,4.946],[1.978,-0.118],[0.122,-2.117],[9.88,-4.29],[0,0],[0,0],[0,0],[-5.85,-0.26],[9.099,1.95],[-1.43,0],[6.761,0.78]],"o":[[7.41,0],[-1.43,-0.129],[6.761,0],[0,0],[-2.731,0],[1.281,-5.148],[-0.375,-6.307],[-2.102,0.125],[-0.896,9.981],[0,0],[0,0],[0,0],[13.91,6.89],[8.84,0.259],[-1.951,-0.26],[9.23,0],[-1.69,-0.26]],"v":[[25.025,8.71],[25.936,0.649],[25.936,-0.91],[24.245,-9.491],[16.576,-9.491],[12.546,-12.871],[15.592,-31.445],[9.927,-41.16],[6.694,-37.121],[-13.846,-2.471],[-23.721,-2.37],[-22.198,21.204],[-13.846,21.061],[18.135,28.731],[22.296,20.021],[21.906,18.07],[25.025,10.4]],"c":true}],"e":[{"i":[[-1.69,0],[6.761,0.261],[-1.43,0],[7.28,0],[0,0],[0,1.69],[0,5.2],[2.08,0],[0.26,-2.21],[9.88,-4.29],[0,0],[0,0],[0,0],[-5.85,-0.26],[9.099,1.95],[-1.43,0],[6.761,0.78]],"o":[[7.41,0],[-1.43,-0.129],[6.761,0],[0,0],[-2.731,0],[0,-3.12],[0,-6.631],[-2.21,0],[-1.561,10.401],[0,0],[0,0],[0,0],[13.91,6.89],[8.84,0.259],[-1.951,-0.26],[9.23,0],[-1.69,-0.26]],"v":[[25.025,8.71],[25.936,0.649],[25.936,-0.91],[24.245,-9.491],[16.576,-9.491],[12.546,-12.871],[18.005,-27.951],[12.674,-38.482],[9.035,-34.452],[-13.846,-2.471],[-23.721,-2.37],[-22.198,21.204],[-13.846,21.061],[18.135,28.731],[22.296,20.021],[21.906,18.07],[25.025,10.4]],"c":true}]},{"i":{"x":0.667,"y":1},"o":{"x":0.333,"y":0},"n":"0p667_1_0p333_0","t":57,"s":[{"i":[[-1.69,0],[6.761,0.261],[-1.43,0],[7.28,0],[0,0],[0,1.69],[0,5.2],[2.08,0],[0.26,-2.21],[9.88,-4.29],[0,0],[0,0],[0,0],[-5.85,-0.26],[9.099,1.95],[-1.43,0],[6.761,0.78]],"o":[[7.41,0],[-1.43,-0.129],[6.761,0],[0,0],[-2.731,0],[0,-3.12],[0,-6.631],[-2.21,0],[-1.561,10.401],[0,0],[0,0],[0,0],[13.91,6.89],[8.84,0.259],[-1.951,-0.26],[9.23,0],[-1.69,-0.26]],"v":[[25.025,8.71],[25.936,0.649],[25.936,-0.91],[24.245,-9.491],[16.576,-9.491],[12.546,-12.871],[18.005,-27.951],[12.674,-38.482],[9.035,-34.452],[-13.846,-2.471],[-23.721,-2.37],[-22.198,21.204],[-13.846,21.061],[18.135,28.731],[22.296,20.021],[21.906,18.07],[25.025,10.4]],"c":true}],"e":[{"i":[[-1.69,0],[6.761,0.261],[-1.43,0],[7.28,0],[0,0],[0,1.69],[-0.622,5.093],[2.037,0.249],[0.519,-2.133],[9.88,-4.29],[0,0],[0,0],[0,0],[-5.85,-0.26],[9.099,1.95],[-1.43,0],[6.761,0.78]],"o":[[7.41,0],[-1.43,-0.129],[6.761,0],[0,0],[-2.731,0],[0,-3.12],[0.794,-6.494],[-2.164,-0.265],[-2.774,10],[0,0],[0,0],[0,0],[13.91,6.89],[8.84,0.259],[-1.951,-0.26],[9.23,0],[-1.69,-0.26]],"v":[[25.025,8.71],[25.936,0.649],[25.936,-0.91],[24.245,-9.491],[16.576,-9.491],[12.546,-12.871],[18.492,-26.653],[14.532,-37.605],[10.486,-34.094],[-13.846,-2.471],[-23.721,-2.37],[-22.198,21.204],[-13.846,21.061],[18.135,28.731],[22.296,20.021],[21.906,18.07],[25.025,10.4]],"c":true}]},{"i":{"x":0.667,"y":1},"o":{"x":0.333,"y":0},"n":"0p667_1_0p333_0","t":67,"s":[{"i":[[-1.69,0],[6.761,0.261],[-1.43,0],[7.28,0],[0,0],[0,1.69],[-0.622,5.093],[2.037,0.249],[0.519,-2.133],[9.88,-4.29],[0,0],[0,0],[0,0],[-5.85,-0.26],[9.099,1.95],[-1.43,0],[6.761,0.78]],"o":[[7.41,0],[-1.43,-0.129],[6.761,0],[0,0],[-2.731,0],[0,-3.12],[0.794,-6.494],[-2.164,-0.265],[-2.774,10],[0,0],[0,0],[0,0],[13.91,6.89],[8.84,0.259],[-1.951,-0.26],[9.23,0],[-1.69,-0.26]],"v":[[25.025,8.71],[25.936,0.649],[25.936,-0.91],[24.245,-9.491],[16.576,-9.491],[12.546,-12.871],[18.492,-26.653],[14.532,-37.605],[10.486,-34.094],[-13.846,-2.471],[-23.721,-2.37],[-22.198,21.204],[-13.846,21.061],[18.135,28.731],[22.296,20.021],[21.906,18.07],[25.025,10.4]],"c":true}],"e":[{"i":[[-1.69,0],[6.761,0.261],[-1.43,0],[7.28,0],[0,0],[0,1.69],[0,5.2],[2.08,0],[0.26,-2.21],[9.88,-4.29],[0,0],[0,0],[0,0],[-5.85,-0.26],[9.099,1.95],[-1.43,0],[6.761,0.78]],"o":[[7.41,0],[-1.43,-0.129],[6.761,0],[0,0],[-2.731,0],[0,-3.12],[0,-6.631],[-2.21,0],[-1.561,10.401],[0,0],[0,0],[0,0],[13.91,6.89],[8.84,0.259],[-1.951,-0.26],[9.23,0],[-1.69,-0.26]],"v":[[25.025,8.71],[25.936,0.649],[25.936,-0.91],[24.245,-9.491],[16.576,-9.491],[12.546,-12.871],[18.005,-27.951],[12.674,-38.482],[9.035,-34.452],[-13.846,-2.471],[-23.721,-2.37],[-22.198,21.204],[-13.846,21.061],[18.135,28.731],[22.296,20.021],[21.906,18.07],[25.025,10.4]],"c":true}]},{"t":102}],"ix":2},"nm":"Path 1","mn":"ADBE Vector Shape - Group","hd":false},{"ind":1,"ty":"sh","ix":2,"ks":{"a":1,"k":[{"i":{"x":0.667,"y":1},"o":{"x":0.85,"y":0},"n":"0p667_1_0p85_0","t":5,"s":[{"i":[[3.251,-2.339],[4.03,3.769],[0,0],[0,0],[0,0],[0,0],[0,0],[-0.13,0.649],[-5.589,0],[0,-12.09],[1.82,-3.51],[0,0],[2.861,-11.051],[2.34,-2.08]],"o":[[7.541,23.532],[0,0],[0,0],[0,0],[0,0],[0,0],[10.14,-6.63],[1.559,-6.761],[5.851,0],[0,2.991],[0,0],[7.671,0],[2.99,5.069],[2.34,4.68]],"v":[[33.605,22.36],[-13.846,29.381],[-23.096,29.361],[-31.396,29.361],[-31.896,-9.191],[-25.596,-9.691],[-13.846,-11.311],[1.625,-35.231],[12.674,-45.892],[25.415,-28.082],[22.425,-16.901],[24.245,-16.901],[37.766,-2.21],[36.465,10.53]],"c":true}],"e":[{"i":[[3.251,-2.339],[4.03,3.769],[0,0],[0,0],[0,0],[0,0],[0,0],[-0.13,0.649],[-5.589,0],[0,-12.09],[1.82,-3.51],[0,0],[2.861,-11.051],[2.34,-2.08]],"o":[[7.541,23.532],[0,0],[0,0],[0,0],[0,0],[0,0],[10.14,-6.63],[1.559,-6.761],[5.851,0],[0,2.991],[0,0],[7.671,0],[2.99,5.069],[2.34,4.68]],"v":[[33.605,22.36],[-13.846,29.381],[-23.096,29.361],[-31.396,29.361],[-31.896,-9.191],[-25.596,-9.691],[-13.846,-11.311],[1.625,-35.231],[12.674,-45.892],[25.415,-28.082],[22.425,-16.901],[24.245,-16.901],[37.766,-2.21],[36.465,10.53]],"c":true}]},{"i":{"x":0.667,"y":1},"o":{"x":0.333,"y":0},"n":"0p667_1_0p333_0","t":17,"s":[{"i":[[3.251,-2.339],[4.03,3.769],[0,0],[0,0],[0,0],[0,0],[0,0],[-0.13,0.649],[-5.589,0],[0,-12.09],[1.82,-3.51],[0,0],[2.861,-11.051],[2.34,-2.08]],"o":[[7.541,23.532],[0,0],[0,0],[0,0],[0,0],[0,0],[10.14,-6.63],[1.559,-6.761],[5.851,0],[0,2.991],[0,0],[7.671,0],[2.99,5.069],[2.34,4.68]],"v":[[33.605,22.36],[-13.846,29.381],[-23.096,29.361],[-31.396,29.361],[-31.896,-9.191],[-25.596,-9.691],[-13.846,-11.311],[1.625,-35.231],[12.674,-45.892],[25.415,-28.082],[22.425,-16.901],[24.245,-16.901],[37.766,-2.21],[36.465,10.53]],"c":true}],"e":[{"i":[[3.251,-2.339],[4.03,3.769],[0,0],[0,0],[0,0],[0,0],[0,0],[-0.13,0.649],[-5.589,0],[0,-12.09],[1.82,-3.51],[0,0],[2.861,-11.051],[2.34,-2.08]],"o":[[7.541,23.532],[0,0],[0,0],[0,0],[0,0],[0,0],[10.14,-6.63],[1.559,-6.761],[5.851,0],[0,2.991],[0,0],[7.671,0],[2.99,5.069],[2.34,4.68]],"v":[[33.605,22.36],[-13.846,29.381],[-23.096,29.361],[-31.396,29.361],[-31.896,-9.191],[-25.596,-9.691],[-13.846,-11.311],[1.625,-35.231],[12.674,-45.892],[25.415,-28.082],[22.425,-16.901],[24.245,-16.901],[37.766,-2.21],[36.465,10.53]],"c":true}]},{"i":{"x":0.667,"y":1},"o":{"x":0.333,"y":0},"n":"0p667_1_0p333_0","t":18,"s":[{"i":[[3.251,-2.339],[4.03,3.769],[0,0],[0,0],[0,0],[0,0],[0,0],[-0.13,0.649],[-5.589,0],[0,-12.09],[1.82,-3.51],[0,0],[2.861,-11.051],[2.34,-2.08]],"o":[[7.541,23.532],[0,0],[0,0],[0,0],[0,0],[0,0],[10.14,-6.63],[1.559,-6.761],[5.851,0],[0,2.991],[0,0],[7.671,0],[2.99,5.069],[2.34,4.68]],"v":[[33.605,22.36],[-13.846,29.381],[-23.096,29.361],[-31.396,29.361],[-31.896,-9.191],[-25.596,-9.691],[-13.846,-11.311],[1.625,-35.231],[12.674,-45.892],[25.415,-28.082],[22.425,-16.901],[24.245,-16.901],[37.766,-2.21],[36.465,10.53]],"c":true}],"e":[{"i":[[3.251,-2.339],[4.03,3.769],[0,0],[0,0],[0,0],[0,0],[0,0],[-0.339,0.568],[-5.268,-1.868],[4.041,-11.395],[1.82,-3.51],[0,0],[2.861,-11.051],[2.34,-2.08]],"o":[[7.541,23.532],[0,0],[0,0],[0,0],[0,0],[0,0],[10.14,-6.63],[3.729,-5.851],[5.514,1.956],[-1,2.819],[0,0],[7.671,0],[2.99,5.069],[2.34,4.68]],"v":[[33.605,22.36],[-13.846,29.381],[-23.096,29.361],[-31.396,29.361],[-31.896,-9.191],[-25.596,-9.691],[-13.846,-11.311],[6.362,-36.663],[20.339,-43.018],[26.394,-21.974],[22.425,-16.901],[24.245,-16.901],[37.766,-2.21],[36.465,10.53]],"c":true}]},{"i":{"x":0.667,"y":1},"o":{"x":0.333,"y":0},"n":"0p667_1_0p333_0","t":34,"s":[{"i":[[3.251,-2.339],[4.03,3.769],[0,0],[0,0],[0,0],[0,0],[0,0],[-0.339,0.568],[-5.268,-1.868],[4.041,-11.395],[1.82,-3.51],[0,0],[2.861,-11.051],[2.34,-2.08]],"o":[[7.541,23.532],[0,0],[0,0],[0,0],[0,0],[0,0],[10.14,-6.63],[3.729,-5.851],[5.514,1.956],[-1,2.819],[0,0],[7.671,0],[2.99,5.069],[2.34,4.68]],"v":[[33.605,22.36],[-13.846,29.381],[-23.096,29.361],[-31.396,29.361],[-31.896,-9.191],[-25.596,-9.691],[-13.846,-11.311],[6.362,-36.663],[20.339,-43.018],[26.394,-21.974],[22.425,-16.901],[24.245,-16.901],[37.766,-2.21],[36.465,10.53]],"c":true}],"e":[{"i":[[3.251,-2.339],[4.03,3.769],[0,0],[0,0],[0,0],[0,0],[0,0],[-0.087,0.625],[-5.316,0.316],[-0.684,-11.499],[1.82,-3.51],[0,0],[2.861,-11.051],[2.34,-2.08]],"o":[[7.541,23.532],[0,0],[0,0],[0,0],[0,0],[0,0],[10.14,-6.63],[1.1,-6.519],[5.565,-0.331],[0.169,2.845],[0,0],[7.671,0],[2.99,5.069],[2.34,4.68]],"v":[[33.605,22.36],[-13.846,29.381],[-23.096,29.361],[-31.396,29.361],[-31.896,-9.191],[-25.596,-9.691],[-13.846,-11.311],[-0.398,-37.443],[9.508,-48.208],[22.634,-31.989],[22.425,-16.901],[24.245,-16.901],[37.766,-2.21],[36.465,10.53]],"c":true}]},{"i":{"x":0.667,"y":1},"o":{"x":0.333,"y":0},"n":"0p667_1_0p333_0","t":46,"s":[{"i":[[3.251,-2.339],[4.03,3.769],[0,0],[0,0],[0,0],[0,0],[0,0],[-0.087,0.625],[-5.316,0.316],[-0.684,-11.499],[1.82,-3.51],[0,0],[2.861,-11.051],[2.34,-2.08]],"o":[[7.541,23.532],[0,0],[0,0],[0,0],[0,0],[0,0],[10.14,-6.63],[1.1,-6.519],[5.565,-0.331],[0.169,2.845],[0,0],[7.671,0],[2.99,5.069],[2.34,4.68]],"v":[[33.605,22.36],[-13.846,29.381],[-23.096,29.361],[-31.396,29.361],[-31.896,-9.191],[-25.596,-9.691],[-13.846,-11.311],[-0.398,-37.443],[9.508,-48.208],[22.634,-31.989],[22.425,-16.901],[24.245,-16.901],[37.766,-2.21],[36.465,10.53]],"c":true}],"e":[{"i":[[3.251,-2.339],[4.03,3.769],[0,0],[0,0],[0,0],[0,0],[0,0],[-0.13,0.649],[-5.589,0],[0,-12.09],[1.82,-3.51],[0,0],[2.861,-11.051],[2.34,-2.08]],"o":[[7.541,23.532],[0,0],[0,0],[0,0],[0,0],[0,0],[10.14,-6.63],[1.559,-6.761],[5.851,0],[0,2.991],[0,0],[7.671,0],[2.99,5.069],[2.34,4.68]],"v":[[33.605,22.36],[-13.846,29.381],[-23.096,29.361],[-31.396,29.361],[-31.896,-9.191],[-25.596,-9.691],[-13.846,-11.311],[1.625,-35.231],[12.674,-45.892],[25.415,-28.082],[22.425,-16.901],[24.245,-16.901],[37.766,-2.21],[36.465,10.53]],"c":true}]},{"i":{"x":0.667,"y":1},"o":{"x":0.333,"y":0},"n":"0p667_1_0p333_0","t":57,"s":[{"i":[[3.251,-2.339],[4.03,3.769],[0,0],[0,0],[0,0],[0,0],[0,0],[-0.13,0.649],[-5.589,0],[0,-12.09],[1.82,-3.51],[0,0],[2.861,-11.051],[2.34,-2.08]],"o":[[7.541,23.532],[0,0],[0,0],[0,0],[0,0],[0,0],[10.14,-6.63],[1.559,-6.761],[5.851,0],[0,2.991],[0,0],[7.671,0],[2.99,5.069],[2.34,4.68]],"v":[[33.605,22.36],[-13.846,29.381],[-23.096,29.361],[-31.396,29.361],[-31.896,-9.191],[-25.596,-9.691],[-13.846,-11.311],[1.625,-35.231],[12.674,-45.892],[25.415,-28.082],[22.425,-16.901],[24.245,-16.901],[37.766,-2.21],[36.465,10.53]],"c":true}],"e":[{"i":[[3.251,-2.339],[4.03,3.769],[0,0],[0,0],[0,0],[0,0],[0,0],[-0.205,0.62],[-5.474,-0.669],[1.447,-11.841],[1.82,-3.51],[0,0],[2.861,-11.051],[2.34,-2.08]],"o":[[7.541,23.532],[0,0],[0,0],[0,0],[0,0],[0,0],[10.14,-6.63],[2.336,-6.435],[5.73,0.7],[-0.358,2.929],[0,0],[7.671,0],[2.99,5.069],[2.34,4.68]],"v":[[33.605,22.36],[-13.846,29.381],[-23.096,29.361],[-31.396,29.361],[-31.896,-9.191],[-25.596,-9.691],[-13.846,-11.311],[3.322,-35.744],[15.419,-44.863],[25.766,-25.894],[22.425,-16.901],[24.245,-16.901],[37.766,-2.21],[36.465,10.53]],"c":true}]},{"i":{"x":0.667,"y":1},"o":{"x":0.333,"y":0},"n":"0p667_1_0p333_0","t":67,"s":[{"i":[[3.251,-2.339],[4.03,3.769],[0,0],[0,0],[0,0],[0,0],[0,0],[-0.205,0.62],[-5.474,-0.669],[1.447,-11.841],[1.82,-3.51],[0,0],[2.861,-11.051],[2.34,-2.08]],"o":[[7.541,23.532],[0,0],[0,0],[0,0],[0,0],[0,0],[10.14,-6.63],[2.336,-6.435],[5.73,0.7],[-0.358,2.929],[0,0],[7.671,0],[2.99,5.069],[2.34,4.68]],"v":[[33.605,22.36],[-13.846,29.381],[-23.096,29.361],[-31.396,29.361],[-31.896,-9.191],[-25.596,-9.691],[-13.846,-11.311],[3.322,-35.744],[15.419,-44.863],[25.766,-25.894],[22.425,-16.901],[24.245,-16.901],[37.766,-2.21],[36.465,10.53]],"c":true}],"e":[{"i":[[3.251,-2.339],[4.03,3.769],[0,0],[0,0],[0,0],[0,0],[0,0],[-0.13,0.649],[-5.589,0],[0,-12.09],[1.82,-3.51],[0,0],[2.861,-11.051],[2.34,-2.08]],"o":[[7.541,23.532],[0,0],[0,0],[0,0],[0,0],[0,0],[10.14,-6.63],[1.559,-6.761],[5.851,0],[0,2.991],[0,0],[7.671,0],[2.99,5.069],[2.34,4.68]],"v":[[33.605,22.36],[-13.846,29.381],[-23.096,29.361],[-31.396,29.361],[-31.896,-9.191],[-25.596,-9.691],[-13.846,-11.311],[1.625,-35.231],[12.674,-45.892],[25.415,-28.082],[22.425,-16.901],[24.245,-16.901],[37.766,-2.21],[36.465,10.53]],"c":true}]},{"t":102}],"ix":2},"nm":"Path 2","mn":"ADBE Vector Shape - Group","hd":false},{"ty":"fl","c":{"a":0,"k":[0,0,0,1],"ix":4},"o":{"a":0,"k":100,"ix":5},"r":1,"nm":"Fill 1","mn":"ADBE Vector Graphic - Fill","hd":false},{"ty":"tr","p":{"a":0,"k":[77.213,74.12],"ix":2},"a":{"a":0,"k":[0,0],"ix":1},"s":{"a":0,"k":[100,100],"ix":3},"r":{"a":0,"k":0,"ix":6},"o":{"a":0,"k":100,"ix":7},"sk":{"a":0,"k":0,"ix":4},"sa":{"a":0,"k":0,"ix":5},"nm":"Transform"}],"nm":"Group 1","np":3,"cix":2,"ix":1,"mn":"ADBE Vector Group","hd":false}],"ip":0,"op":107,"st":1,"bm":0}]},{"id":"comp_29","layers":[{"ddd":0,"ind":1,"ty":4,"nm":"Streak","sr":1,"ks":{"o":{"a":0,"k":100,"ix":11},"r":{"a":0,"k":0,"ix":10},"p":{"a":0,"k":[75,75,0],"ix":2},"a":{"a":0,"k":[0,0,0],"ix":1},"s":{"a":0,"k":[100,100,100],"ix":6}},"ao":0,"shapes":[{"ty":"gr","it":[{"ind":0,"ty":"sh","ix":1,"ks":{"a":0,"k":{"i":[[7.402,-16.777],[34,3]],"o":[[-10,22.667],[-29.386,-2.593]],"v":[[24.667,14.5],[-36.5,44.5]],"c":false},"ix":2},"nm":"Path 1","mn":"ADBE Vector Shape - Group","hd":false},{"ty":"tm","s":{"a":1,"k":[{"i":{"x":[0.833],"y":[0.833]},"o":{"x":[0.167],"y":[0.167]},"n":["0p833_0p833_0p167_0p167"],"t":6,"s":[100],"e":[27.333]},{"i":{"x":[0.833],"y":[0.833]},"o":{"x":[0.167],"y":[0.167]},"n":["0p833_0p833_0p167_0p167"],"t":16,"s":[27.333],"e":[10.2]},{"i":{"x":[0.667],"y":[1]},"o":{"x":[0.167],"y":[0.167]},"n":["0p667_1_0p167_0p167"],"t":21,"s":[10.2],"e":[0]},{"t":25}],"ix":1},"e":{"a":1,"k":[{"i":{"x":[0.833],"y":[0.833]},"o":{"x":[0.167],"y":[0.167]},"n":["0p833_0p833_0p167_0p167"],"t":6,"s":[100],"e":[42.171]},{"i":{"x":[0.667],"y":[1]},"o":{"x":[0.167],"y":[0.167]},"n":["0p667_1_0p167_0p167"],"t":21,"s":[42.171],"e":[0]},{"t":25}],"ix":2},"o":{"a":0,"k":0,"ix":3},"m":1,"ix":2,"nm":"Trim Paths 1","mn":"ADBE Vector Filter - Trim","hd":false},{"ty":"st","c":{"a":0,"k":[0,0,0,1],"ix":3},"o":{"a":0,"k":100,"ix":4},"w":{"a":0,"k":5,"ix":5},"lc":2,"lj":1,"ml":4,"nm":"Stroke 1","mn":"ADBE Vector Graphic - Stroke","hd":false},{"ty":"tr","p":{"a":0,"k":[0,0],"ix":2},"a":{"a":0,"k":[0,0],"ix":1},"s":{"a":0,"k":[100,100],"ix":3},"r":{"a":0,"k":0,"ix":6},"o":{"a":0,"k":100,"ix":7},"sk":{"a":0,"k":0,"ix":4},"sa":{"a":0,"k":0,"ix":5},"nm":"Transform"}],"nm":"Shape 1","np":3,"cix":2,"ix":1,"mn":"ADBE Vector Group","hd":false}],"ip":6,"op":88,"st":-14,"bm":0},{"ddd":0,"ind":2,"ty":4,"nm":"Streak","sr":1,"ks":{"o":{"a":0,"k":100,"ix":11},"r":{"a":0,"k":0,"ix":10},"p":{"a":0,"k":[75,75,0],"ix":2},"a":{"a":0,"k":[0,0,0],"ix":1},"s":{"a":0,"k":[100,100,100],"ix":6}},"ao":0,"shapes":[{"ty":"gr","it":[{"ind":0,"ty":"sh","ix":1,"ks":{"a":0,"k":{"i":[[11.851,-13.993],[25.667,1.833]],"o":[[-13.833,16.333],[-29.425,-2.102]],"v":[[8.333,19.167],[-41.667,39.167]],"c":false},"ix":2},"nm":"Path 2","mn":"ADBE Vector Shape - Group","hd":false},{"ty":"tm","s":{"a":1,"k":[{"i":{"x":[0.833],"y":[0.833]},"o":{"x":[0.167],"y":[0.167]},"n":["0p833_0p833_0p167_0p167"],"t":6,"s":[100],"e":[26.633]},{"i":{"x":[0.833],"y":[0.833]},"o":{"x":[0.167],"y":[0.167]},"n":["0p833_0p833_0p167_0p167"],"t":16,"s":[26.633],"e":[10.2]},{"i":{"x":[0.667],"y":[1]},"o":{"x":[0.167],"y":[0.167]},"n":["0p667_1_0p167_0p167"],"t":21,"s":[10.2],"e":[0]},{"t":25}],"ix":1},"e":{"a":1,"k":[{"i":{"x":[0.833],"y":[0.833]},"o":{"x":[0.167],"y":[0.167]},"n":["0p833_0p833_0p167_0p167"],"t":6,"s":[100],"e":[42.668]},{"i":{"x":[0.833],"y":[0.833]},"o":{"x":[0.167],"y":[0.167]},"n":["0p833_0p833_0p167_0p167"],"t":16,"s":[42.668],"e":[0]},{"t":25}],"ix":2},"o":{"a":0,"k":0,"ix":3},"m":1,"ix":2,"nm":"Trim Paths 1","mn":"ADBE Vector Filter - Trim","hd":false},{"ty":"st","c":{"a":0,"k":[0,0,0,1],"ix":3},"o":{"a":0,"k":100,"ix":4},"w":{"a":0,"k":5,"ix":5},"lc":2,"lj":1,"ml":4,"nm":"Stroke 1","mn":"ADBE Vector Graphic - Stroke","hd":false},{"ty":"tr","p":{"a":0,"k":[0,0],"ix":2},"a":{"a":0,"k":[0,0],"ix":1},"s":{"a":0,"k":[100,100],"ix":3},"r":{"a":0,"k":0,"ix":6},"o":{"a":0,"k":100,"ix":7},"sk":{"a":0,"k":0,"ix":4},"sa":{"a":0,"k":0,"ix":5},"nm":"Transform"}],"nm":"Shape 1","np":3,"cix":2,"ix":1,"mn":"ADBE Vector Group","hd":false}],"ip":6,"op":88,"st":-14,"bm":0},{"ddd":0,"ind":3,"ty":4,"nm":"Wrist","sr":1,"ks":{"o":{"a":0,"k":100,"ix":11},"r":{"a":1,"k":[{"i":{"x":[0.232],"y":[1]},"o":{"x":[0.167],"y":[0.167]},"n":["0p232_1_0p167_0p167"],"t":2,"s":[80],"e":[-24]},{"i":{"x":[0.474],"y":[1]},"o":{"x":[0.333],"y":[0]},"n":["0p474_1_0p333_0"],"t":20,"s":[-24],"e":[0]},{"t":38}],"ix":10},"p":{"a":1,"k":[{"i":{"x":0.22,"y":1},"o":{"x":0.167,"y":0.167},"n":"0p22_1_0p167_0p167","t":2,"s":[36.066,109.52,0],"e":[36.118,76.032,0],"to":[0.00853402819484,-5.58133316040039,0],"ti":[-0.01632204465568,-0.00618695560843,0]},{"i":{"x":0.474,"y":1},"o":{"x":0.78,"y":0},"n":"0p474_1_0p78_0","t":20,"s":[36.118,76.032,0],"e":[36.066,87.52,0],"to":[0.74686586856842,0.28310337662697,0],"ti":[0.00853402819484,-1.41466665267944,0]},{"i":{"x":0.833,"y":0.833},"o":{"x":0.333,"y":0},"n":"0p833_0p833_0p333_0","t":38,"s":[36.066,87.52,0],"e":[36.066,84.52,0],"to":[-0.00853402819484,1.41466665267944,0],"ti":[0,0.5,0]},{"t":57}],"ix":2},"a":{"a":0,"k":[36.066,84.52,0],"ix":1},"s":{"a":1,"k":[{"i":{"x":[0.232,0.232,0.667],"y":[1,1,1]},"o":{"x":[0.167,0.167,0.167],"y":[0.167,0.167,16.667]},"n":["0p232_1_0p167_0p167","0p232_1_0p167_0p167","0p667_1_0p167_16p667"],"t":2,"s":[0,0,100],"e":[100,100,100]},{"t":20}],"ix":6}},"ao":0,"shapes":[{"ty":"gr","it":[{"ind":0,"ty":"sh","ix":1,"ks":{"a":0,"k":{"i":[[0,0],[0,0],[1.56,0],[0,0],[0,1.69],[0,0],[-1.56,0],[0,0],[0,-1.56],[0,0]],"o":[[0,0],[0,1.69],[0,0],[-1.56,0],[0,0],[0,-1.56],[0,0],[1.56,0],[0,0],[0,0]],"v":[[-13.846,29.381],[-13.846,35.361],[-16.836,38.481],[-38.157,38.481],[-41.146,35.361],[-41.146,-14.691],[-38.157,-17.681],[-16.836,-17.681],[-13.846,-14.691],[-13.846,-11.311]],"c":true},"ix":2},"nm":"Path 2","mn":"ADBE Vector Shape - Group","hd":false},{"ty":"fl","c":{"a":0,"k":[0,0,0,1],"ix":4},"o":{"a":0,"k":100,"ix":5},"r":1,"nm":"Fill 1","mn":"ADBE Vector Graphic - Fill","hd":false},{"ty":"tr","p":{"a":0,"k":[77.213,74.12],"ix":2},"a":{"a":0,"k":[0,0],"ix":1},"s":{"a":0,"k":[100,100],"ix":3},"r":{"a":0,"k":0,"ix":6},"o":{"a":0,"k":100,"ix":7},"sk":{"a":0,"k":0,"ix":4},"sa":{"a":0,"k":0,"ix":5},"nm":"Transform"}],"nm":"Group 1","np":2,"cix":2,"ix":1,"mn":"ADBE Vector Group","hd":false}],"ip":0,"op":88,"st":-15,"bm":0},{"ddd":0,"ind":4,"ty":4,"nm":"Hand","parent":3,"sr":1,"ks":{"o":{"a":0,"k":100,"ix":11},"r":{"a":1,"k":[{"i":{"x":[0.833],"y":[1]},"o":{"x":[0.167],"y":[0.167]},"n":["0p833_1_0p167_0p167"],"t":13,"s":[20.9],"e":[-7]},{"i":{"x":[0.833],"y":[1]},"o":{"x":[0.167],"y":[0]},"n":["0p833_1_0p167_0"],"t":26,"s":[-7],"e":[3]},{"i":{"x":[0.833],"y":[1]},"o":{"x":[0.167],"y":[0]},"n":["0p833_1_0p167_0"],"t":44,"s":[3],"e":[0]},{"t":72}],"ix":10},"p":{"a":0,"k":[56,84,0],"ix":2},"a":{"a":0,"k":[56,84,0],"ix":1},"s":{"a":0,"k":[100,100,100],"ix":6}},"ao":0,"shapes":[{"ty":"gr","it":[{"ind":0,"ty":"sh","ix":1,"ks":{"a":1,"k":[{"i":{"x":0.667,"y":1},"o":{"x":0.167,"y":0.167},"n":"0p667_1_0p167_0p167","t":1,"s":[{"i":[[-1.69,0],[6.761,0.261],[-1.43,0],[7.28,0],[0,0],[0,1.69],[0,5.2],[2.08,0],[0.26,-2.21],[9.88,-4.29],[0,0],[0,0],[0,0],[-5.85,-0.26],[9.099,1.95],[-1.43,0],[6.761,0.78]],"o":[[7.41,0],[-1.43,-0.129],[6.761,0],[0,0],[-2.731,0],[0,-3.12],[0,-6.631],[-2.21,0],[-1.561,10.401],[0,0],[0,0],[0,0],[13.91,6.89],[8.84,0.259],[-1.951,-0.26],[9.23,0],[-1.69,-0.26]],"v":[[25.025,8.71],[25.936,0.649],[25.936,-0.91],[24.245,-9.491],[16.576,-9.491],[12.546,-12.871],[18.005,-27.951],[12.674,-38.482],[9.035,-34.452],[-13.846,-2.471],[-23.721,-2.37],[-22.198,21.204],[-13.846,21.061],[18.135,28.731],[22.296,20.021],[21.906,18.07],[25.025,10.4]],"c":true}],"e":[{"i":[[-1.69,0],[6.761,0.261],[-1.43,0],[7.28,0],[0,0],[0,1.69],[-1.738,4.901],[1.96,0.695],[0.984,-1.996],[9.88,-4.29],[0,0],[0,0],[0,0],[-5.85,-0.26],[9.099,1.95],[-1.43,0],[6.761,0.78]],"o":[[7.41,0],[-1.43,-0.129],[6.761,0],[0,0],[-2.731,0],[0,-3.12],[2.216,-6.25],[-2.083,-0.739],[-4.948,9.281],[0,0],[0,0],[0,0],[13.91,6.89],[8.84,0.259],[-1.951,-0.26],[9.23,0],[-1.69,-0.26]],"v":[[25.025,8.71],[25.936,0.649],[25.936,-0.91],[24.245,-9.491],[16.576,-9.491],[12.546,-12.871],[19.366,-24.327],[17.862,-36.034],[13.085,-33.452],[-13.846,-2.471],[-23.721,-2.37],[-22.198,21.204],[-13.846,21.061],[18.135,28.731],[22.296,20.021],[21.906,18.07],[25.025,10.4]],"c":true}]},{"i":{"x":0.667,"y":1},"o":{"x":0.333,"y":0},"n":"0p667_1_0p333_0","t":18,"s":[{"i":[[-1.69,0],[6.761,0.261],[-1.43,0],[7.28,0],[0,0],[0,1.69],[-1.738,4.901],[1.96,0.695],[0.984,-1.996],[9.88,-4.29],[0,0],[0,0],[0,0],[-5.85,-0.26],[9.099,1.95],[-1.43,0],[6.761,0.78]],"o":[[7.41,0],[-1.43,-0.129],[6.761,0],[0,0],[-2.731,0],[0,-3.12],[2.216,-6.25],[-2.083,-0.739],[-4.948,9.281],[0,0],[0,0],[0,0],[13.91,6.89],[8.84,0.259],[-1.951,-0.26],[9.23,0],[-1.69,-0.26]],"v":[[25.025,8.71],[25.936,0.649],[25.936,-0.91],[24.245,-9.491],[16.576,-9.491],[12.546,-12.871],[19.366,-24.327],[17.862,-36.034],[13.085,-33.452],[-13.846,-2.471],[-23.721,-2.37],[-22.198,21.204],[-13.846,21.061],[18.135,28.731],[22.296,20.021],[21.906,18.07],[25.025,10.4]],"c":true}],"e":[{"i":[[-1.69,0],[6.761,0.261],[-1.43,0],[7.28,0],[0,0],[-0.323,1.639],[0.294,4.946],[1.978,-0.118],[0.122,-2.117],[9.88,-4.29],[0,0],[0,0],[0,0],[-5.85,-0.26],[9.099,1.95],[-1.43,0],[6.761,0.78]],"o":[[7.41,0],[-1.43,-0.129],[6.761,0],[0,0],[-2.731,0],[1.281,-5.148],[-0.375,-6.307],[-2.102,0.125],[-0.896,9.981],[0,0],[0,0],[0,0],[13.91,6.89],[8.84,0.259],[-1.951,-0.26],[9.23,0],[-1.69,-0.26]],"v":[[25.025,8.71],[25.936,0.649],[25.936,-0.91],[24.245,-9.491],[16.576,-9.491],[12.546,-12.871],[15.592,-31.445],[9.927,-41.16],[6.694,-37.121],[-13.846,-2.471],[-23.721,-2.37],[-22.198,21.204],[-13.846,21.061],[18.135,28.731],[22.296,20.021],[21.906,18.07],[25.025,10.4]],"c":true}]},{"i":{"x":0.667,"y":1},"o":{"x":0.333,"y":0},"n":"0p667_1_0p333_0","t":30,"s":[{"i":[[-1.69,0],[6.761,0.261],[-1.43,0],[7.28,0],[0,0],[-0.323,1.639],[0.294,4.946],[1.978,-0.118],[0.122,-2.117],[9.88,-4.29],[0,0],[0,0],[0,0],[-5.85,-0.26],[9.099,1.95],[-1.43,0],[6.761,0.78]],"o":[[7.41,0],[-1.43,-0.129],[6.761,0],[0,0],[-2.731,0],[1.281,-5.148],[-0.375,-6.307],[-2.102,0.125],[-0.896,9.981],[0,0],[0,0],[0,0],[13.91,6.89],[8.84,0.259],[-1.951,-0.26],[9.23,0],[-1.69,-0.26]],"v":[[25.025,8.71],[25.936,0.649],[25.936,-0.91],[24.245,-9.491],[16.576,-9.491],[12.546,-12.871],[15.592,-31.445],[9.927,-41.16],[6.694,-37.121],[-13.846,-2.471],[-23.721,-2.37],[-22.198,21.204],[-13.846,21.061],[18.135,28.731],[22.296,20.021],[21.906,18.07],[25.025,10.4]],"c":true}],"e":[{"i":[[-1.69,0],[6.761,0.261],[-1.43,0],[7.28,0],[0,0],[0,1.69],[0,5.2],[2.08,0],[0.26,-2.21],[9.88,-4.29],[0,0],[0,0],[0,0],[-5.85,-0.26],[9.099,1.95],[-1.43,0],[6.761,0.78]],"o":[[7.41,0],[-1.43,-0.129],[6.761,0],[0,0],[-2.731,0],[0,-3.12],[0,-6.631],[-2.21,0],[-1.561,10.401],[0,0],[0,0],[0,0],[13.91,6.89],[8.84,0.259],[-1.951,-0.26],[9.23,0],[-1.69,-0.26]],"v":[[25.025,8.71],[25.936,0.649],[25.936,-0.91],[24.245,-9.491],[16.576,-9.491],[12.546,-12.871],[18.005,-27.951],[12.674,-38.482],[9.035,-34.452],[-13.846,-2.471],[-23.721,-2.37],[-22.198,21.204],[-13.846,21.061],[18.135,28.731],[22.296,20.021],[21.906,18.07],[25.025,10.4]],"c":true}]},{"i":{"x":0.667,"y":1},"o":{"x":0.333,"y":0},"n":"0p667_1_0p333_0","t":41,"s":[{"i":[[-1.69,0],[6.761,0.261],[-1.43,0],[7.28,0],[0,0],[0,1.69],[0,5.2],[2.08,0],[0.26,-2.21],[9.88,-4.29],[0,0],[0,0],[0,0],[-5.85,-0.26],[9.099,1.95],[-1.43,0],[6.761,0.78]],"o":[[7.41,0],[-1.43,-0.129],[6.761,0],[0,0],[-2.731,0],[0,-3.12],[0,-6.631],[-2.21,0],[-1.561,10.401],[0,0],[0,0],[0,0],[13.91,6.89],[8.84,0.259],[-1.951,-0.26],[9.23,0],[-1.69,-0.26]],"v":[[25.025,8.71],[25.936,0.649],[25.936,-0.91],[24.245,-9.491],[16.576,-9.491],[12.546,-12.871],[18.005,-27.951],[12.674,-38.482],[9.035,-34.452],[-13.846,-2.471],[-23.721,-2.37],[-22.198,21.204],[-13.846,21.061],[18.135,28.731],[22.296,20.021],[21.906,18.07],[25.025,10.4]],"c":true}],"e":[{"i":[[-1.69,0],[6.761,0.261],[-1.43,0],[7.28,0],[0,0],[0,1.69],[-0.622,5.093],[2.037,0.249],[0.519,-2.133],[9.88,-4.29],[0,0],[0,0],[0,0],[-5.85,-0.26],[9.099,1.95],[-1.43,0],[6.761,0.78]],"o":[[7.41,0],[-1.43,-0.129],[6.761,0],[0,0],[-2.731,0],[0,-3.12],[0.794,-6.494],[-2.164,-0.265],[-2.774,10],[0,0],[0,0],[0,0],[13.91,6.89],[8.84,0.259],[-1.951,-0.26],[9.23,0],[-1.69,-0.26]],"v":[[25.025,8.71],[25.936,0.649],[25.936,-0.91],[24.245,-9.491],[16.576,-9.491],[12.546,-12.871],[18.492,-26.653],[14.532,-37.605],[10.486,-34.094],[-13.846,-2.471],[-23.721,-2.37],[-22.198,21.204],[-13.846,21.061],[18.135,28.731],[22.296,20.021],[21.906,18.07],[25.025,10.4]],"c":true}]},{"i":{"x":0.667,"y":1},"o":{"x":0.333,"y":0},"n":"0p667_1_0p333_0","t":51,"s":[{"i":[[-1.69,0],[6.761,0.261],[-1.43,0],[7.28,0],[0,0],[0,1.69],[-0.622,5.093],[2.037,0.249],[0.519,-2.133],[9.88,-4.29],[0,0],[0,0],[0,0],[-5.85,-0.26],[9.099,1.95],[-1.43,0],[6.761,0.78]],"o":[[7.41,0],[-1.43,-0.129],[6.761,0],[0,0],[-2.731,0],[0,-3.12],[0.794,-6.494],[-2.164,-0.265],[-2.774,10],[0,0],[0,0],[0,0],[13.91,6.89],[8.84,0.259],[-1.951,-0.26],[9.23,0],[-1.69,-0.26]],"v":[[25.025,8.71],[25.936,0.649],[25.936,-0.91],[24.245,-9.491],[16.576,-9.491],[12.546,-12.871],[18.492,-26.653],[14.532,-37.605],[10.486,-34.094],[-13.846,-2.471],[-23.721,-2.37],[-22.198,21.204],[-13.846,21.061],[18.135,28.731],[22.296,20.021],[21.906,18.07],[25.025,10.4]],"c":true}],"e":[{"i":[[-1.69,0],[6.761,0.261],[-1.43,0],[7.28,0],[0,0],[0,1.69],[0,5.2],[2.08,0],[0.26,-2.21],[9.88,-4.29],[0,0],[0,0],[0,0],[-5.85,-0.26],[9.099,1.95],[-1.43,0],[6.761,0.78]],"o":[[7.41,0],[-1.43,-0.129],[6.761,0],[0,0],[-2.731,0],[0,-3.12],[0,-6.631],[-2.21,0],[-1.561,10.401],[0,0],[0,0],[0,0],[13.91,6.89],[8.84,0.259],[-1.951,-0.26],[9.23,0],[-1.69,-0.26]],"v":[[25.025,8.71],[25.936,0.649],[25.936,-0.91],[24.245,-9.491],[16.576,-9.491],[12.546,-12.871],[18.005,-27.951],[12.674,-38.482],[9.035,-34.452],[-13.846,-2.471],[-23.721,-2.37],[-22.198,21.204],[-13.846,21.061],[18.135,28.731],[22.296,20.021],[21.906,18.07],[25.025,10.4]],"c":true}]},{"t":86}],"ix":2},"nm":"Path 1","mn":"ADBE Vector Shape - Group","hd":false},{"ind":1,"ty":"sh","ix":2,"ks":{"a":1,"k":[{"i":{"x":0.667,"y":1},"o":{"x":0.167,"y":0.167},"n":"0p667_1_0p167_0p167","t":1,"s":[{"i":[[3.251,-2.339],[4.03,3.769],[0,0],[0,0],[0,0],[0,0],[0,0],[-0.13,0.649],[-5.589,0],[0,-12.09],[1.82,-3.51],[0,0],[2.861,-11.051],[2.34,-2.08]],"o":[[7.541,23.532],[0,0],[0,0],[0,0],[0,0],[0,0],[10.14,-6.63],[1.559,-6.761],[5.851,0],[0,2.991],[0,0],[7.671,0],[2.99,5.069],[2.34,4.68]],"v":[[33.605,22.36],[-13.846,29.381],[-23.096,29.361],[-31.396,29.361],[-31.896,-9.191],[-25.596,-9.691],[-13.846,-11.311],[1.625,-35.231],[12.674,-45.892],[25.415,-28.082],[22.425,-16.901],[24.245,-16.901],[37.766,-2.21],[36.465,10.53]],"c":true}],"e":[{"i":[[3.251,-2.339],[4.03,3.769],[0,0],[0,0],[0,0],[0,0],[0,0],[-0.339,0.568],[-5.268,-1.868],[4.041,-11.395],[1.82,-3.51],[0,0],[2.861,-11.051],[2.34,-2.08]],"o":[[7.541,23.532],[0,0],[0,0],[0,0],[0,0],[0,0],[10.14,-6.63],[3.729,-5.851],[5.514,1.956],[-1,2.819],[0,0],[7.671,0],[2.99,5.069],[2.34,4.68]],"v":[[33.605,22.36],[-13.846,29.381],[-23.096,29.361],[-31.396,29.361],[-31.896,-9.191],[-25.596,-9.691],[-13.846,-11.311],[6.362,-36.663],[20.339,-43.018],[26.394,-21.974],[22.425,-16.901],[24.245,-16.901],[37.766,-2.21],[36.465,10.53]],"c":true}]},{"i":{"x":0.667,"y":1},"o":{"x":0.333,"y":0},"n":"0p667_1_0p333_0","t":18,"s":[{"i":[[3.251,-2.339],[4.03,3.769],[0,0],[0,0],[0,0],[0,0],[0,0],[-0.339,0.568],[-5.268,-1.868],[4.041,-11.395],[1.82,-3.51],[0,0],[2.861,-11.051],[2.34,-2.08]],"o":[[7.541,23.532],[0,0],[0,0],[0,0],[0,0],[0,0],[10.14,-6.63],[3.729,-5.851],[5.514,1.956],[-1,2.819],[0,0],[7.671,0],[2.99,5.069],[2.34,4.68]],"v":[[33.605,22.36],[-13.846,29.381],[-23.096,29.361],[-31.396,29.361],[-31.896,-9.191],[-25.596,-9.691],[-13.846,-11.311],[6.362,-36.663],[20.339,-43.018],[26.394,-21.974],[22.425,-16.901],[24.245,-16.901],[37.766,-2.21],[36.465,10.53]],"c":true}],"e":[{"i":[[3.251,-2.339],[4.03,3.769],[0,0],[0,0],[0,0],[0,0],[0,0],[-0.087,0.625],[-5.316,0.316],[-0.684,-11.499],[1.82,-3.51],[0,0],[2.861,-11.051],[2.34,-2.08]],"o":[[7.541,23.532],[0,0],[0,0],[0,0],[0,0],[0,0],[10.14,-6.63],[1.1,-6.519],[5.565,-0.331],[0.169,2.845],[0,0],[7.671,0],[2.99,5.069],[2.34,4.68]],"v":[[33.605,22.36],[-13.846,29.381],[-23.096,29.361],[-31.396,29.361],[-31.896,-9.191],[-25.596,-9.691],[-13.846,-11.311],[-0.398,-37.443],[9.508,-48.208],[22.634,-31.989],[22.425,-16.901],[24.245,-16.901],[37.766,-2.21],[36.465,10.53]],"c":true}]},{"i":{"x":0.667,"y":1},"o":{"x":0.333,"y":0},"n":"0p667_1_0p333_0","t":30,"s":[{"i":[[3.251,-2.339],[4.03,3.769],[0,0],[0,0],[0,0],[0,0],[0,0],[-0.087,0.625],[-5.316,0.316],[-0.684,-11.499],[1.82,-3.51],[0,0],[2.861,-11.051],[2.34,-2.08]],"o":[[7.541,23.532],[0,0],[0,0],[0,0],[0,0],[0,0],[10.14,-6.63],[1.1,-6.519],[5.565,-0.331],[0.169,2.845],[0,0],[7.671,0],[2.99,5.069],[2.34,4.68]],"v":[[33.605,22.36],[-13.846,29.381],[-23.096,29.361],[-31.396,29.361],[-31.896,-9.191],[-25.596,-9.691],[-13.846,-11.311],[-0.398,-37.443],[9.508,-48.208],[22.634,-31.989],[22.425,-16.901],[24.245,-16.901],[37.766,-2.21],[36.465,10.53]],"c":true}],"e":[{"i":[[3.251,-2.339],[4.03,3.769],[0,0],[0,0],[0,0],[0,0],[0,0],[-0.13,0.649],[-5.589,0],[0,-12.09],[1.82,-3.51],[0,0],[2.861,-11.051],[2.34,-2.08]],"o":[[7.541,23.532],[0,0],[0,0],[0,0],[0,0],[0,0],[10.14,-6.63],[1.559,-6.761],[5.851,0],[0,2.991],[0,0],[7.671,0],[2.99,5.069],[2.34,4.68]],"v":[[33.605,22.36],[-13.846,29.381],[-23.096,29.361],[-31.396,29.361],[-31.896,-9.191],[-25.596,-9.691],[-13.846,-11.311],[1.625,-35.231],[12.674,-45.892],[25.415,-28.082],[22.425,-16.901],[24.245,-16.901],[37.766,-2.21],[36.465,10.53]],"c":true}]},{"i":{"x":0.667,"y":1},"o":{"x":0.333,"y":0},"n":"0p667_1_0p333_0","t":41,"s":[{"i":[[3.251,-2.339],[4.03,3.769],[0,0],[0,0],[0,0],[0,0],[0,0],[-0.13,0.649],[-5.589,0],[0,-12.09],[1.82,-3.51],[0,0],[2.861,-11.051],[2.34,-2.08]],"o":[[7.541,23.532],[0,0],[0,0],[0,0],[0,0],[0,0],[10.14,-6.63],[1.559,-6.761],[5.851,0],[0,2.991],[0,0],[7.671,0],[2.99,5.069],[2.34,4.68]],"v":[[33.605,22.36],[-13.846,29.381],[-23.096,29.361],[-31.396,29.361],[-31.896,-9.191],[-25.596,-9.691],[-13.846,-11.311],[1.625,-35.231],[12.674,-45.892],[25.415,-28.082],[22.425,-16.901],[24.245,-16.901],[37.766,-2.21],[36.465,10.53]],"c":true}],"e":[{"i":[[3.251,-2.339],[4.03,3.769],[0,0],[0,0],[0,0],[0,0],[0,0],[-0.205,0.62],[-5.474,-0.669],[1.447,-11.841],[1.82,-3.51],[0,0],[2.861,-11.051],[2.34,-2.08]],"o":[[7.541,23.532],[0,0],[0,0],[0,0],[0,0],[0,0],[10.14,-6.63],[2.336,-6.435],[5.73,0.7],[-0.358,2.929],[0,0],[7.671,0],[2.99,5.069],[2.34,4.68]],"v":[[33.605,22.36],[-13.846,29.381],[-23.096,29.361],[-31.396,29.361],[-31.896,-9.191],[-25.596,-9.691],[-13.846,-11.311],[3.322,-35.744],[15.419,-44.863],[25.766,-25.894],[22.425,-16.901],[24.245,-16.901],[37.766,-2.21],[36.465,10.53]],"c":true}]},{"i":{"x":0.667,"y":1},"o":{"x":0.333,"y":0},"n":"0p667_1_0p333_0","t":51,"s":[{"i":[[3.251,-2.339],[4.03,3.769],[0,0],[0,0],[0,0],[0,0],[0,0],[-0.205,0.62],[-5.474,-0.669],[1.447,-11.841],[1.82,-3.51],[0,0],[2.861,-11.051],[2.34,-2.08]],"o":[[7.541,23.532],[0,0],[0,0],[0,0],[0,0],[0,0],[10.14,-6.63],[2.336,-6.435],[5.73,0.7],[-0.358,2.929],[0,0],[7.671,0],[2.99,5.069],[2.34,4.68]],"v":[[33.605,22.36],[-13.846,29.381],[-23.096,29.361],[-31.396,29.361],[-31.896,-9.191],[-25.596,-9.691],[-13.846,-11.311],[3.322,-35.744],[15.419,-44.863],[25.766,-25.894],[22.425,-16.901],[24.245,-16.901],[37.766,-2.21],[36.465,10.53]],"c":true}],"e":[{"i":[[3.251,-2.339],[4.03,3.769],[0,0],[0,0],[0,0],[0,0],[0,0],[-0.13,0.649],[-5.589,0],[0,-12.09],[1.82,-3.51],[0,0],[2.861,-11.051],[2.34,-2.08]],"o":[[7.541,23.532],[0,0],[0,0],[0,0],[0,0],[0,0],[10.14,-6.63],[1.559,-6.761],[5.851,0],[0,2.991],[0,0],[7.671,0],[2.99,5.069],[2.34,4.68]],"v":[[33.605,22.36],[-13.846,29.381],[-23.096,29.361],[-31.396,29.361],[-31.896,-9.191],[-25.596,-9.691],[-13.846,-11.311],[1.625,-35.231],[12.674,-45.892],[25.415,-28.082],[22.425,-16.901],[24.245,-16.901],[37.766,-2.21],[36.465,10.53]],"c":true}]},{"t":86}],"ix":2},"nm":"Path 2","mn":"ADBE Vector Shape - Group","hd":false},{"ty":"fl","c":{"a":0,"k":[0,0,0,1],"ix":4},"o":{"a":0,"k":100,"ix":5},"r":1,"nm":"Fill 1","mn":"ADBE Vector Graphic - Fill","hd":false},{"ty":"tr","p":{"a":0,"k":[77.213,74.12],"ix":2},"a":{"a":0,"k":[0,0],"ix":1},"s":{"a":0,"k":[100,100],"ix":3},"r":{"a":0,"k":0,"ix":6},"o":{"a":0,"k":100,"ix":7},"sk":{"a":0,"k":0,"ix":4},"sa":{"a":0,"k":0,"ix":5},"nm":"Transform"}],"nm":"Group 1","np":3,"cix":2,"ix":1,"mn":"ADBE Vector Group","hd":false}],"ip":0,"op":88,"st":-15,"bm":0}]}],"layers":[{"ddd":0,"ind":1,"ty":0,"nm":"Thumbsup_AnimOff","refId":"comp_27","sr":1,"ks":{"o":{"a":0,"k":100,"ix":11},"r":{"a":0,"k":0,"ix":10},"p":{"a":0,"k":[400,400,0],"ix":2},"a":{"a":0,"k":[75,75,0],"ix":1},"s":{"a":0,"k":[100,100,100],"ix":6}},"ao":0,"w":150,"h":150,"ip":195,"op":302,"st":195,"bm":0},{"ddd":0,"ind":2,"ty":0,"nm":"Thumbsup_Animate","refId":"comp_28","sr":1,"ks":{"o":{"a":0,"k":100,"ix":11},"r":{"a":0,"k":0,"ix":10},"p":{"a":0,"k":[400,400,0],"ix":2},"a":{"a":0,"k":[75,75,0],"ix":1},"s":{"a":0,"k":[100,100,100],"ix":6}},"ao":0,"w":150,"h":150,"ip":88,"op":195,"st":88,"bm":0},{"ddd":0,"ind":3,"ty":0,"nm":"Thumbsup_AnimOn","refId":"comp_29","sr":1,"ks":{"o":{"a":0,"k":100,"ix":11},"r":{"a":0,"k":0,"ix":10},"p":{"a":0,"k":[400,400,0],"ix":2},"a":{"a":0,"k":[75,75,0],"ix":1},"s":{"a":0,"k":[100,100,100],"ix":6}},"ao":0,"w":150,"h":150,"ip":0,"op":88,"st":0,"bm":0}]}