{"v":"5.1.7","fr":29.9700012207031,"ip":0,"op":60.0000024438501,"w":512,"h":512,"nm":"emotion 1","ddd":0,"assets":[{"id":"image_0","w":222,"h":220,"u":"images/","p":"img_0.png"},{"id":"image_1","w":98,"h":64,"u":"images/","p":"img_1.png"},{"id":"image_2","w":59,"h":111,"u":"images/","p":"img_2.png"},{"id":"image_3","w":108,"h":204,"u":"images/","p":"img_3.png"},{"id":"image_4","w":86,"h":102,"u":"images/","p":"img_4.png"},{"id":"image_5","w":105,"h":117,"u":"images/","p":"img_5.png"},{"id":"image_6","w":99,"h":100,"u":"images/","p":"img_6.png"},{"id":"image_7","w":160,"h":138,"u":"images/","p":"img_7.png"},{"id":"image_8","w":69,"h":72,"u":"images/","p":"img_8.png"},{"id":"image_9","w":44,"h":59,"u":"images/","p":"img_9.png"}],"layers":[{"ddd":0,"ind":1,"ty":2,"nm":"Layer 26","refId":"image_0","sr":1,"ks":{"o":{"a":0,"k":100,"ix":11},"r":{"a":1,"k":[{"i":{"x":[0.833],"y":[0.833]},"o":{"x":[0.167],"y":[0.167]},"n":["0p833_0p833_0p167_0p167"],"t":0,"s":[0],"e":[-4]},{"i":{"x":[0.833],"y":[0.833]},"o":{"x":[0.167],"y":[0.167]},"n":["0p833_0p833_0p167_0p167"],"t":15,"s":[-4],"e":[1.909]},{"i":{"x":[0.833],"y":[0.833]},"o":{"x":[0.167],"y":[0.167]},"n":["0p833_0p833_0p167_0p167"],"t":38,"s":[1.909],"e":[0]},{"t":59.0000024031193}],"ix":10},"p":{"a":1,"k":[{"i":{"x":0.833,"y":0.833},"o":{"x":0.167,"y":0.167},"n":"0p833_0p833_0p167_0p167","t":0,"s":[230.115,218.526,0],"e":[230.115,218.526,0],"to":[-1.31197071075439,0.28113657236099,0],"ti":[0,0,0]},{"t":59.0000024031193}],"ix":2},"a":{"a":0,"k":[110.381,206.756,0],"ix":1},"s":{"a":1,"k":[{"i":{"x":[0.833,0.833,0.833],"y":[0.833,0.833,0.833]},"o":{"x":[0.167,0.167,0.167],"y":[0.167,0.167,0.167]},"n":["0p833_0p833_0p167_0p167","0p833_0p833_0p167_0p167","0p833_0p833_0p167_0p167"],"t":0,"s":[100,100,100],"e":[100,100,100]},{"t":59.0000024031193}],"ix":6}},"ao":0,"ip":0,"op":60.0000024438501,"st":0,"bm":0},{"ddd":0,"ind":2,"ty":2,"nm":"Layer 16","refId":"image_1","sr":1,"ks":{"o":{"a":0,"k":100,"ix":11},"r":{"a":1,"k":[{"i":{"x":[0.833],"y":[0.833]},"o":{"x":[0.167],"y":[0.167]},"n":["0p833_0p833_0p167_0p167"],"t":0,"s":[0],"e":[0]},{"t":59.0000024031193}],"ix":10},"p":{"a":1,"k":[{"i":{"x":0.833,"y":0.833},"o":{"x":0.167,"y":0.167},"n":"0p833_0p833_0p167_0p167","t":0,"s":[196.86,276.366,0],"e":[196.86,276.366,0],"to":[0,0,0],"ti":[0,0,0]},{"t":59.0000024031193}],"ix":2},"a":{"a":0,"k":[49.519,8.011,0],"ix":1},"s":{"a":1,"k":[{"i":{"x":[0.833,0.833,0.833],"y":[0.833,0.833,0.833]},"o":{"x":[0.167,0.167,0.167],"y":[0.167,0.167,0.167]},"n":["0p833_0p833_0p167_0p167","0p833_0p833_0p167_0p167","0p833_0p833_0p167_0p167"],"t":0,"s":[100,100,100],"e":[100,94.642,100]},{"i":{"x":[0.833,0.833,0.833],"y":[0.833,0.833,0.833]},"o":{"x":[0.167,0.167,0.167],"y":[0.167,0.167,0.167]},"n":["0p833_0p833_0p167_0p167","0p833_0p833_0p167_0p167","0p833_0p833_0p167_0p167"],"t":30,"s":[100,94.642,100],"e":[100,100,100]},{"t":59.0000024031193}],"ix":6}},"ao":0,"ip":0,"op":60.0000024438501,"st":0,"bm":0},{"ddd":0,"ind":3,"ty":2,"nm":"Layer 25","refId":"image_2","sr":1,"ks":{"o":{"a":0,"k":100,"ix":11},"r":{"a":0,"k":0,"ix":10},"p":{"a":0,"k":[264.176,352.093,0],"ix":2},"a":{"a":0,"k":[33.399,19.438,0],"ix":1},"s":{"a":0,"k":[100,100,100],"ix":6}},"ao":0,"ip":0,"op":60.0000024438501,"st":0,"bm":0},{"ddd":0,"ind":4,"ty":2,"nm":"Layer 35","refId":"image_3","sr":1,"ks":{"o":{"a":0,"k":100,"ix":11},"r":{"a":0,"k":0,"ix":10},"p":{"a":0,"k":[218.193,311.605,0],"ix":2},"a":{"a":0,"k":[53.888,101.625,0],"ix":1},"s":{"a":0,"k":[100,100,100],"ix":6}},"ao":0,"ip":0,"op":60.0000024438501,"st":0,"bm":0},{"ddd":0,"ind":5,"ty":2,"nm":"Layer 36","refId":"image_4","sr":1,"ks":{"o":{"a":0,"k":100,"ix":11},"r":{"a":0,"k":0,"ix":10},"p":{"a":0,"k":[166.458,358.916,0],"ix":2},"a":{"a":0,"k":[41.613,20.559,0],"ix":1},"s":{"a":0,"k":[100,100,100],"ix":6}},"ao":0,"ip":0,"op":60.0000024438501,"st":0,"bm":0},{"ddd":0,"ind":6,"ty":2,"nm":"Layer 155","refId":"image_5","sr":1,"ks":{"o":{"a":0,"k":100,"ix":11},"r":{"a":1,"k":[{"i":{"x":[0.833],"y":[0.833]},"o":{"x":[0.167],"y":[0.167]},"n":["0p833_0p833_0p167_0p167"],"t":0,"s":[0],"e":[10]},{"i":{"x":[0.833],"y":[0.833]},"o":{"x":[0.167],"y":[0.167]},"n":["0p833_0p833_0p167_0p167"],"t":30,"s":[10],"e":[0]},{"t":59.0000024031193}],"ix":10},"p":{"a":1,"k":[{"i":{"x":0.833,"y":0.833},"o":{"x":0.167,"y":0.167},"n":"0p833_0p833_0p167_0p167","t":0,"s":[237.61,288.587,0],"e":[237.61,288.587,0],"to":[0,0,0],"ti":[0,0,0]},{"i":{"x":0.833,"y":0.833},"o":{"x":0.167,"y":0.167},"n":"0p833_0p833_0p167_0p167","t":30,"s":[237.61,288.587,0],"e":[237.61,288.587,0],"to":[0,0,0],"ti":[0,0,0]},{"t":59.0000024031193}],"ix":2},"a":{"a":0,"k":[11.097,59.593,0],"ix":1},"s":{"a":1,"k":[{"i":{"x":[0.833,0.833,0.833],"y":[0.833,0.833,0.833]},"o":{"x":[0.167,0.167,0.167],"y":[0.167,0.167,0.167]},"n":["0p833_0p833_0p167_0p167","0p833_0p833_0p167_0p167","0p833_0p833_0p167_0p167"],"t":0,"s":[100,100,100],"e":[100,100,100]},{"i":{"x":[0.833,0.833,0.833],"y":[0.833,0.833,0.833]},"o":{"x":[0.167,0.167,0.167],"y":[0.167,0.167,0.167]},"n":["0p833_0p833_0p167_0p167","0p833_0p833_0p167_0p167","0p833_0p833_0p167_0p167"],"t":30,"s":[100,100,100],"e":[100,100,100]},{"t":59.0000024031193}],"ix":6}},"ao":0,"ip":0,"op":60.0000024438501,"st":0,"bm":0},{"ddd":0,"ind":7,"ty":2,"nm":"Layer 154","refId":"image_6","sr":1,"ks":{"o":{"a":0,"k":100,"ix":11},"r":{"a":1,"k":[{"i":{"x":[0.833],"y":[0.833]},"o":{"x":[0.167],"y":[0.167]},"n":["0p833_0p833_0p167_0p167"],"t":0,"s":[0],"e":[-10]},{"i":{"x":[0.833],"y":[0.833]},"o":{"x":[0.167],"y":[0.167]},"n":["0p833_0p833_0p167_0p167"],"t":30,"s":[-10],"e":[0]},{"t":59.0000024031193}],"ix":10},"p":{"a":1,"k":[{"i":{"x":0.833,"y":0.833},"o":{"x":0.167,"y":0.167},"n":"0p833_0p833_0p167_0p167","t":0,"s":[181.62,287.04,0],"e":[181.62,287.04,0],"to":[0,0,0],"ti":[0,0,0]},{"i":{"x":0.833,"y":0.833},"o":{"x":0.167,"y":0.167},"n":"0p833_0p833_0p167_0p167","t":30,"s":[181.62,287.04,0],"e":[181.62,287.04,0],"to":[0,0,0],"ti":[0,0,0]},{"t":59.0000024031193}],"ix":2},"a":{"a":0,"k":[78.398,52.686,0],"ix":1},"s":{"a":1,"k":[{"i":{"x":[0.833,0.833,0.833],"y":[0.833,0.833,0.833]},"o":{"x":[0.167,0.167,0.167],"y":[0.167,0.167,0.167]},"n":["0p833_0p833_0p167_0p167","0p833_0p833_0p167_0p167","0p833_0p833_0p167_0p167"],"t":0,"s":[100,100,100],"e":[100,100,100]},{"i":{"x":[0.833,0.833,0.833],"y":[0.833,0.833,0.833]},"o":{"x":[0.167,0.167,0.167],"y":[0.167,0.167,0.167]},"n":["0p833_0p833_0p167_0p167","0p833_0p833_0p167_0p167","0p833_0p833_0p167_0p167"],"t":30,"s":[100,100,100],"e":[100,100,100]},{"t":59.0000024031193}],"ix":6}},"ao":0,"ip":0,"op":60.0000024438501,"st":0,"bm":0},{"ddd":0,"ind":8,"ty":2,"nm":"Layer 14","refId":"image_7","sr":1,"ks":{"o":{"a":0,"k":100,"ix":11},"r":{"a":1,"k":[{"i":{"x":[0.833],"y":[0.833]},"o":{"x":[0.167],"y":[0.167]},"n":["0p833_0p833_0p167_0p167"],"t":0,"s":[0],"e":[-4]},{"i":{"x":[0.833],"y":[0.833]},"o":{"x":[0.167],"y":[0.167]},"n":["0p833_0p833_0p167_0p167"],"t":29,"s":[-4],"e":[0]},{"t":59.0000024031193}],"ix":10},"p":{"a":1,"k":[{"i":{"x":0.833,"y":0.833},"o":{"x":0.167,"y":0.167},"n":"0p833_0p833_0p167_0p167","t":0,"s":[281.259,388.043,0],"e":[281.259,388.043,0],"to":[0,0,0],"ti":[0,0,0]},{"t":59.0000024031193}],"ix":2},"a":{"a":0,"k":[72.968,29.782,0],"ix":1},"s":{"a":1,"k":[{"i":{"x":[0.833,0.833,0.833],"y":[0.833,0.833,0.833]},"o":{"x":[0.167,0.167,0.167],"y":[0.167,0.167,0.167]},"n":["0p833_0p833_0p167_0p167","0p833_0p833_0p167_0p167","0p833_0p833_0p167_0p167"],"t":0,"s":[100,100,100],"e":[100,100,100]},{"t":59.0000024031193}],"ix":6}},"ao":0,"ip":0,"op":60.0000024438501,"st":0,"bm":0},{"ddd":0,"ind":9,"ty":2,"nm":"Layer 141","parent":1,"refId":"image_8","sr":1,"ks":{"o":{"a":0,"k":100,"ix":11},"r":{"a":1,"k":[{"i":{"x":[0.833],"y":[0.833]},"o":{"x":[0.167],"y":[0.167]},"n":["0p833_0p833_0p167_0p167"],"t":0,"s":[0],"e":[1]},{"i":{"x":[0.779],"y":[0.907]},"o":{"x":[0.162],"y":[0.123]},"n":["0p779_0p907_0p162_0p123"],"t":21,"s":[1],"e":[-3.533]},{"i":{"x":[0.719],"y":[1.008]},"o":{"x":[0.383],"y":[-0.031]},"n":["0p719_1p008_0p383_-0p031"],"t":46,"s":[-3.533],"e":[-2.588]},{"i":{"x":[0.833],"y":[0.833]},"o":{"x":[0.167],"y":[-0.02]},"n":["0p833_0p833_0p167_-0p02"],"t":47,"s":[-2.588],"e":[0]},{"t":59.0000024031193}],"ix":10},"p":{"a":0,"k":[165.569,111.567,0],"ix":2},"a":{"a":0,"k":[7.153,47.051,0],"ix":1},"s":{"a":0,"k":[100,100,100],"ix":6}},"ao":0,"ip":0,"op":60.0000024438501,"st":0,"bm":0},{"ddd":0,"ind":10,"ty":2,"nm":"Layer 140","parent":1,"refId":"image_9","sr":1,"ks":{"o":{"a":0,"k":100,"ix":11},"r":{"a":1,"k":[{"i":{"x":[0.833],"y":[0.833]},"o":{"x":[0.167],"y":[0.167]},"n":["0p833_0p833_0p167_0p167"],"t":0,"s":[0],"e":[9]},{"i":{"x":[0.833],"y":[0.833]},"o":{"x":[0.167],"y":[0.167]},"n":["0p833_0p833_0p167_0p167"],"t":22,"s":[9],"e":[-1.838]},{"i":{"x":[0.833],"y":[0.833]},"o":{"x":[0.167],"y":[0.167]},"n":["0p833_0p833_0p167_0p167"],"t":46,"s":[-1.838],"e":[0]},{"t":59.0000024031193}],"ix":10},"p":{"a":0,"k":[24.301,110.984,0],"ix":2},"a":{"a":0,"k":[33.23,30.904,0],"ix":1},"s":{"a":0,"k":[100,100,100],"ix":6}},"ao":0,"ip":0,"op":60.0000024438501,"st":0,"bm":0}],"markers":[]}