{"v":"4.6.9","fr":29.9700012207031,"ip":0,"op":450.000018328876,"w":800,"h":600,"nm":"Error JSON","ddd":0,"assets":[{"id":"comp_0","layers":[{"ddd":0,"ind":1,"ty":4,"nm":"Arrow/Head","parent":2,"ks":{"o":{"a":0,"k":100},"r":{"a":0,"k":0},"p":{"a":0,"k":[0,34.875,0]},"a":{"a":0,"k":[0,0,0]},"s":{"a":0,"k":[100,100,100]}},"ao":0,"shapes":[{"ty":"gr","it":[{"ind":0,"ty":"sh","ix":1,"ks":{"a":0,"k":{"i":[[0,0],[0,0],[0,0]],"o":[[0,0],[0,0],[0,0]],"v":[[-28.899,-14.44],[-0.018,14.44],[28.899,-14.44]],"c":false}},"nm":"Path 1","mn":"ADBE Vector Shape - Group"},{"ty":"st","c":{"a":0,"k":[0.105882,0.105882,0.105882,1]},"o":{"a":0,"k":100},"w":{"a":0,"k":12},"lc":1,"lj":1,"ml":4,"nm":"Stroke 1","mn":"ADBE Vector Graphic - Stroke"},{"ty":"tr","p":{"a":0,"k":[0,0],"ix":2},"a":{"a":0,"k":[0,0],"ix":1},"s":{"a":0,"k":[100,100],"ix":3},"r":{"a":0,"k":0,"ix":6},"o":{"a":0,"k":100,"ix":7},"sk":{"a":0,"k":0,"ix":4},"sa":{"a":0,"k":0,"ix":5},"nm":"Transform"}],"nm":"Shape 1","np":3,"cix":2,"ix":1,"mn":"ADBE Vector Group"}],"ip":0,"op":450.000018328876,"st":0,"bm":0,"sr":1},{"ddd":0,"ind":2,"ty":4,"nm":"Arrow/Shaft","ks":{"o":{"a":0,"k":100},"r":{"a":0,"k":0},"p":{"a":0,"k":[50,58.125,0]},"a":{"a":0,"k":[0,0,0]},"s":{"a":0,"k":[100,100,100]}},"ao":0,"shapes":[{"ty":"gr","it":[{"ind":0,"ty":"sh","ix":1,"ks":{"a":0,"k":{"i":[[0,0],[0,0]],"o":[[0,0],[0,0]],"v":[[0,-51.125],[0,51.125]],"c":false}},"nm":"Path 1","mn":"ADBE Vector Shape - Group"},{"ty":"st","c":{"a":0,"k":[0.105882,0.105882,0.105882,1]},"o":{"a":0,"k":100},"w":{"a":0,"k":12},"lc":1,"lj":1,"ml":4,"nm":"Stroke 1","mn":"ADBE Vector Graphic - Stroke"},{"ty":"tr","p":{"a":0,"k":[0,0],"ix":2},"a":{"a":0,"k":[0,0],"ix":1},"s":{"a":0,"k":[100,100],"ix":3},"r":{"a":0,"k":0,"ix":6},"o":{"a":0,"k":100,"ix":7},"sk":{"a":0,"k":0,"ix":4},"sa":{"a":0,"k":0,"ix":5},"nm":"Transform"}],"nm":"Shape 1","np":3,"cix":2,"ix":1,"mn":"ADBE Vector Group"}],"ip":0,"op":450.000018328876,"st":0,"bm":0,"sr":1}]}],"layers":[{"ddd":0,"ind":1,"ty":4,"nm":"!","ks":{"o":{"a":0,"k":100},"r":{"a":0,"k":0},"p":{"a":0,"k":[400,294,0]},"a":{"a":0,"k":[0,0,0]},"s":{"a":0,"k":[100,100,100]}},"ao":0,"shapes":[{"ty":"gr","it":[{"ind":0,"ty":"sh","ix":1,"ks":{"a":0,"k":{"i":[[0,0],[0,0]],"o":[[0,0],[0,0]],"v":[[0,34],[0,46]],"c":false}},"nm":"Path 1","mn":"ADBE Vector Shape - Group"},{"ty":"st","c":{"a":0,"k":[0.9058824,0.2862745,0.2862745,1]},"o":{"a":0,"k":100},"w":{"a":0,"k":12},"lc":1,"lj":1,"ml":4,"nm":"Stroke 1","mn":"ADBE Vector Graphic - Stroke"},{"ty":"tm","s":{"a":1,"k":[{"i":{"x":[0],"y":[1]},"o":{"x":[0.167],"y":[0.167]},"n":["0_1_0p167_0p167"],"t":150,"s":[100],"e":[0]},{"i":{"x":[0.833],"y":[0.833]},"o":{"x":[0.167],"y":[0.167]},"n":["0p833_0p833_0p167_0p167"],"t":153,"s":[0],"e":[0]},{"i":{"x":[0.667],"y":[1]},"o":{"x":[0.167],"y":[0.167]},"n":["0p667_1_0p167_0p167"],"t":244,"s":[0],"e":[100]},{"t":246.000010019785}],"ix":1},"e":{"a":0,"k":100,"ix":2},"o":{"a":0,"k":0,"ix":3},"m":1,"ix":3,"nm":"Trim Paths 2","mn":"ADBE Vector Filter - Trim"},{"ty":"tr","p":{"a":0,"k":[0,0],"ix":2},"a":{"a":0,"k":[0,0],"ix":1},"s":{"a":0,"k":[100,100],"ix":3},"r":{"a":0,"k":0,"ix":6},"o":{"a":0,"k":100,"ix":7},"sk":{"a":0,"k":0,"ix":4},"sa":{"a":0,"k":0,"ix":5},"nm":"Transform"}],"nm":"Shape 2","np":4,"cix":2,"ix":1,"mn":"ADBE Vector Group"},{"ty":"gr","it":[{"ind":0,"ty":"sh","ix":1,"ks":{"a":0,"k":{"i":[[0,0],[0,0]],"o":[[0,0],[0,0]],"v":[[0,-22.016],[0,20.984]],"c":false}},"nm":"Path 1","mn":"ADBE Vector Shape - Group"},{"ty":"tm","s":{"a":1,"k":[{"i":{"x":[0],"y":[1]},"o":{"x":[0.167],"y":[0.167]},"n":["0_1_0p167_0p167"],"t":153,"s":[100],"e":[0]},{"i":{"x":[0.833],"y":[0.833]},"o":{"x":[0.167],"y":[0.167]},"n":["0p833_0p833_0p167_0p167"],"t":168,"s":[0],"e":[0]},{"i":{"x":[0.667],"y":[1]},"o":{"x":[0.167],"y":[0.167]},"n":["0p667_1_0p167_0p167"],"t":241,"s":[0],"e":[100]},{"t":244.000009938324}],"ix":1},"e":{"a":0,"k":100,"ix":2},"o":{"a":0,"k":0,"ix":3},"m":1,"ix":2,"nm":"Trim Paths 1","mn":"ADBE Vector Filter - Trim"},{"ty":"st","c":{"a":0,"k":[0.9058824,0.2862745,0.2862745,1]},"o":{"a":0,"k":100},"w":{"a":0,"k":12},"lc":1,"lj":1,"ml":4,"nm":"Stroke 1","mn":"ADBE Vector Graphic - Stroke"},{"ty":"tr","p":{"a":0,"k":[0,0],"ix":2},"a":{"a":0,"k":[0,0],"ix":1},"s":{"a":0,"k":[100,100],"ix":3},"r":{"a":0,"k":0,"ix":6},"o":{"a":0,"k":100,"ix":7},"sk":{"a":0,"k":0,"ix":4},"sa":{"a":0,"k":0,"ix":5},"nm":"Transform"}],"nm":"Shape 1","np":4,"cix":2,"ix":2,"mn":"ADBE Vector Group"}],"ip":0,"op":450.000018328876,"st":0,"bm":0,"sr":1},{"ddd":0,"ind":2,"ty":4,"nm":"Loading Bar/Error Red","ks":{"o":{"a":1,"k":[{"i":{"x":[0],"y":[1]},"o":{"x":[0.167],"y":[0.167]},"n":["0_1_0p167_0p167"],"t":244,"s":[100],"e":[0]},{"t":251.00001022344}]},"r":{"a":0,"k":0},"p":{"a":1,"k":[{"i":{"x":0.667,"y":1},"o":{"x":0.167,"y":0.167},"n":"0p667_1_0p167_0p167","t":150,"s":[400.006,305.72,0],"e":[400.006,298.845,0],"to":[0,-1.14583337306976,0],"ti":[0,1.14583337306976,0]},{"i":{"x":0.833,"y":0.833},"o":{"x":0.167,"y":0.167},"n":"0p833_0p833_0p167_0p167","t":157,"s":[400.006,298.845,0],"e":[400.006,298.845,0],"to":[0,0,0],"ti":[0,0,0]},{"i":{"x":0.667,"y":1},"o":{"x":0.167,"y":0.167},"n":"0p667_1_0p167_0p167","t":241,"s":[400.006,298.845,0],"e":[400.006,305.72,0],"to":[0,1.14583337306976,0],"ti":[0,-1.14583337306976,0]},{"t":249.000010141978}]},"a":{"a":0,"k":[0,0,0]},"s":{"a":0,"k":[100,100,100]}},"ao":0,"hasMask":true,"masksProperties":[{"inv":false,"mode":"s","pt":{"a":0,"k":{"i":[[0,0],[0,0],[0,0],[0,0]],"o":[[0,0],[0,0],[0,0],[0,0]],"v":[[18.047,-47.125],[-17.953,-47.125],[-17.953,-83.125],[18.047,-83.125]],"c":true}},"o":{"a":0,"k":100},"x":{"a":1,"k":[{"i":{"x":[0.833],"y":[0.833]},"o":{"x":[0.167],"y":[0.167]},"n":["0p833_0p833_0p167_0p167"],"t":30,"s":[0],"e":[-18]},{"i":{"x":[0.833],"y":[0.833]},"o":{"x":[0.167],"y":[0.167]},"n":["0p833_0p833_0p167_0p167"],"t":33,"s":[-18],"e":[-18]},{"i":{"x":[0],"y":[1]},"o":{"x":[0.167],"y":[0.167]},"n":["0_1_0p167_0p167"],"t":244,"s":[-18],"e":[0]},{"t":252.00001026417}]},"nm":"Mask 1"}],"shapes":[{"ty":"gr","it":[{"ind":0,"ty":"sh","ix":1,"ks":{"a":1,"k":[{"i":{"x":0.833,"y":0.905},"o":{"x":0.167,"y":0.167},"n":"0p833_0p905_0p167_0p167","t":150,"s":[{"i":[[-5.898,-27.212],[1.096,-5],[33.6,0],[4.753,24.329],[-0.865,4.028],[-23.57,4.935],[-6.079,-1.212]],"o":[[0.727,8.279],[-3.404,24.375],[-33.65,0],[-1.122,-6.546],[4.135,-27.847],[5.68,-1.065],[23.921,3.413]],"v":[[60.642,-15.499],[60.023,4.28],[0.019,55.225],[-60.384,4.326],[-60.016,-15.498],[-10.061,-66.155],[9.698,-65.883]],"c":true}],"e":[{"i":[[-9.31,-29.261],[6.67,-5.719],[27.15,0],[6.129,5.481],[-1.709,7.945],[-8.997,6.459],[-5.675,-5.959]],"o":[[1.44,7.989],[-6.67,5.719],[-27.15,0],[-6.129,-5.481],[4.791,-29.055],[5.52,-5.893],[7.759,5.46]],"v":[[61.304,13.791],[53.914,34.312],[0.019,55.225],[-54.127,34.137],[-61.047,13.585],[-11.259,-54.304],[11.11,-54.179]],"c":true}]},{"i":{"x":0,"y":1},"o":{"x":0.167,"y":0.095},"n":"0_1_0p167_0p095","t":152.625,"s":[{"i":[[-9.31,-29.261],[6.67,-5.719],[27.15,0],[6.129,5.481],[-1.709,7.945],[-8.997,6.459],[-5.675,-5.959]],"o":[[1.44,7.989],[-6.67,5.719],[-27.15,0],[-6.129,-5.481],[4.791,-29.055],[5.52,-5.893],[7.759,5.46]],"v":[[61.304,13.791],[53.914,34.312],[0.019,55.225],[-54.127,34.137],[-61.047,13.585],[-11.259,-54.304],[11.11,-54.179]],"c":true}],"e":[{"i":[[0,0],[10.804,0.013],[0,0],[0,0],[-5.432,9.302],[0,0],[-5.393,-9.273]],"o":[[5.432,9.34],[0,0],[0,0],[-10.771,-0.063],[0,0],[5.409,-9.263],[0,0]],"v":[[61.767,34.242],[49.648,55.28],[0.019,55.225],[-49.759,54.951],[-61.766,33.891],[-12.096,-46.03],[12.096,-46.008]],"c":true}]},{"i":{"x":0.833,"y":0.833},"o":{"x":0.167,"y":0.167},"n":"0p833_0p833_0p167_0p167","t":157,"s":[{"i":[[0,0],[10.804,0.013],[0,0],[0,0],[-5.432,9.302],[0,0],[-5.393,-9.273]],"o":[[5.432,9.34],[0,0],[0,0],[-10.771,-0.063],[0,0],[5.409,-9.263],[0,0]],"v":[[61.767,34.242],[49.648,55.28],[0.019,55.225],[-49.759,54.951],[-61.766,33.891],[-12.096,-46.03],[12.096,-46.008]],"c":true}],"e":[{"i":[[0,0],[10.804,0.013],[0,0],[0,0],[-5.432,9.302],[0,0],[-5.393,-9.273]],"o":[[5.432,9.34],[0,0],[0,0],[-10.771,-0.063],[0,0],[5.409,-9.263],[0,0]],"v":[[61.767,34.242],[49.648,55.28],[0.019,55.225],[-49.759,54.951],[-61.766,33.891],[-12.096,-46.03],[12.096,-46.008]],"c":true}]},{"i":{"x":0.833,"y":0.905},"o":{"x":0.167,"y":0.167},"n":"0p833_0p905_0p167_0p167","t":241,"s":[{"i":[[0,0],[10.804,0.013],[0,0],[0,0],[-5.432,9.302],[0,0],[-5.393,-9.273]],"o":[[5.432,9.34],[0,0],[0,0],[-10.771,-0.063],[0,0],[5.409,-9.263],[0,0]],"v":[[61.767,34.242],[49.648,55.28],[0.019,55.225],[-49.759,54.951],[-61.766,33.891],[-12.096,-46.03],[12.096,-46.008]],"c":true}],"e":[{"i":[[-9.31,-29.261],[6.67,-5.719],[27.15,0],[6.129,5.481],[-1.709,7.945],[-8.997,6.459],[-5.675,-5.959]],"o":[[1.44,7.989],[-6.67,5.719],[-27.15,0],[-6.129,-5.481],[4.791,-29.055],[5.52,-5.893],[7.759,5.46]],"v":[[61.304,13.791],[53.914,34.312],[0.019,55.225],[-54.127,34.137],[-61.047,13.585],[-11.259,-54.304],[11.11,-54.179]],"c":true}]},{"i":{"x":0,"y":1},"o":{"x":0.167,"y":0.095},"n":"0_1_0p167_0p095","t":244,"s":[{"i":[[-9.31,-29.261],[6.67,-5.719],[27.15,0],[6.129,5.481],[-1.709,7.945],[-8.997,6.459],[-5.675,-5.959]],"o":[[1.44,7.989],[-6.67,5.719],[-27.15,0],[-6.129,-5.481],[4.791,-29.055],[5.52,-5.893],[7.759,5.46]],"v":[[61.304,13.791],[53.914,34.312],[0.019,55.225],[-54.127,34.137],[-61.047,13.585],[-11.259,-54.304],[11.11,-54.179]],"c":true}],"e":[{"i":[[-5.898,-27.212],[1.096,-5],[33.6,0],[4.753,24.329],[-0.865,4.028],[-23.57,4.935],[-6.079,-1.212]],"o":[[0.727,5.154],[-3.404,24.375],[-33.65,0],[-1.122,-6.546],[4.135,-27.847],[5.68,-1.065],[23.921,3.413]],"v":[[60.642,-15.499],[60.023,4.28],[0.019,55.225],[-60.384,4.326],[-60.016,-15.498],[-10.061,-66.155],[9.698,-65.883]],"c":true}]},{"t":248.000010101247}]},"nm":"Path 1","mn":"ADBE Vector Shape - Group"},{"ty":"st","c":{"a":1,"k":[{"i":{"x":[0.833],"y":[0.833]},"o":{"x":[0.167],"y":[0.167]},"n":["0p833_0p833_0p167_0p167"],"t":120,"s":[0.105882,0.105882,0.105882,1],"e":[0.9058824,0.2862745,0.2862745,1]},{"i":{"x":[0.833],"y":[0.833]},"o":{"x":[0.167],"y":[0.167]},"n":["0p833_0p833_0p167_0p167"],"t":140,"s":[0.9058824,0.2862745,0.2862745,1],"e":[0.9058824,0.2862745,0.2862745,1]},{"i":{"x":[0.833],"y":[0.833]},"o":{"x":[0.167],"y":[0.167]},"n":["0p833_0p833_0p167_0p167"],"t":244,"s":[0.9058824,0.2862745,0.2862745,1],"e":[0.105882,0.105882,0.105882,1]},{"t":247.000010060516}]},"o":{"a":0,"k":100},"w":{"a":0,"k":12},"lc":1,"lj":1,"ml":4,"nm":"Stroke 1","mn":"ADBE Vector Graphic - Stroke"},{"ty":"tr","p":{"a":0,"k":[0,0],"ix":2},"a":{"a":0,"k":[0,0],"ix":1},"s":{"a":0,"k":[100,100],"ix":3},"r":{"a":0,"k":0,"ix":6},"o":{"a":0,"k":100,"ix":7},"sk":{"a":0,"k":0,"ix":4},"sa":{"a":0,"k":0,"ix":5},"nm":"Transform"}],"nm":"Shape 1","np":3,"cix":2,"ix":1,"mn":"ADBE Vector Group"},{"ty":"tm","s":{"a":1,"k":[{"i":{"x":[0],"y":[1]},"o":{"x":[0.167],"y":[0.167]},"n":["0_1_0p167_0p167"],"t":30,"s":[50],"e":[25]},{"i":{"x":[0.833],"y":[0.833]},"o":{"x":[0.167],"y":[0.167]},"n":["0p833_0p833_0p167_0p167"],"t":60,"s":[25],"e":[25]},{"i":{"x":[0],"y":[1]},"o":{"x":[0.167],"y":[0.167]},"n":["0_1_0p167_0p167"],"t":75,"s":[25],"e":[10]},{"i":{"x":[0.833],"y":[0.833]},"o":{"x":[0.167],"y":[0.167]},"n":["0p833_0p833_0p167_0p167"],"t":95,"s":[10],"e":[10]},{"i":{"x":[0],"y":[1]},"o":{"x":[0.167],"y":[0.167]},"n":["0_1_0p167_0p167"],"t":108,"s":[10],"e":[0]},{"t":140.000005702317}],"ix":1},"e":{"a":1,"k":[{"i":{"x":[0],"y":[1]},"o":{"x":[0.167],"y":[0.167]},"n":["0_1_0p167_0p167"],"t":30,"s":[50],"e":[75]},{"i":{"x":[0.833],"y":[0.833]},"o":{"x":[0.167],"y":[0.167]},"n":["0p833_0p833_0p167_0p167"],"t":60,"s":[75],"e":[75]},{"i":{"x":[0],"y":[1]},"o":{"x":[0.167],"y":[0.167]},"n":["0_1_0p167_0p167"],"t":75,"s":[75],"e":[90]},{"i":{"x":[0.833],"y":[0.833]},"o":{"x":[0.167],"y":[0.167]},"n":["0p833_0p833_0p167_0p167"],"t":95,"s":[90],"e":[90]},{"i":{"x":[0],"y":[1]},"o":{"x":[0.167],"y":[0.167]},"n":["0_1_0p167_0p167"],"t":108,"s":[90],"e":[100]},{"t":140.000005702317}],"ix":2},"o":{"a":0,"k":-81,"ix":3},"m":1,"ix":2,"nm":"Trim Paths 1","mn":"ADBE Vector Filter - Trim"}],"ip":0,"op":450.000018328876,"st":0,"bm":0,"sr":1},{"ddd":0,"ind":3,"ty":4,"nm":"Arrow Path","td":1,"ks":{"o":{"a":0,"k":100},"r":{"a":0,"k":90},"p":{"a":0,"k":[400,300,0]},"a":{"a":0,"k":[0,0,0]},"s":{"a":0,"k":[100,100,100]}},"ao":0,"shapes":[{"ty":"gr","it":[{"ind":0,"ty":"sh","ix":1,"ks":{"a":0,"k":{"i":[[33.55,0],[0,0],[0,33.55],[0,0],[-33.55,0],[0,0],[0,-33.55],[0,0]],"o":[[0,0],[-33.55,0],[0,0],[0,-33.55],[0,0],[33.55,0],[0,0],[0,33.55]],"v":[[139,61],[-139,61],[-200,0],[-200,0],[-139,-61],[139,-61],[200,0],[200,0]],"c":true}},"nm":"Path 1","mn":"ADBE Vector Shape - Group"},{"ty":"fl","c":{"a":0,"k":[0.1058824,0.1058824,0.1058824,1]},"o":{"a":0,"k":100},"r":1,"nm":"Fill 1","mn":"ADBE Vector Graphic - Fill"},{"ty":"tr","p":{"a":0,"k":[-138,0],"ix":2},"a":{"a":0,"k":[0,0],"ix":1},"s":{"a":0,"k":[100,100],"ix":3},"r":{"a":0,"k":0,"ix":6},"o":{"a":0,"k":100,"ix":7},"sk":{"a":0,"k":0,"ix":4},"sa":{"a":0,"k":0,"ix":5},"nm":"Transform"}],"nm":"Shape 1","np":3,"cix":2,"ix":1,"mn":"ADBE Vector Group"}],"ip":0,"op":485.000019754455,"st":0,"bm":0,"sr":1},{"ddd":0,"ind":4,"ty":0,"nm":"Arrow","tt":1,"refId":"comp_0","ks":{"o":{"a":1,"k":[{"i":{"x":[0.833],"y":[0.833]},"o":{"x":[0.167],"y":[0.167]},"n":["0p833_0p833_0p167_0p167"],"t":238,"s":[100],"e":[0]},{"i":{"x":[0.833],"y":[0.833]},"o":{"x":[0.167],"y":[0.167]},"n":["0p833_0p833_0p167_0p167"],"t":239,"s":[0],"e":[0]},{"i":{"x":[0],"y":[1]},"o":{"x":[0.167],"y":[0.167]},"n":["0_1_0p167_0p167"],"t":245,"s":[0],"e":[100]},{"t":269.000010956595}]},"r":{"a":0,"k":0},"p":{"a":1,"k":[{"i":{"x":0,"y":1},"o":{"x":0.167,"y":0.167},"n":"0_1_0p167_0p167","t":30,"s":[400,269.5,0],"e":[400,429.5,0],"to":[0,26.6666660308838,0],"ti":[0,-26.6666660308838,0]},{"i":{"x":0.833,"y":0.833},"o":{"x":0.167,"y":0.167},"n":"0p833_0p833_0p167_0p167","t":60,"s":[400,429.5,0],"e":[400,429.5,0],"to":[0,0,0],"ti":[0,0,0]},{"i":{"x":0.833,"y":0.833},"o":{"x":0.167,"y":0.167},"n":"0p833_0p833_0p167_0p167","t":238,"s":[400,429.5,0],"e":[400,169.5,0],"to":[0,-43.3333320617676,0],"ti":[0,33.3333320617676,0]},{"i":{"x":0.833,"y":0.833},"o":{"x":0.167,"y":0.167},"n":"0p833_0p833_0p167_0p167","t":239,"s":[400,169.5,0],"e":[400,229.5,0],"to":[0,-33.3333320617676,0],"ti":[0,-16.6666660308838,0]},{"i":{"x":0,"y":1},"o":{"x":0.167,"y":0.167},"n":"0_1_0p167_0p167","t":245,"s":[400,229.5,0],"e":[400,269.5,0],"to":[0,16.6666660308838,0],"ti":[0,-6.66666650772095,0]},{"t":269.000010956595}]},"a":{"a":0,"k":[50,62.5,0]},"s":{"a":0,"k":[100,100,100]}},"ao":0,"w":100,"h":125,"ip":0,"op":450.000018328876,"st":0,"bm":0,"sr":1},{"ddd":0,"ind":5,"ty":4,"nm":"Background Circle","ks":{"o":{"a":0,"k":100},"r":{"a":0,"k":0},"p":{"a":1,"k":[{"i":{"x":0.667,"y":1},"o":{"x":0.167,"y":0.167},"n":"0p667_1_0p167_0p167","t":150,"s":[400.006,305.72,0],"e":[400.006,298.845,0],"to":[0,-1.14583337306976,0],"ti":[0,1.14583337306976,0]},{"i":{"x":0.833,"y":0.833},"o":{"x":0.167,"y":0.167},"n":"0p833_0p833_0p167_0p167","t":157,"s":[400.006,298.845,0],"e":[400.006,298.845,0],"to":[0,0,0],"ti":[0,0,0]},{"i":{"x":0.667,"y":1},"o":{"x":0.167,"y":0.167},"n":"0p667_1_0p167_0p167","t":241,"s":[400.006,298.845,0],"e":[400.006,305.72,0],"to":[0,1.14583337306976,0],"ti":[0,-1.14583337306976,0]},{"t":249.000010141978}]},"a":{"a":0,"k":[0,0,0]},"s":{"a":0,"k":[100,100,100]}},"ao":0,"hasMask":true,"masksProperties":[{"inv":false,"mode":"s","pt":{"a":0,"k":{"i":[[0,0],[0,0],[0,0],[0,0]],"o":[[0,0],[0,0],[0,0],[0,0]],"v":[[18.047,-47.125],[-17.953,-47.125],[-17.953,-83.125],[18.047,-83.125]],"c":true}},"o":{"a":0,"k":100},"x":{"a":1,"k":[{"i":{"x":[0.833],"y":[0.833]},"o":{"x":[0.167],"y":[0.167]},"n":["0p833_0p833_0p167_0p167"],"t":30,"s":[0],"e":[-18]},{"i":{"x":[0.833],"y":[0.833]},"o":{"x":[0.167],"y":[0.167]},"n":["0p833_0p833_0p167_0p167"],"t":33,"s":[-18],"e":[-18]},{"i":{"x":[0],"y":[1]},"o":{"x":[0.167],"y":[0.167]},"n":["0_1_0p167_0p167"],"t":244,"s":[-18],"e":[0]},{"t":252.00001026417}]},"nm":"Mask 1"}],"shapes":[{"ty":"gr","it":[{"ind":0,"ty":"sh","ix":1,"ks":{"a":1,"k":[{"i":{"x":0.833,"y":0.905},"o":{"x":0.167,"y":0.167},"n":"0p833_0p905_0p167_0p167","t":150,"s":[{"i":[[-5.898,-27.212],[1.096,-5],[33.6,0],[4.753,24.329],[-0.865,4.028],[-23.57,4.935],[-6.079,-1.212]],"o":[[0.727,5.154],[-3.404,24.375],[-33.65,0],[-1.122,-6.546],[4.135,-27.847],[5.68,-1.065],[23.921,3.413]],"v":[[60.642,-15.499],[60.023,4.28],[0.019,55.225],[-60.384,4.326],[-60.016,-15.498],[-10.061,-66.155],[9.698,-65.883]],"c":true}],"e":[{"i":[[-9.31,-29.261],[6.67,-5.719],[27.15,0],[6.129,5.481],[-1.709,7.945],[-8.997,6.459],[-5.675,-5.959]],"o":[[1.44,7.989],[-6.67,5.719],[-27.15,0],[-6.129,-5.481],[4.791,-29.055],[5.52,-5.893],[7.759,5.46]],"v":[[61.304,13.791],[53.914,34.312],[0.019,55.225],[-54.127,34.137],[-61.047,13.585],[-11.259,-54.304],[11.11,-54.179]],"c":true}]},{"i":{"x":0,"y":1},"o":{"x":0.167,"y":0.095},"n":"0_1_0p167_0p095","t":152.625,"s":[{"i":[[-9.31,-29.261],[6.67,-5.719],[27.15,0],[6.129,5.481],[-1.709,7.945],[-8.997,6.459],[-5.675,-5.959]],"o":[[1.44,7.989],[-6.67,5.719],[-27.15,0],[-6.129,-5.481],[4.791,-29.055],[5.52,-5.893],[7.759,5.46]],"v":[[61.304,13.791],[53.914,34.312],[0.019,55.225],[-54.127,34.137],[-61.047,13.585],[-11.259,-54.304],[11.11,-54.179]],"c":true}],"e":[{"i":[[0,0],[10.804,0.013],[0,0],[0,0],[-5.432,9.302],[0,0],[-5.393,-9.273]],"o":[[5.432,9.34],[0,0],[0,0],[-10.771,-0.063],[0,0],[5.409,-9.263],[0,0]],"v":[[61.767,34.242],[49.648,55.28],[0.019,55.225],[-49.759,54.951],[-61.766,33.891],[-12.096,-46.03],[12.096,-46.008]],"c":true}]},{"i":{"x":0.833,"y":0.833},"o":{"x":0.167,"y":0.167},"n":"0p833_0p833_0p167_0p167","t":157,"s":[{"i":[[0,0],[10.804,0.013],[0,0],[0,0],[-5.432,9.302],[0,0],[-5.393,-9.273]],"o":[[5.432,9.34],[0,0],[0,0],[-10.771,-0.063],[0,0],[5.409,-9.263],[0,0]],"v":[[61.767,34.242],[49.648,55.28],[0.019,55.225],[-49.759,54.951],[-61.766,33.891],[-12.096,-46.03],[12.096,-46.008]],"c":true}],"e":[{"i":[[0,0],[10.804,0.013],[0,0],[0,0],[-5.432,9.302],[0,0],[-5.393,-9.273]],"o":[[5.432,9.34],[0,0],[0,0],[-10.771,-0.063],[0,0],[5.409,-9.263],[0,0]],"v":[[61.767,34.242],[49.648,55.28],[0.019,55.225],[-49.759,54.951],[-61.766,33.891],[-12.096,-46.03],[12.096,-46.008]],"c":true}]},{"i":{"x":0.833,"y":0.905},"o":{"x":0.167,"y":0.167},"n":"0p833_0p905_0p167_0p167","t":241,"s":[{"i":[[0,0],[10.804,0.013],[0,0],[0,0],[-5.432,9.302],[0,0],[-5.393,-9.273]],"o":[[5.432,9.34],[0,0],[0,0],[-10.771,-0.063],[0,0],[5.409,-9.263],[0,0]],"v":[[61.767,34.242],[49.648,55.28],[0.019,55.225],[-49.759,54.951],[-61.766,33.891],[-12.096,-46.03],[12.096,-46.008]],"c":true}],"e":[{"i":[[-9.31,-29.261],[6.67,-5.719],[27.15,0],[6.129,5.481],[-1.709,7.945],[-8.997,6.459],[-5.675,-5.959]],"o":[[1.44,7.989],[-6.67,5.719],[-27.15,0],[-6.129,-5.481],[4.791,-29.055],[5.52,-5.893],[7.759,5.46]],"v":[[61.304,13.791],[53.914,34.312],[0.019,55.225],[-54.127,34.137],[-61.047,13.585],[-11.259,-54.304],[11.11,-54.179]],"c":true}]},{"i":{"x":0,"y":1},"o":{"x":0.167,"y":0.095},"n":"0_1_0p167_0p095","t":244,"s":[{"i":[[-9.31,-29.261],[6.67,-5.719],[27.15,0],[6.129,5.481],[-1.709,7.945],[-8.997,6.459],[-5.675,-5.959]],"o":[[1.44,7.989],[-6.67,5.719],[-27.15,0],[-6.129,-5.481],[4.791,-29.055],[5.52,-5.893],[7.759,5.46]],"v":[[61.304,13.791],[53.914,34.312],[0.019,55.225],[-54.127,34.137],[-61.047,13.585],[-11.259,-54.304],[11.11,-54.179]],"c":true}],"e":[{"i":[[-5.898,-27.212],[1.096,-5],[33.6,0],[4.753,24.329],[-0.865,4.028],[-23.57,4.935],[-6.079,-1.212]],"o":[[0.727,5.154],[-3.404,24.375],[-33.65,0],[-1.122,-6.546],[4.135,-27.847],[5.68,-1.065],[23.921,3.413]],"v":[[60.642,-15.499],[60.023,4.28],[0.019,55.225],[-60.384,4.326],[-60.016,-15.498],[-10.061,-66.155],[9.698,-65.883]],"c":true}]},{"t":248.000010101247}]},"nm":"Path 1","mn":"ADBE Vector Shape - Group"},{"ty":"st","c":{"a":0,"k":[0.105882,0.105882,0.105882,1]},"o":{"a":0,"k":25},"w":{"a":0,"k":12},"lc":1,"lj":1,"ml":4,"nm":"Stroke 1","mn":"ADBE Vector Graphic - Stroke"},{"ty":"tr","p":{"a":0,"k":[0,0],"ix":2},"a":{"a":0,"k":[0,0],"ix":1},"s":{"a":0,"k":[100,100],"ix":3},"r":{"a":0,"k":0,"ix":6},"o":{"a":0,"k":100,"ix":7},"sk":{"a":0,"k":0,"ix":4},"sa":{"a":0,"k":0,"ix":5},"nm":"Transform"}],"nm":"Shape 1","np":3,"cix":2,"ix":1,"mn":"ADBE Vector Group"}],"ip":0,"op":485.000019754455,"st":0,"bm":0,"sr":1}]}