{"v":"4.6.9","fr":29.9700012207031,"ip":0,"op":150.000006109625,"w":800,"h":600,"nm":"Eye2","ddd":0,"assets":[],"layers":[{"ddd":0,"ind":1,"ty":4,"nm":"Shape Layer 9","ks":{"o":{"a":0,"k":25},"r":{"a":0,"k":-45},"p":{"a":0,"k":[301.5,263.25,0]},"a":{"a":0,"k":[0,0,0]},"s":{"a":0,"k":[-100,100,100]}},"ao":0,"shapes":[{"ty":"gr","it":[{"ind":0,"ty":"sh","ix":1,"ks":{"a":0,"k":{"i":[[0,0],[0,0],[0,0],[0,0]],"o":[[0,0],[0,0],[0,0],[0,0]],"v":[[6,-15],[-6,-15],[-6,15],[6,15]],"c":true}},"nm":"Path 1","mn":"ADBE Vector Shape - Group"},{"ty":"fl","c":{"a":0,"k":[0.105882,0.105882,0.105882,1]},"o":{"a":0,"k":100},"r":1,"nm":"Fill 1","mn":"ADBE Vector Graphic - Fill"},{"ty":"tr","p":{"a":0,"k":[-0.052,14.908],"ix":2},"a":{"a":0,"k":[-0.052,14.908],"ix":1},"s":{"a":1,"k":[{"i":{"x":[0,0],"y":[0,1]},"o":{"x":[0.167,0.167],"y":[0.167,0.167]},"n":["0_0_0p167_0p167","0_1_0p167_0p167"],"t":45,"s":[100,100],"e":[100,0]},{"i":{"x":[0.833,0.833],"y":[0.833,0.833]},"o":{"x":[0.167,0.167],"y":[0.167,0.167]},"n":["0p833_0p833_0p167_0p167","0p833_0p833_0p167_0p167"],"t":60,"s":[100,0],"e":[100,0]},{"i":{"x":[0,0],"y":[0,1]},"o":{"x":[0.167,0.167],"y":[0.167,0.167]},"n":["0_0_0p167_0p167","0_1_0p167_0p167"],"t":120,"s":[100,0],"e":[100,100]},{"t":135.000005498663}],"ix":3},"r":{"a":0,"k":0,"ix":6},"o":{"a":0,"k":100,"ix":7},"sk":{"a":0,"k":0,"ix":4},"sa":{"a":0,"k":0,"ix":5},"nm":"Transform"}],"nm":"Shape 1","np":3,"cix":2,"ix":1,"mn":"ADBE Vector Group"}],"ip":-285.000011608288,"op":307.000012504366,"st":-285.000011608288,"bm":0,"sr":1},{"ddd":0,"ind":2,"ty":4,"nm":"Shape Layer 8","ks":{"o":{"a":0,"k":25},"r":{"a":0,"k":-29},"p":{"a":0,"k":[344.75,229.25,0]},"a":{"a":0,"k":[0,0,0]},"s":{"a":0,"k":[100,-100,100]}},"ao":0,"shapes":[{"ty":"gr","it":[{"ind":0,"ty":"sh","ix":1,"ks":{"a":0,"k":{"i":[[0,0],[0,0],[0,0],[0,0]],"o":[[0,0],[0,0],[0,0],[0,0]],"v":[[6,-15],[-6,-15],[-6,15],[6,15]],"c":true}},"nm":"Path 1","mn":"ADBE Vector Shape - Group"},{"ty":"fl","c":{"a":0,"k":[0.105882,0.105882,0.105882,1]},"o":{"a":0,"k":100},"r":1,"nm":"Fill 1","mn":"ADBE Vector Graphic - Fill"},{"ty":"tr","p":{"a":0,"k":[-0.034,-15.052],"ix":2},"a":{"a":0,"k":[-0.034,-15.052],"ix":1},"s":{"a":1,"k":[{"i":{"x":[0,0],"y":[0,1]},"o":{"x":[0.167,0.167],"y":[0.167,0.167]},"n":["0_0_0p167_0p167","0_1_0p167_0p167"],"t":45,"s":[100,100],"e":[100,0]},{"i":{"x":[0.833,0.833],"y":[0.833,0.833]},"o":{"x":[0.167,0.167],"y":[0.167,0.167]},"n":["0p833_0p833_0p167_0p167","0p833_0p833_0p167_0p167"],"t":60,"s":[100,0],"e":[100,0]},{"i":{"x":[0,0],"y":[0,1]},"o":{"x":[0.167,0.167],"y":[0.167,0.167]},"n":["0_0_0p167_0p167","0_1_0p167_0p167"],"t":120,"s":[100,0],"e":[100,100]},{"t":135.000005498663}],"ix":3},"r":{"a":0,"k":0,"ix":6},"o":{"a":0,"k":100,"ix":7},"sk":{"a":0,"k":0,"ix":4},"sa":{"a":0,"k":0,"ix":5},"nm":"Transform"}],"nm":"Shape 1","np":3,"cix":2,"ix":1,"mn":"ADBE Vector Group"}],"ip":0,"op":300.00001221925,"st":0,"bm":0,"sr":1},{"ddd":0,"ind":3,"ty":4,"nm":"Shape Layer 5","ks":{"o":{"a":0,"k":25},"r":{"a":0,"k":0},"p":{"a":0,"k":[400,215,0]},"a":{"a":0,"k":[0,0,0]},"s":{"a":0,"k":[100,100,100]}},"ao":0,"shapes":[{"ty":"gr","it":[{"ind":0,"ty":"sh","ix":1,"ks":{"a":0,"k":{"i":[[0,0],[0,0],[0,0],[0,0]],"o":[[0,0],[0,0],[0,0],[0,0]],"v":[[6,-15],[-6,-15],[-6,15],[6,15]],"c":true}},"nm":"Path 1","mn":"ADBE Vector Shape - Group"},{"ty":"fl","c":{"a":0,"k":[0.105882,0.105882,0.105882,1]},"o":{"a":0,"k":100},"r":1,"nm":"Fill 1","mn":"ADBE Vector Graphic - Fill"},{"ty":"tr","p":{"a":0,"k":[0,14.997],"ix":2},"a":{"a":0,"k":[0,14.997],"ix":1},"s":{"a":1,"k":[{"i":{"x":[0,0],"y":[0,1]},"o":{"x":[0.167,0.167],"y":[0.167,0.167]},"n":["0_0_0p167_0p167","0_1_0p167_0p167"],"t":45,"s":[100,100],"e":[100,0]},{"i":{"x":[0.833,0.833],"y":[0.833,0.833]},"o":{"x":[0.167,0.167],"y":[0.167,0.167]},"n":["0p833_0p833_0p167_0p167","0p833_0p833_0p167_0p167"],"t":60,"s":[100,0],"e":[100,0]},{"i":{"x":[0,0],"y":[0,1]},"o":{"x":[0.167,0.167],"y":[0.167,0.167]},"n":["0_0_0p167_0p167","0_1_0p167_0p167"],"t":120,"s":[100,0],"e":[100,100]},{"t":135.000005498663}],"ix":3},"r":{"a":0,"k":0,"ix":6},"o":{"a":0,"k":100,"ix":7},"sk":{"a":0,"k":0,"ix":4},"sa":{"a":0,"k":0,"ix":5},"nm":"Transform"}],"nm":"Shape 1","np":3,"cix":2,"ix":1,"mn":"ADBE Vector Group"}],"ip":0,"op":300.00001221925,"st":0,"bm":0,"sr":1},{"ddd":0,"ind":4,"ty":4,"nm":"Shape Layer 6","ks":{"o":{"a":0,"k":25},"r":{"a":0,"k":29},"p":{"a":0,"k":[456,229.25,0]},"a":{"a":0,"k":[0,0,0]},"s":{"a":0,"k":[100,100,100]}},"ao":0,"shapes":[{"ty":"gr","it":[{"ind":0,"ty":"sh","ix":1,"ks":{"a":0,"k":{"i":[[0,0],[0,0],[0,0],[0,0]],"o":[[0,0],[0,0],[0,0],[0,0]],"v":[[6,-15],[-6,-15],[-6,15],[6,15]],"c":true}},"nm":"Path 1","mn":"ADBE Vector Shape - Group"},{"ty":"fl","c":{"a":0,"k":[0.105882,0.105882,0.105882,1]},"o":{"a":0,"k":100},"r":1,"nm":"Fill 1","mn":"ADBE Vector Graphic - Fill"},{"ty":"tr","p":{"a":0,"k":[-0.07,15.038],"ix":2},"a":{"a":0,"k":[-0.07,15.038],"ix":1},"s":{"a":1,"k":[{"i":{"x":[0,0],"y":[0,1]},"o":{"x":[0.167,0.167],"y":[0.167,0.167]},"n":["0_0_0p167_0p167","0_1_0p167_0p167"],"t":45,"s":[100,100],"e":[100,0]},{"i":{"x":[0.833,0.833],"y":[0.833,0.833]},"o":{"x":[0.167,0.167],"y":[0.167,0.167]},"n":["0p833_0p833_0p167_0p167","0p833_0p833_0p167_0p167"],"t":60,"s":[100,0],"e":[100,0]},{"i":{"x":[0,0],"y":[0,1]},"o":{"x":[0.167,0.167],"y":[0.167,0.167]},"n":["0_0_0p167_0p167","0_1_0p167_0p167"],"t":120,"s":[100,0],"e":[100,100]},{"t":135.000005498663}],"ix":3},"r":{"a":0,"k":0,"ix":6},"o":{"a":0,"k":100,"ix":7},"sk":{"a":0,"k":0,"ix":4},"sa":{"a":0,"k":0,"ix":5},"nm":"Transform"}],"nm":"Shape 1","np":3,"cix":2,"ix":1,"mn":"ADBE Vector Group"}],"ip":0,"op":300.00001221925,"st":0,"bm":0,"sr":1},{"ddd":0,"ind":5,"ty":4,"nm":"Shape Layer 7","ks":{"o":{"a":0,"k":25},"r":{"a":0,"k":45},"p":{"a":0,"k":[499.25,263.25,0]},"a":{"a":0,"k":[0,0,0]},"s":{"a":0,"k":[100,100,100]}},"ao":0,"shapes":[{"ty":"gr","it":[{"ind":0,"ty":"sh","ix":1,"ks":{"a":0,"k":{"i":[[0,0],[0,0],[0,0],[0,0]],"o":[[0,0],[0,0],[0,0],[0,0]],"v":[[6,-15],[-6,-15],[-6,15],[6,15]],"c":true}},"nm":"Path 1","mn":"ADBE Vector Shape - Group"},{"ty":"fl","c":{"a":0,"k":[0.105882,0.105882,0.105882,1]},"o":{"a":0,"k":100},"r":1,"nm":"Fill 1","mn":"ADBE Vector Graphic - Fill"},{"ty":"tr","p":{"a":0,"k":[0.458,14.809],"ix":2},"a":{"a":0,"k":[0.458,14.809],"ix":1},"s":{"a":1,"k":[{"i":{"x":[0,0],"y":[0,1]},"o":{"x":[0.167,0.167],"y":[0.167,0.167]},"n":["0_0_0p167_0p167","0_1_0p167_0p167"],"t":45,"s":[100,100],"e":[100,0]},{"i":{"x":[0.833,0.833],"y":[0.833,0.833]},"o":{"x":[0.167,0.167],"y":[0.167,0.167]},"n":["0p833_0p833_0p167_0p167","0p833_0p833_0p167_0p167"],"t":60,"s":[100,0],"e":[100,0]},{"i":{"x":[0,0],"y":[0,1]},"o":{"x":[0.167,0.167],"y":[0.167,0.167]},"n":["0_0_0p167_0p167","0_1_0p167_0p167"],"t":120,"s":[100,0],"e":[100,100]},{"t":135.000005498663}],"ix":3},"r":{"a":0,"k":0,"ix":6},"o":{"a":0,"k":100,"ix":7},"sk":{"a":0,"k":0,"ix":4},"sa":{"a":0,"k":0,"ix":5},"nm":"Transform"}],"nm":"Shape 1","np":3,"cix":2,"ix":1,"mn":"ADBE Vector Group"}],"ip":0,"op":300.00001221925,"st":0,"bm":0,"sr":1},{"ddd":0,"ind":6,"ty":4,"nm":"Shape Layer 12","ks":{"o":{"a":0,"k":100},"r":{"a":0,"k":0},"p":{"a":0,"k":[400,300.312,0]},"a":{"a":0,"k":[0,0,0]},"s":{"a":0,"k":[100,100,100]}},"ao":0,"shapes":[{"ty":"gr","it":[{"ind":0,"ty":"sh","ix":1,"ks":{"a":0,"k":{"i":[[0,0],[0,0],[0,0],[0,0]],"o":[[0,0],[0,0],[0,0],[0,0]],"v":[[-83.344,-9.812],[-90.906,0.094],[-84,8.375],[-73.125,2.5]],"c":true}},"nm":"Path 1","mn":"ADBE Vector Shape - Group"},{"ty":"fl","c":{"a":0,"k":[0.105882,0.105882,0.105882,1]},"o":{"a":0,"k":100},"r":1,"nm":"Fill 1","mn":"ADBE Vector Graphic - Fill"},{"ty":"tr","p":{"a":0,"k":[0,0],"ix":2},"a":{"a":0,"k":[0,0],"ix":1},"s":{"a":0,"k":[100,100],"ix":3},"r":{"a":0,"k":0,"ix":6},"o":{"a":0,"k":100,"ix":7},"sk":{"a":0,"k":0,"ix":4},"sa":{"a":0,"k":0,"ix":5},"nm":"Transform"}],"nm":"Shape 1","np":3,"cix":2,"ix":1,"mn":"ADBE Vector Group"}],"ip":0,"op":300.00001221925,"st":0,"bm":0,"sr":1},{"ddd":0,"ind":7,"ty":4,"nm":"Shape Layer 11","ks":{"o":{"a":0,"k":100},"r":{"a":0,"k":0},"p":{"a":0,"k":[400,300.312,0]},"a":{"a":0,"k":[0,0,0]},"s":{"a":0,"k":[-100,100,100]}},"ao":0,"shapes":[{"ty":"gr","it":[{"ind":0,"ty":"sh","ix":1,"ks":{"a":0,"k":{"i":[[0,0],[0,0],[0,0],[0,0]],"o":[[0,0],[0,0],[0,0],[0,0]],"v":[[-83.344,-9.812],[-90.906,0.094],[-84,8.375],[-73.125,2.5]],"c":true}},"nm":"Path 1","mn":"ADBE Vector Shape - Group"},{"ty":"fl","c":{"a":0,"k":[0.105882,0.105882,0.105882,1]},"o":{"a":0,"k":100},"r":1,"nm":"Fill 1","mn":"ADBE Vector Graphic - Fill"},{"ty":"tr","p":{"a":0,"k":[0,0],"ix":2},"a":{"a":0,"k":[0,0],"ix":1},"s":{"a":0,"k":[100,100],"ix":3},"r":{"a":0,"k":0,"ix":6},"o":{"a":0,"k":100,"ix":7},"sk":{"a":0,"k":0,"ix":4},"sa":{"a":0,"k":0,"ix":5},"nm":"Transform"}],"nm":"Shape 1","np":3,"cix":2,"ix":1,"mn":"ADBE Vector Group"}],"ip":0,"op":300.00001221925,"st":0,"bm":0,"sr":1},{"ddd":0,"ind":8,"ty":4,"nm":"Shape Layer 4","ks":{"o":{"a":0,"k":100},"r":{"a":0,"k":0},"p":{"a":0,"k":[400,300,0]},"a":{"a":0,"k":[0,0,0]},"s":{"a":0,"k":[100,100,100]}},"ao":0,"shapes":[{"ty":"gr","it":[{"ind":0,"ty":"sh","ix":1,"ks":{"a":0,"k":{"i":[[0,0],[-46.083,0],[0,0]],"o":[[0,0],[46.083,0],[0,0]],"v":[[-83.441,0.319],[0,50.681],[83.441,0.319]],"c":false}},"nm":"Path 1","mn":"ADBE Vector Shape - Group"},{"ty":"st","c":{"a":0,"k":[0.105882,0.105882,0.105882,1]},"o":{"a":0,"k":100},"w":{"a":0,"k":12},"lc":1,"lj":1,"ml":4,"nm":"Stroke 1","mn":"ADBE Vector Graphic - Stroke"},{"ty":"tr","p":{"a":0,"k":[0,0],"ix":2},"a":{"a":0,"k":[0,0],"ix":1},"s":{"a":0,"k":[100,100],"ix":3},"r":{"a":0,"k":0,"ix":6},"o":{"a":0,"k":100,"ix":7},"sk":{"a":0,"k":0,"ix":4},"sa":{"a":0,"k":0,"ix":5},"nm":"Transform"}],"nm":"Shape 1","np":3,"cix":2,"ix":1,"mn":"ADBE Vector Group"}],"ip":0,"op":300.00001221925,"st":0,"bm":0,"sr":1},{"ddd":0,"ind":9,"ty":4,"nm":"Shape Layer 3","ks":{"o":{"a":0,"k":100},"r":{"a":0,"k":0},"p":{"a":0,"k":[400,275,0]},"a":{"a":0,"k":[0,0,0]},"s":{"a":0,"k":[100,100,100]}},"ao":0,"shapes":[{"ty":"gr","it":[{"ind":0,"ty":"sh","ix":1,"ks":{"a":1,"k":[{"i":{"x":0,"y":1},"o":{"x":0.167,"y":0.167},"n":"0_1_0p167_0p167","t":45,"s":[{"i":[[0,0],[46.083,0],[0,0]],"o":[[0,0],[-46.083,0],[0,0]],"v":[[83.441,25.181],[0,-25.181],[-83.441,25.181]],"c":false}],"e":[{"i":[[0,0],[46.083,0],[0,0]],"o":[[0,0],[-46.083,0],[0,0]],"v":[[83.441,-25.181],[0,25.181],[-83.441,-25.181]],"c":false}]},{"i":{"x":0.833,"y":0.833},"o":{"x":0.167,"y":0.167},"n":"0p833_0p833_0p167_0p167","t":75,"s":[{"i":[[0,0],[46.083,0],[0,0]],"o":[[0,0],[-46.083,0],[0,0]],"v":[[83.441,-25.181],[0,25.181],[-83.441,-25.181]],"c":false}],"e":[{"i":[[0,0],[46.083,0],[0,0]],"o":[[0,0],[-46.083,0],[0,0]],"v":[[83.441,-25.181],[0,25.181],[-83.441,-25.181]],"c":false}]},{"i":{"x":0,"y":1},"o":{"x":0.167,"y":0.167},"n":"0_1_0p167_0p167","t":122,"s":[{"i":[[0,0],[46.083,0],[0,0]],"o":[[0,0],[-46.083,0],[0,0]],"v":[[83.441,-25.181],[0,25.181],[-83.441,-25.181]],"c":false}],"e":[{"i":[[0,0],[46.083,0],[0,0]],"o":[[0,0],[-46.083,0],[0,0]],"v":[[83.441,25.181],[0,-25.181],[-83.441,25.181]],"c":false}]},{"t":150.000006109625}]},"nm":"Path 1","mn":"ADBE Vector Shape - Group"},{"ty":"st","c":{"a":0,"k":[0.105882,0.105882,0.105882,1]},"o":{"a":0,"k":100},"w":{"a":0,"k":12},"lc":1,"lj":1,"ml":4,"nm":"Stroke 1","mn":"ADBE Vector Graphic - Stroke"},{"ty":"tr","p":{"a":1,"k":[{"i":{"x":0,"y":1},"o":{"x":0.167,"y":0.167},"n":"0_1_0p167_0p167","t":45,"s":[0,0],"e":[0,49.5],"to":[0,8.25],"ti":[0,-8.25]},{"i":{"x":0.833,"y":0.833},"o":{"x":0.167,"y":0.167},"n":"0p833_0p833_0p167_0p167","t":75,"s":[0,49.5],"e":[0,49.5],"to":[0,0],"ti":[0,0]},{"i":{"x":0,"y":1},"o":{"x":0.167,"y":0.167},"n":"0_1_0p167_0p167","t":122,"s":[0,49.5],"e":[0,0],"to":[0,-8.25],"ti":[0,8.25]},{"t":150.000006109625}],"ix":2},"a":{"a":0,"k":[0,0],"ix":1},"s":{"a":0,"k":[100,100],"ix":3},"r":{"a":0,"k":0,"ix":6},"o":{"a":0,"k":100,"ix":7},"sk":{"a":0,"k":0,"ix":4},"sa":{"a":0,"k":0,"ix":5},"nm":"Transform"}],"nm":"Shape 1","np":3,"cix":2,"ix":1,"mn":"ADBE Vector Group"}],"ip":0,"op":300.00001221925,"st":0,"bm":0,"sr":1},{"ddd":0,"ind":10,"ty":4,"nm":"Shape Layer 2","ks":{"o":{"a":0,"k":100},"r":{"a":0,"k":-90},"p":{"a":0,"k":[400,300,0]},"a":{"a":0,"k":[0,0,0]},"s":{"a":0,"k":[100,100,100]}},"ao":0,"shapes":[{"ty":"gr","it":[{"ind":0,"ty":"sh","ix":1,"ks":{"a":0,"k":{"i":[[0,-11.138],[11.138,0],[0,11.138],[-11.138,0]],"o":[[0,11.138],[-11.138,0],[0,-11.138],[11.138,0]],"v":[[20.167,0],[0,20.167],[-20.167,0],[0,-20.167]],"c":true}},"nm":"Path 1","mn":"ADBE Vector Shape - Group"},{"ty":"st","c":{"a":0,"k":[0.105882,0.105882,0.105882,1]},"o":{"a":0,"k":100},"w":{"a":0,"k":12},"lc":1,"lj":1,"ml":4,"nm":"Stroke 1","mn":"ADBE Vector Graphic - Stroke"},{"ty":"tr","p":{"a":0,"k":[0,0],"ix":2},"a":{"a":0,"k":[0,0],"ix":1},"s":{"a":0,"k":[100,100],"ix":3},"r":{"a":0,"k":0,"ix":6},"o":{"a":0,"k":100,"ix":7},"sk":{"a":0,"k":0,"ix":4},"sa":{"a":0,"k":0,"ix":5},"nm":"Transform"}],"nm":"Shape 1","np":3,"cix":2,"ix":1,"mn":"ADBE Vector Group"},{"ty":"tm","s":{"a":1,"k":[{"i":{"x":[0.816],"y":[1]},"o":{"x":[0],"y":[0]},"n":["0p816_1_0_0"],"t":47,"s":[0],"e":[50]},{"i":{"x":[0.833],"y":[0.833]},"o":{"x":[0.167],"y":[0.167]},"n":["0p833_0p833_0p167_0p167"],"t":54,"s":[50],"e":[50]},{"i":{"x":[0.833],"y":[0.833]},"o":{"x":[0.167],"y":[0.167]},"n":["0p833_0p833_0p167_0p167"],"t":124,"s":[50],"e":[0]},{"t":130.000005295009}],"ix":1},"e":{"a":1,"k":[{"i":{"x":[0.816],"y":[1]},"o":{"x":[0],"y":[0]},"n":["0p816_1_0_0"],"t":47,"s":[100],"e":[50]},{"i":{"x":[0.833],"y":[0.833]},"o":{"x":[0.167],"y":[0.167]},"n":["0p833_0p833_0p167_0p167"],"t":54,"s":[50],"e":[50]},{"i":{"x":[0.833],"y":[0.833]},"o":{"x":[0.167],"y":[0.167]},"n":["0p833_0p833_0p167_0p167"],"t":124,"s":[50],"e":[100]},{"t":130.000005295009}],"ix":2},"o":{"a":0,"k":0,"ix":3},"m":1,"ix":2,"nm":"Trim Paths 1","mn":"ADBE Vector Filter - Trim"}],"ip":0,"op":300.00001221925,"st":0,"bm":0,"sr":1}]}