{"v":"5.2.1","fr":24,"ip":0,"op":66,"w":1122,"h":1122,"nm":"car","ddd":0,"assets":[],"layers":[{"ddd":0,"ind":1,"ty":4,"nm":"wheel2 Outlines","sr":1,"ks":{"o":{"a":1,"k":[{"i":{"x":[0.4],"y":[1]},"o":{"x":[0.8],"y":[0]},"n":["0p4_1_0p8_0"],"t":0,"s":[0],"e":[100]},{"t":24}],"ix":11},"r":{"a":1,"k":[{"i":{"x":[0.4],"y":[1]},"o":{"x":[0.8],"y":[0]},"n":["0p4_1_0p8_0"],"t":19,"s":[180],"e":[0]},{"t":43}],"ix":10},"p":{"a":0,"k":[561,561,0],"ix":2},"a":{"a":0,"k":[109.179,109.178,0],"ix":1},"s":{"a":0,"k":[100,100,100],"ix":6}},"ao":0,"shapes":[{"ty":"gr","it":[{"ind":0,"ty":"sh","ix":1,"ks":{"a":0,"k":{"i":[[0,0],[0,0],[0,0],[0,0]],"o":[[0,0],[0,0],[0,0],[0,0]],"v":[[0,-39.179],[39.179,0],[0,39.179],[-39.179,0]],"c":true},"ix":2},"nm":"Path 1","mn":"ADBE Vector Shape - Group","hd":false},{"ty":"st","c":{"a":0,"k":[0.395999983245,0.658999992819,0.875,1],"ix":3},"o":{"a":0,"k":100,"ix":4},"w":{"a":0,"k":28,"ix":5},"lc":1,"lj":1,"ml":10,"ml2":{"a":0,"k":10,"ix":8},"nm":"Stroke 1","mn":"ADBE Vector Graphic - Stroke","hd":false},{"ty":"tr","p":{"a":0,"k":[109.179,109.179],"ix":2},"a":{"a":0,"k":[0,0],"ix":1},"s":{"a":0,"k":[100,100],"ix":3},"r":{"a":0,"k":0,"ix":6},"o":{"a":0,"k":100,"ix":7},"sk":{"a":0,"k":0,"ix":4},"sa":{"a":0,"k":0,"ix":5},"nm":"Transform"}],"nm":"Group 1","np":2,"cix":2,"ix":1,"mn":"ADBE Vector Group","hd":false},{"ty":"tm","s":{"a":1,"k":[{"i":{"x":[0.4],"y":[1]},"o":{"x":[0.8],"y":[0]},"n":["0p4_1_0p8_0"],"t":33,"s":[0],"e":[100]},{"t":57}],"ix":1},"e":{"a":1,"k":[{"i":{"x":[0.4],"y":[1]},"o":{"x":[0.8],"y":[0]},"n":["0p4_1_0p8_0"],"t":0,"s":[0],"e":[100]},{"t":24}],"ix":2},"o":{"a":0,"k":0,"ix":3},"m":1,"ix":2,"nm":"Trim Paths 1","mn":"ADBE Vector Filter - Trim","hd":false}],"ip":3,"op":66,"st":3,"bm":0},{"ddd":0,"ind":2,"ty":4,"nm":"Object Outlines","sr":1,"ks":{"o":{"a":1,"k":[{"i":{"x":[0.4],"y":[1]},"o":{"x":[0.8],"y":[0]},"n":["0p4_1_0p8_0"],"t":0,"s":[0],"e":[100]},{"t":24}],"ix":11},"r":{"a":1,"k":[{"i":{"x":[0.4],"y":[1]},"o":{"x":[0.8],"y":[0]},"n":["0p4_1_0p8_0"],"t":19,"s":[-180],"e":[0]},{"t":43}],"ix":10},"p":{"a":0,"k":[561,561,0],"ix":2},"a":{"a":0,"k":[273.637,273.637,0],"ix":1},"s":{"a":0,"k":[100,100,100],"ix":6}},"ao":0,"shapes":[{"ty":"gr","it":[{"ind":0,"ty":"sh","ix":1,"ks":{"a":0,"k":{"i":[[0,0],[0,0],[0,0],[0,0]],"o":[[0,0],[0,0],[0,0],[0,0]],"v":[[0,203.637],[-203.637,-0.001],[0,-203.636],[203.637,-0.001]],"c":true},"ix":2},"nm":"Path 1","mn":"ADBE Vector Shape - Group","hd":false},{"ty":"st","c":{"a":0,"k":[0.039000002543,0.039000002543,0.039000002543,1],"ix":3},"o":{"a":0,"k":100,"ix":4},"w":{"a":0,"k":28,"ix":5},"lc":1,"lj":1,"ml":10,"ml2":{"a":0,"k":10,"ix":8},"nm":"Stroke 1","mn":"ADBE Vector Graphic - Stroke","hd":false},{"ty":"tr","p":{"a":0,"k":[273.637,273.637],"ix":2},"a":{"a":0,"k":[0,0],"ix":1},"s":{"a":0,"k":[100,100],"ix":3},"r":{"a":0,"k":0,"ix":6},"o":{"a":0,"k":100,"ix":7},"sk":{"a":0,"k":0,"ix":4},"sa":{"a":0,"k":0,"ix":5},"nm":"Transform"}],"nm":"Group 1","np":2,"cix":2,"ix":1,"mn":"ADBE Vector Group","hd":false},{"ty":"tm","s":{"a":1,"k":[{"i":{"x":[0.4],"y":[1]},"o":{"x":[0.8],"y":[0]},"n":["0p4_1_0p8_0"],"t":33,"s":[0],"e":[100]},{"t":57}],"ix":1},"e":{"a":1,"k":[{"i":{"x":[0.4],"y":[1]},"o":{"x":[0.8],"y":[0]},"n":["0p4_1_0p8_0"],"t":0,"s":[0],"e":[100]},{"t":24}],"ix":2},"o":{"a":0,"k":0,"ix":3},"m":1,"ix":2,"nm":"Trim Paths 1","mn":"ADBE Vector Filter - Trim","hd":false}],"ip":2,"op":66,"st":2,"bm":0},{"ddd":0,"ind":3,"ty":4,"nm":"Layer 5 Outlines","sr":1,"ks":{"o":{"a":1,"k":[{"i":{"x":[0.4],"y":[1]},"o":{"x":[0.8],"y":[0]},"n":["0p4_1_0p8_0"],"t":0,"s":[0],"e":[100]},{"t":24}],"ix":11},"r":{"a":1,"k":[{"i":{"x":[0.4],"y":[1]},"o":{"x":[0.8],"y":[0]},"n":["0p4_1_0p8_0"],"t":19,"s":[180],"e":[0]},{"t":43}],"ix":10},"p":{"a":0,"k":[561,560.999,0],"ix":2},"a":{"a":0,"k":[276.377,276.377,0],"ix":1},"s":{"a":0,"k":[100,100,100],"ix":6}},"ao":0,"shapes":[{"ty":"gr","it":[{"ind":0,"ty":"sh","ix":1,"ks":{"a":0,"k":{"i":[[0,0],[0,0],[0,0],[0,0]],"o":[[0,0],[0,0],[0,0],[0,0]],"v":[[256.578,256.577],[-256.578,256.577],[-256.578,-256.577],[256.578,-256.577]],"c":true},"ix":2},"nm":"Path 1","mn":"ADBE Vector Shape - Group","hd":false},{"ty":"st","c":{"a":0,"k":[0.039000002543,0.039000002543,0.039000002543,1],"ix":3},"o":{"a":0,"k":100,"ix":4},"w":{"a":0,"k":28,"ix":5},"lc":1,"lj":1,"ml":10,"ml2":{"a":0,"k":10,"ix":8},"nm":"Stroke 1","mn":"ADBE Vector Graphic - Stroke","hd":false},{"ty":"tr","p":{"a":0,"k":[276.377,276.376],"ix":2},"a":{"a":0,"k":[0,0],"ix":1},"s":{"a":0,"k":[100,100],"ix":3},"r":{"a":0,"k":0,"ix":6},"o":{"a":0,"k":100,"ix":7},"sk":{"a":0,"k":0,"ix":4},"sa":{"a":0,"k":0,"ix":5},"nm":"Transform"}],"nm":"Group 1","np":2,"cix":2,"ix":1,"mn":"ADBE Vector Group","hd":false},{"ty":"tm","s":{"a":1,"k":[{"i":{"x":[0.4],"y":[1]},"o":{"x":[0.8],"y":[0]},"n":["0p4_1_0p8_0"],"t":33,"s":[0],"e":[100]},{"t":57}],"ix":1},"e":{"a":1,"k":[{"i":{"x":[0.4],"y":[1]},"o":{"x":[0.8],"y":[0]},"n":["0p4_1_0p8_0"],"t":0,"s":[0],"e":[100]},{"t":24}],"ix":2},"o":{"a":0,"k":0,"ix":3},"m":1,"ix":2,"nm":"Trim Paths 1","mn":"ADBE Vector Filter - Trim","hd":false}],"ip":1,"op":66,"st":1,"bm":0},{"ddd":0,"ind":4,"ty":4,"nm":"Shadow Outlines","sr":1,"ks":{"o":{"a":1,"k":[{"i":{"x":[0.4],"y":[1]},"o":{"x":[0.8],"y":[0]},"n":["0p4_1_0p8_0"],"t":0,"s":[0],"e":[100]},{"t":24}],"ix":11},"r":{"a":1,"k":[{"i":{"x":[0.4],"y":[1]},"o":{"x":[0.8],"y":[0]},"n":["0p4_1_0p8_0"],"t":19,"s":[-180],"e":[0]},{"t":43}],"ix":10},"p":{"a":0,"k":[560.999,560.999,0],"ix":2},"a":{"a":0,"k":[406.822,406.822,0],"ix":1},"s":{"a":0,"k":[100,100,100],"ix":6}},"ao":0,"shapes":[{"ty":"gr","it":[{"ind":0,"ty":"sh","ix":1,"ks":{"a":0,"k":{"i":[[0,0],[0,0],[0,0],[0,0]],"o":[[0,0],[0,0],[0,0],[0,0]],"v":[[387.731,387.731],[-387.731,387.731],[-387.731,-387.731],[387.731,-387.731]],"c":true},"ix":2},"nm":"Path 1","mn":"ADBE Vector Shape - Group","hd":false},{"ty":"st","c":{"a":0,"k":[0.039000002543,0.039000002543,0.039000002543,1],"ix":3},"o":{"a":0,"k":100,"ix":4},"w":{"a":0,"k":27,"ix":5},"lc":1,"lj":1,"ml":10,"ml2":{"a":0,"k":10,"ix":8},"nm":"Stroke 1","mn":"ADBE Vector Graphic - Stroke","hd":false},{"ty":"tr","p":{"a":0,"k":[406.822,406.822],"ix":2},"a":{"a":0,"k":[0,0],"ix":1},"s":{"a":0,"k":[100,100],"ix":3},"r":{"a":0,"k":0,"ix":6},"o":{"a":0,"k":100,"ix":7},"sk":{"a":0,"k":0,"ix":4},"sa":{"a":0,"k":0,"ix":5},"nm":"Transform"}],"nm":"Group 1","np":2,"cix":2,"ix":1,"mn":"ADBE Vector Group","hd":false},{"ty":"tm","s":{"a":1,"k":[{"i":{"x":[0.4],"y":[1]},"o":{"x":[0.8],"y":[0]},"n":["0p4_1_0p8_0"],"t":44,"s":[0],"e":[100]},{"t":66}],"ix":1},"e":{"a":1,"k":[{"i":{"x":[0.4],"y":[1]},"o":{"x":[0.8],"y":[0]},"n":["0p4_1_0p8_0"],"t":0,"s":[0],"e":[100]},{"t":24}],"ix":2},"o":{"a":0,"k":0,"ix":3},"m":1,"ix":2,"nm":"Trim Paths 1","mn":"ADBE Vector Filter - Trim","hd":false}],"ip":0,"op":66,"st":0,"bm":0}],"markers":[]}