{"v":"5.1.7","fr":24,"ip":0,"op":49,"w":512,"h":512,"nm":"болезнь","ddd":0,"assets":[],"layers":[{"ddd":0,"ind":1,"ty":4,"nm":"Кривые градусник","sr":1,"ks":{"o":{"a":0,"k":100,"ix":11},"r":{"a":0,"k":0,"ix":10},"p":{"a":1,"k":[{"i":{"x":0.833,"y":0.833},"o":{"x":0.167,"y":0.167},"n":"0p833_0p833_0p167_0p167","t":0,"s":[174.776,409.051,0],"e":[175.776,406.301,0],"to":[0,0,0],"ti":[0,0,0]},{"i":{"x":0.833,"y":0.833},"o":{"x":0.167,"y":0.167},"n":"0p833_0p833_0p167_0p167","t":24,"s":[175.776,406.301,0],"e":[174.776,409.051,0],"to":[0,0,0],"ti":[0,0,0]},{"t":48}],"ix":2},"a":{"a":0,"k":[40.42,41.914,0],"ix":1},"s":{"a":0,"k":[100,100,100],"ix":6}},"ao":0,"shapes":[{"ty":"gr","it":[{"ind":0,"ty":"sh","ix":1,"ks":{"a":0,"k":{"i":[[-0.393,0.485],[0.74,0.592],[0.457,0.106],[0.632,-0.517],[-0.611,-0.881],[-1.049,0.509],[0.603,0.188],[0.518,-0.252],[-0.442,0.099],[0.032,0.019],[0.084,0.1],[0.016,0.247],[-0.431,0.338],[0.75,-0.233],[-0.033,-0.018],[-0.098,-0.063],[-0.171,-0.278],[0.377,-0.464],[-0.085,0.015]],"o":[[0.66,-0.813],[-0.364,-0.29],[-0.808,-0.185],[-0.744,0.607],[0.804,1.157],[0.268,-0.13],[-0.583,-0.181],[0.441,-0.1],[-0.033,-0.019],[-0.079,-0.095],[-0.16,-0.191],[-0.036,-0.55],[-0.75,0.233],[-0.211,-0.002],[0.102,0.054],[0.273,0.173],[0.311,0.502],[-0.327,0.403],[0.59,-0.105]],"v":[[2.561,0.944],[2.054,-1.544],[0.73,-2.228],[-1.865,-1.558],[-2.61,1.256],[1.038,1.456],[1.397,0.715],[-0.628,1.089],[0.698,0.791],[0.601,0.736],[0.3,0.484],[0.043,-0.195],[0.756,-1.785],[-1.496,-1.086],[-1.263,-0.932],[-0.961,-0.76],[-0.253,-0.1],[-0.297,1.46],[0.861,1.729]],"c":true},"ix":2},"nm":"Контур 1","mn":"ADBE Vector Shape - Group","hd":false},{"ty":"fl","c":{"a":0,"k":[0.957000014361,0,0,1],"ix":4},"o":{"a":0,"k":100,"ix":5},"r":1,"nm":"Заливка 1","mn":"ADBE Vector Graphic - Fill","hd":false},{"ty":"tr","p":{"a":0,"k":[15.721,71.276],"ix":2},"a":{"a":0,"k":[0,0],"ix":1},"s":{"a":0,"k":[100,100],"ix":3},"r":{"a":0,"k":0,"ix":6},"o":{"a":0,"k":100,"ix":7},"sk":{"a":0,"k":0,"ix":4},"sa":{"a":0,"k":0,"ix":5},"nm":"Преобразовать"}],"nm":"Группа 1","np":2,"cix":2,"ix":1,"mn":"ADBE Vector Group","hd":false},{"ty":"gr","it":[{"ind":0,"ty":"sh","ix":1,"ks":{"a":0,"k":{"i":[[0,0],[16.717,-18.773]],"o":[[-16.717,18.773],[0,0]],"v":[[25.076,-28.161],[-25.076,28.161]],"c":false},"ix":2},"nm":"Контур 1","mn":"ADBE Vector Shape - Group","hd":false},{"ty":"st","c":{"a":0,"k":[0.957000014361,0,0,1],"ix":3},"o":{"a":0,"k":100,"ix":4},"w":{"a":0,"k":2,"ix":5},"lc":1,"lj":1,"ml":10,"nm":"Обводка 1","mn":"ADBE Vector Graphic - Stroke","hd":false},{"ty":"fl","c":{"a":0,"k":[0,0,0,1],"ix":4},"o":{"a":0,"k":100,"ix":5},"r":1,"nm":"Заливка 1","mn":"ADBE Vector Graphic - Fill","hd":false},{"ty":"tr","p":{"a":0,"k":[41.282,42.527],"ix":2},"a":{"a":0,"k":[0,0],"ix":1},"s":{"a":0,"k":[100,100],"ix":3},"r":{"a":0,"k":0,"ix":6},"o":{"a":0,"k":100,"ix":7},"sk":{"a":0,"k":0,"ix":4},"sa":{"a":0,"k":0,"ix":5},"nm":"Преобразовать"}],"nm":"Группа 2","np":3,"cix":2,"ix":2,"mn":"ADBE Vector Group","hd":false},{"ty":"gr","it":[{"ind":0,"ty":"sh","ix":1,"ks":{"a":0,"k":{"i":[[-0.123,-0.218],[-2.925,-1.658],[0.193,0.11],[1.612,2.843]],"o":[[1.616,2.851],[0.364,0.207],[-2.919,-1.655],[-0.205,-0.361]],"v":[[-4.1,-3.803],[2.666,4.346],[4.03,3.85],[-2.651,-4.191]],"c":true},"ix":2},"nm":"Контур 1","mn":"ADBE Vector Shape - Group","hd":false},{"ty":"fl","c":{"a":0,"k":[0,0,0,1],"ix":4},"o":{"a":0,"k":100,"ix":5},"r":1,"nm":"Заливка 1","mn":"ADBE Vector Graphic - Fill","hd":false},{"ty":"tr","p":{"a":0,"k":[18.44,67.315],"ix":2},"a":{"a":0,"k":[0,0],"ix":1},"s":{"a":0,"k":[100,100],"ix":3},"r":{"a":0,"k":0,"ix":6},"o":{"a":0,"k":100,"ix":7},"sk":{"a":0,"k":0,"ix":4},"sa":{"a":0,"k":0,"ix":5},"nm":"Преобразовать"}],"nm":"Группа 3","np":2,"cix":2,"ix":3,"mn":"ADBE Vector Group","hd":false},{"ty":"gr","it":[{"ind":0,"ty":"sh","ix":1,"ks":{"a":0,"k":{"i":[[-0.976,0],[0.976,0]],"o":[[0.65,0],[-0.65,0]],"v":[[-0.26,0.493],[0.26,-0.492]],"c":true},"ix":2},"nm":"Контур 1","mn":"ADBE Vector Shape - Group","hd":false},{"ty":"fl","c":{"a":0,"k":[0,0,0,1],"ix":4},"o":{"a":0,"k":100,"ix":5},"r":1,"nm":"Заливка 1","mn":"ADBE Vector Graphic - Fill","hd":false},{"ty":"tr","p":{"a":0,"k":[25.917,66.69],"ix":2},"a":{"a":0,"k":[0,0],"ix":1},"s":{"a":0,"k":[100,100],"ix":3},"r":{"a":0,"k":0,"ix":6},"o":{"a":0,"k":100,"ix":7},"sk":{"a":0,"k":0,"ix":4},"sa":{"a":0,"k":0,"ix":5},"nm":"Преобразовать"}],"nm":"Группа 4","np":2,"cix":2,"ix":4,"mn":"ADBE Vector Group","hd":false},{"ty":"gr","it":[{"ind":0,"ty":"sh","ix":1,"ks":{"a":0,"k":{"i":[[-0.108,-0.482],[-0.917,-1.511],[-1.001,-1.891],[0.196,0.369],[1.012,1.481],[0.462,2.06]],"o":[[0.389,1.735],[1.133,1.867],[0.245,0.462],[-0.837,-1.579],[-1.181,-1.726],[-0.103,-0.458]],"v":[[-3.941,-4.828],[-1.603,0.037],[2.404,5.213],[3.853,4.824],[0.488,0.649],[-2.492,-5.217]],"c":true},"ix":2},"nm":"Контур 1","mn":"ADBE Vector Shape - Group","hd":false},{"ty":"fl","c":{"a":0,"k":[0,0,0,1],"ix":4},"o":{"a":0,"k":100,"ix":5},"r":1,"nm":"Заливка 1","mn":"ADBE Vector Graphic - Fill","hd":false},{"ty":"tr","p":{"a":0,"k":[22.803,61.669],"ix":2},"a":{"a":0,"k":[0,0],"ix":1},"s":{"a":0,"k":[100,100],"ix":3},"r":{"a":0,"k":0,"ix":6},"o":{"a":0,"k":100,"ix":7},"sk":{"a":0,"k":0,"ix":4},"sa":{"a":0,"k":0,"ix":5},"nm":"Преобразовать"}],"nm":"Группа 5","np":2,"cix":2,"ix":5,"mn":"ADBE Vector Group","hd":false},{"ty":"gr","it":[{"ind":0,"ty":"sh","ix":1,"ks":{"a":0,"k":{"i":[[-0.228,-0.402],[-2.14,-3.766],[0.228,0.402],[2.14,3.766]],"o":[[2.14,3.766],[0.279,0.492],[-2.14,-3.765],[-0.28,-0.491]],"v":[[-3.934,-5.454],[2.486,5.842],[3.934,5.454],[-2.486,-5.844]],"c":true},"ix":2},"nm":"Контур 1","mn":"ADBE Vector Shape - Group","hd":false},{"ty":"fl","c":{"a":0,"k":[0,0,0,1],"ix":4},"o":{"a":0,"k":100,"ix":5},"r":1,"nm":"Заливка 1","mn":"ADBE Vector Graphic - Fill","hd":false},{"ty":"tr","p":{"a":0,"k":[28.028,55.977],"ix":2},"a":{"a":0,"k":[0,0],"ix":1},"s":{"a":0,"k":[100,100],"ix":3},"r":{"a":0,"k":0,"ix":6},"o":{"a":0,"k":100,"ix":7},"sk":{"a":0,"k":0,"ix":4},"sa":{"a":0,"k":0,"ix":5},"nm":"Преобразовать"}],"nm":"Группа 6","np":2,"cix":2,"ix":6,"mn":"ADBE Vector Group","hd":false},{"ty":"gr","it":[{"ind":0,"ty":"sh","ix":1,"ks":{"a":0,"k":{"i":[[-0.178,-0.396],[-1.152,-1.755],[-0.566,-2.352],[0.114,0.472],[1.113,1.607],[1.042,2.321]],"o":[[0.859,1.914],[1.3,1.981],[0.11,0.455],[-0.465,-1.933],[-1.45,-2.089],[-0.208,-0.464]],"v":[[-3.875,-5.628],[-0.882,-0.111],[2.49,6.025],[3.939,5.638],[1.308,0.564],[-2.426,-6.017]],"c":true},"ix":2},"nm":"Контур 1","mn":"ADBE Vector Shape - Group","hd":false},{"ty":"fl","c":{"a":0,"k":[0,0,0,1],"ix":4},"o":{"a":0,"k":100,"ix":5},"r":1,"nm":"Заливка 1","mn":"ADBE Vector Graphic - Fill","hd":false},{"ty":"tr","p":{"a":0,"k":[32.698,49.678],"ix":2},"a":{"a":0,"k":[0,0],"ix":1},"s":{"a":0,"k":[100,100],"ix":3},"r":{"a":0,"k":0,"ix":6},"o":{"a":0,"k":100,"ix":7},"sk":{"a":0,"k":0,"ix":4},"sa":{"a":0,"k":0,"ix":5},"nm":"Преобразовать"}],"nm":"Группа 7","np":2,"cix":2,"ix":7,"mn":"ADBE Vector Group","hd":false},{"ty":"gr","it":[{"ind":0,"ty":"sh","ix":1,"ks":{"a":0,"k":{"i":[[-0.976,0],[0.976,0]],"o":[[0.641,0],[-0.641,0]],"v":[[-0.262,0.485],[0.262,-0.485]],"c":true},"ix":2},"nm":"Контур 1","mn":"ADBE Vector Shape - Group","hd":false},{"ty":"fl","c":{"a":0,"k":[0,0,0,1],"ix":4},"o":{"a":0,"k":100,"ix":5},"r":1,"nm":"Заливка 1","mn":"ADBE Vector Graphic - Fill","hd":false},{"ty":"tr","p":{"a":0,"k":[41.111,47.726],"ix":2},"a":{"a":0,"k":[0,0],"ix":1},"s":{"a":0,"k":[100,100],"ix":3},"r":{"a":0,"k":0,"ix":6},"o":{"a":0,"k":100,"ix":7},"sk":{"a":0,"k":0,"ix":4},"sa":{"a":0,"k":0,"ix":5},"nm":"Преобразовать"}],"nm":"Группа 8","np":2,"cix":2,"ix":8,"mn":"ADBE Vector Group","hd":false},{"ty":"gr","it":[{"ind":0,"ty":"sh","ix":1,"ks":{"a":0,"k":{"i":[[-0.087,-0.137],[-1.797,-3.59],[0.092,0.184],[2.151,3.384]],"o":[[2.15,3.384],[0.159,0.316],[-1.798,-3.59],[-0.206,-0.324]],"v":[[-3.833,-4.958],[2.379,5.354],[3.828,4.965],[-2.384,-5.346]],"c":true},"ix":2},"nm":"Контур 1","mn":"ADBE Vector Shape - Group","hd":false},{"ty":"fl","c":{"a":0,"k":[0,0,0,1],"ix":4},"o":{"a":0,"k":100,"ix":5},"r":1,"nm":"Заливка 1","mn":"ADBE Vector Graphic - Fill","hd":false},{"ty":"tr","p":{"a":0,"k":[37.822,42.09],"ix":2},"a":{"a":0,"k":[0,0],"ix":1},"s":{"a":0,"k":[100,100],"ix":3},"r":{"a":0,"k":0,"ix":6},"o":{"a":0,"k":100,"ix":7},"sk":{"a":0,"k":0,"ix":4},"sa":{"a":0,"k":0,"ix":5},"nm":"Преобразовать"}],"nm":"Группа 9","np":2,"cix":2,"ix":9,"mn":"ADBE Vector Group","hd":false},{"ty":"gr","it":[{"ind":0,"ty":"sh","ix":1,"ks":{"a":0,"k":{"i":[[-0.346,-0.63],[-0.389,-3.957],[0.065,0.656],[1.85,3.369]],"o":[[1.809,3.294],[0.059,0.606],[-0.397,-4.046],[-0.285,-0.519]],"v":[[-3.323,-4.569],[2.156,5.098],[3.604,4.71],[-1.991,-5.186]],"c":true},"ix":2},"nm":"Контур 1","mn":"ADBE Vector Shape - Group","hd":false},{"ty":"fl","c":{"a":0,"k":[0,0,0,1],"ix":4},"o":{"a":0,"k":100,"ix":5},"r":1,"nm":"Заливка 1","mn":"ADBE Vector Graphic - Fill","hd":false},{"ty":"tr","p":{"a":0,"k":[44.246,35.169],"ix":2},"a":{"a":0,"k":[0,0],"ix":1},"s":{"a":0,"k":[100,100],"ix":3},"r":{"a":0,"k":0,"ix":6},"o":{"a":0,"k":100,"ix":7},"sk":{"a":0,"k":0,"ix":4},"sa":{"a":0,"k":0,"ix":5},"nm":"Преобразовать"}],"nm":"Группа 10","np":2,"cix":2,"ix":10,"mn":"ADBE Vector Group","hd":false},{"ty":"gr","it":[{"ind":0,"ty":"sh","ix":1,"ks":{"a":0,"k":{"i":[[-0.152,-0.229],[-1.817,-3.57],[0.146,0.286],[2.215,3.339]],"o":[[2.215,3.339],[0.201,0.395],[-1.817,-3.57],[-0.258,-0.388]],"v":[[-4.05,-4.917],[2.607,5.298],[4.057,4.91],[-2.602,-5.305]],"c":true},"ix":2},"nm":"Контур 1","mn":"ADBE Vector Shape - Group","hd":false},{"ty":"fl","c":{"a":0,"k":[0,0,0,1],"ix":4},"o":{"a":0,"k":100,"ix":5},"r":1,"nm":"Заливка 1","mn":"ADBE Vector Graphic - Fill","hd":false},{"ty":"tr","p":{"a":0,"k":[49.738,30.489],"ix":2},"a":{"a":0,"k":[0,0],"ix":1},"s":{"a":0,"k":[100,100],"ix":3},"r":{"a":0,"k":0,"ix":6},"o":{"a":0,"k":100,"ix":7},"sk":{"a":0,"k":0,"ix":4},"sa":{"a":0,"k":0,"ix":5},"nm":"Преобразовать"}],"nm":"Группа 11","np":2,"cix":2,"ix":11,"mn":"ADBE Vector Group","hd":false},{"ty":"gr","it":[{"ind":0,"ty":"sh","ix":1,"ks":{"a":0,"k":{"i":[[-0.976,0],[0.976,0]],"o":[[0.639,0],[-0.639,0]],"v":[[-0.262,0.484],[0.263,-0.484]],"c":true},"ix":2},"nm":"Контур 1","mn":"ADBE Vector Shape - Group","hd":false},{"ty":"fl","c":{"a":0,"k":[0,0,0,1],"ix":4},"o":{"a":0,"k":100,"ix":5},"r":1,"nm":"Заливка 1","mn":"ADBE Vector Graphic - Fill","hd":false},{"ty":"tr","p":{"a":0,"k":[58.247,29.675],"ix":2},"a":{"a":0,"k":[0,0],"ix":1},"s":{"a":0,"k":[100,100],"ix":3},"r":{"a":0,"k":0,"ix":6},"o":{"a":0,"k":100,"ix":7},"sk":{"a":0,"k":0,"ix":4},"sa":{"a":0,"k":0,"ix":5},"nm":"Преобразовать"}],"nm":"Группа 12","np":2,"cix":2,"ix":12,"mn":"ADBE Vector Group","hd":false},{"ty":"gr","it":[{"ind":0,"ty":"sh","ix":1,"ks":{"a":0,"k":{"i":[[-0.397,-0.418],[-2.261,-3.067],[0.36,0.489],[2.643,2.785]],"o":[[2.629,2.771],[0.303,0.412],[-2.268,-3.077],[-0.36,-0.38]],"v":[[-3.878,-4.389],[2.572,4.933],[3.915,4.357],[-2.535,-4.965]],"c":true},"ix":2},"nm":"Контур 1","mn":"ADBE Vector Shape - Group","hd":false},{"ty":"fl","c":{"a":0,"k":[0,0,0,1],"ix":4},"o":{"a":0,"k":100,"ix":5},"r":1,"nm":"Заливка 1","mn":"ADBE Vector Graphic - Fill","hd":false},{"ty":"tr","p":{"a":0,"k":[54.771,24.797],"ix":2},"a":{"a":0,"k":[0,0],"ix":1},"s":{"a":0,"k":[100,100],"ix":3},"r":{"a":0,"k":0,"ix":6},"o":{"a":0,"k":100,"ix":7},"sk":{"a":0,"k":0,"ix":4},"sa":{"a":0,"k":0,"ix":5},"nm":"Преобразовать"}],"nm":"Группа 13","np":2,"cix":2,"ix":13,"mn":"ADBE Vector Group","hd":false},{"ty":"gr","it":[{"ind":0,"ty":"sh","ix":1,"ks":{"a":0,"k":{"i":[[-0.541,-0.155],[-0.884,-1.222],[-1.251,-1.551],[0.321,0.398],[1.288,1.802],[1.553,0.446]],"o":[[1.546,0.443],[1.169,1.615],[0.281,0.349],[-1.39,-1.724],[-0.874,-1.224],[-0.405,-0.116]],"v":[[-4.108,-4.173],[-0.661,-0.145],[2.976,4.599],[4.328,4.055],[0.303,-1.229],[-2.943,-4.832]],"c":true},"ix":2},"nm":"Контур 1","mn":"ADBE Vector Shape - Group","hd":false},{"ty":"fl","c":{"a":0,"k":[0,0,0,1],"ix":4},"o":{"a":0,"k":100,"ix":5},"r":1,"nm":"Заливка 1","mn":"ADBE Vector Graphic - Fill","hd":false},{"ty":"tr","p":{"a":0,"k":[62.577,18.279],"ix":2},"a":{"a":0,"k":[0,0],"ix":1},"s":{"a":0,"k":[100,100],"ix":3},"r":{"a":0,"k":0,"ix":6},"o":{"a":0,"k":100,"ix":7},"sk":{"a":0,"k":0,"ix":4},"sa":{"a":0,"k":0,"ix":5},"nm":"Преобразовать"}],"nm":"Группа 14","np":2,"cix":2,"ix":14,"mn":"ADBE Vector Group","hd":false},{"ty":"gr","it":[{"ind":0,"ty":"sh","ix":1,"ks":{"a":0,"k":{"i":[[-1.941,0],[1.94,0]],"o":[[0.999,0],[-0.999,0]],"v":[[-0.582,0.751],[0.583,-0.751]],"c":true},"ix":2},"nm":"Контур 1","mn":"ADBE Vector Shape - Group","hd":false},{"ty":"fl","c":{"a":0,"k":[0,0,0,1],"ix":4},"o":{"a":0,"k":100,"ix":5},"r":1,"nm":"Заливка 1","mn":"ADBE Vector Graphic - Fill","hd":false},{"ty":"tr","p":{"a":0,"k":[62.017,34.93],"ix":2},"a":{"a":0,"k":[0,0],"ix":1},"s":{"a":0,"k":[100,100],"ix":3},"r":{"a":0,"k":0,"ix":6},"o":{"a":0,"k":100,"ix":7},"sk":{"a":0,"k":0,"ix":4},"sa":{"a":0,"k":0,"ix":5},"nm":"Преобразовать"}],"nm":"Группа 15","np":2,"cix":2,"ix":15,"mn":"ADBE Vector Group","hd":false},{"ty":"gr","it":[{"ind":0,"ty":"sh","ix":1,"ks":{"a":0,"k":{"i":[[-1.313,1.437],[1.655,1.218],[0,0],[1.191,0.334],[12.404,-13.184],[11.441,-14.737],[-1.609,-3.55],[-4.081,0.312],[-8.269,10.429],[-6.534,6.652],[1.818,5.078],[0.584,0.438]],"o":[[-1.656,-1.219],[0,0],[-0.59,-0.454],[-5.345,-1.498],[-5.407,5.746],[-9.439,12.158],[1.59,3.511],[6.246,-0.476],[10.2,-12.866],[9.667,-9.844],[-0.404,-1.129],[1.313,-1.437]],"v":[[35.42,-33.26],[30.453,-36.915],[27.135,-32.122],[24.453,-33.488],[0.865,-16.882],[-23.376,11.703],[-33.811,31.719],[-23.015,36.602],[-5.149,20.566],[16.685,-5.385],[33.28,-26.632],[31.481,-28.947]],"c":true},"ix":2},"nm":"Контур 1","mn":"ADBE Vector Shape - Group","hd":false},{"ty":"st","c":{"a":0,"k":[0,0,0,1],"ix":3},"o":{"a":0,"k":100,"ix":4},"w":{"a":0,"k":2,"ix":5},"lc":1,"lj":1,"ml":10,"nm":"Обводка 1","mn":"ADBE Vector Graphic - Stroke","hd":false},{"ty":"fl","c":{"a":0,"k":[1,1,1,1],"ix":4},"o":{"a":0,"k":100,"ix":5},"r":1,"nm":"Заливка 1","mn":"ADBE Vector Graphic - Fill","hd":false},{"ty":"tr","p":{"a":0,"k":[40.42,41.915],"ix":2},"a":{"a":0,"k":[0,0],"ix":1},"s":{"a":0,"k":[100,100],"ix":3},"r":{"a":0,"k":0,"ix":6},"o":{"a":0,"k":100,"ix":7},"sk":{"a":0,"k":0,"ix":4},"sa":{"a":0,"k":0,"ix":5},"nm":"Преобразовать"}],"nm":"Группа 16","np":3,"cix":2,"ix":16,"mn":"ADBE Vector Group","hd":false}],"ip":0,"op":49,"st":0,"bm":0},{"ddd":0,"ind":3,"ty":4,"nm":"Кривые глаза","sr":1,"ks":{"o":{"a":0,"k":100,"ix":11},"r":{"a":0,"k":0,"ix":10},"p":{"a":0,"k":[237.429,349.267,0],"ix":2},"a":{"a":0,"k":[65.336,20.6,0],"ix":1},"s":{"a":1,"k":[{"i":{"x":[0.833,0.833,0.833],"y":[0.833,0.833,0.833]},"o":{"x":[0.167,0.167,0.167],"y":[0.167,0.167,0.167]},"n":["0p833_0p833_0p167_0p167","0p833_0p833_0p167_0p167","0p833_0p833_0p167_0p167"],"t":24,"s":[100,100,100],"e":[100,-2.563,100]},{"i":{"x":[0.833,0.833,0.833],"y":[0.833,0.833,0.833]},"o":{"x":[0.167,0.167,0.167],"y":[0.167,0.167,0.167]},"n":["0p833_0p833_0p167_0p167","0p833_0p833_0p167_0p167","0p833_0p833_0p167_0p167"],"t":32,"s":[100,-2.563,100],"e":[100,100,100]},{"t":48}],"ix":6}},"ao":0,"shapes":[{"ty":"gr","it":[{"ind":0,"ty":"sh","ix":1,"ks":{"a":0,"k":{"i":[[-6.314,-7.044],[-3.41,0.863],[-2.037,1.081],[4.32,2.323],[15.878,6.789],[4.509,1.876]],"o":[[9.489,10.585],[3.971,-1.005],[-2.572,-1.646],[-2.821,-1.517],[-3.081,-1.317],[-0.387,2.963]],"v":[[-16.846,4.656],[14.045,9.824],[23.16,6.302],[12.732,0.175],[-10.393,-10.402],[-21.865,-15.241]],"c":true},"ix":2},"nm":"Контур 1","mn":"ADBE Vector Shape - Group","hd":false},{"ty":"st","c":{"a":0,"k":[0,0,0,1],"ix":3},"o":{"a":0,"k":100,"ix":4},"w":{"a":0,"k":2,"ix":5},"lc":1,"lj":1,"ml":10,"nm":"Обводка 1","mn":"ADBE Vector Graphic - Stroke","hd":false},{"ty":"fl","c":{"a":0,"k":[0.234999997008,0.757000014361,0.086000001197,1],"ix":4},"o":{"a":0,"k":100,"ix":5},"r":1,"nm":"Заливка 1","mn":"ADBE Vector Graphic - Fill","hd":false},{"ty":"tr","p":{"a":0,"k":[102.512,20.959],"ix":2},"a":{"a":0,"k":[0,0],"ix":1},"s":{"a":0,"k":[100,100],"ix":3},"r":{"a":0,"k":0,"ix":6},"o":{"a":0,"k":100,"ix":7},"sk":{"a":0,"k":0,"ix":4},"sa":{"a":0,"k":0,"ix":5},"nm":"Преобразовать"}],"nm":"Группа 1","np":3,"cix":2,"ix":1,"mn":"ADBE Vector Group","hd":false},{"ty":"gr","it":[{"ind":0,"ty":"sh","ix":1,"ks":{"a":0,"k":{"i":[[2.165,-0.493],[2.038,0.495],[2.03,2.238],[-4.448,1.493],[-6.995,1.902],[-7.008,1.359],[2.233,-4.666]],"o":[[-5.744,1.309],[-8.217,-1.996],[2.893,-1.083],[3.951,-1.327],[4.754,-1.291],[0.304,2.153],[-4.138,8.643]],"v":[[4.889,10.639],[-7.547,10.377],[-22.896,1.138],[-11.783,-2.805],[4.529,-7.825],[22.277,-11.948],[20.663,-0.654]],"c":true},"ix":2},"nm":"Контур 1","mn":"ADBE Vector Shape - Group","hd":false},{"ty":"st","c":{"a":0,"k":[0,0,0,1],"ix":3},"o":{"a":0,"k":100,"ix":4},"w":{"a":0,"k":2,"ix":5},"lc":1,"lj":1,"ml":10,"nm":"Обводка 1","mn":"ADBE Vector Graphic - Stroke","hd":false},{"ty":"fl","c":{"a":0,"k":[0.234999997008,0.757000014361,0.086000001197,1],"ix":4},"o":{"a":0,"k":100,"ix":5},"r":1,"nm":"Заливка 1","mn":"ADBE Vector Graphic - Fill","hd":false},{"ty":"tr","p":{"a":0,"k":[27.896,16.948],"ix":2},"a":{"a":0,"k":[0,0],"ix":1},"s":{"a":0,"k":[100,100],"ix":3},"r":{"a":0,"k":0,"ix":6},"o":{"a":0,"k":100,"ix":7},"sk":{"a":0,"k":0,"ix":4},"sa":{"a":0,"k":0,"ix":5},"nm":"Преобразовать"}],"nm":"Группа 2","np":3,"cix":2,"ix":2,"mn":"ADBE Vector Group","hd":false}],"ip":0,"op":49,"st":0,"bm":0},{"ddd":0,"ind":5,"ty":4,"nm":"Кривые тело","sr":1,"ks":{"o":{"a":0,"k":100,"ix":11},"r":{"a":0,"k":0,"ix":10},"p":{"a":1,"k":[{"i":{"x":0.833,"y":0.833},"o":{"x":0.167,"y":0.167},"n":"0p833_0p833_0p167_0p167","t":0,"s":[258.074,271.842,0],"e":[257.574,264.342,0],"to":[0,0,0],"ti":[0,0,0]},{"i":{"x":0.833,"y":0.833},"o":{"x":0.167,"y":0.167},"n":"0p833_0p833_0p167_0p167","t":24,"s":[257.574,264.342,0],"e":[258.074,271.842,0],"to":[0,0,0],"ti":[0,0,0]},{"t":48}],"ix":2},"a":{"a":0,"k":[247.478,163.616,0],"ix":1},"s":{"a":1,"k":[{"i":{"x":[0.833,0.833,0.833],"y":[0.833,0.833,0.833]},"o":{"x":[0.167,0.167,0.167],"y":[0.167,0.167,0.167]},"n":["0p833_0p833_0p167_0p167","0p833_0p833_0p167_0p167","0p833_0p833_0p167_0p167"],"t":0,"s":[100,104.413,100],"e":[100,108.861,100]},{"i":{"x":[0.833,0.833,0.833],"y":[0.833,0.833,0.833]},"o":{"x":[0.167,0.167,0.167],"y":[0.167,0.167,0.167]},"n":["0p833_0p833_0p167_0p167","0p833_0p833_0p167_0p167","0p833_0p833_0p167_0p167"],"t":24,"s":[100,108.861,100],"e":[100,104.413,100]},{"t":48}],"ix":6}},"ao":0,"shapes":[{"ty":"gr","it":[{"ind":0,"ty":"sh","ix":1,"ks":{"a":0,"k":{"i":[[7.077,-1.055],[8.303,-1.92],[14.411,-1.741],[2.566,-0.084],[-6.759,-3.777],[-14.109,-4.592],[-3.111,-0.487],[-23.656,5.496],[-10.311,1.853],[-11.034,1.743],[-2.471,0.661],[-7.422,4.825],[0.225,1.14],[1.357,0.16],[8.391,2.827],[8.766,2.428],[22.587,2.045],[11.517,-0.241]],"o":[[-6.357,0.946],[-15.293,3.538],[-4.711,0.569],[13.276,7.205],[24.514,13.697],[10.913,3.551],[7.775,1.216],[6.596,-1.534],[6.141,-1.103],[10.274,-1.623],[11.459,-3.063],[8.673,-5.638],[-0.66,-3.325],[-5.09,-1.966],[-1.536,-0.517],[-17.293,-4.791],[-15.709,-1.422],[-15.778,0.331]],"v":[[-53.937,-29.711],[-74.744,-25.929],[-111.372,-17.33],[-122.549,-16.471],[-91.94,0.382],[-45.683,23.425],[-22.984,28.927],[29.292,27.724],[50.443,22.736],[69.703,19.813],[87.586,16.718],[113.38,4.337],[122.323,-4.434],[112.521,-8.904],[92.057,-16.299],[70.562,-23.005],[16.911,-31.087],[-18.169,-32.979]],"c":true},"ix":2},"nm":"Контур 1","mn":"ADBE Vector Shape - Group","hd":false},{"ty":"st","c":{"a":0,"k":[0,0,0,1],"ix":3},"o":{"a":0,"k":100,"ix":4},"w":{"a":0,"k":2,"ix":5},"lc":1,"lj":1,"ml":10,"nm":"Обводка 1","mn":"ADBE Vector Graphic - Stroke","hd":false},{"ty":"fl","c":{"a":0,"k":[0,0,0,1],"ix":4},"o":{"a":0,"k":100,"ix":5},"r":1,"nm":"Заливка 1","mn":"ADBE Vector Graphic - Fill","hd":false},{"ty":"tr","p":{"a":0,"k":[227.855,238.614],"ix":2},"a":{"a":0,"k":[0,0],"ix":1},"s":{"a":0,"k":[100,100],"ix":3},"r":{"a":0,"k":0,"ix":6},"o":{"a":0,"k":100,"ix":7},"sk":{"a":0,"k":0,"ix":4},"sa":{"a":0,"k":0,"ix":5},"nm":"Преобразовать"}],"nm":"Группа 1","np":3,"cix":2,"ix":1,"mn":"ADBE Vector Group","hd":false},{"ty":"gr","it":[{"ind":0,"ty":"sh","ix":1,"ks":{"a":0,"k":{"i":[[0,0],[-0.041,5.06]],"o":[[0.042,-5.06],[0,0]],"v":[[-0.062,7.589],[0.062,-7.589]],"c":false},"ix":2},"nm":"Контур 1","mn":"ADBE Vector Shape - Group","hd":false},{"ty":"st","c":{"a":0,"k":[0,0,0,1],"ix":3},"o":{"a":0,"k":100,"ix":4},"w":{"a":0,"k":2,"ix":5},"lc":1,"lj":1,"ml":10,"nm":"Обводка 1","mn":"ADBE Vector Graphic - Stroke","hd":false},{"ty":"tr","p":{"a":0,"k":[28.704,219.775],"ix":2},"a":{"a":0,"k":[0,0],"ix":1},"s":{"a":0,"k":[100,100],"ix":3},"r":{"a":0,"k":0,"ix":6},"o":{"a":0,"k":100,"ix":7},"sk":{"a":0,"k":0,"ix":4},"sa":{"a":0,"k":0,"ix":5},"nm":"Преобразовать"}],"nm":"Группа 2","np":2,"cix":2,"ix":2,"mn":"ADBE Vector Group","hd":false},{"ty":"gr","it":[{"ind":0,"ty":"sh","ix":1,"ks":{"a":0,"k":{"i":[[0,0],[0.44,-1.801],[-30.532,-10],[-41.306,-7.508]],"o":[[-2.742,0.412],[-2.091,8.555],[23.835,7.807],[0,0]],"v":[[-86.326,-34.242],[-92.624,-31.21],[-3.753,9.377],[94.715,34.242]],"c":false},"ix":2},"nm":"Контур 1","mn":"ADBE Vector Shape - Group","hd":false},{"ty":"st","c":{"a":0,"k":[0,0,0,1],"ix":3},"o":{"a":0,"k":100,"ix":4},"w":{"a":0,"k":2,"ix":5},"lc":1,"lj":1,"ml":10,"nm":"Обводка 1","mn":"ADBE Vector Graphic - Stroke","hd":false},{"ty":"tr","p":{"a":0,"k":[115.047,251.562],"ix":2},"a":{"a":0,"k":[0,0],"ix":1},"s":{"a":0,"k":[100,100],"ix":3},"r":{"a":0,"k":0,"ix":6},"o":{"a":0,"k":100,"ix":7},"sk":{"a":0,"k":0,"ix":4},"sa":{"a":0,"k":0,"ix":5},"nm":"Преобразовать"}],"nm":"Группа 3","np":2,"cix":2,"ix":3,"mn":"ADBE Vector Group","hd":false},{"ty":"gr","it":[{"ind":0,"ty":"sh","ix":1,"ks":{"a":0,"k":{"i":[[0,0],[16.02,-5.059],[21.753,-3.697],[46.405,-4.317],[11.658,6.004],[2.597,2.76]],"o":[[-10.938,5.148],[-6.715,2.121],[-8.441,1.433],[-21.276,1.979],[-5.961,-3.07],[0,0]],"v":[[96.29,-17.236],[55.714,-1.364],[10.929,9.367],[-40.165,14.157],[-83.54,11.232],[-96.29,1.551]],"c":false},"ix":2},"nm":"Контур 1","mn":"ADBE Vector Shape - Group","hd":false},{"ty":"st","c":{"a":0,"k":[0,0,0,1],"ix":3},"o":{"a":0,"k":100,"ix":4},"w":{"a":0,"k":2,"ix":5},"lc":1,"lj":1,"ml":10,"nm":"Обводка 1","mn":"ADBE Vector Graphic - Stroke","hd":false},{"ty":"tr","p":{"a":0,"k":[277.641,262.303],"ix":2},"a":{"a":0,"k":[0,0],"ix":1},"s":{"a":0,"k":[100,100],"ix":3},"r":{"a":0,"k":0,"ix":6},"o":{"a":0,"k":100,"ix":7},"sk":{"a":0,"k":0,"ix":4},"sa":{"a":0,"k":0,"ix":5},"nm":"Преобразовать"}],"nm":"Группа 4","np":2,"cix":2,"ix":4,"mn":"ADBE Vector Group","hd":false},{"ty":"gr","it":[{"ind":0,"ty":"sh","ix":1,"ks":{"a":0,"k":{"i":[[0,0],[16.303,-1.344],[61.839,-2.389],[6.921,-0.988],[13.467,-5.041]],"o":[[-28.952,7.136],[-11.944,0.984],[-36.368,1.406],[-25.114,3.585],[0,0]],"v":[[125.677,-16.227],[56.635,-4.835],[-16.375,-2.036],[-66.992,1.229],[-125.677,16.227]],"c":false},"ix":2},"nm":"Контур 1","mn":"ADBE Vector Shape - Group","hd":false},{"ty":"st","c":{"a":0,"k":[0,0,0,1],"ix":3},"o":{"a":0,"k":100,"ix":4},"w":{"a":0,"k":2,"ix":5},"lc":1,"lj":1,"ml":10,"nm":"Обводка 1","mn":"ADBE Vector Graphic - Stroke","hd":false},{"ty":"tr","p":{"a":0,"k":[264.592,285.834],"ix":2},"a":{"a":0,"k":[0,0],"ix":1},"s":{"a":0,"k":[100,100],"ix":3},"r":{"a":0,"k":0,"ix":6},"o":{"a":0,"k":100,"ix":7},"sk":{"a":0,"k":0,"ix":4},"sa":{"a":0,"k":0,"ix":5},"nm":"Преобразовать"}],"nm":"Группа 5","np":2,"cix":2,"ix":5,"mn":"ADBE Vector Group","hd":false},{"ty":"gr","it":[{"ind":0,"ty":"sh","ix":1,"ks":{"a":0,"k":{"i":[[0,0],[-8.423,1.169],[-5.656,1.244]],"o":[[7.226,-0.273],[6.514,-0.903],[0,0]],"v":[[-20.901,2.671],[2.632,0.6],[20.901,-2.671]],"c":false},"ix":2},"nm":"Контур 1","mn":"ADBE Vector Shape - Group","hd":false},{"ty":"st","c":{"a":0,"k":[0,0,0,1],"ix":3},"o":{"a":0,"k":100,"ix":4},"w":{"a":0,"k":2,"ix":5},"lc":1,"lj":1,"ml":10,"nm":"Обводка 1","mn":"ADBE Vector Graphic - Stroke","hd":false},{"ty":"tr","p":{"a":0,"k":[275.865,62.377],"ix":2},"a":{"a":0,"k":[0,0],"ix":1},"s":{"a":0,"k":[100,100],"ix":3},"r":{"a":0,"k":0,"ix":6},"o":{"a":0,"k":100,"ix":7},"sk":{"a":0,"k":0,"ix":4},"sa":{"a":0,"k":0,"ix":5},"nm":"Преобразовать"}],"nm":"Группа 6","np":2,"cix":2,"ix":6,"mn":"ADBE Vector Group","hd":false},{"ty":"gr","it":[{"ind":0,"ty":"sh","ix":1,"ks":{"a":0,"k":{"i":[[0,0],[-7.254,0.373],[-4.898,1.034]],"o":[[5.379,0.654],[6.525,-0.335],[0,0]],"v":[[-18.144,0.271],[0.931,0.936],[18.144,-1.309]],"c":false},"ix":2},"nm":"Контур 1","mn":"ADBE Vector Shape - Group","hd":false},{"ty":"st","c":{"a":0,"k":[0,0,0,1],"ix":3},"o":{"a":0,"k":100,"ix":4},"w":{"a":0,"k":2,"ix":5},"lc":1,"lj":1,"ml":10,"nm":"Обводка 1","mn":"ADBE Vector Graphic - Stroke","hd":false},{"ty":"tr","p":{"a":0,"k":[268.585,39.139],"ix":2},"a":{"a":0,"k":[0,0],"ix":1},"s":{"a":0,"k":[100,100],"ix":3},"r":{"a":0,"k":0,"ix":6},"o":{"a":0,"k":100,"ix":7},"sk":{"a":0,"k":0,"ix":4},"sa":{"a":0,"k":0,"ix":5},"nm":"Преобразовать"}],"nm":"Группа 7","np":2,"cix":2,"ix":7,"mn":"ADBE Vector Group","hd":false},{"ty":"gr","it":[{"ind":0,"ty":"sh","ix":1,"ks":{"a":0,"k":{"i":[[0,0],[-9.419,-1.816],[-14.834,-1.638],[-5.496,2.63],[-1.629,-1.282],[-0.147,-3.828],[-0.801,-2.126],[-1.765,-4.318],[-0.168,-1.02]],"o":[[17.505,1.162],[13.986,2.695],[16.793,1.853],[0.799,-0.383],[1.084,0.854],[0.164,4.271],[1.333,3.53],[0.747,1.83],[0,0]],"v":[[-60.421,-19.28],[-19.568,-14.057],[15.907,-7.471],[46.593,-7.322],[52.281,-8.07],[53.179,-1.784],[54.226,6.749],[59.167,14.832],[60.421,19.28]],"c":false},"ix":2},"nm":"Контур 1","mn":"ADBE Vector Shape - Group","hd":false},{"ty":"st","c":{"a":0,"k":[0,0,0,1],"ix":3},"o":{"a":0,"k":100,"ix":4},"w":{"a":0,"k":2,"ix":5},"lc":1,"lj":1,"ml":10,"nm":"Обводка 1","mn":"ADBE Vector Graphic - Stroke","hd":false},{"ty":"tr","p":{"a":0,"k":[240.585,72.694],"ix":2},"a":{"a":0,"k":[0,0],"ix":1},"s":{"a":0,"k":[100,100],"ix":3},"r":{"a":0,"k":0,"ix":6},"o":{"a":0,"k":100,"ix":7},"sk":{"a":0,"k":0,"ix":4},"sa":{"a":0,"k":0,"ix":5},"nm":"Преобразовать"}],"nm":"Группа 8","np":2,"cix":2,"ix":8,"mn":"ADBE Vector Group","hd":false},{"ty":"gr","it":[{"ind":0,"ty":"sh","ix":1,"ks":{"a":0,"k":{"i":[[0,0],[-8.087,1.536],[-3.83,2.703],[-2.733,-0.948],[-0.444,-4.258]],"o":[[12.441,-0.868],[15.209,-2.888],[2.336,-1.648],[3.072,1.065],[0,0]],"v":[[-35.178,7.634],[-4.173,3.642],[22.47,-3.393],[30.553,-6.686],[35.178,3.611]],"c":false},"ix":2},"nm":"Контур 1","mn":"ADBE Vector Shape - Group","hd":false},{"ty":"st","c":{"a":0,"k":[0,0,0,1],"ix":3},"o":{"a":0,"k":100,"ix":4},"w":{"a":0,"k":2,"ix":5},"lc":1,"lj":1,"ml":10,"nm":"Обводка 1","mn":"ADBE Vector Graphic - Stroke","hd":false},{"ty":"tr","p":{"a":0,"k":[290.603,91.218],"ix":2},"a":{"a":0,"k":[0,0],"ix":1},"s":{"a":0,"k":[100,100],"ix":3},"r":{"a":0,"k":0,"ix":6},"o":{"a":0,"k":100,"ix":7},"sk":{"a":0,"k":0,"ix":4},"sa":{"a":0,"k":0,"ix":5},"nm":"Преобразовать"}],"nm":"Группа 9","np":2,"cix":2,"ix":9,"mn":"ADBE Vector Group","hd":false},{"ty":"gr","it":[{"ind":0,"ty":"sh","ix":1,"ks":{"a":0,"k":{"i":[[0,0],[-11.12,-3.79],[-5.564,-7.477],[0.674,-3.58]],"o":[[6.135,-0.464],[7.673,2.616],[7.89,10.603],[0,0]],"v":[[-27.964,-21.365],[-0.882,-17.988],[20.075,-5.264],[25.313,21.829]],"c":false},"ix":2},"nm":"Контур 1","mn":"ADBE Vector Shape - Group","hd":false},{"ty":"st","c":{"a":0,"k":[0,0,0,1],"ix":3},"o":{"a":0,"k":100,"ix":4},"w":{"a":0,"k":2,"ix":5},"lc":1,"lj":1,"ml":10,"nm":"Обводка 1","mn":"ADBE Vector Graphic - Stroke","hd":false},{"ty":"tr","p":{"a":0,"k":[230.88,95.184],"ix":2},"a":{"a":0,"k":[0,0],"ix":1},"s":{"a":0,"k":[100,100],"ix":3},"r":{"a":0,"k":0,"ix":6},"o":{"a":0,"k":100,"ix":7},"sk":{"a":0,"k":0,"ix":4},"sa":{"a":0,"k":0,"ix":5},"nm":"Преобразовать"}],"nm":"Группа 10","np":2,"cix":2,"ix":10,"mn":"ADBE Vector Group","hd":false},{"ty":"gr","it":[{"ind":0,"ty":"sh","ix":1,"ks":{"a":0,"k":{"i":[[0,0],[-4.792,-0.786],[-1.425,-0.868],[-3.514,-7.504],[-5.785,-7.776]],"o":[[8.165,0.543],[7.574,1.24],[5.452,3.323],[2.27,4.847],[0,0]],"v":[[-26.163,-20.26],[-6.523,-18.015],[4.146,-15.186],[14.475,0.83],[26.163,20.26]],"c":false},"ix":2},"nm":"Контур 1","mn":"ADBE Vector Shape - Group","hd":false},{"ty":"st","c":{"a":0,"k":[0,0,0,1],"ix":3},"o":{"a":0,"k":100,"ix":4},"w":{"a":0,"k":2,"ix":5},"lc":1,"lj":1,"ml":10,"nm":"Обводка 1","mn":"ADBE Vector Graphic - Stroke","hd":false},{"ty":"tr","p":{"a":0,"k":[194.568,85.199],"ix":2},"a":{"a":0,"k":[0,0],"ix":1},"s":{"a":0,"k":[100,100],"ix":3},"r":{"a":0,"k":0,"ix":6},"o":{"a":0,"k":100,"ix":7},"sk":{"a":0,"k":0,"ix":4},"sa":{"a":0,"k":0,"ix":5},"nm":"Преобразовать"}],"nm":"Группа 11","np":2,"cix":2,"ix":11,"mn":"ADBE Vector Group","hd":false},{"ty":"gr","it":[{"ind":0,"ty":"sh","ix":1,"ks":{"a":0,"k":{"i":[[0,0],[-7.292,-0.352],[-12.209,-1.725],[-11.678,-3.27],[-7.499,-3.466]],"o":[[12.971,1.472],[15.862,0.767],[3.09,0.437],[11.63,3.257],[0,0]],"v":[[-58.59,-10.081],[-27.717,-7.573],[5.813,-5.627],[29.762,-0.538],[58.59,10.081]],"c":false},"ix":2},"nm":"Контур 1","mn":"ADBE Vector Shape - Group","hd":false},{"ty":"st","c":{"a":0,"k":[0,0,0,1],"ix":3},"o":{"a":0,"k":100,"ix":4},"w":{"a":0,"k":2,"ix":5},"lc":1,"lj":1,"ml":10,"nm":"Обводка 1","mn":"ADBE Vector Graphic - Stroke","hd":false},{"ty":"tr","p":{"a":0,"k":[197.991,107.821],"ix":2},"a":{"a":0,"k":[0,0],"ix":1},"s":{"a":0,"k":[100,100],"ix":3},"r":{"a":0,"k":0,"ix":6},"o":{"a":0,"k":100,"ix":7},"sk":{"a":0,"k":0,"ix":4},"sa":{"a":0,"k":0,"ix":5},"nm":"Преобразовать"}],"nm":"Группа 12","np":2,"cix":2,"ix":12,"mn":"ADBE Vector Group","hd":false},{"ty":"gr","it":[{"ind":0,"ty":"sh","ix":1,"ks":{"a":0,"k":{"i":[[0,0],[-4.607,-8.26],[-6.094,-6.148]],"o":[[2.082,6.548],[6.537,11.719],[0,0]],"v":[[-14.908,-24.605],[-5.15,-2.04],[14.908,24.605]],"c":false},"ix":2},"nm":"Контур 1","mn":"ADBE Vector Shape - Group","hd":false},{"ty":"st","c":{"a":0,"k":[0,0,0,1],"ix":3},"o":{"a":0,"k":100,"ix":4},"w":{"a":0,"k":2,"ix":5},"lc":1,"lj":1,"ml":10,"nm":"Обводка 1","mn":"ADBE Vector Graphic - Stroke","hd":false},{"ty":"tr","p":{"a":0,"k":[178.418,76.692],"ix":2},"a":{"a":0,"k":[0,0],"ix":1},"s":{"a":0,"k":[100,100],"ix":3},"r":{"a":0,"k":0,"ix":6},"o":{"a":0,"k":100,"ix":7},"sk":{"a":0,"k":0,"ix":4},"sa":{"a":0,"k":0,"ix":5},"nm":"Преобразовать"}],"nm":"Группа 13","np":2,"cix":2,"ix":13,"mn":"ADBE Vector Group","hd":false},{"ty":"gr","it":[{"ind":0,"ty":"sh","ix":1,"ks":{"a":0,"k":{"i":[[0,0],[5.967,7.086],[2.836,2.575]],"o":[[-2.836,-5.852],[-2.979,-3.537],[0,0]],"v":[[10.86,14.532],[-2.052,-5.39],[-10.86,-14.532]],"c":false},"ix":2},"nm":"Контур 1","mn":"ADBE Vector Shape - Group","hd":false},{"ty":"st","c":{"a":0,"k":[0,0,0,1],"ix":3},"o":{"a":0,"k":100,"ix":4},"w":{"a":0,"k":2,"ix":5},"lc":1,"lj":1,"ml":10,"nm":"Обводка 1","mn":"ADBE Vector Graphic - Stroke","hd":false},{"ty":"tr","p":{"a":0,"k":[146.841,84.369],"ix":2},"a":{"a":0,"k":[0,0],"ix":1},"s":{"a":0,"k":[100,100],"ix":3},"r":{"a":0,"k":0,"ix":6},"o":{"a":0,"k":100,"ix":7},"sk":{"a":0,"k":0,"ix":4},"sa":{"a":0,"k":0,"ix":5},"nm":"Преобразовать"}],"nm":"Группа 14","np":2,"cix":2,"ix":14,"mn":"ADBE Vector Group","hd":false},{"ty":"gr","it":[{"ind":0,"ty":"sh","ix":1,"ks":{"a":0,"k":{"i":[[0,0],[1.077,-1.157],[-25.782,-39.808],[-5.533,-7.667]],"o":[[-5.839,-1.639],[-1.843,1.977],[9.05,13.973],[0,0]],"v":[[-11.828,-39.728],[-21.109,-39.279],[1.644,8.471],[24.139,41.367]],"c":false},"ix":2},"nm":"Контур 1","mn":"ADBE Vector Shape - Group","hd":false},{"ty":"st","c":{"a":0,"k":[0,0,0,1],"ix":3},"o":{"a":0,"k":100,"ix":4},"w":{"a":0,"k":2,"ix":5},"lc":1,"lj":1,"ml":10,"nm":"Обводка 1","mn":"ADBE Vector Graphic - Stroke","hd":false},{"ty":"tr","p":{"a":0,"k":[153.663,115.428],"ix":2},"a":{"a":0,"k":[0,0],"ix":1},"s":{"a":0,"k":[100,100],"ix":3},"r":{"a":0,"k":0,"ix":6},"o":{"a":0,"k":100,"ix":7},"sk":{"a":0,"k":0,"ix":4},"sa":{"a":0,"k":0,"ix":5},"nm":"Преобразовать"}],"nm":"Группа 15","np":2,"cix":2,"ix":15,"mn":"ADBE Vector Group","hd":false},{"ty":"gr","it":[{"ind":0,"ty":"sh","ix":1,"ks":{"a":0,"k":{"i":[[0,0],[-6.044,-8.762],[-9.142,-10.2]],"o":[[4.654,8.125],[9.445,13.69],[0,0]],"v":[[-22.098,-30.593],[-6.096,-5.184],[22.098,30.593]],"c":false},"ix":2},"nm":"Контур 1","mn":"ADBE Vector Shape - Group","hd":false},{"ty":"st","c":{"a":0,"k":[0,0,0,1],"ix":3},"o":{"a":0,"k":100,"ix":4},"w":{"a":0,"k":2,"ix":5},"lc":1,"lj":1,"ml":10,"nm":"Обводка 1","mn":"ADBE Vector Graphic - Stroke","hd":false},{"ty":"tr","p":{"a":0,"k":[132.362,130.131],"ix":2},"a":{"a":0,"k":[0,0],"ix":1},"s":{"a":0,"k":[100,100],"ix":3},"r":{"a":0,"k":0,"ix":6},"o":{"a":0,"k":100,"ix":7},"sk":{"a":0,"k":0,"ix":4},"sa":{"a":0,"k":0,"ix":5},"nm":"Преобразовать"}],"nm":"Группа 16","np":2,"cix":2,"ix":16,"mn":"ADBE Vector Group","hd":false},{"ty":"gr","it":[{"ind":0,"ty":"sh","ix":1,"ks":{"a":0,"k":{"i":[[0,0],[-4.425,-5.487],[-2.864,-6.297]],"o":[[4.021,3.469],[6.476,8.032],[0,0]],"v":[[-13.286,-17.749],[-0.359,-4.388],[13.286,17.749]],"c":false},"ix":2},"nm":"Контур 1","mn":"ADBE Vector Shape - Group","hd":false},{"ty":"st","c":{"a":0,"k":[0,0,0,1],"ix":3},"o":{"a":0,"k":100,"ix":4},"w":{"a":0,"k":2,"ix":5},"lc":1,"lj":1,"ml":10,"nm":"Обводка 1","mn":"ADBE Vector Graphic - Stroke","hd":false},{"ty":"tr","p":{"a":0,"k":[108.813,134.872],"ix":2},"a":{"a":0,"k":[0,0],"ix":1},"s":{"a":0,"k":[100,100],"ix":3},"r":{"a":0,"k":0,"ix":6},"o":{"a":0,"k":100,"ix":7},"sk":{"a":0,"k":0,"ix":4},"sa":{"a":0,"k":0,"ix":5},"nm":"Преобразовать"}],"nm":"Группа 17","np":2,"cix":2,"ix":17,"mn":"ADBE Vector Group","hd":false},{"ty":"gr","it":[{"ind":0,"ty":"sh","ix":1,"ks":{"a":0,"k":{"i":[[0,0],[0.232,-1.73],[-49.849,-12.666]],"o":[[-4.638,1.138],[-0.788,5.865],[0,0]],"v":[[-29.097,-16.049],[-36.402,-11.747],[37.189,16.049]],"c":false},"ix":2},"nm":"Контур 1","mn":"ADBE Vector Shape - Group","hd":false},{"ty":"st","c":{"a":0,"k":[0,0,0,1],"ix":3},"o":{"a":0,"k":100,"ix":4},"w":{"a":0,"k":2,"ix":5},"lc":1,"lj":1,"ml":10,"nm":"Обводка 1","mn":"ADBE Vector Graphic - Stroke","hd":false},{"ty":"tr","p":{"a":0,"k":[115.817,144.926],"ix":2},"a":{"a":0,"k":[0,0],"ix":1},"s":{"a":0,"k":[100,100],"ix":3},"r":{"a":0,"k":0,"ix":6},"o":{"a":0,"k":100,"ix":7},"sk":{"a":0,"k":0,"ix":4},"sa":{"a":0,"k":0,"ix":5},"nm":"Преобразовать"}],"nm":"Группа 18","np":2,"cix":2,"ix":18,"mn":"ADBE Vector Group","hd":false},{"ty":"gr","it":[{"ind":0,"ty":"sh","ix":1,"ks":{"a":0,"k":{"i":[[0,0],[19.411,-1.1],[16.476,1.024]],"o":[[-15.735,2.717],[-20.22,1.147],[0,0]],"v":[[54.044,-3.594],[1.189,2.448],[-54.045,2.299]],"c":false},"ix":2},"nm":"Контур 1","mn":"ADBE Vector Shape - Group","hd":false},{"ty":"st","c":{"a":0,"k":[0,0,0,1],"ix":3},"o":{"a":0,"k":100,"ix":4},"w":{"a":0,"k":2,"ix":5},"lc":1,"lj":1,"ml":10,"nm":"Обводка 1","mn":"ADBE Vector Graphic - Stroke","hd":false},{"ty":"tr","p":{"a":0,"k":[224.768,144.203],"ix":2},"a":{"a":0,"k":[0,0],"ix":1},"s":{"a":0,"k":[100,100],"ix":3},"r":{"a":0,"k":0,"ix":6},"o":{"a":0,"k":100,"ix":7},"sk":{"a":0,"k":0,"ix":4},"sa":{"a":0,"k":0,"ix":5},"nm":"Преобразовать"}],"nm":"Группа 19","np":2,"cix":2,"ix":19,"mn":"ADBE Vector Group","hd":false},{"ty":"gr","it":[{"ind":0,"ty":"sh","ix":1,"ks":{"a":0,"k":{"i":[[0,0],[9.168,3.046],[16.313,1.435],[9.276,0.052],[22.743,-1.101]],"o":[[-20.523,-6.624],[-17.436,-5.795],[-3.564,-0.314],[-12.978,-0.073],[0,0]],"v":[[79.862,13.124],[35.095,-1.525],[-9.669,-12.527],[-25.826,-13.051],[-79.862,-11.854]],"c":false},"ix":2},"nm":"Контур 1","mn":"ADBE Vector Shape - Group","hd":false},{"ty":"st","c":{"a":0,"k":[0,0,0,1],"ix":3},"o":{"a":0,"k":100,"ix":4},"w":{"a":0,"k":2,"ix":5},"lc":1,"lj":1,"ml":10,"nm":"Обводка 1","mn":"ADBE Vector Graphic - Stroke","hd":false},{"ty":"tr","p":{"a":0,"k":[237.563,140.093],"ix":2},"a":{"a":0,"k":[0,0],"ix":1},"s":{"a":0,"k":[100,100],"ix":3},"r":{"a":0,"k":0,"ix":6},"o":{"a":0,"k":100,"ix":7},"sk":{"a":0,"k":0,"ix":4},"sa":{"a":0,"k":0,"ix":5},"nm":"Преобразовать"}],"nm":"Группа 20","np":2,"cix":2,"ix":20,"mn":"ADBE Vector Group","hd":false},{"ty":"gr","it":[{"ind":0,"ty":"sh","ix":1,"ks":{"a":0,"k":{"i":[[0,0],[8.847,5.061],[6.175,1.284],[11.673,-1.773],[15.403,-6.482]],"o":[[-13.346,-8.415],[-18.56,-10.618],[-11.312,-2.35],[-9.294,1.41],[0,0]],"v":[[66.696,18.265],[32.995,-1.994],[3.208,-15.915],[-28.675,-15.166],[-66.696,-4.389]],"c":false},"ix":2},"nm":"Контур 1","mn":"ADBE Vector Shape - Group","hd":false},{"ty":"st","c":{"a":0,"k":[0,0,0,1],"ix":3},"o":{"a":0,"k":100,"ix":4},"w":{"a":0,"k":2,"ix":5},"lc":1,"lj":1,"ml":10,"nm":"Обводка 1","mn":"ADBE Vector Graphic - Stroke","hd":false},{"ty":"tr","p":{"a":0,"k":[292.802,131.731],"ix":2},"a":{"a":0,"k":[0,0],"ix":1},"s":{"a":0,"k":[100,100],"ix":3},"r":{"a":0,"k":0,"ix":6},"o":{"a":0,"k":100,"ix":7},"sk":{"a":0,"k":0,"ix":4},"sa":{"a":0,"k":0,"ix":5},"nm":"Преобразовать"}],"nm":"Группа 21","np":2,"cix":2,"ix":21,"mn":"ADBE Vector Group","hd":false},{"ty":"gr","it":[{"ind":0,"ty":"sh","ix":1,"ks":{"a":0,"k":{"i":[[0,0],[0.246,-1.735],[27.648,-0.326]],"o":[[4.444,2.4],[-0.592,4.165],[0,0]],"v":[[14.761,-6.469],[21.058,-0.267],[-21.303,6.469]],"c":false},"ix":2},"nm":"Контур 1","mn":"ADBE Vector Shape - Group","hd":false},{"ty":"st","c":{"a":0,"k":[0,0,0,1],"ix":3},"o":{"a":0,"k":100,"ix":4},"w":{"a":0,"k":2,"ix":5},"lc":1,"lj":1,"ml":10,"nm":"Обводка 1","mn":"ADBE Vector Graphic - Stroke","hd":false},{"ty":"tr","p":{"a":0,"k":[329.438,114.137],"ix":2},"a":{"a":0,"k":[0,0],"ix":1},"s":{"a":0,"k":[100,100],"ix":3},"r":{"a":0,"k":0,"ix":6},"o":{"a":0,"k":100,"ix":7},"sk":{"a":0,"k":0,"ix":4},"sa":{"a":0,"k":0,"ix":5},"nm":"Преобразовать"}],"nm":"Группа 22","np":2,"cix":2,"ix":22,"mn":"ADBE Vector Group","hd":false},{"ty":"gr","it":[{"ind":0,"ty":"sh","ix":1,"ks":{"a":0,"k":{"i":[[0,0],[0.159,-4.257]],"o":[[-0.157,4.257],[0,0]],"v":[[0.237,-6.386],[-0.237,6.386]],"c":false},"ix":2},"nm":"Контур 1","mn":"ADBE Vector Shape - Group","hd":false},{"ty":"st","c":{"a":0,"k":[0,0,0,1],"ix":3},"o":{"a":0,"k":100,"ix":4},"w":{"a":0,"k":2,"ix":5},"lc":1,"lj":1,"ml":10,"nm":"Обводка 1","mn":"ADBE Vector Graphic - Stroke","hd":false},{"ty":"tr","p":{"a":0,"k":[362.852,143.232],"ix":2},"a":{"a":0,"k":[0,0],"ix":1},"s":{"a":0,"k":[100,100],"ix":3},"r":{"a":0,"k":0,"ix":6},"o":{"a":0,"k":100,"ix":7},"sk":{"a":0,"k":0,"ix":4},"sa":{"a":0,"k":0,"ix":5},"nm":"Преобразовать"}],"nm":"Группа 23","np":2,"cix":2,"ix":23,"mn":"ADBE Vector Group","hd":false},{"ty":"gr","it":[{"ind":0,"ty":"sh","ix":1,"ks":{"a":0,"k":{"i":[[0,0],[0.264,-1.712],[37.816,-3.463],[19.79,-3.398]],"o":[[1.978,1.541],[-1.061,6.868],[-16.193,1.483],[0,0]],"v":[[57.792,-11.011],[61.063,-5.989],[-7.193,3.89],[-61.326,11.01]],"c":false},"ix":2},"nm":"Контур 1","mn":"ADBE Vector Shape - Group","hd":false},{"ty":"st","c":{"a":0,"k":[0,0,0,1],"ix":3},"o":{"a":0,"k":100,"ix":4},"w":{"a":0,"k":2,"ix":5},"lc":1,"lj":1,"ml":10,"nm":"Обводка 1","mn":"ADBE Vector Graphic - Stroke","hd":false},{"ty":"tr","p":{"a":0,"k":[315.628,150.095],"ix":2},"a":{"a":0,"k":[0,0],"ix":1},"s":{"a":0,"k":[100,100],"ix":3},"r":{"a":0,"k":0,"ix":6},"o":{"a":0,"k":100,"ix":7},"sk":{"a":0,"k":0,"ix":4},"sa":{"a":0,"k":0,"ix":5},"nm":"Преобразовать"}],"nm":"Группа 24","np":2,"cix":2,"ix":24,"mn":"ADBE Vector Group","hd":false},{"ty":"gr","it":[{"ind":0,"ty":"sh","ix":1,"ks":{"a":0,"k":{"i":[[0,0],[0.686,-2.811],[0.73,-2.092]],"o":[[-0.321,2.396],[-0.619,2.534],[0,0]],"v":[[1.767,-7.392],[0.289,0.445],[-1.767,7.392]],"c":false},"ix":2},"nm":"Контур 1","mn":"ADBE Vector Shape - Group","hd":false},{"ty":"st","c":{"a":0,"k":[0,0,0,1],"ix":3},"o":{"a":0,"k":100,"ix":4},"w":{"a":0,"k":2,"ix":5},"lc":1,"lj":1,"ml":10,"nm":"Обводка 1","mn":"ADBE Vector Graphic - Stroke","hd":false},{"ty":"tr","p":{"a":0,"k":[378.347,161.624],"ix":2},"a":{"a":0,"k":[0,0],"ix":1},"s":{"a":0,"k":[100,100],"ix":3},"r":{"a":0,"k":0,"ix":6},"o":{"a":0,"k":100,"ix":7},"sk":{"a":0,"k":0,"ix":4},"sa":{"a":0,"k":0,"ix":5},"nm":"Преобразовать"}],"nm":"Группа 25","np":2,"cix":2,"ix":25,"mn":"ADBE Vector Group","hd":false},{"ty":"gr","it":[{"ind":0,"ty":"sh","ix":1,"ks":{"a":0,"k":{"i":[[0,0],[0.132,-2.043],[18.347,-3.154],[32.811,-5.613],[6.974,-0.512]],"o":[[4.229,1.453],[-0.231,3.572],[-31.673,5.444],[-13.482,2.305],[0,0]],"v":[[58.025,-16.875],[66.672,-11.382],[33.742,-3.896],[-35.263,13.018],[-66.805,16.874]],"c":false},"ix":2},"nm":"Контур 1","mn":"ADBE Vector Shape - Group","hd":false},{"ty":"st","c":{"a":0,"k":[0,0,0,1],"ix":3},"o":{"a":0,"k":100,"ix":4},"w":{"a":0,"k":2,"ix":5},"lc":1,"lj":1,"ml":10,"nm":"Обводка 1","mn":"ADBE Vector Graphic - Stroke","hd":false},{"ty":"tr","p":{"a":0,"k":[346.54,172.252],"ix":2},"a":{"a":0,"k":[0,0],"ix":1},"s":{"a":0,"k":[100,100],"ix":3},"r":{"a":0,"k":0,"ix":6},"o":{"a":0,"k":100,"ix":7},"sk":{"a":0,"k":0,"ix":4},"sa":{"a":0,"k":0,"ix":5},"nm":"Преобразовать"}],"nm":"Группа 26","np":2,"cix":2,"ix":26,"mn":"ADBE Vector Group","hd":false},{"ty":"gr","it":[{"ind":0,"ty":"sh","ix":1,"ks":{"a":0,"k":{"i":[[0,0],[-11.481,1.648],[-7.042,1.47],[-10.752,2.041],[-7.939,1.372],[-3.11,0.467],[-70.859,-15.573],[-20.267,-5.5]],"o":[[6.261,0.836],[3.756,-0.538],[5.632,-1.177],[10.693,-2.03],[13.453,-2.326],[7.192,-1.084],[12.79,2.81],[0,0]],"v":[[-137.536,7.605],[-110.272,7.476],[-97.121,4.911],[-68.98,-0.628],[-42.336,-5.417],[-13.447,-10.207],[87.291,1.618],[137.535,13.955]],"c":false},"ix":2},"nm":"Контур 1","mn":"ADBE Vector Shape - Group","hd":false},{"ty":"st","c":{"a":0,"k":[0,0,0,1],"ix":3},"o":{"a":0,"k":100,"ix":4},"w":{"a":0,"k":2,"ix":5},"lc":1,"lj":1,"ml":10,"nm":"Обводка 1","mn":"ADBE Vector Graphic - Stroke","hd":false},{"ty":"tr","p":{"a":0,"k":[198.54,165.84],"ix":2},"a":{"a":0,"k":[0,0],"ix":1},"s":{"a":0,"k":[100,100],"ix":3},"r":{"a":0,"k":0,"ix":6},"o":{"a":0,"k":100,"ix":7},"sk":{"a":0,"k":0,"ix":4},"sa":{"a":0,"k":0,"ix":5},"nm":"Преобразовать"}],"nm":"Группа 27","np":2,"cix":2,"ix":27,"mn":"ADBE Vector Group","hd":false},{"ty":"gr","it":[{"ind":0,"ty":"sh","ix":1,"ks":{"a":0,"k":{"i":[[0,0],[-0.743,-2.778],[-2.111,-0.6],[-17.08,-10.658]],"o":[[-1.497,1.71],[0.982,3.676],[6.709,1.909],[0,0]],"v":[[-18.17,-15.011],[-21.033,-7.592],[-12.502,-1.904],[21.776,15.01]],"c":false},"ix":2},"nm":"Контур 1","mn":"ADBE Vector Shape - Group","hd":false},{"ty":"st","c":{"a":0,"k":[0,0,0,1],"ix":3},"o":{"a":0,"k":100,"ix":4},"w":{"a":0,"k":2,"ix":5},"lc":1,"lj":1,"ml":10,"nm":"Обводка 1","mn":"ADBE Vector Graphic - Stroke","hd":false},{"ty":"tr","p":{"a":0,"k":[85.331,154.392],"ix":2},"a":{"a":0,"k":[0,0],"ix":1},"s":{"a":0,"k":[100,100],"ix":3},"r":{"a":0,"k":0,"ix":6},"o":{"a":0,"k":100,"ix":7},"sk":{"a":0,"k":0,"ix":4},"sa":{"a":0,"k":0,"ix":5},"nm":"Преобразовать"}],"nm":"Группа 28","np":2,"cix":2,"ix":28,"mn":"ADBE Vector Group","hd":false},{"ty":"gr","it":[{"ind":0,"ty":"sh","ix":1,"ks":{"a":0,"k":{"i":[[0,0],[-3.678,-3.654],[-2.232,-2.391],[-5.719,-2.697]],"o":[[2.625,1.17],[2.431,2.415],[2.212,2.37],[0,0]],"v":[[-13.523,-10.699],[-3.381,-3.802],[2.008,2.485],[13.523,10.699]],"c":false},"ix":2},"nm":"Контур 1","mn":"ADBE Vector Shape - Group","hd":false},{"ty":"st","c":{"a":0,"k":[0,0,0,1],"ix":3},"o":{"a":0,"k":100,"ix":4},"w":{"a":0,"k":2,"ix":5},"lc":1,"lj":1,"ml":10,"nm":"Обводка 1","mn":"ADBE Vector Graphic - Stroke","hd":false},{"ty":"tr","p":{"a":0,"k":[64.385,177.246],"ix":2},"a":{"a":0,"k":[0,0],"ix":1},"s":{"a":0,"k":[100,100],"ix":3},"r":{"a":0,"k":0,"ix":6},"o":{"a":0,"k":100,"ix":7},"sk":{"a":0,"k":0,"ix":4},"sa":{"a":0,"k":0,"ix":5},"nm":"Преобразовать"}],"nm":"Группа 29","np":2,"cix":2,"ix":29,"mn":"ADBE Vector Group","hd":false},{"ty":"gr","it":[{"ind":0,"ty":"sh","ix":1,"ks":{"a":0,"k":{"i":[[0,0],[16.834,4.876],[14.24,2.237],[18.946,0.246],[27.507,-8.803],[10.52,-2.069],[5.896,-0.201]],"o":[[-9.229,-4.577],[-14.353,-4.159],[-20.821,-3.272],[-11.697,-0.151],[-3.024,0.969],[-11.378,2.236],[0,0]],"v":[[125.959,14.849],[86.5,-0.506],[46.833,-8.589],[-6.754,-14.278],[-78.304,-6.046],[-99.259,-0.506],[-125.959,2.561]],"c":false},"ix":2},"nm":"Контур 1","mn":"ADBE Vector Shape - Group","hd":false},{"ty":"st","c":{"a":0,"k":[0,0,0,1],"ix":3},"o":{"a":0,"k":100,"ix":4},"w":{"a":0,"k":2,"ix":5},"lc":1,"lj":1,"ml":10,"nm":"Обводка 1","mn":"ADBE Vector Graphic - Stroke","hd":false},{"ty":"tr","p":{"a":0,"k":[226.724,218.707],"ix":2},"a":{"a":0,"k":[0,0],"ix":1},"s":{"a":0,"k":[100,100],"ix":3},"r":{"a":0,"k":0,"ix":6},"o":{"a":0,"k":100,"ix":7},"sk":{"a":0,"k":0,"ix":4},"sa":{"a":0,"k":0,"ix":5},"nm":"Преобразовать"}],"nm":"Группа 30","np":2,"cix":2,"ix":30,"mn":"ADBE Vector Group","hd":false},{"ty":"gr","it":[{"ind":0,"ty":"sh","ix":1,"ks":{"a":0,"k":{"i":[[0,0],[0.437,-1.31],[-16.77,-9.987],[-6.82,-3.567],[-28.458,-14.938],[-3.03,-1.009],[-17.251,1.897],[-27.304,4.032],[-13.033,7.67],[-3.447,4.136]],"o":[[-8.009,-0.177],[-1.309,3.925],[11.764,7.006],[25.114,13.13],[21.531,11.302],[26.658,8.882],[18.065,-1.986],[20.332,-3.003],[8.306,-4.888],[0,0]],"v":[[-146.846,-47.954],[-157.454,-45.477],[-129.139,-23.909],[-98.449,-6.854],[-46.808,21.286],[-11.482,39.248],[56.475,43.589],[96.89,35.806],[141.346,24.879],[158.764,9.975]],"c":false},"ix":2},"nm":"Контур 1","mn":"ADBE Vector Shape - Group","hd":false},{"ty":"st","c":{"a":0,"k":[0,0,0,1],"ix":3},"o":{"a":0,"k":100,"ix":4},"w":{"a":0,"k":2,"ix":5},"lc":1,"lj":1,"ml":10,"nm":"Обводка 1","mn":"ADBE Vector Graphic - Stroke","hd":false},{"ty":"tr","p":{"a":0,"k":[192.833,224.605],"ix":2},"a":{"a":0,"k":[0,0],"ix":1},"s":{"a":0,"k":[100,100],"ix":3},"r":{"a":0,"k":0,"ix":6},"o":{"a":0,"k":100,"ix":7},"sk":{"a":0,"k":0,"ix":4},"sa":{"a":0,"k":0,"ix":5},"nm":"Преобразовать"}],"nm":"Группа 31","np":2,"cix":2,"ix":31,"mn":"ADBE Vector Group","hd":false},{"ty":"gr","it":[{"ind":0,"ty":"sh","ix":1,"ks":{"a":0,"k":{"i":[[0,0],[3.717,1.257],[6.101,2.024],[18.29,3.851],[20.979,-2.433],[15.558,-4.304],[8.343,-0.018],[4.855,-4.123],[0.655,-1.979]],"o":[[-2.039,-0.731],[-15.982,-5.404],[-24.938,-8.274],[-40.399,-8.507],[-15.243,1.767],[-14.997,4.148],[-5.296,0.011],[-2.461,2.09],[0,0]],"v":[[146.305,21.462],[137.497,18.393],[102.92,8.065],[37.657,-8.7],[-43.921,-19.028],[-100.053,-7.652],[-125.35,-1.365],[-141.964,1.928],[-146.305,8.663]],"c":false},"ix":2},"nm":"Контур 1","mn":"ADBE Vector Shape - Group","hd":false},{"ty":"st","c":{"a":0,"k":[0,0,0,1],"ix":3},"o":{"a":0,"k":100,"ix":4},"w":{"a":0,"k":2,"ix":5},"lc":1,"lj":1,"ml":10,"nm":"Обводка 1","mn":"ADBE Vector Graphic - Stroke","hd":false},{"ty":"tr","p":{"a":0,"k":[204.915,189.33],"ix":2},"a":{"a":0,"k":[0,0],"ix":1},"s":{"a":0,"k":[100,100],"ix":3},"r":{"a":0,"k":0,"ix":6},"o":{"a":0,"k":100,"ix":7},"sk":{"a":0,"k":0,"ix":4},"sa":{"a":0,"k":0,"ix":5},"nm":"Преобразовать"}],"nm":"Группа 32","np":2,"cix":2,"ix":32,"mn":"ADBE Vector Group","hd":false},{"ty":"gr","it":[{"ind":0,"ty":"sh","ix":1,"ks":{"a":0,"k":{"i":[[0,0],[1.029,-2.187],[2.244,-1.039],[0,0],[15.061,-6.261]],"o":[[-0.073,1.37],[-2.417,5.138],[-27.69,12.806],[-8.535,2.471],[0,0]],"v":[[45.744,-22.264],[44.366,-16.654],[34.786,-8.121],[-9.67,9.542],[-45.744,22.264]],"c":false},"ix":2},"nm":"Контур 1","mn":"ADBE Vector Shape - Group","hd":false},{"ty":"st","c":{"a":0,"k":[0,0,0,1],"ix":3},"o":{"a":0,"k":100,"ix":4},"w":{"a":0,"k":2,"ix":5},"lc":1,"lj":1,"ml":10,"nm":"Обводка 1","mn":"ADBE Vector Graphic - Stroke","hd":false},{"ty":"tr","p":{"a":0,"k":[368.547,198.929],"ix":2},"a":{"a":0,"k":[0,0],"ix":1},"s":{"a":0,"k":[100,100],"ix":3},"r":{"a":0,"k":0,"ix":6},"o":{"a":0,"k":100,"ix":7},"sk":{"a":0,"k":0,"ix":4},"sa":{"a":0,"k":0,"ix":5},"nm":"Преобразовать"}],"nm":"Группа 33","np":2,"cix":2,"ix":33,"mn":"ADBE Vector Group","hd":false},{"ty":"gr","it":[{"ind":0,"ty":"sh","ix":1,"ks":{"a":0,"k":{"i":[[0,0],[2.901,-3.421],[9.351,-6.242],[9.557,-5.116]],"o":[[-1.312,2.232],[-3.89,4.588],[-5.857,3.91],[0,0]],"v":[[23.475,-18.604],[17.229,-9.804],[-0.284,4.715],[-23.474,18.604]],"c":false},"ix":2},"nm":"Контур 1","mn":"ADBE Vector Shape - Group","hd":false},{"ty":"st","c":{"a":0,"k":[0,0,0,1],"ix":3},"o":{"a":0,"k":100,"ix":4},"w":{"a":0,"k":2,"ix":5},"lc":1,"lj":1,"ml":10,"nm":"Обводка 1","mn":"ADBE Vector Graphic - Stroke","hd":false},{"ty":"tr","p":{"a":0,"k":[408.706,197.019],"ix":2},"a":{"a":0,"k":[0,0],"ix":1},"s":{"a":0,"k":[100,100],"ix":3},"r":{"a":0,"k":0,"ix":6},"o":{"a":0,"k":100,"ix":7},"sk":{"a":0,"k":0,"ix":4},"sa":{"a":0,"k":0,"ix":5},"nm":"Преобразовать"}],"nm":"Группа 34","np":2,"cix":2,"ix":34,"mn":"ADBE Vector Group","hd":false},{"ty":"gr","it":[{"ind":0,"ty":"sh","ix":1,"ks":{"a":0,"k":{"i":[[0,0],[-0.66,-2.167],[0.721,-0.789],[8.54,-2.873]],"o":[[0.77,0.087],[0.516,1.693],[-5.477,5.999],[0,0]],"v":[[19.276,-13.75],[24.596,-11.001],[22.678,-6.643],[-25.112,13.75]],"c":false},"ix":2},"nm":"Контур 1","mn":"ADBE Vector Shape - Group","hd":false},{"ty":"st","c":{"a":0,"k":[0,0,0,1],"ix":3},"o":{"a":0,"k":100,"ix":4},"w":{"a":0,"k":2,"ix":5},"lc":1,"lj":1,"ml":10,"nm":"Обводка 1","mn":"ADBE Vector Graphic - Stroke","hd":false},{"ty":"tr","p":{"a":0,"k":[453.202,237.889],"ix":2},"a":{"a":0,"k":[0,0],"ix":1},"s":{"a":0,"k":[100,100],"ix":3},"r":{"a":0,"k":0,"ix":6},"o":{"a":0,"k":100,"ix":7},"sk":{"a":0,"k":0,"ix":4},"sa":{"a":0,"k":0,"ix":5},"nm":"Преобразовать"}],"nm":"Группа 35","np":2,"cix":2,"ix":35,"mn":"ADBE Vector Group","hd":false},{"ty":"gr","it":[{"ind":0,"ty":"sh","ix":1,"ks":{"a":0,"k":{"i":[[0,0],[2.46,-1.699],[2.103,-0.843],[6.333,-2.706]],"o":[[-1.153,1.26],[-2.921,2.018],[-3.354,1.345],[0,0]],"v":[[13.597,-7.242],[8.201,-2.534],[0.705,1.301],[-13.597,7.242]],"c":false},"ix":2},"nm":"Контур 1","mn":"ADBE Vector Shape - Group","hd":false},{"ty":"st","c":{"a":0,"k":[0,0,0,1],"ix":3},"o":{"a":0,"k":100,"ix":4},"w":{"a":0,"k":2,"ix":5},"lc":1,"lj":1,"ml":10,"nm":"Обводка 1","mn":"ADBE Vector Graphic - Stroke","hd":false},{"ty":"tr","p":{"a":0,"k":[428.455,230.294],"ix":2},"a":{"a":0,"k":[0,0],"ix":1},"s":{"a":0,"k":[100,100],"ix":3},"r":{"a":0,"k":0,"ix":6},"o":{"a":0,"k":100,"ix":7},"sk":{"a":0,"k":0,"ix":4},"sa":{"a":0,"k":0,"ix":5},"nm":"Преобразовать"}],"nm":"Группа 36","np":2,"cix":2,"ix":36,"mn":"ADBE Vector Group","hd":false},{"ty":"gr","it":[{"ind":0,"ty":"sh","ix":1,"ks":{"a":0,"k":{"i":[[0,0],[-3.708,-0.745],[-2.148,-3.101],[-6.14,-10.263],[-7.929,-9.523]],"o":[[2.067,-0.853],[5.967,1.198],[9.273,13.381],[3.392,5.67],[0,0]],"v":[[-28.747,-30.086],[-19.671,-31.17],[-8.016,-21.914],[12.033,8.42],[28.747,31.915]],"c":false},"ix":2},"nm":"Контур 1","mn":"ADBE Vector Shape - Group","hd":false},{"ty":"st","c":{"a":0,"k":[0,0,0,1],"ix":3},"o":{"a":0,"k":100,"ix":4},"w":{"a":0,"k":2,"ix":5},"lc":1,"lj":1,"ml":10,"nm":"Обводка 1","mn":"ADBE Vector Graphic - Stroke","hd":false},{"ty":"tr","p":{"a":0,"k":[380.344,264.667],"ix":2},"a":{"a":0,"k":[0,0],"ix":1},"s":{"a":0,"k":[100,100],"ix":3},"r":{"a":0,"k":0,"ix":6},"o":{"a":0,"k":100,"ix":7},"sk":{"a":0,"k":0,"ix":4},"sa":{"a":0,"k":0,"ix":5},"nm":"Преобразовать"}],"nm":"Группа 37","np":2,"cix":2,"ix":37,"mn":"ADBE Vector Group","hd":false},{"ty":"gr","it":[{"ind":0,"ty":"sh","ix":1,"ks":{"a":0,"k":{"i":[[0,0],[-5.846,4.529],[-3.741,0.696],[-11.375,-8.947],[-6.024,-7.312],[-8.531,-12.317]],"o":[[3.037,-2.933],[6.872,-5.322],[5.453,-1.014],[14.84,11.672],[5.791,7.026],[0,0]],"v":[[-51.434,-14.163],[-38.033,-25.753],[-23.907,-34.447],[-1.449,-24.305],[29.392,6.298],[51.434,35.46]],"c":false},"ix":2},"nm":"Контур 1","mn":"ADBE Vector Shape - Group","hd":false},{"ty":"st","c":{"a":0,"k":[0,0,0,1],"ix":3},"o":{"a":0,"k":100,"ix":4},"w":{"a":0,"k":2,"ix":5},"lc":1,"lj":1,"ml":10,"nm":"Обводка 1","mn":"ADBE Vector Graphic - Stroke","hd":false},{"ty":"tr","p":{"a":0,"k":[402.209,249.53],"ix":2},"a":{"a":0,"k":[0,0],"ix":1},"s":{"a":0,"k":[100,100],"ix":3},"r":{"a":0,"k":0,"ix":6},"o":{"a":0,"k":100,"ix":7},"sk":{"a":0,"k":0,"ix":4},"sa":{"a":0,"k":0,"ix":5},"nm":"Преобразовать"}],"nm":"Группа 38","np":2,"cix":2,"ix":38,"mn":"ADBE Vector Group","hd":false},{"ty":"gr","it":[{"ind":0,"ty":"sh","ix":1,"ks":{"a":0,"k":{"i":[[16.086,1.177],[11.197,2.44],[33.189,11.946],[-11.755,6.593],[-3.555,0.172],[-0.008,12.769],[-2.159,0.542],[-2.361,1.674],[2.149,7.02],[-1.448,-0.121],[-2.536,8.452],[-2.599,0.264],[-0.8,-0.245],[0,0],[-2.431,0.145],[-2.202,-0.65],[-3.26,3.14],[0.604,1.449],[-5.192,5.191],[0.483,1.69],[-2.397,3.146],[-1.456,0.614],[-2.036,-0.081],[0.743,4.018],[-0.115,11.341],[2.809,5.576],[-5.478,1.481],[-3.444,3.72],[-0.155,1.769],[-2.415,-1.57],[1.035,-4.684],[1.882,-7.288],[-3.729,-6.462],[-8.348,2.918],[-1.462,8.794],[-6.01,-0.726],[-11.47,-0.194],[-2.922,3.133],[-1.73,2.383],[0.125,7.609],[-5.001,0.049],[-4.61,2.486],[-4.494,3.1],[0.958,-2.361],[3.828,-6.7],[1.282,-1.916],[-1.811,-0.242],[-0.981,-4.58],[-1.174,-0.7],[-6.882,-0.12],[-0.353,-2.517],[-0.949,-3.783],[-3.705,-6.345],[0.398,-1.053],[1.373,-0.093],[-2.497,-1.363],[-8.122,-3.435],[-1.402,-1.594],[-1.328,-7.607],[-2.802,-0.956],[-0.93,-1.454],[-1.966,-2.974],[-7.283,0.315],[-9.158,-3.328],[1.086,-6.279],[-3.412,-0.243],[-3.485,-1.487],[-2.752,-7.104],[1.745,-9.781],[1.12,-2.38],[-2.32,-0.15],[-11.104,0.396],[-1.259,-0.841],[-0.678,-8.04],[-1.601,-3.818],[0.815,-3.017],[5.339,-1.745],[9.787,-5.289],[-3.511,-4.159],[-6.769,-2.554],[8.909,-0.732],[14.256,6.454],[4.288,5.738],[8.241,-1.125],[10.715,-2.35],[54.13,0.832]],"o":[[-51.072,-3.734],[-23.546,-5.13],[-5.732,-24.513],[2.057,-1.155],[0.008,-12.77],[0.969,-0.845],[6.236,-1.567],[1.105,-0.785],[1.449,0.121],[2.536,-8.452],[0.705,-0.592],[1.548,-0.157],[0,0],[1.644,-0.489],[3.949,-0.235],[3.259,-3.139],[-0.604,-1.449],[5.192,-5.192],[-0.484,-1.691],[2.893,-5.796],[5.755,-7.55],[3.25,-1.371],[-1.478,-1.719],[-1.757,-9.505],[0.031,-2.959],[2.497,0.65],[2.286,-0.619],[3.886,-4.198],[2.415,1.57],[1.66,2.866],[-1.611,7.295],[-0.734,2.843],[1.693,0.794],[7.943,-2.777],[5.578,0.954],[13.11,1.585],[1.389,-1.767],[4.277,-4.589],[1.974,-2.722],[1.412,1.74],[1.52,-0.014],[2.84,-1.531],[-1.149,3.637],[-1.064,2.62],[-1.782,3.118],[1.811,0.242],[-0.633,1.771],[1.659,7.75],[6.882,0.121],[6.316,3.745],[0.457,3.253],[0.317,1.265],[2.395,4.1],[-0.777,2.056],[1.194,7.828],[5.643,3.08],[3.236,1.369],[1.328,7.607],[4.646,0.549],[3.472,1.184],[2.483,3.883],[1.877,2.839],[5.433,-0.236],[-1.086,6.278],[1.815,0.877],[6.238,0.446],[1.176,0.501],[3.54,9.143],[-0.648,3.631],[4.08,1.247],[5.089,0.328],[3.346,-0.119],[2.694,1.8],[0.864,10.253],[2.54,6.054],[-0.952,3.524],[-6.15,2.01],[1.889,3.662],[9.487,11.238],[-4.885,1.649],[-8.133,0.668],[-11.722,-5.307],[-4.506,0.386],[-24.626,3.361],[-5.807,1.273],[-38.495,-0.591]],"v":[[-49.855,145.028],[-150.583,130.771],[-236.745,105.977],[-227.042,54.003],[-218.736,51.741],[-218.712,13.434],[-214.003,10.899],[-200.6,12.71],[-200.962,2.568],[-196.617,2.93],[-189.01,-22.425],[-183.938,-24.598],[-180.316,-24.236],[-176.332,-34.74],[-170.174,-35.827],[-160.757,-34.74],[-150.978,-44.158],[-152.788,-48.504],[-137.212,-64.079],[-138.663,-69.15],[-130.331,-82.553],[-119.827,-92.332],[-111.497,-93.781],[-115.842,-102.474],[-109.686,-128.916],[-112.945,-141.955],[-100.268,-141.955],[-90.488,-147.389],[-85.779,-158.255],[-78.535,-153.546],[-76,-141.593],[-86.866,-125.294],[-83.967,-111.53],[-66.582,-110.443],[-51.368,-129.278],[-33.982,-126.743],[2.963,-124.206],[9.483,-131.813],[17.09,-139.782],[21.074,-154.633],[31.216,-148.838],[38.822,-151.735],[50.051,-158.617],[46.791,-149.562],[39.548,-134.711],[34.838,-127.105],[40.271,-126.38],[39.548,-116.238],[48.602,-103.923],[69.248,-103.561],[77.579,-93.781],[77.217,-85.45],[81.563,-77.481],[84.1,-71.324],[78.304,-68.788],[84.824,-56.473],[104.745,-54.662],[111.627,-49.591],[115.611,-26.771],[126.84,-24.236],[132.998,-20.976],[132.636,-9.385],[147.85,-8.66],[169.943,-5.038],[166.684,13.797],[174.652,15.969],[187.33,15.246],[192.764,23.938],[197.472,50.381],[194.574,59.435],[204.355,61.247],[225,60.522],[230.796,61.247],[234.056,74.648],[236.953,93.845],[241.662,104.35],[230.434,110.87],[206.165,121.374],[214.134,133.327],[241.662,152.524],[220.653,156.871],[185.156,152.162],[161.613,132.965],[142.054,135.139],[91.705,145.28],[23.972,147.092]],"c":true},"ix":2},"nm":"Контур 1","mn":"ADBE Vector Shape - Group","hd":false},{"ty":"st","c":{"a":0,"k":[0,0,0,1],"ix":3},"o":{"a":0,"k":100,"ix":4},"w":{"a":0,"k":2,"ix":5},"lc":1,"lj":1,"ml":10,"nm":"Обводка 1","mn":"ADBE Vector Graphic - Stroke","hd":false},{"ty":"fl","c":{"a":0,"k":[0.791999966491,0.8,0.536999990426,1],"ix":4},"o":{"a":0,"k":100,"ix":5},"r":1,"nm":"Заливка 1","mn":"ADBE Vector Graphic - Fill","hd":false},{"ty":"tr","p":{"a":0,"k":[247.477,163.617],"ix":2},"a":{"a":0,"k":[0,0],"ix":1},"s":{"a":0,"k":[100,100],"ix":3},"r":{"a":0,"k":0,"ix":6},"o":{"a":0,"k":100,"ix":7},"sk":{"a":0,"k":0,"ix":4},"sa":{"a":0,"k":0,"ix":5},"nm":"Преобразовать"}],"nm":"Группа 39","np":3,"cix":2,"ix":39,"mn":"ADBE Vector Group","hd":false}],"ip":0,"op":49,"st":0,"bm":0}],"markers":[]}