{"v":"4.10.1","fr":60,"ip":0,"op":190,"w":800,"h":800,"nm":"Telephone_Preview","ddd":0,"assets":[{"id":"comp_19","layers":[{"ddd":0,"ind":1,"ty":3,"nm":"Controller","sr":1,"ks":{"o":{"a":0,"k":0,"ix":11},"r":{"a":0,"k":0,"ix":10},"p":{"a":1,"k":[{"i":{"x":0.23,"y":1},"o":{"x":0.333,"y":0},"n":"0p23_1_0p333_0","t":2,"s":[74.94,115.928,0],"e":[74.94,99.928,0],"to":[0,0,0],"ti":[0,0,0]},{"i":{"x":0.833,"y":1},"o":{"x":0.77,"y":0},"n":"0p833_1_0p77_0","t":8,"s":[74.94,99.928,0],"e":[74.94,145.928,0],"to":[0,0,0],"ti":[0,0,0]},{"t":21}],"ix":2},"a":{"a":0,"k":[60,60,0],"ix":1},"s":{"a":1,"k":[{"i":{"x":[0.23,0.23,0.23],"y":[1,1,1]},"o":{"x":[0.167,0.167,0.167],"y":[0,0,0]},"n":["0p23_1_0p167_0","0p23_1_0p167_0","0p23_1_0p167_0"],"t":2,"s":[100,100,100],"e":[100,100,100]},{"i":{"x":[0.833,0.833,0.833],"y":[1,1,1]},"o":{"x":[0.77,0.77,0.77],"y":[0,0,0]},"n":["0p833_1_0p77_0","0p833_1_0p77_0","0p833_1_0p77_0"],"t":8,"s":[100,100,100],"e":[0,0,100]},{"t":21}],"ix":6}},"ao":0,"ip":0,"op":28,"st":-108,"bm":0},{"ddd":0,"ind":2,"ty":4,"nm":"Phone","parent":1,"sr":1,"ks":{"o":{"a":0,"k":100,"ix":11},"r":{"a":0,"k":0,"ix":10},"p":{"a":0,"k":[60,60,0],"ix":2},"a":{"a":0,"k":[74.94,112.928,0],"ix":1},"s":{"a":0,"k":[100,100,100],"ix":6}},"ao":0,"shapes":[{"ty":"gr","it":[{"ind":0,"ty":"sh","ix":1,"ks":{"a":0,"k":{"i":[[-2.601,0],[0,2.601],[2.6,0],[0,-2.599]],"o":[[2.6,0],[0,-2.599],[-2.601,0],[0,2.601]],"v":[[12.286,33.737],[16.965,29.186],[12.286,24.507],[7.734,29.186]],"c":true},"ix":2},"nm":"Path 1","mn":"ADBE Vector Shape - Group","hd":false},{"ind":1,"ty":"sh","ix":2,"ks":{"a":0,"k":{"i":[[-2.601,0],[0,2.6],[2.6,0],[0,-2.6]],"o":[[2.6,0],[0,-2.6],[-2.601,0],[0,2.6]],"v":[[12.286,21.776],[16.965,17.226],[12.286,12.546],[7.734,17.226]],"c":true},"ix":2},"nm":"Path 2","mn":"ADBE Vector Shape - Group","hd":false},{"ind":2,"ty":"sh","ix":3,"ks":{"a":0,"k":{"i":[[-2.601,0],[0,2.6],[2.6,0],[0,-2.6]],"o":[[2.6,0],[0,-2.6],[-2.601,0],[0,2.6]],"v":[[12.286,9.816],[16.965,5.265],[12.286,0.585],[7.734,5.265]],"c":true},"ix":2},"nm":"Path 3","mn":"ADBE Vector Shape - Group","hd":false},{"ind":3,"ty":"sh","ix":4,"ks":{"a":0,"k":{"i":[[-2.601,0],[0,2.6],[2.6,0],[0,-2.6]],"o":[[2.6,0],[0,-2.6],[-2.601,0],[0,2.6]],"v":[[12.286,-2.145],[16.965,-6.695],[12.286,-11.375],[7.734,-6.695]],"c":true},"ix":2},"nm":"Path 4","mn":"ADBE Vector Shape - Group","hd":false},{"ind":4,"ty":"sh","ix":5,"ks":{"a":0,"k":{"i":[[-2.601,0],[0,2.601],[2.599,0],[0,-2.599]],"o":[[2.599,0],[0,-2.599],[-2.601,0],[0,2.601]],"v":[[-0.065,33.737],[4.615,29.186],[-0.065,24.507],[-4.615,29.186]],"c":true},"ix":2},"nm":"Path 5","mn":"ADBE Vector Shape - Group","hd":false},{"ind":5,"ty":"sh","ix":6,"ks":{"a":0,"k":{"i":[[-2.601,0],[0,2.6],[2.599,0],[0,-2.6]],"o":[[2.599,0],[0,-2.6],[-2.601,0],[0,2.6]],"v":[[-0.065,21.776],[4.615,17.226],[-0.065,12.546],[-4.615,17.226]],"c":true},"ix":2},"nm":"Path 6","mn":"ADBE Vector Shape - Group","hd":false},{"ind":6,"ty":"sh","ix":7,"ks":{"a":0,"k":{"i":[[-2.601,0],[0,2.6],[2.599,0],[0,-2.6]],"o":[[2.599,0],[0,-2.6],[-2.601,0],[0,2.6]],"v":[[-0.065,9.816],[4.615,5.265],[-0.065,0.585],[-4.615,5.265]],"c":true},"ix":2},"nm":"Path 7","mn":"ADBE Vector Shape - Group","hd":false},{"ind":7,"ty":"sh","ix":8,"ks":{"a":0,"k":{"i":[[-2.601,0],[0,2.6],[2.599,0],[0,-2.6]],"o":[[2.599,0],[0,-2.6],[-2.601,0],[0,2.6]],"v":[[-0.065,-2.145],[4.615,-6.695],[-0.065,-11.375],[-4.615,-6.695]],"c":true},"ix":2},"nm":"Path 8","mn":"ADBE Vector Shape - Group","hd":false},{"ind":8,"ty":"sh","ix":9,"ks":{"a":0,"k":{"i":[[-2.6,0],[0,2.601],[2.6,0],[0,-2.599]],"o":[[2.6,0],[0,-2.599],[-2.6,0],[0,2.601]],"v":[[-12.415,33.737],[-7.736,29.186],[-12.415,24.507],[-16.965,29.186]],"c":true},"ix":2},"nm":"Path 9","mn":"ADBE Vector Shape - Group","hd":false},{"ind":9,"ty":"sh","ix":10,"ks":{"a":0,"k":{"i":[[-2.6,0],[0,2.6],[2.6,0],[0,-2.6]],"o":[[2.6,0],[0,-2.6],[-2.6,0],[0,2.6]],"v":[[-12.415,21.776],[-7.736,17.226],[-12.415,12.546],[-16.965,17.226]],"c":true},"ix":2},"nm":"Path 10","mn":"ADBE Vector Shape - Group","hd":false},{"ind":10,"ty":"sh","ix":11,"ks":{"a":0,"k":{"i":[[-2.6,0],[0,2.6],[2.6,0],[0,-2.6]],"o":[[2.6,0],[0,-2.6],[-2.6,0],[0,2.6]],"v":[[-12.415,9.816],[-7.736,5.265],[-12.415,0.585],[-16.965,5.265]],"c":true},"ix":2},"nm":"Path 11","mn":"ADBE Vector Shape - Group","hd":false},{"ind":11,"ty":"sh","ix":12,"ks":{"a":0,"k":{"i":[[-2.6,0],[0,2.6],[2.6,0],[0,-2.6]],"o":[[2.6,0],[0,-2.6],[-2.6,0],[0,2.6]],"v":[[-12.415,-2.145],[-7.736,-6.695],[-12.415,-11.375],[-16.965,-6.695]],"c":true},"ix":2},"nm":"Path 12","mn":"ADBE Vector Shape - Group","hd":false},{"ind":12,"ty":"sh","ix":13,"ks":{"a":0,"k":{"i":[[0,0],[0,0],[0,0],[5.07,0],[0,0],[0,4.81],[0,0],[0,0],[0,0],[0,0],[-2.86,0],[0,0],[0,-2.73],[0,0],[0,0],[0,0],[-2.731,0],[0,0],[0,-2.73],[0,0]],"o":[[0,0],[0,0],[0,4.81],[0,0],[-4.681,0],[0,0],[0,0],[0,0],[0,0],[0,-2.73],[0,0],[2.86,0],[0,0],[0,0],[0,0],[0,-2.73],[0,0],[2.86,0],[0,0],[0,0]],"v":[[33.898,-24.862],[33.735,-13.586],[33.735,35.947],[25.156,44.397],[-25.156,44.397],[-33.736,35.947],[-33.736,-13.586],[-34.023,-25.362],[-20.995,-38.806],[-20.995,-39.326],[-15.796,-44.397],[-14.626,-44.397],[-9.556,-39.326],[-9.556,-38.806],[9.685,-38.806],[9.685,-39.326],[14.625,-44.397],[15.925,-44.397],[20.996,-39.326],[20.996,-38.806]],"c":true},"ix":2},"nm":"Path 13","mn":"ADBE Vector Shape - Group","hd":false},{"ty":"fl","c":{"a":0,"k":[0,0,0,1],"ix":4},"o":{"a":0,"k":100,"ix":5},"r":1,"nm":"Fill 1","mn":"ADBE Vector Graphic - Fill","hd":false},{"ty":"tr","p":{"a":0,"k":[75.003,68.531],"ix":2},"a":{"a":0,"k":[0,0],"ix":1},"s":{"a":0,"k":[100,100],"ix":3},"r":{"a":0,"k":0,"ix":6},"o":{"a":0,"k":100,"ix":7},"sk":{"a":0,"k":0,"ix":4},"sa":{"a":0,"k":0,"ix":5},"nm":"Transform"}],"nm":"Group 1","np":14,"cix":2,"ix":1,"mn":"ADBE Vector Group","hd":false}],"ip":0,"op":28,"st":-61,"bm":0},{"ddd":0,"ind":3,"ty":4,"nm":"Phone","parent":1,"sr":1,"ks":{"o":{"a":0,"k":100,"ix":11},"r":{"a":1,"k":[{"i":{"x":[0.657],"y":[1]},"o":{"x":[0.324],"y":[0.006]},"n":["0p657_1_0p324_0p006"],"t":8,"s":[0],"e":[0]},{"i":{"x":[0.667],"y":[1]},"o":{"x":[0.77],"y":[0]},"n":["0p667_1_0p77_0"],"t":11,"s":[0],"e":[-4.4]},{"t":20}],"ix":10},"p":{"a":1,"k":[{"i":{"x":0.657,"y":1},"o":{"x":0.324,"y":0.001},"n":"0p657_1_0p324_0p001","t":8,"s":[61.563,-10.593,0],"e":[60.063,-16.804,0],"to":[0,0,0],"ti":[0,0,0]},{"i":{"x":0.667,"y":1},"o":{"x":0.77,"y":0},"n":"0p667_1_0p77_0","t":11,"s":[60.063,-16.804,0],"e":[60.063,-88.323,0],"to":[0,0,0],"ti":[0,0,0]},{"i":{"x":0.667,"y":1},"o":{"x":0.333,"y":0},"n":"0p667_1_0p333_0","t":20,"s":[60.063,-88.323,0],"e":[60.063,-47.593,0],"to":[0,0,0],"ti":[0,0,0]},{"t":24}],"ix":2},"a":{"a":0,"k":[75.003,42.335,0],"ix":1},"s":{"a":0,"k":[100,100,100],"ix":6}},"ao":0,"shapes":[{"ty":"gr","it":[{"ind":0,"ty":"sh","ix":1,"ks":{"a":0,"k":{"i":[[0,0],[0,-3.77],[0,0],[3.77,0],[0,0],[0,0],[0,0],[0,3.77],[0,0],[-3.77,0],[0,0],[0,0],[0,0],[0,0]],"o":[[3.77,0],[0,0],[0,3.77],[0,0],[0,0],[0,0],[-3.77,0],[0,0],[0,-3.77],[0,0],[0,0],[0,0],[0,0],[0,0]],"v":[[44.136,-38.806],[51.026,-31.916],[51.026,-20.476],[44.136,-13.586],[33.735,-13.586],[-33.736,-13.586],[-44.137,-13.586],[-51.027,-20.476],[-51.027,-31.916],[-44.137,-38.806],[-20.995,-38.806],[-9.556,-38.806],[9.684,-38.806],[20.995,-38.806]],"c":true},"ix":2},"nm":"Path 13","mn":"ADBE Vector Shape - Group","hd":false},{"ty":"mm","mm":1,"nm":"Merge Paths 1","mn":"ADBE Vector Filter - Merge","hd":false},{"ty":"fl","c":{"a":0,"k":[0,0,0,1],"ix":4},"o":{"a":0,"k":100,"ix":5},"r":1,"nm":"Fill 1","mn":"ADBE Vector Graphic - Fill","hd":false},{"ty":"tr","p":{"a":0,"k":[75.003,68.531],"ix":2},"a":{"a":0,"k":[0,0],"ix":1},"s":{"a":0,"k":[100,100],"ix":3},"r":{"a":0,"k":0,"ix":6},"o":{"a":0,"k":100,"ix":7},"sk":{"a":0,"k":0,"ix":4},"sa":{"a":0,"k":0,"ix":5},"nm":"Transform"}],"nm":"Group 1","np":3,"cix":2,"ix":1,"mn":"ADBE Vector Group","hd":false}],"ip":0,"op":28,"st":-61,"bm":0}]},{"id":"comp_20","layers":[{"ddd":0,"ind":1,"ty":4,"nm":"Lines","parent":3,"sr":1,"ks":{"o":{"a":0,"k":100,"ix":11},"r":{"a":0,"k":0,"ix":10},"p":{"a":0,"k":[0,-1,0],"ix":2},"a":{"a":0,"k":[0,0,0],"ix":1},"s":{"a":0,"k":[100,100,100],"ix":6}},"ao":0,"shapes":[{"ty":"gr","it":[{"d":1,"ty":"el","s":{"a":0,"k":[45.9,45.9],"ix":2},"p":{"a":0,"k":[0,0],"ix":3},"nm":"Ellipse Path 1","mn":"ADBE Vector Shape - Ellipse","hd":false},{"ty":"tm","s":{"a":0,"k":35,"ix":1},"e":{"a":0,"k":65,"ix":2},"o":{"a":0,"k":179,"ix":3},"m":1,"ix":2,"nm":"Trim Paths 1","mn":"ADBE Vector Filter - Trim","hd":false},{"ty":"st","c":{"a":0,"k":[0,0,0,1],"ix":3},"o":{"a":0,"k":100,"ix":4},"w":{"a":1,"k":[{"i":{"x":[0.833],"y":[0.833]},"o":{"x":[0.167],"y":[0.167]},"n":["0p833_0p833_0p167_0p167"],"t":19,"s":[0],"e":[3]},{"i":{"x":[0.833],"y":[0.833]},"o":{"x":[0.167],"y":[0.167]},"n":["0p833_0p833_0p167_0p167"],"t":21,"s":[3],"e":[3]},{"i":{"x":[0.833],"y":[0.833]},"o":{"x":[0.167],"y":[0.167]},"n":["0p833_0p833_0p167_0p167"],"t":26,"s":[3],"e":[0]},{"t":33}],"ix":5},"lc":2,"lj":2,"nm":"Stroke 1","mn":"ADBE Vector Graphic - Stroke","hd":false},{"ty":"tr","p":{"a":0,"k":[0,0],"ix":2},"a":{"a":0,"k":[0,0],"ix":1},"s":{"a":0,"k":[100,100],"ix":3},"r":{"a":0,"k":0,"ix":6},"o":{"a":0,"k":100,"ix":7},"sk":{"a":0,"k":0,"ix":4},"sa":{"a":0,"k":0,"ix":5},"nm":"Transform"}],"nm":"Ellipse 1","np":4,"cix":2,"ix":1,"mn":"ADBE Vector Group","hd":false}],"ip":17,"op":45,"st":-41,"bm":0},{"ddd":0,"ind":2,"ty":4,"nm":"Lines","parent":3,"sr":1,"ks":{"o":{"a":0,"k":100,"ix":11},"r":{"a":0,"k":0,"ix":10},"p":{"a":0,"k":[0,-0.5,0],"ix":2},"a":{"a":0,"k":[0,0,0],"ix":1},"s":{"a":0,"k":[100,100,100],"ix":6}},"ao":0,"shapes":[{"ty":"gr","it":[{"d":1,"ty":"el","s":{"a":0,"k":[30,30],"ix":2},"p":{"a":0,"k":[0,0],"ix":3},"nm":"Ellipse Path 1","mn":"ADBE Vector Shape - Ellipse","hd":false},{"ty":"tm","s":{"a":0,"k":35,"ix":1},"e":{"a":0,"k":65,"ix":2},"o":{"a":0,"k":179,"ix":3},"m":1,"ix":2,"nm":"Trim Paths 1","mn":"ADBE Vector Filter - Trim","hd":false},{"ty":"st","c":{"a":0,"k":[0,0,0,1],"ix":3},"o":{"a":0,"k":100,"ix":4},"w":{"a":1,"k":[{"i":{"x":[0.833],"y":[0.833]},"o":{"x":[0.167],"y":[0.167]},"n":["0p833_0p833_0p167_0p167"],"t":13,"s":[0],"e":[3]},{"i":{"x":[0.833],"y":[0.833]},"o":{"x":[0.167],"y":[0.167]},"n":["0p833_0p833_0p167_0p167"],"t":15,"s":[3],"e":[3]},{"i":{"x":[0.833],"y":[0.833]},"o":{"x":[0.167],"y":[0.167]},"n":["0p833_0p833_0p167_0p167"],"t":18,"s":[3],"e":[0]},{"t":23}],"ix":5},"lc":2,"lj":2,"nm":"Stroke 1","mn":"ADBE Vector Graphic - Stroke","hd":false},{"ty":"tr","p":{"a":0,"k":[0,0],"ix":2},"a":{"a":0,"k":[0,0],"ix":1},"s":{"a":0,"k":[100,100],"ix":3},"r":{"a":0,"k":0,"ix":6},"o":{"a":0,"k":100,"ix":7},"sk":{"a":0,"k":0,"ix":4},"sa":{"a":0,"k":0,"ix":5},"nm":"Transform"}],"nm":"Ellipse 1","np":4,"cix":2,"ix":1,"mn":"ADBE Vector Group","hd":false}],"ip":11,"op":45,"st":-47,"bm":0},{"ddd":0,"ind":3,"ty":4,"nm":"Lines","sr":1,"ks":{"o":{"a":0,"k":100,"ix":11},"r":{"a":0,"k":0,"ix":10},"p":{"a":0,"k":[75,30,0],"ix":2},"a":{"a":0,"k":[0,0,0],"ix":1},"s":{"a":1,"k":[{"i":{"x":[0.833,0.833,0.833],"y":[0.833,0.833,0.833]},"o":{"x":[0.167,0.167,0.167],"y":[0.167,0.167,0.167]},"n":["0p833_0p833_0p167_0p167","0p833_0p833_0p167_0p167","0p833_0p833_0p167_0p167"],"t":6,"s":[90,90,100],"e":[110,110,100]},{"t":41}],"ix":6}},"ao":0,"shapes":[{"ty":"gr","it":[{"d":1,"ty":"el","s":{"a":0,"k":[15,15],"ix":2},"p":{"a":0,"k":[0,0],"ix":3},"nm":"Ellipse Path 1","mn":"ADBE Vector Shape - Ellipse","hd":false},{"ty":"tm","s":{"a":0,"k":35,"ix":1},"e":{"a":0,"k":65,"ix":2},"o":{"a":0,"k":179,"ix":3},"m":1,"ix":2,"nm":"Trim Paths 1","mn":"ADBE Vector Filter - Trim","hd":false},{"ty":"st","c":{"a":0,"k":[0,0,0,1],"ix":3},"o":{"a":0,"k":100,"ix":4},"w":{"a":1,"k":[{"i":{"x":[0.833],"y":[0.833]},"o":{"x":[0.167],"y":[0.167]},"n":["0p833_0p833_0p167_0p167"],"t":8,"s":[0],"e":[3]},{"i":{"x":[0.833],"y":[0.833]},"o":{"x":[0.167],"y":[0.167]},"n":["0p833_0p833_0p167_0p167"],"t":10,"s":[3],"e":[3]},{"i":{"x":[0.833],"y":[0.833]},"o":{"x":[0.167],"y":[0.167]},"n":["0p833_0p833_0p167_0p167"],"t":13,"s":[3],"e":[0]},{"t":18}],"ix":5},"lc":2,"lj":2,"nm":"Stroke 1","mn":"ADBE Vector Graphic - Stroke","hd":false},{"ty":"tr","p":{"a":0,"k":[0,0],"ix":2},"a":{"a":0,"k":[0,0],"ix":1},"s":{"a":0,"k":[100,100],"ix":3},"r":{"a":0,"k":0,"ix":6},"o":{"a":0,"k":100,"ix":7},"sk":{"a":0,"k":0,"ix":4},"sa":{"a":0,"k":0,"ix":5},"nm":"Transform"}],"nm":"Ellipse 1","np":4,"cix":2,"ix":1,"mn":"ADBE Vector Group","hd":false}],"ip":6,"op":45,"st":-52,"bm":0},{"ddd":0,"ind":4,"ty":4,"nm":"Phone","sr":1,"ks":{"o":{"a":0,"k":100,"ix":11},"r":{"a":0,"k":0,"ix":10},"p":{"a":0,"k":[74.94,115.928,0],"ix":2},"a":{"a":0,"k":[74.94,112.928,0],"ix":1},"s":{"a":0,"k":[100,100,100],"ix":6}},"ao":0,"shapes":[{"ty":"gr","it":[{"ind":0,"ty":"sh","ix":1,"ks":{"a":0,"k":{"i":[[-2.601,0],[0,2.601],[2.6,0],[0,-2.599]],"o":[[2.6,0],[0,-2.599],[-2.601,0],[0,2.601]],"v":[[12.286,33.737],[16.965,29.186],[12.286,24.507],[7.734,29.186]],"c":true},"ix":2},"nm":"Path 1","mn":"ADBE Vector Shape - Group","hd":false},{"ind":1,"ty":"sh","ix":2,"ks":{"a":0,"k":{"i":[[-2.601,0],[0,2.6],[2.6,0],[0,-2.6]],"o":[[2.6,0],[0,-2.6],[-2.601,0],[0,2.6]],"v":[[12.286,21.776],[16.965,17.226],[12.286,12.546],[7.734,17.226]],"c":true},"ix":2},"nm":"Path 2","mn":"ADBE Vector Shape - Group","hd":false},{"ind":2,"ty":"sh","ix":3,"ks":{"a":0,"k":{"i":[[-2.601,0],[0,2.6],[2.6,0],[0,-2.6]],"o":[[2.6,0],[0,-2.6],[-2.601,0],[0,2.6]],"v":[[12.286,9.816],[16.965,5.265],[12.286,0.585],[7.734,5.265]],"c":true},"ix":2},"nm":"Path 3","mn":"ADBE Vector Shape - Group","hd":false},{"ind":3,"ty":"sh","ix":4,"ks":{"a":0,"k":{"i":[[-2.601,0],[0,2.6],[2.6,0],[0,-2.6]],"o":[[2.6,0],[0,-2.6],[-2.601,0],[0,2.6]],"v":[[12.286,-2.145],[16.965,-6.695],[12.286,-11.375],[7.734,-6.695]],"c":true},"ix":2},"nm":"Path 4","mn":"ADBE Vector Shape - Group","hd":false},{"ind":4,"ty":"sh","ix":5,"ks":{"a":0,"k":{"i":[[-2.601,0],[0,2.601],[2.599,0],[0,-2.599]],"o":[[2.599,0],[0,-2.599],[-2.601,0],[0,2.601]],"v":[[-0.065,33.737],[4.615,29.186],[-0.065,24.507],[-4.615,29.186]],"c":true},"ix":2},"nm":"Path 5","mn":"ADBE Vector Shape - Group","hd":false},{"ind":5,"ty":"sh","ix":6,"ks":{"a":0,"k":{"i":[[-2.601,0],[0,2.6],[2.599,0],[0,-2.6]],"o":[[2.599,0],[0,-2.6],[-2.601,0],[0,2.6]],"v":[[-0.065,21.776],[4.615,17.226],[-0.065,12.546],[-4.615,17.226]],"c":true},"ix":2},"nm":"Path 6","mn":"ADBE Vector Shape - Group","hd":false},{"ind":6,"ty":"sh","ix":7,"ks":{"a":0,"k":{"i":[[-2.601,0],[0,2.6],[2.599,0],[0,-2.6]],"o":[[2.599,0],[0,-2.6],[-2.601,0],[0,2.6]],"v":[[-0.065,9.816],[4.615,5.265],[-0.065,0.585],[-4.615,5.265]],"c":true},"ix":2},"nm":"Path 7","mn":"ADBE Vector Shape - Group","hd":false},{"ind":7,"ty":"sh","ix":8,"ks":{"a":0,"k":{"i":[[-2.601,0],[0,2.6],[2.599,0],[0,-2.6]],"o":[[2.599,0],[0,-2.6],[-2.601,0],[0,2.6]],"v":[[-0.065,-2.145],[4.615,-6.695],[-0.065,-11.375],[-4.615,-6.695]],"c":true},"ix":2},"nm":"Path 8","mn":"ADBE Vector Shape - Group","hd":false},{"ind":8,"ty":"sh","ix":9,"ks":{"a":0,"k":{"i":[[-2.6,0],[0,2.601],[2.6,0],[0,-2.599]],"o":[[2.6,0],[0,-2.599],[-2.6,0],[0,2.601]],"v":[[-12.415,33.737],[-7.736,29.186],[-12.415,24.507],[-16.965,29.186]],"c":true},"ix":2},"nm":"Path 9","mn":"ADBE Vector Shape - Group","hd":false},{"ind":9,"ty":"sh","ix":10,"ks":{"a":0,"k":{"i":[[-2.6,0],[0,2.6],[2.6,0],[0,-2.6]],"o":[[2.6,0],[0,-2.6],[-2.6,0],[0,2.6]],"v":[[-12.415,21.776],[-7.736,17.226],[-12.415,12.546],[-16.965,17.226]],"c":true},"ix":2},"nm":"Path 10","mn":"ADBE Vector Shape - Group","hd":false},{"ind":10,"ty":"sh","ix":11,"ks":{"a":0,"k":{"i":[[-2.6,0],[0,2.6],[2.6,0],[0,-2.6]],"o":[[2.6,0],[0,-2.6],[-2.6,0],[0,2.6]],"v":[[-12.415,9.816],[-7.736,5.265],[-12.415,0.585],[-16.965,5.265]],"c":true},"ix":2},"nm":"Path 11","mn":"ADBE Vector Shape - Group","hd":false},{"ind":11,"ty":"sh","ix":12,"ks":{"a":0,"k":{"i":[[-2.6,0],[0,2.6],[2.6,0],[0,-2.6]],"o":[[2.6,0],[0,-2.6],[-2.6,0],[0,2.6]],"v":[[-12.415,-2.145],[-7.736,-6.695],[-12.415,-11.375],[-16.965,-6.695]],"c":true},"ix":2},"nm":"Path 12","mn":"ADBE Vector Shape - Group","hd":false},{"ind":12,"ty":"sh","ix":13,"ks":{"a":0,"k":{"i":[[0,0],[0,0],[0,0],[5.07,0],[0,0],[0,4.81],[0,0],[0,0],[0,0],[0,0],[-2.86,0],[0,0],[0,-2.73],[0,0],[0,0],[0,0],[-2.731,0],[0,0],[0,-2.73],[0,0]],"o":[[0,0],[0,0],[0,4.81],[0,0],[-4.681,0],[0,0],[0,0],[0,0],[0,0],[0,-2.73],[0,0],[2.86,0],[0,0],[0,0],[0,0],[0,-2.73],[0,0],[2.86,0],[0,0],[0,0]],"v":[[33.898,-24.862],[33.735,-13.586],[33.735,35.947],[25.156,44.397],[-25.156,44.397],[-33.736,35.947],[-33.736,-13.586],[-34.023,-25.362],[-20.995,-38.806],[-20.995,-39.326],[-15.796,-44.397],[-14.626,-44.397],[-9.556,-39.326],[-9.556,-38.806],[9.685,-38.806],[9.685,-39.326],[14.625,-44.397],[15.925,-44.397],[20.996,-39.326],[20.996,-38.806]],"c":true},"ix":2},"nm":"Path 13","mn":"ADBE Vector Shape - Group","hd":false},{"ty":"fl","c":{"a":0,"k":[0,0,0,1],"ix":4},"o":{"a":0,"k":100,"ix":5},"r":1,"nm":"Fill 1","mn":"ADBE Vector Graphic - Fill","hd":false},{"ty":"tr","p":{"a":0,"k":[75.003,68.531],"ix":2},"a":{"a":0,"k":[0,0],"ix":1},"s":{"a":0,"k":[100,100],"ix":3},"r":{"a":0,"k":0,"ix":6},"o":{"a":0,"k":100,"ix":7},"sk":{"a":0,"k":0,"ix":4},"sa":{"a":0,"k":0,"ix":5},"nm":"Transform"}],"nm":"Group 1","np":14,"cix":2,"ix":1,"mn":"ADBE Vector Group","hd":false}],"ip":0,"op":45,"st":-15,"bm":0},{"ddd":0,"ind":5,"ty":4,"nm":"Phone","sr":1,"ks":{"o":{"a":0,"k":100,"ix":11},"r":{"a":1,"k":[{"t":5,"s":[0],"h":1},{"t":7,"s":[2],"h":1},{"t":9.533,"s":[-2],"h":1},{"t":12.068,"s":[2],"h":1},{"t":14.602,"s":[-1],"h":1},{"t":15.867,"s":[2],"h":1},{"t":18.4,"s":[-2],"h":1},{"t":20.936,"s":[1],"h":1},{"t":23.469,"s":[-2],"h":1},{"t":25,"s":[0],"h":1}],"ix":10},"p":{"a":1,"k":[{"t":5,"s":[75.003,45.335,0],"h":1},{"t":7,"s":[75.003,41.335,0],"h":1},{"t":9.533,"s":[76.003,46.085,0],"h":1},{"t":12.068,"s":[73.503,45.585,0],"h":1},{"t":14.602,"s":[76.503,45.335,0],"h":1},{"t":15.867,"s":[75.003,43.835,0],"h":1},{"t":18.4,"s":[76.003,46.085,0],"h":1},{"t":20.936,"s":[73.503,45.585,0],"h":1},{"t":23.469,"s":[76.503,45.335,0],"h":1},{"t":25,"s":[75.003,45.335,0],"h":1}],"ix":2},"a":{"a":0,"k":[75.003,42.335,0],"ix":1},"s":{"a":0,"k":[100,100,100],"ix":6}},"ao":0,"shapes":[{"ty":"gr","it":[{"ind":0,"ty":"sh","ix":1,"ks":{"a":0,"k":{"i":[[0,0],[0,-3.77],[0,0],[3.77,0],[0,0],[0,0],[0,0],[0,3.77],[0,0],[-3.77,0],[0,0],[0,0],[0,0],[0,0]],"o":[[3.77,0],[0,0],[0,3.77],[0,0],[0,0],[0,0],[-3.77,0],[0,0],[0,-3.77],[0,0],[0,0],[0,0],[0,0],[0,0]],"v":[[44.136,-38.806],[51.026,-31.916],[51.026,-20.476],[44.136,-13.586],[33.735,-13.586],[-33.736,-13.586],[-44.137,-13.586],[-51.027,-20.476],[-51.027,-31.916],[-44.137,-38.806],[-20.995,-38.806],[-9.556,-38.806],[9.684,-38.806],[20.995,-38.806]],"c":true},"ix":2},"nm":"Path 13","mn":"ADBE Vector Shape - Group","hd":false},{"ty":"mm","mm":1,"nm":"Merge Paths 1","mn":"ADBE Vector Filter - Merge","hd":false},{"ty":"fl","c":{"a":0,"k":[0,0,0,1],"ix":4},"o":{"a":0,"k":100,"ix":5},"r":1,"nm":"Fill 1","mn":"ADBE Vector Graphic - Fill","hd":false},{"ty":"tr","p":{"a":0,"k":[75.003,68.531],"ix":2},"a":{"a":0,"k":[0,0],"ix":1},"s":{"a":0,"k":[100,100],"ix":3},"r":{"a":0,"k":0,"ix":6},"o":{"a":0,"k":100,"ix":7},"sk":{"a":0,"k":0,"ix":4},"sa":{"a":0,"k":0,"ix":5},"nm":"Transform"}],"nm":"Group 1","np":3,"cix":2,"ix":1,"mn":"ADBE Vector Group","hd":false}],"ip":0,"op":45,"st":-15,"bm":0}]},{"id":"comp_21","layers":[{"ddd":0,"ind":1,"ty":4,"nm":"Lines","sr":1,"ks":{"o":{"a":0,"k":100,"ix":11},"r":{"a":0,"k":0,"ix":10},"p":{"a":0,"k":[75,29.077,0],"ix":2},"a":{"a":0,"k":[0,0,0],"ix":1},"s":{"a":0,"k":[92.286,92.286,100],"ix":6}},"ao":0,"shapes":[{"ty":"gr","it":[{"d":1,"ty":"el","s":{"a":0,"k":[45.9,45.9],"ix":2},"p":{"a":0,"k":[0,0],"ix":3},"nm":"Ellipse Path 1","mn":"ADBE Vector Shape - Ellipse","hd":false},{"ty":"tm","s":{"a":0,"k":35,"ix":1},"e":{"a":0,"k":65,"ix":2},"o":{"a":0,"k":179,"ix":3},"m":1,"ix":2,"nm":"Trim Paths 1","mn":"ADBE Vector Filter - Trim","hd":false},{"ty":"st","c":{"a":0,"k":[0,0,0,1],"ix":3},"o":{"a":0,"k":100,"ix":4},"w":{"a":1,"k":[{"i":{"x":[0.833],"y":[0.833]},"o":{"x":[0.167],"y":[0.167]},"n":["0p833_0p833_0p167_0p167"],"t":81,"s":[0],"e":[3]},{"i":{"x":[0.833],"y":[0.833]},"o":{"x":[0.167],"y":[0.167]},"n":["0p833_0p833_0p167_0p167"],"t":83,"s":[3],"e":[3]},{"i":{"x":[0.833],"y":[0.833]},"o":{"x":[0.167],"y":[0.167]},"n":["0p833_0p833_0p167_0p167"],"t":88,"s":[3],"e":[0]},{"t":95}],"ix":5},"lc":2,"lj":2,"nm":"Stroke 1","mn":"ADBE Vector Graphic - Stroke","hd":false},{"ty":"tr","p":{"a":0,"k":[0,0],"ix":2},"a":{"a":0,"k":[0,0],"ix":1},"s":{"a":0,"k":[100,100],"ix":3},"r":{"a":0,"k":0,"ix":6},"o":{"a":0,"k":100,"ix":7},"sk":{"a":0,"k":0,"ix":4},"sa":{"a":0,"k":0,"ix":5},"nm":"Transform"}],"nm":"Ellipse 1","np":4,"cix":2,"ix":1,"mn":"ADBE Vector Group","hd":false}],"ip":79,"op":117,"st":21,"bm":0},{"ddd":0,"ind":2,"ty":4,"nm":"Lines","sr":1,"ks":{"o":{"a":0,"k":100,"ix":11},"r":{"a":0,"k":0,"ix":10},"p":{"a":0,"k":[75,29.539,0],"ix":2},"a":{"a":0,"k":[0,0,0],"ix":1},"s":{"a":0,"k":[92.286,92.286,100],"ix":6}},"ao":0,"shapes":[{"ty":"gr","it":[{"d":1,"ty":"el","s":{"a":0,"k":[30,30],"ix":2},"p":{"a":0,"k":[0,0],"ix":3},"nm":"Ellipse Path 1","mn":"ADBE Vector Shape - Ellipse","hd":false},{"ty":"tm","s":{"a":0,"k":35,"ix":1},"e":{"a":0,"k":65,"ix":2},"o":{"a":0,"k":179,"ix":3},"m":1,"ix":2,"nm":"Trim Paths 1","mn":"ADBE Vector Filter - Trim","hd":false},{"ty":"st","c":{"a":0,"k":[0,0,0,1],"ix":3},"o":{"a":0,"k":100,"ix":4},"w":{"a":1,"k":[{"i":{"x":[0.833],"y":[0.833]},"o":{"x":[0.167],"y":[0.167]},"n":["0p833_0p833_0p167_0p167"],"t":75,"s":[0],"e":[3]},{"i":{"x":[0.833],"y":[0.833]},"o":{"x":[0.167],"y":[0.167]},"n":["0p833_0p833_0p167_0p167"],"t":77,"s":[3],"e":[3]},{"i":{"x":[0.833],"y":[0.833]},"o":{"x":[0.167],"y":[0.167]},"n":["0p833_0p833_0p167_0p167"],"t":80,"s":[3],"e":[0]},{"t":85}],"ix":5},"lc":2,"lj":2,"nm":"Stroke 1","mn":"ADBE Vector Graphic - Stroke","hd":false},{"ty":"tr","p":{"a":0,"k":[0,0],"ix":2},"a":{"a":0,"k":[0,0],"ix":1},"s":{"a":0,"k":[100,100],"ix":3},"r":{"a":0,"k":0,"ix":6},"o":{"a":0,"k":100,"ix":7},"sk":{"a":0,"k":0,"ix":4},"sa":{"a":0,"k":0,"ix":5},"nm":"Transform"}],"nm":"Ellipse 1","np":4,"cix":2,"ix":1,"mn":"ADBE Vector Group","hd":false}],"ip":73,"op":117,"st":15,"bm":0},{"ddd":0,"ind":3,"ty":3,"nm":"Scaler","sr":1,"ks":{"o":{"a":0,"k":0,"ix":11},"r":{"a":0,"k":0,"ix":10},"p":{"a":1,"k":[{"i":{"x":0.833,"y":0.833},"o":{"x":0.333,"y":0},"n":"0p833_0p833_0p333_0","t":8,"s":[74.94,145.928,0],"e":[74.94,119.928,0],"to":[0,0,0],"ti":[0,0,0]},{"i":{"x":0.667,"y":1},"o":{"x":0.167,"y":0.167},"n":"0p667_1_0p167_0p167","t":18,"s":[74.94,119.928,0],"e":[74.94,115.928,0],"to":[0,0,0],"ti":[0,0,0]},{"t":24}],"ix":2},"a":{"a":0,"k":[60,60,0],"ix":1},"s":{"a":1,"k":[{"i":{"x":[0.833,0.833,0.833],"y":[0.833,0.833,-15.667]},"o":{"x":[0.333,0.333,0.333],"y":[0,0,0]},"n":["0p833_0p833_0p333_0","0p833_0p833_0p333_0","0p833_-15p667_0p333_0"],"t":8,"s":[0,0,100],"e":[100,100,100]},{"i":{"x":[0.833,0.833,0.833],"y":[1,1,1]},"o":{"x":[0.167,0.167,0.167],"y":[0,0,0]},"n":["0p833_1_0p167_0","0p833_1_0p167_0","0p833_1_0p167_0"],"t":18,"s":[100,100,100],"e":[100,100,100]},{"t":24}],"ix":6}},"ao":0,"ip":0,"op":117,"st":0,"bm":0},{"ddd":0,"ind":4,"ty":4,"nm":"Telephone","parent":3,"sr":1,"ks":{"o":{"a":0,"k":100,"ix":11},"r":{"a":0,"k":0,"ix":10},"p":{"a":0,"k":[60,60,0],"ix":2},"a":{"a":0,"k":[74.94,112.928,0],"ix":1},"s":{"a":0,"k":[100,100,100],"ix":6}},"ao":0,"shapes":[{"ty":"gr","it":[{"ind":0,"ty":"sh","ix":1,"ks":{"a":0,"k":{"i":[[-2.601,0],[0,2.601],[2.6,0],[0,-2.599]],"o":[[2.6,0],[0,-2.599],[-2.601,0],[0,2.601]],"v":[[12.286,33.737],[16.965,29.186],[12.286,24.507],[7.734,29.186]],"c":true},"ix":2},"nm":"Path 1","mn":"ADBE Vector Shape - Group","hd":false},{"ind":1,"ty":"sh","ix":2,"ks":{"a":0,"k":{"i":[[-2.601,0],[0,2.6],[2.6,0],[0,-2.6]],"o":[[2.6,0],[0,-2.6],[-2.601,0],[0,2.6]],"v":[[12.286,21.776],[16.965,17.226],[12.286,12.546],[7.734,17.226]],"c":true},"ix":2},"nm":"Path 2","mn":"ADBE Vector Shape - Group","hd":false},{"ind":2,"ty":"sh","ix":3,"ks":{"a":0,"k":{"i":[[-2.601,0],[0,2.6],[2.6,0],[0,-2.6]],"o":[[2.6,0],[0,-2.6],[-2.601,0],[0,2.6]],"v":[[12.286,9.816],[16.965,5.265],[12.286,0.585],[7.734,5.265]],"c":true},"ix":2},"nm":"Path 3","mn":"ADBE Vector Shape - Group","hd":false},{"ind":3,"ty":"sh","ix":4,"ks":{"a":0,"k":{"i":[[-2.601,0],[0,2.6],[2.6,0],[0,-2.6]],"o":[[2.6,0],[0,-2.6],[-2.601,0],[0,2.6]],"v":[[12.286,-2.145],[16.965,-6.695],[12.286,-11.375],[7.734,-6.695]],"c":true},"ix":2},"nm":"Path 4","mn":"ADBE Vector Shape - Group","hd":false},{"ind":4,"ty":"sh","ix":5,"ks":{"a":0,"k":{"i":[[-2.601,0],[0,2.601],[2.599,0],[0,-2.599]],"o":[[2.599,0],[0,-2.599],[-2.601,0],[0,2.601]],"v":[[-0.065,33.737],[4.615,29.186],[-0.065,24.507],[-4.615,29.186]],"c":true},"ix":2},"nm":"Path 5","mn":"ADBE Vector Shape - Group","hd":false},{"ind":5,"ty":"sh","ix":6,"ks":{"a":0,"k":{"i":[[-2.601,0],[0,2.6],[2.599,0],[0,-2.6]],"o":[[2.599,0],[0,-2.6],[-2.601,0],[0,2.6]],"v":[[-0.065,21.776],[4.615,17.226],[-0.065,12.546],[-4.615,17.226]],"c":true},"ix":2},"nm":"Path 6","mn":"ADBE Vector Shape - Group","hd":false},{"ind":6,"ty":"sh","ix":7,"ks":{"a":0,"k":{"i":[[-2.601,0],[0,2.6],[2.599,0],[0,-2.6]],"o":[[2.599,0],[0,-2.6],[-2.601,0],[0,2.6]],"v":[[-0.065,9.816],[4.615,5.265],[-0.065,0.585],[-4.615,5.265]],"c":true},"ix":2},"nm":"Path 7","mn":"ADBE Vector Shape - Group","hd":false},{"ind":7,"ty":"sh","ix":8,"ks":{"a":0,"k":{"i":[[-2.601,0],[0,2.6],[2.599,0],[0,-2.6]],"o":[[2.599,0],[0,-2.6],[-2.601,0],[0,2.6]],"v":[[-0.065,-2.145],[4.615,-6.695],[-0.065,-11.375],[-4.615,-6.695]],"c":true},"ix":2},"nm":"Path 8","mn":"ADBE Vector Shape - Group","hd":false},{"ind":8,"ty":"sh","ix":9,"ks":{"a":0,"k":{"i":[[-2.6,0],[0,2.601],[2.6,0],[0,-2.599]],"o":[[2.6,0],[0,-2.599],[-2.6,0],[0,2.601]],"v":[[-12.415,33.737],[-7.736,29.186],[-12.415,24.507],[-16.965,29.186]],"c":true},"ix":2},"nm":"Path 9","mn":"ADBE Vector Shape - Group","hd":false},{"ind":9,"ty":"sh","ix":10,"ks":{"a":0,"k":{"i":[[-2.6,0],[0,2.6],[2.6,0],[0,-2.6]],"o":[[2.6,0],[0,-2.6],[-2.6,0],[0,2.6]],"v":[[-12.415,21.776],[-7.736,17.226],[-12.415,12.546],[-16.965,17.226]],"c":true},"ix":2},"nm":"Path 10","mn":"ADBE Vector Shape - Group","hd":false},{"ind":10,"ty":"sh","ix":11,"ks":{"a":0,"k":{"i":[[-2.6,0],[0,2.6],[2.6,0],[0,-2.6]],"o":[[2.6,0],[0,-2.6],[-2.6,0],[0,2.6]],"v":[[-12.415,9.816],[-7.736,5.265],[-12.415,0.585],[-16.965,5.265]],"c":true},"ix":2},"nm":"Path 11","mn":"ADBE Vector Shape - Group","hd":false},{"ind":11,"ty":"sh","ix":12,"ks":{"a":0,"k":{"i":[[-2.6,0],[0,2.6],[2.6,0],[0,-2.6]],"o":[[2.6,0],[0,-2.6],[-2.6,0],[0,2.6]],"v":[[-12.415,-2.145],[-7.736,-6.695],[-12.415,-11.375],[-16.965,-6.695]],"c":true},"ix":2},"nm":"Path 12","mn":"ADBE Vector Shape - Group","hd":false},{"ind":12,"ty":"sh","ix":13,"ks":{"a":0,"k":{"i":[[0,0],[0,0],[0,0],[5.07,0],[0,0],[0,4.81],[0,0],[0,0],[0,0],[0,0],[-2.86,0],[0,0],[0,-2.73],[0,0],[0,0],[0,0],[-2.731,0],[0,0],[0,-2.73],[0,0]],"o":[[0,0],[0,0],[0,4.81],[0,0],[-4.681,0],[0,0],[0,0],[0,0],[0,0],[0,-2.73],[0,0],[2.86,0],[0,0],[0,0],[0,0],[0,-2.73],[0,0],[2.86,0],[0,0],[0,0]],"v":[[33.898,-24.862],[33.735,-13.586],[33.735,35.947],[25.156,44.397],[-25.156,44.397],[-33.736,35.947],[-33.736,-13.586],[-34.023,-25.362],[-20.995,-38.806],[-20.995,-39.326],[-15.796,-44.397],[-14.626,-44.397],[-9.556,-39.326],[-9.556,-38.806],[9.685,-38.806],[9.685,-39.326],[14.625,-44.397],[15.925,-44.397],[20.996,-39.326],[20.996,-38.806]],"c":true},"ix":2},"nm":"Path 13","mn":"ADBE Vector Shape - Group","hd":false},{"ty":"fl","c":{"a":0,"k":[0,0,0,1],"ix":4},"o":{"a":0,"k":100,"ix":5},"r":1,"nm":"Fill 1","mn":"ADBE Vector Graphic - Fill","hd":false},{"ty":"tr","p":{"a":0,"k":[75.003,68.531],"ix":2},"a":{"a":0,"k":[0,0],"ix":1},"s":{"a":0,"k":[100,100],"ix":3},"r":{"a":0,"k":0,"ix":6},"o":{"a":0,"k":100,"ix":7},"sk":{"a":0,"k":0,"ix":4},"sa":{"a":0,"k":0,"ix":5},"nm":"Transform"}],"nm":"Group 1","np":14,"cix":2,"ix":1,"mn":"ADBE Vector Group","hd":false}],"ip":0,"op":117,"st":47,"bm":0},{"ddd":0,"ind":5,"ty":4,"nm":"Telephone","parent":3,"sr":1,"ks":{"o":{"a":0,"k":100,"ix":11},"r":{"a":1,"k":[{"i":{"x":[0],"y":[1]},"o":{"x":[0.333],"y":[0]},"n":["0_1_0p333_0"],"t":8,"s":[0],"e":[-4.4]},{"i":{"x":[0.833],"y":[0.833]},"o":{"x":[1],"y":[0]},"n":["0p833_0p833_1_0"],"t":28,"s":[-4.4],"e":[3.829]},{"i":{"x":[0.667],"y":[1]},"o":{"x":[0.167],"y":[0.167]},"n":["0p667_1_0p167_0p167"],"t":38,"s":[3.829],"e":[-0.727]},{"i":{"x":[0.833],"y":[0.833]},"o":{"x":[0.333],"y":[0]},"n":["0p833_0p833_0p333_0"],"t":41,"s":[-0.727],"e":[0]},{"i":{"x":[0.833],"y":[0.833]},"o":{"x":[0.167],"y":[0.167]},"n":["0p833_0p833_0p167_0p167"],"t":44,"s":[0],"e":[0]},{"t":67,"s":[0],"h":1},{"t":69,"s":[2],"h":1},{"t":71.533,"s":[-2],"h":1},{"t":74.068,"s":[2],"h":1},{"t":76.602,"s":[-1],"h":1},{"t":77.867,"s":[2],"h":1},{"t":80.4,"s":[-2],"h":1},{"t":82.936,"s":[1],"h":1},{"t":85,"s":[0],"h":1}],"ix":10},"p":{"a":1,"k":[{"i":{"x":0.667,"y":1},"o":{"x":0.333,"y":0},"n":"0p667_1_0p333_0","t":16,"s":[60.063,-10.593,0],"e":[60.063,-29.593,0],"to":[0,0,0],"ti":[0,0,0]},{"i":{"x":0.833,"y":0.833},"o":{"x":0.333,"y":0},"n":"0p833_0p833_0p333_0","t":28,"s":[60.063,-29.593,0],"e":[60.063,-10.593,0],"to":[0,0,0],"ti":[0,0,0]},{"i":{"x":0.667,"y":1},"o":{"x":0.167,"y":0.167},"n":"0p667_1_0p167_0p167","t":38,"s":[60.063,-10.593,0],"e":[60.063,-12.593,0],"to":[0,0,0],"ti":[0,0,0]},{"i":{"x":0.833,"y":0.833},"o":{"x":0.333,"y":0},"n":"0p833_0p833_0p333_0","t":41,"s":[60.063,-12.593,0],"e":[60.063,-10.593,0],"to":[0,0,0],"ti":[0,0,0]},{"i":{"x":0.833,"y":0.833},"o":{"x":0.167,"y":0.167},"n":"0p833_0p833_0p167_0p167","t":44,"s":[60.063,-10.593,0],"e":[60.063,-10.593,0],"to":[0,0,0],"ti":[0,0,0]},{"t":67,"s":[60.063,-10.593,0],"h":1},{"t":69,"s":[60.063,-14.593,0],"h":1},{"t":71.533,"s":[61.063,-9.843,0],"h":1},{"t":74.068,"s":[58.563,-10.343,0],"h":1},{"t":76.602,"s":[61.563,-10.593,0],"h":1},{"t":77.867,"s":[60.063,-12.093,0],"h":1},{"t":80.4,"s":[61.063,-9.843,0],"h":1},{"t":82.936,"s":[58.563,-10.343,0],"h":1},{"t":85.46875,"s":[61.563,-10.593,0],"h":1}],"ix":2},"a":{"a":0,"k":[75.003,42.335,0],"ix":1},"s":{"a":0,"k":[100,100,100],"ix":6}},"ao":0,"shapes":[{"ty":"gr","it":[{"ind":0,"ty":"sh","ix":1,"ks":{"a":0,"k":{"i":[[0,0],[0,-3.77],[0,0],[3.77,0],[0,0],[0,0],[0,0],[0,3.77],[0,0],[-3.77,0],[0,0],[0,0],[0,0],[0,0]],"o":[[3.77,0],[0,0],[0,3.77],[0,0],[0,0],[0,0],[-3.77,0],[0,0],[0,-3.77],[0,0],[0,0],[0,0],[0,0],[0,0]],"v":[[44.136,-38.806],[51.026,-31.916],[51.026,-20.476],[44.136,-13.586],[33.735,-13.586],[-33.736,-13.586],[-44.137,-13.586],[-51.027,-20.476],[-51.027,-31.916],[-44.137,-38.806],[-20.995,-38.806],[-9.556,-38.806],[9.684,-38.806],[20.995,-38.806]],"c":true},"ix":2},"nm":"Path 13","mn":"ADBE Vector Shape - Group","hd":false},{"ty":"mm","mm":1,"nm":"Merge Paths 1","mn":"ADBE Vector Filter - Merge","hd":false},{"ty":"fl","c":{"a":0,"k":[0,0,0,1],"ix":4},"o":{"a":0,"k":100,"ix":5},"r":1,"nm":"Fill 1","mn":"ADBE Vector Graphic - Fill","hd":false},{"ty":"tr","p":{"a":0,"k":[75.003,68.531],"ix":2},"a":{"a":0,"k":[0,0],"ix":1},"s":{"a":0,"k":[100,100],"ix":3},"r":{"a":0,"k":0,"ix":6},"o":{"a":0,"k":100,"ix":7},"sk":{"a":0,"k":0,"ix":4},"sa":{"a":0,"k":0,"ix":5},"nm":"Transform"}],"nm":"Group 1","np":3,"cix":2,"ix":1,"mn":"ADBE Vector Group","hd":false}],"ip":0,"op":117,"st":47,"bm":0}]}],"layers":[{"ddd":0,"ind":1,"ty":0,"nm":"Telephone_AnimOff","refId":"comp_19","sr":1,"ks":{"o":{"a":0,"k":100,"ix":11},"r":{"a":0,"k":0,"ix":10},"p":{"a":0,"k":[400,400,0],"ix":2},"a":{"a":0,"k":[75,75,0],"ix":1},"s":{"a":0,"k":[100,100,100],"ix":6}},"ao":0,"w":150,"h":150,"ip":162,"op":190,"st":162,"bm":0},{"ddd":0,"ind":2,"ty":0,"nm":"Telephone_Ring","refId":"comp_20","sr":1,"ks":{"o":{"a":0,"k":100,"ix":11},"r":{"a":0,"k":0,"ix":10},"p":{"a":0,"k":[400,400,0],"ix":2},"a":{"a":0,"k":[75,75,0],"ix":1},"s":{"a":0,"k":[100,100,100],"ix":6}},"ao":0,"w":150,"h":150,"ip":117,"op":162,"st":117,"bm":0},{"ddd":0,"ind":3,"ty":0,"nm":"Telephone_AnimOn","refId":"comp_21","sr":1,"ks":{"o":{"a":0,"k":100,"ix":11},"r":{"a":0,"k":0,"ix":10},"p":{"a":0,"k":[400,400,0],"ix":2},"a":{"a":0,"k":[75,75,0],"ix":1},"s":{"a":0,"k":[100,100,100],"ix":6}},"ao":0,"w":150,"h":150,"ip":0,"op":117,"st":0,"bm":0}]}