{"v":"4.6.7","fr":25,"ip":0,"op":150,"w":1080,"h":1920,"nm":"Phone Screen","ddd":0,"assets":[{"id":"image_0","w":204,"h":553,"u":"images/","p":"FIRESPARK-01.png"},{"id":"image_1","w":181,"h":444,"u":"images/","p":"FIre.png"},{"id":"image_2","w":2417,"h":2023,"u":"images/","p":"Fireworks-02.png"},{"id":"image_3","w":2417,"h":2023,"u":"images/","p":"Fireworks-03.png"},{"id":"image_4","w":2417,"h":2023,"u":"images/","p":"Fireworks-01.png"},{"id":"comp_0","layers":[{"ddd":0,"ind":1,"ty":0,"nm":"new fireworks","refId":"comp_1","ks":{"o":{"a":0,"k":100},"r":{"a":0,"k":0},"p":{"a":0,"k":[748,659,0]},"a":{"a":0,"k":[1315.018,856.474,0]},"s":{"a":0,"k":[24,24,100]}},"ao":0,"w":1816,"h":2134,"ip":48,"op":98,"st":48,"bm":0,"sr":1},{"ddd":0,"ind":2,"ty":0,"nm":"new fireworks","refId":"comp_1","ks":{"o":{"a":0,"k":100},"r":{"a":0,"k":0},"p":{"a":0,"k":[748,659,0]},"a":{"a":0,"k":[1315.018,856.474,0]},"s":{"a":0,"k":[24,24,100]}},"ao":0,"w":1816,"h":2134,"ip":89,"op":139,"st":89,"bm":0,"sr":1},{"ddd":0,"ind":3,"ty":0,"nm":"new fireworks","refId":"comp_1","ks":{"o":{"a":0,"k":100},"r":{"a":0,"k":0},"p":{"a":0,"k":[1556,315,0]},"a":{"a":0,"k":[1315.018,856.474,0]},"s":{"a":0,"k":[37,37,100]}},"ao":0,"w":1816,"h":2134,"ip":23,"op":73,"st":23,"bm":0,"sr":1},{"ddd":0,"ind":4,"ty":0,"nm":"new fireworks","refId":"comp_1","ks":{"o":{"a":0,"k":100},"r":{"a":0,"k":0},"p":{"a":0,"k":[1556,315,0]},"a":{"a":0,"k":[1315.018,856.474,0]},"s":{"a":0,"k":[37,37,100]}},"ao":0,"w":1816,"h":2134,"ip":68,"op":118,"st":68,"bm":0,"sr":1},{"ddd":0,"ind":5,"ty":0,"nm":"new fireworks","refId":"comp_1","ks":{"o":{"a":0,"k":100},"r":{"a":0,"k":0},"p":{"a":0,"k":[1188,763,0]},"a":{"a":0,"k":[1315.018,856.474,0]},"s":{"a":0,"k":[45,45,100]}},"ao":0,"w":1816,"h":2134,"ip":55,"op":105,"st":55,"bm":0,"sr":1},{"ddd":0,"ind":6,"ty":0,"nm":"doubleYEL","refId":"comp_2","ks":{"o":{"a":0,"k":100},"r":{"a":0,"k":0},"p":{"a":0,"k":[732,403,0]},"a":{"a":0,"k":[1070,711.5,0]},"s":{"a":0,"k":[70,70,100]}},"ao":0,"w":2140,"h":1423,"ip":82,"op":132,"st":82,"bm":0,"sr":1},{"ddd":0,"ind":7,"ty":0,"nm":"doubleYEL","refId":"comp_2","ks":{"o":{"a":0,"k":100},"r":{"a":0,"k":0},"p":{"a":0,"k":[556,523,0]},"a":{"a":0,"k":[1070,711.5,0]},"s":{"a":0,"k":[84,84,100]}},"ao":0,"w":2140,"h":1423,"ip":100,"op":150,"st":100,"bm":0,"sr":1},{"ddd":0,"ind":8,"ty":0,"nm":"doubleYEL","refId":"comp_2","ks":{"o":{"a":0,"k":100},"r":{"a":0,"k":0},"p":{"a":0,"k":[868,563,0]},"a":{"a":0,"k":[1070,711.5,0]},"s":{"a":0,"k":[72,72,100]}},"ao":0,"w":2140,"h":1423,"ip":61,"op":111,"st":61,"bm":0,"sr":1},{"ddd":0,"ind":9,"ty":0,"nm":"doubleYEL","refId":"comp_2","ks":{"o":{"a":0,"k":100},"r":{"a":0,"k":0},"p":{"a":0,"k":[868,563,0]},"a":{"a":0,"k":[1070,711.5,0]},"s":{"a":0,"k":[72,72,100]}},"ao":0,"w":2140,"h":1423,"ip":33,"op":83,"st":33,"bm":0,"sr":1},{"ddd":0,"ind":10,"ty":0,"nm":"doubleYEL","refId":"comp_2","ks":{"o":{"a":0,"k":100},"r":{"a":0,"k":0},"p":{"a":0,"k":[1252,483,0]},"a":{"a":0,"k":[1070,711.5,0]},"s":{"a":0,"k":[83,83,100]}},"ao":0,"w":2140,"h":1423,"ip":19,"op":69,"st":19,"bm":0,"sr":1},{"ddd":0,"ind":11,"ty":0,"nm":"doubleYEL","refId":"comp_2","ks":{"o":{"a":0,"k":100},"r":{"a":0,"k":0},"p":{"a":0,"k":[1252,483,0]},"a":{"a":0,"k":[1070,711.5,0]},"s":{"a":0,"k":[100,100,100]}},"ao":0,"w":2140,"h":1423,"ip":7,"op":57,"st":7,"bm":0,"sr":1},{"ddd":0,"ind":12,"ty":0,"nm":"new fireworks","refId":"comp_1","ks":{"o":{"a":0,"k":100},"r":{"a":0,"k":0},"p":{"a":0,"k":[1188,763,0]},"a":{"a":0,"k":[1315.018,856.474,0]},"s":{"a":0,"k":[45,45,100]}},"ao":0,"w":1816,"h":2134,"ip":27,"op":77,"st":27,"bm":0,"sr":1},{"ddd":0,"ind":13,"ty":0,"nm":"new fireworks","refId":"comp_1","ks":{"o":{"a":0,"k":100},"r":{"a":0,"k":0},"p":{"a":0,"k":[1076,427,0]},"a":{"a":0,"k":[1315.018,856.474,0]},"s":{"a":0,"k":[37,37,100]}},"ao":0,"w":1816,"h":2134,"ip":84,"op":134,"st":84,"bm":0,"sr":1},{"ddd":0,"ind":14,"ty":0,"nm":"new fireworks","refId":"comp_1","ks":{"o":{"a":0,"k":100},"r":{"a":0,"k":0},"p":{"a":0,"k":[1556,315,0]},"a":{"a":0,"k":[1315.018,856.474,0]},"s":{"a":0,"k":[37,37,100]}},"ao":0,"w":1816,"h":2134,"ip":35,"op":85,"st":35,"bm":0,"sr":1},{"ddd":0,"ind":15,"ty":0,"nm":"new fireworks","refId":"comp_1","ks":{"o":{"a":0,"k":100},"r":{"a":0,"k":0},"p":{"a":0,"k":[1556,315,0]},"a":{"a":0,"k":[1315.018,856.474,0]},"s":{"a":0,"k":[37,37,100]}},"ao":0,"w":1816,"h":2134,"ip":95,"op":145,"st":95,"bm":0,"sr":1},{"ddd":0,"ind":16,"ty":0,"nm":"YEL","refId":"comp_3","ks":{"o":{"a":0,"k":100},"r":{"a":0,"k":0},"p":{"a":0,"k":[772,411,0]},"a":{"a":0,"k":[1070,711.5,0]},"s":{"a":0,"k":[56,56,100]}},"ao":0,"w":2140,"h":1423,"ip":12,"op":62,"st":12,"bm":0,"sr":1},{"ddd":0,"ind":17,"ty":0,"nm":"YEL","refId":"comp_3","ks":{"o":{"a":0,"k":100},"r":{"a":0,"k":0},"p":{"a":0,"k":[772,411,0]},"a":{"a":0,"k":[1070,711.5,0]},"s":{"a":0,"k":[29,29,100]}},"ao":0,"w":2140,"h":1423,"ip":4,"op":54,"st":4,"bm":0,"sr":1},{"ddd":0,"ind":18,"ty":0,"nm":"YEL","refId":"comp_3","ks":{"o":{"a":0,"k":100},"r":{"a":0,"k":0},"p":{"a":0,"k":[468,691,0]},"a":{"a":0,"k":[1070,711.5,0]},"s":{"a":0,"k":[45,45,100]}},"ao":0,"w":2140,"h":1423,"ip":13,"op":63,"st":13,"bm":0,"sr":1},{"ddd":0,"ind":19,"ty":0,"nm":"YEL","refId":"comp_3","ks":{"o":{"a":0,"k":100},"r":{"a":0,"k":0},"p":{"a":0,"k":[1300,547,0]},"a":{"a":0,"k":[1070,711.5,0]},"s":{"a":0,"k":[31,31,100]}},"ao":0,"w":2140,"h":1423,"ip":0,"op":50,"st":0,"bm":0,"sr":1},{"ddd":0,"ind":20,"ty":0,"nm":"new fireworks","refId":"comp_1","ks":{"o":{"a":0,"k":100},"r":{"a":0,"k":0},"p":{"a":0,"k":[852,691,0]},"a":{"a":0,"k":[1315.018,856.474,0]},"s":{"a":0,"k":[37,37,100]}},"ao":0,"w":1816,"h":2134,"ip":71,"op":121,"st":71,"bm":0,"sr":1},{"ddd":0,"ind":21,"ty":0,"nm":"new fireworks","refId":"comp_1","ks":{"o":{"a":0,"k":100},"r":{"a":0,"k":0},"p":{"a":0,"k":[1676,1003,0]},"a":{"a":0,"k":[1315.018,856.474,0]},"s":{"a":0,"k":[58,58,100]}},"ao":0,"w":1816,"h":2134,"ip":46,"op":96,"st":46,"bm":0,"sr":1},{"ddd":0,"ind":22,"ty":0,"nm":"new fireworks","refId":"comp_1","ks":{"o":{"a":0,"k":100},"r":{"a":0,"k":0},"p":{"a":0,"k":[1676,1003,0]},"a":{"a":0,"k":[1315.018,856.474,0]},"s":{"a":0,"k":[58,58,100]}},"ao":0,"w":1816,"h":2134,"ip":78,"op":128,"st":78,"bm":0,"sr":1},{"ddd":0,"ind":23,"ty":0,"nm":"new fireworks","refId":"comp_1","ks":{"o":{"a":0,"k":100},"r":{"a":0,"k":0},"p":{"a":0,"k":[1524,1091,0]},"a":{"a":0,"k":[1315.018,856.474,0]},"s":{"a":0,"k":[58,58,100]}},"ao":0,"w":1816,"h":2134,"ip":38,"op":88,"st":38,"bm":0,"sr":1},{"ddd":0,"ind":24,"ty":0,"nm":"new fireworks","refId":"comp_1","ks":{"o":{"a":0,"k":100},"r":{"a":0,"k":0},"p":{"a":0,"k":[404,843,0]},"a":{"a":0,"k":[1315.018,856.474,0]},"s":{"a":0,"k":[51,51,100]}},"ao":0,"w":1816,"h":2134,"ip":51,"op":101,"st":51,"bm":0,"sr":1},{"ddd":0,"ind":25,"ty":0,"nm":"new fireworks","refId":"comp_1","ks":{"o":{"a":0,"k":100},"r":{"a":0,"k":0},"p":{"a":0,"k":[708,635,0]},"a":{"a":0,"k":[1315.018,856.474,0]},"s":{"a":0,"k":[38,38,100]}},"ao":0,"w":1816,"h":2134,"ip":21,"op":71,"st":21,"bm":0,"sr":1},{"ddd":0,"ind":26,"ty":0,"nm":"new fireworks","refId":"comp_1","ks":{"o":{"a":0,"k":100},"r":{"a":0,"k":0},"p":{"a":0,"k":[1052,139,0]},"a":{"a":0,"k":[1315.018,856.474,0]},"s":{"a":0,"k":[51,51,100]}},"ao":0,"w":1816,"h":2134,"ip":98,"op":148,"st":98,"bm":0,"sr":1},{"ddd":0,"ind":27,"ty":0,"nm":"new fireworks","refId":"comp_1","ks":{"o":{"a":0,"k":100},"r":{"a":0,"k":0},"p":{"a":0,"k":[1052,139,0]},"a":{"a":0,"k":[1315.018,856.474,0]},"s":{"a":0,"k":[51,51,100]}},"ao":0,"w":1816,"h":2134,"ip":39,"op":89,"st":39,"bm":0,"sr":1},{"ddd":0,"ind":28,"ty":0,"nm":"new fireworks","refId":"comp_1","ks":{"o":{"a":0,"k":100},"r":{"a":0,"k":0},"p":{"a":0,"k":[404,843,0]},"a":{"a":0,"k":[1315.018,856.474,0]},"s":{"a":0,"k":[51,51,100]}},"ao":0,"w":1816,"h":2134,"ip":80,"op":130,"st":80,"bm":0,"sr":1},{"ddd":0,"ind":29,"ty":0,"nm":"new fireworks","refId":"comp_1","ks":{"o":{"a":0,"k":100},"r":{"a":0,"k":0},"p":{"a":0,"k":[404,843,0]},"a":{"a":0,"k":[1315.018,856.474,0]},"s":{"a":0,"k":[51,51,100]}},"ao":0,"w":1816,"h":2134,"ip":15,"op":65,"st":15,"bm":0,"sr":1},{"ddd":0,"ind":30,"ty":0,"nm":"new fireworks","refId":"comp_1","ks":{"o":{"a":0,"k":100},"r":{"a":0,"k":0},"p":{"a":0,"k":[980,667,0]},"a":{"a":0,"k":[1315.018,856.474,0]},"s":{"a":0,"k":[49,49,100]}},"ao":0,"w":1816,"h":2134,"ip":36,"op":86,"st":36,"bm":0,"sr":1},{"ddd":0,"ind":31,"ty":0,"nm":"new fireworks","refId":"comp_1","ks":{"o":{"a":0,"k":100},"r":{"a":0,"k":0},"p":{"a":0,"k":[668,291,0]},"a":{"a":0,"k":[1315.018,856.474,0]},"s":{"a":0,"k":[57,57,100]}},"ao":0,"w":1816,"h":2134,"ip":2,"op":52,"st":2,"bm":0,"sr":1},{"ddd":0,"ind":32,"ty":0,"nm":"new fireworks","refId":"comp_1","ks":{"o":{"a":0,"k":100},"r":{"a":0,"k":0},"p":{"a":0,"k":[1156,651,0]},"a":{"a":0,"k":[1315.018,856.474,0]},"s":{"a":0,"k":[27,27,100]}},"ao":0,"w":1816,"h":2134,"ip":6,"op":56,"st":6,"bm":0,"sr":1}]},{"id":"comp_1","layers":[{"ddd":0,"ind":1,"ty":2,"nm":"FIRESPARK-01.png","cl":"png","refId":"image_0","ks":{"o":{"a":0,"k":100},"r":{"a":0,"k":342.819},"p":{"a":1,"k":[{"i":{"x":0.667,"y":1},"o":{"x":0.167,"y":0.167},"n":"0p667_1_0p167_0p167","t":8,"s":[912,1207,0],"e":[912,1037,0],"to":[0,-28.3333339691162,0],"ti":[0,28.3333339691162,0]},{"t":18}]},"a":{"a":0,"k":[107.714,602.84,0]},"s":{"a":1,"k":[{"i":{"x":[0.667,0.667,0.667],"y":[1,1,0.667]},"o":{"x":[0.167,0.167,0.167],"y":[0.167,0.167,0.167]},"n":["0p667_1_0p167_0p167","0p667_1_0p167_0p167","0p667_0p667_0p167_0p167"],"t":7,"s":[50,0,100],"e":[70.857,83.714,100]},{"i":{"x":[0.667,0.667,0.667],"y":[1,1,0.667]},"o":{"x":[0.333,0.333,0.333],"y":[0,0,0.333]},"n":["0p667_1_0p333_0","0p667_1_0p333_0","0p667_0p667_0p333_0p333"],"t":12,"s":[70.857,83.714,100],"e":[0,109,100]},{"t":18}]}},"ao":0,"ip":0,"op":50,"st":0,"bm":0,"sr":1},{"ddd":0,"ind":2,"ty":2,"nm":"FIRESPARK-01.png","cl":"png","refId":"image_0","ks":{"o":{"a":0,"k":100},"r":{"a":0,"k":325.669},"p":{"a":1,"k":[{"i":{"x":0.667,"y":1},"o":{"x":0.167,"y":0.167},"n":"0p667_1_0p167_0p167","t":8,"s":[912,1207,0],"e":[912,1037,0],"to":[0,-28.3333339691162,0],"ti":[0,28.3333339691162,0]},{"t":18}]},"a":{"a":0,"k":[107.714,602.84,0]},"s":{"a":1,"k":[{"i":{"x":[0.667,0.667,0.667],"y":[1,1,0.667]},"o":{"x":[0.167,0.167,0.167],"y":[0.167,0.167,0.167]},"n":["0p667_1_0p167_0p167","0p667_1_0p167_0p167","0p667_0p667_0p167_0p167"],"t":7,"s":[50,0,100],"e":[70.857,83.714,100]},{"i":{"x":[0.667,0.667,0.667],"y":[1,1,0.667]},"o":{"x":[0.333,0.333,0.333],"y":[0,0,0.333]},"n":["0p667_1_0p333_0","0p667_1_0p333_0","0p667_0p667_0p333_0p333"],"t":12,"s":[70.857,83.714,100],"e":[0,109,100]},{"t":18}]}},"ao":0,"ip":0,"op":50,"st":0,"bm":0,"sr":1},{"ddd":0,"ind":3,"ty":2,"nm":"FIRESPARK-01.png","cl":"png","refId":"image_0","ks":{"o":{"a":0,"k":100},"r":{"a":0,"k":308.529},"p":{"a":1,"k":[{"i":{"x":0.667,"y":1},"o":{"x":0.167,"y":0.167},"n":"0p667_1_0p167_0p167","t":8,"s":[912,1207,0],"e":[912,1037,0],"to":[0,-28.3333339691162,0],"ti":[0,28.3333339691162,0]},{"t":18}]},"a":{"a":0,"k":[107.714,602.84,0]},"s":{"a":1,"k":[{"i":{"x":[0.667,0.667,0.667],"y":[1,1,0.667]},"o":{"x":[0.167,0.167,0.167],"y":[0.167,0.167,0.167]},"n":["0p667_1_0p167_0p167","0p667_1_0p167_0p167","0p667_0p667_0p167_0p167"],"t":7,"s":[50,0,100],"e":[70.857,83.714,100]},{"i":{"x":[0.667,0.667,0.667],"y":[1,1,0.667]},"o":{"x":[0.333,0.333,0.333],"y":[0,0,0.333]},"n":["0p667_1_0p333_0","0p667_1_0p333_0","0p667_0p667_0p333_0p333"],"t":12,"s":[70.857,83.714,100],"e":[0,109,100]},{"t":18}]}},"ao":0,"ip":0,"op":50,"st":0,"bm":0,"sr":1},{"ddd":0,"ind":4,"ty":2,"nm":"FIRESPARK-01.png","cl":"png","refId":"image_0","ks":{"o":{"a":0,"k":100},"r":{"a":0,"k":291.389},"p":{"a":1,"k":[{"i":{"x":0.667,"y":1},"o":{"x":0.167,"y":0.167},"n":"0p667_1_0p167_0p167","t":8,"s":[912,1207,0],"e":[912,1037,0],"to":[0,-28.3333339691162,0],"ti":[0,28.3333339691162,0]},{"t":18}]},"a":{"a":0,"k":[107.714,602.84,0]},"s":{"a":1,"k":[{"i":{"x":[0.667,0.667,0.667],"y":[1,1,0.667]},"o":{"x":[0.167,0.167,0.167],"y":[0.167,0.167,0.167]},"n":["0p667_1_0p167_0p167","0p667_1_0p167_0p167","0p667_0p667_0p167_0p167"],"t":7,"s":[50,0,100],"e":[70.857,83.714,100]},{"i":{"x":[0.667,0.667,0.667],"y":[1,1,0.667]},"o":{"x":[0.333,0.333,0.333],"y":[0,0,0.333]},"n":["0p667_1_0p333_0","0p667_1_0p333_0","0p667_0p667_0p333_0p333"],"t":12,"s":[70.857,83.714,100],"e":[0,109,100]},{"t":18}]}},"ao":0,"ip":0,"op":50,"st":0,"bm":0,"sr":1},{"ddd":0,"ind":5,"ty":2,"nm":"FIRESPARK-01.png","cl":"png","refId":"image_0","ks":{"o":{"a":0,"k":100},"r":{"a":0,"k":274.249},"p":{"a":1,"k":[{"i":{"x":0.667,"y":1},"o":{"x":0.167,"y":0.167},"n":"0p667_1_0p167_0p167","t":8,"s":[912,1207,0],"e":[912,1037,0],"to":[0,-28.3333339691162,0],"ti":[0,28.3333339691162,0]},{"t":18}]},"a":{"a":0,"k":[107.714,602.84,0]},"s":{"a":1,"k":[{"i":{"x":[0.667,0.667,0.667],"y":[1,1,0.667]},"o":{"x":[0.167,0.167,0.167],"y":[0.167,0.167,0.167]},"n":["0p667_1_0p167_0p167","0p667_1_0p167_0p167","0p667_0p667_0p167_0p167"],"t":7,"s":[50,0,100],"e":[70.857,83.714,100]},{"i":{"x":[0.667,0.667,0.667],"y":[1,1,0.667]},"o":{"x":[0.333,0.333,0.333],"y":[0,0,0.333]},"n":["0p667_1_0p333_0","0p667_1_0p333_0","0p667_0p667_0p333_0p333"],"t":12,"s":[70.857,83.714,100],"e":[0,109,100]},{"t":18}]}},"ao":0,"ip":0,"op":50,"st":0,"bm":0,"sr":1},{"ddd":0,"ind":6,"ty":2,"nm":"FIRESPARK-01.png","cl":"png","refId":"image_0","ks":{"o":{"a":0,"k":100},"r":{"a":0,"k":257.109},"p":{"a":1,"k":[{"i":{"x":0.667,"y":1},"o":{"x":0.167,"y":0.167},"n":"0p667_1_0p167_0p167","t":8,"s":[912,1207,0],"e":[912,1037,0],"to":[0,-28.3333339691162,0],"ti":[0,28.3333339691162,0]},{"t":18}]},"a":{"a":0,"k":[107.714,602.84,0]},"s":{"a":1,"k":[{"i":{"x":[0.667,0.667,0.667],"y":[1,1,0.667]},"o":{"x":[0.167,0.167,0.167],"y":[0.167,0.167,0.167]},"n":["0p667_1_0p167_0p167","0p667_1_0p167_0p167","0p667_0p667_0p167_0p167"],"t":7,"s":[50,0,100],"e":[70.857,83.714,100]},{"i":{"x":[0.667,0.667,0.667],"y":[1,1,0.667]},"o":{"x":[0.333,0.333,0.333],"y":[0,0,0.333]},"n":["0p667_1_0p333_0","0p667_1_0p333_0","0p667_0p667_0p333_0p333"],"t":12,"s":[70.857,83.714,100],"e":[0,109,100]},{"t":18}]}},"ao":0,"ip":0,"op":50,"st":0,"bm":0,"sr":1},{"ddd":0,"ind":7,"ty":2,"nm":"FIRESPARK-01.png","cl":"png","refId":"image_0","ks":{"o":{"a":0,"k":100},"r":{"a":0,"k":239.969},"p":{"a":1,"k":[{"i":{"x":0.667,"y":1},"o":{"x":0.167,"y":0.167},"n":"0p667_1_0p167_0p167","t":8,"s":[912,1207,0],"e":[912,1037,0],"to":[0,-28.3333339691162,0],"ti":[0,28.3333339691162,0]},{"t":18}]},"a":{"a":0,"k":[107.714,602.84,0]},"s":{"a":1,"k":[{"i":{"x":[0.667,0.667,0.667],"y":[1,1,0.667]},"o":{"x":[0.167,0.167,0.167],"y":[0.167,0.167,0.167]},"n":["0p667_1_0p167_0p167","0p667_1_0p167_0p167","0p667_0p667_0p167_0p167"],"t":7,"s":[50,0,100],"e":[70.857,83.714,100]},{"i":{"x":[0.667,0.667,0.667],"y":[1,1,0.667]},"o":{"x":[0.333,0.333,0.333],"y":[0,0,0.333]},"n":["0p667_1_0p333_0","0p667_1_0p333_0","0p667_0p667_0p333_0p333"],"t":12,"s":[70.857,83.714,100],"e":[0,109,100]},{"t":18}]}},"ao":0,"ip":0,"op":50,"st":0,"bm":0,"sr":1},{"ddd":0,"ind":8,"ty":2,"nm":"FIRESPARK-01.png","cl":"png","refId":"image_0","ks":{"o":{"a":0,"k":100},"r":{"a":0,"k":222.829},"p":{"a":1,"k":[{"i":{"x":0.667,"y":1},"o":{"x":0.167,"y":0.167},"n":"0p667_1_0p167_0p167","t":8,"s":[912,1207,0],"e":[912,1037,0],"to":[0,-28.3333339691162,0],"ti":[0,28.3333339691162,0]},{"t":18}]},"a":{"a":0,"k":[107.714,602.84,0]},"s":{"a":1,"k":[{"i":{"x":[0.667,0.667,0.667],"y":[1,1,0.667]},"o":{"x":[0.167,0.167,0.167],"y":[0.167,0.167,0.167]},"n":["0p667_1_0p167_0p167","0p667_1_0p167_0p167","0p667_0p667_0p167_0p167"],"t":7,"s":[50,0,100],"e":[70.857,83.714,100]},{"i":{"x":[0.667,0.667,0.667],"y":[1,1,0.667]},"o":{"x":[0.333,0.333,0.333],"y":[0,0,0.333]},"n":["0p667_1_0p333_0","0p667_1_0p333_0","0p667_0p667_0p333_0p333"],"t":12,"s":[70.857,83.714,100],"e":[0,109,100]},{"t":18}]}},"ao":0,"ip":0,"op":50,"st":0,"bm":0,"sr":1},{"ddd":0,"ind":9,"ty":2,"nm":"FIRESPARK-01.png","cl":"png","refId":"image_0","ks":{"o":{"a":0,"k":100},"r":{"a":0,"k":205.689},"p":{"a":1,"k":[{"i":{"x":0.667,"y":1},"o":{"x":0.167,"y":0.167},"n":"0p667_1_0p167_0p167","t":8,"s":[912,1207,0],"e":[912,1037,0],"to":[0,-28.3333339691162,0],"ti":[0,28.3333339691162,0]},{"t":18}]},"a":{"a":0,"k":[107.714,602.84,0]},"s":{"a":1,"k":[{"i":{"x":[0.667,0.667,0.667],"y":[1,1,0.667]},"o":{"x":[0.167,0.167,0.167],"y":[0.167,0.167,0.167]},"n":["0p667_1_0p167_0p167","0p667_1_0p167_0p167","0p667_0p667_0p167_0p167"],"t":7,"s":[50,0,100],"e":[70.857,83.714,100]},{"i":{"x":[0.667,0.667,0.667],"y":[1,1,0.667]},"o":{"x":[0.333,0.333,0.333],"y":[0,0,0.333]},"n":["0p667_1_0p333_0","0p667_1_0p333_0","0p667_0p667_0p333_0p333"],"t":12,"s":[70.857,83.714,100],"e":[0,109,100]},{"t":18}]}},"ao":0,"ip":0,"op":50,"st":0,"bm":0,"sr":1},{"ddd":0,"ind":10,"ty":2,"nm":"FIRESPARK-01.png","cl":"png","refId":"image_0","ks":{"o":{"a":0,"k":100},"r":{"a":0,"k":188.549},"p":{"a":1,"k":[{"i":{"x":0.667,"y":1},"o":{"x":0.167,"y":0.167},"n":"0p667_1_0p167_0p167","t":8,"s":[912,1207,0],"e":[912,1037,0],"to":[0,-28.3333339691162,0],"ti":[0,28.3333339691162,0]},{"t":18}]},"a":{"a":0,"k":[107.714,602.84,0]},"s":{"a":1,"k":[{"i":{"x":[0.667,0.667,0.667],"y":[1,1,0.667]},"o":{"x":[0.167,0.167,0.167],"y":[0.167,0.167,0.167]},"n":["0p667_1_0p167_0p167","0p667_1_0p167_0p167","0p667_0p667_0p167_0p167"],"t":7,"s":[50,0,100],"e":[70.857,83.714,100]},{"i":{"x":[0.667,0.667,0.667],"y":[1,1,0.667]},"o":{"x":[0.333,0.333,0.333],"y":[0,0,0.333]},"n":["0p667_1_0p333_0","0p667_1_0p333_0","0p667_0p667_0p333_0p333"],"t":12,"s":[70.857,83.714,100],"e":[0,109,100]},{"t":18}]}},"ao":0,"ip":0,"op":50,"st":0,"bm":0,"sr":1},{"ddd":0,"ind":11,"ty":2,"nm":"FIRESPARK-01.png","cl":"png","refId":"image_0","ks":{"o":{"a":0,"k":100},"r":{"a":0,"k":171.409},"p":{"a":1,"k":[{"i":{"x":0.667,"y":1},"o":{"x":0.167,"y":0.167},"n":"0p667_1_0p167_0p167","t":8,"s":[912,1207,0],"e":[912,1037,0],"to":[0,-28.3333339691162,0],"ti":[0,28.3333339691162,0]},{"t":18}]},"a":{"a":0,"k":[107.714,602.84,0]},"s":{"a":1,"k":[{"i":{"x":[0.667,0.667,0.667],"y":[1,1,0.667]},"o":{"x":[0.167,0.167,0.167],"y":[0.167,0.167,0.167]},"n":["0p667_1_0p167_0p167","0p667_1_0p167_0p167","0p667_0p667_0p167_0p167"],"t":7,"s":[50,0,100],"e":[70.857,83.714,100]},{"i":{"x":[0.667,0.667,0.667],"y":[1,1,0.667]},"o":{"x":[0.333,0.333,0.333],"y":[0,0,0.333]},"n":["0p667_1_0p333_0","0p667_1_0p333_0","0p667_0p667_0p333_0p333"],"t":12,"s":[70.857,83.714,100],"e":[0,109,100]},{"t":18}]}},"ao":0,"ip":0,"op":50,"st":0,"bm":0,"sr":1},{"ddd":0,"ind":12,"ty":2,"nm":"FIRESPARK-01.png","cl":"png","refId":"image_0","ks":{"o":{"a":0,"k":100},"r":{"a":0,"k":154.269},"p":{"a":1,"k":[{"i":{"x":0.667,"y":1},"o":{"x":0.167,"y":0.167},"n":"0p667_1_0p167_0p167","t":8,"s":[912,1207,0],"e":[912,1037,0],"to":[0,-28.3333339691162,0],"ti":[0,28.3333339691162,0]},{"t":18}]},"a":{"a":0,"k":[107.714,602.84,0]},"s":{"a":1,"k":[{"i":{"x":[0.667,0.667,0.667],"y":[1,1,0.667]},"o":{"x":[0.167,0.167,0.167],"y":[0.167,0.167,0.167]},"n":["0p667_1_0p167_0p167","0p667_1_0p167_0p167","0p667_0p667_0p167_0p167"],"t":7,"s":[50,0,100],"e":[70.857,83.714,100]},{"i":{"x":[0.667,0.667,0.667],"y":[1,1,0.667]},"o":{"x":[0.333,0.333,0.333],"y":[0,0,0.333]},"n":["0p667_1_0p333_0","0p667_1_0p333_0","0p667_0p667_0p333_0p333"],"t":12,"s":[70.857,83.714,100],"e":[0,109,100]},{"t":18}]}},"ao":0,"ip":0,"op":50,"st":0,"bm":0,"sr":1},{"ddd":0,"ind":13,"ty":2,"nm":"FIRESPARK-01.png","cl":"png","refId":"image_0","ks":{"o":{"a":0,"k":100},"r":{"a":0,"k":137.129},"p":{"a":1,"k":[{"i":{"x":0.667,"y":1},"o":{"x":0.167,"y":0.167},"n":"0p667_1_0p167_0p167","t":8,"s":[912,1207,0],"e":[912,1037,0],"to":[0,-28.3333339691162,0],"ti":[0,28.3333339691162,0]},{"t":18}]},"a":{"a":0,"k":[107.714,602.84,0]},"s":{"a":1,"k":[{"i":{"x":[0.667,0.667,0.667],"y":[1,1,0.667]},"o":{"x":[0.167,0.167,0.167],"y":[0.167,0.167,0.167]},"n":["0p667_1_0p167_0p167","0p667_1_0p167_0p167","0p667_0p667_0p167_0p167"],"t":7,"s":[50,0,100],"e":[70.857,83.714,100]},{"i":{"x":[0.667,0.667,0.667],"y":[1,1,0.667]},"o":{"x":[0.333,0.333,0.333],"y":[0,0,0.333]},"n":["0p667_1_0p333_0","0p667_1_0p333_0","0p667_0p667_0p333_0p333"],"t":12,"s":[70.857,83.714,100],"e":[0,109,100]},{"t":18}]}},"ao":0,"ip":0,"op":50,"st":0,"bm":0,"sr":1},{"ddd":0,"ind":14,"ty":2,"nm":"FIRESPARK-01.png","cl":"png","refId":"image_0","ks":{"o":{"a":0,"k":100},"r":{"a":0,"k":119.989},"p":{"a":1,"k":[{"i":{"x":0.667,"y":1},"o":{"x":0.167,"y":0.167},"n":"0p667_1_0p167_0p167","t":8,"s":[912,1207,0],"e":[912,1037,0],"to":[0,-28.3333339691162,0],"ti":[0,28.3333339691162,0]},{"t":18}]},"a":{"a":0,"k":[107.714,602.84,0]},"s":{"a":1,"k":[{"i":{"x":[0.667,0.667,0.667],"y":[1,1,0.667]},"o":{"x":[0.167,0.167,0.167],"y":[0.167,0.167,0.167]},"n":["0p667_1_0p167_0p167","0p667_1_0p167_0p167","0p667_0p667_0p167_0p167"],"t":7,"s":[50,0,100],"e":[70.857,83.714,100]},{"i":{"x":[0.667,0.667,0.667],"y":[1,1,0.667]},"o":{"x":[0.333,0.333,0.333],"y":[0,0,0.333]},"n":["0p667_1_0p333_0","0p667_1_0p333_0","0p667_0p667_0p333_0p333"],"t":12,"s":[70.857,83.714,100],"e":[0,109,100]},{"t":18}]}},"ao":0,"ip":0,"op":50,"st":0,"bm":0,"sr":1},{"ddd":0,"ind":15,"ty":2,"nm":"FIRESPARK-01.png","cl":"png","refId":"image_0","ks":{"o":{"a":0,"k":100},"r":{"a":0,"k":102.849},"p":{"a":1,"k":[{"i":{"x":0.667,"y":1},"o":{"x":0.167,"y":0.167},"n":"0p667_1_0p167_0p167","t":8,"s":[912,1207,0],"e":[912,1037,0],"to":[0,-28.3333339691162,0],"ti":[0,28.3333339691162,0]},{"t":18}]},"a":{"a":0,"k":[107.714,602.84,0]},"s":{"a":1,"k":[{"i":{"x":[0.667,0.667,0.667],"y":[1,1,0.667]},"o":{"x":[0.167,0.167,0.167],"y":[0.167,0.167,0.167]},"n":["0p667_1_0p167_0p167","0p667_1_0p167_0p167","0p667_0p667_0p167_0p167"],"t":7,"s":[50,0,100],"e":[70.857,83.714,100]},{"i":{"x":[0.667,0.667,0.667],"y":[1,1,0.667]},"o":{"x":[0.333,0.333,0.333],"y":[0,0,0.333]},"n":["0p667_1_0p333_0","0p667_1_0p333_0","0p667_0p667_0p333_0p333"],"t":12,"s":[70.857,83.714,100],"e":[0,109,100]},{"t":18}]}},"ao":0,"ip":0,"op":50,"st":0,"bm":0,"sr":1},{"ddd":0,"ind":16,"ty":2,"nm":"FIRESPARK-01.png","cl":"png","refId":"image_0","ks":{"o":{"a":0,"k":100},"r":{"a":0,"k":85.709},"p":{"a":1,"k":[{"i":{"x":0.667,"y":1},"o":{"x":0.167,"y":0.167},"n":"0p667_1_0p167_0p167","t":8,"s":[912,1207,0],"e":[912,1037,0],"to":[0,-28.3333339691162,0],"ti":[0,28.3333339691162,0]},{"t":18}]},"a":{"a":0,"k":[107.714,602.84,0]},"s":{"a":1,"k":[{"i":{"x":[0.667,0.667,0.667],"y":[1,1,0.667]},"o":{"x":[0.167,0.167,0.167],"y":[0.167,0.167,0.167]},"n":["0p667_1_0p167_0p167","0p667_1_0p167_0p167","0p667_0p667_0p167_0p167"],"t":7,"s":[50,0,100],"e":[70.857,83.714,100]},{"i":{"x":[0.667,0.667,0.667],"y":[1,1,0.667]},"o":{"x":[0.333,0.333,0.333],"y":[0,0,0.333]},"n":["0p667_1_0p333_0","0p667_1_0p333_0","0p667_0p667_0p333_0p333"],"t":12,"s":[70.857,83.714,100],"e":[0,109,100]},{"t":18}]}},"ao":0,"ip":0,"op":50,"st":0,"bm":0,"sr":1},{"ddd":0,"ind":17,"ty":2,"nm":"FIRESPARK-01.png","cl":"png","refId":"image_0","ks":{"o":{"a":0,"k":100},"r":{"a":0,"k":68.569},"p":{"a":1,"k":[{"i":{"x":0.667,"y":1},"o":{"x":0.167,"y":0.167},"n":"0p667_1_0p167_0p167","t":6,"s":[912,1207,0],"e":[912,1037,0],"to":[0,-28.3333339691162,0],"ti":[0,28.3333339691162,0]},{"t":18}]},"a":{"a":0,"k":[107.714,602.84,0]},"s":{"a":1,"k":[{"i":{"x":[0.667,0.667,0.667],"y":[1,1,0.667]},"o":{"x":[0.167,0.167,0.167],"y":[0.167,0.167,0.167]},"n":["0p667_1_0p167_0p167","0p667_1_0p167_0p167","0p667_0p667_0p167_0p167"],"t":5,"s":[50,0,100],"e":[70.857,83.714,100]},{"i":{"x":[0.667,0.667,0.667],"y":[1,1,0.667]},"o":{"x":[0.333,0.333,0.333],"y":[0,0,0.333]},"n":["0p667_1_0p333_0","0p667_1_0p333_0","0p667_0p667_0p333_0p333"],"t":10,"s":[70.857,83.714,100],"e":[0,109,100]},{"t":18}]}},"ao":0,"ip":0,"op":50,"st":0,"bm":0,"sr":1},{"ddd":0,"ind":18,"ty":2,"nm":"FIRESPARK-01.png","cl":"png","refId":"image_0","ks":{"o":{"a":0,"k":100},"r":{"a":0,"k":51.429},"p":{"a":1,"k":[{"i":{"x":0.667,"y":1},"o":{"x":0.167,"y":0.167},"n":"0p667_1_0p167_0p167","t":6,"s":[912,1207,0],"e":[912,1037,0],"to":[0,-28.3333339691162,0],"ti":[0,28.3333339691162,0]},{"t":18}]},"a":{"a":0,"k":[107.714,602.84,0]},"s":{"a":1,"k":[{"i":{"x":[0.667,0.667,0.667],"y":[1,1,0.667]},"o":{"x":[0.167,0.167,0.167],"y":[0.167,0.167,0.167]},"n":["0p667_1_0p167_0p167","0p667_1_0p167_0p167","0p667_0p667_0p167_0p167"],"t":5,"s":[50,0,100],"e":[70.857,83.714,100]},{"i":{"x":[0.667,0.667,0.667],"y":[1,1,0.667]},"o":{"x":[0.333,0.333,0.333],"y":[0,0,0.333]},"n":["0p667_1_0p333_0","0p667_1_0p333_0","0p667_0p667_0p333_0p333"],"t":10,"s":[70.857,83.714,100],"e":[0,109,100]},{"t":18}]}},"ao":0,"ip":0,"op":50,"st":0,"bm":0,"sr":1},{"ddd":0,"ind":19,"ty":2,"nm":"FIRESPARK-01.png","cl":"png","refId":"image_0","ks":{"o":{"a":0,"k":100},"r":{"a":0,"k":34.286},"p":{"a":1,"k":[{"i":{"x":0.667,"y":1},"o":{"x":0.167,"y":0.167},"n":"0p667_1_0p167_0p167","t":6,"s":[912,1207,0],"e":[912,1037,0],"to":[0,-28.3333339691162,0],"ti":[0,28.3333339691162,0]},{"t":18}]},"a":{"a":0,"k":[107.714,602.84,0]},"s":{"a":1,"k":[{"i":{"x":[0.667,0.667,0.667],"y":[1,1,0.667]},"o":{"x":[0.167,0.167,0.167],"y":[0.167,0.167,0.167]},"n":["0p667_1_0p167_0p167","0p667_1_0p167_0p167","0p667_0p667_0p167_0p167"],"t":5,"s":[50,0,100],"e":[70.857,83.714,100]},{"i":{"x":[0.667,0.667,0.667],"y":[1,1,0.667]},"o":{"x":[0.333,0.333,0.333],"y":[0,0,0.333]},"n":["0p667_1_0p333_0","0p667_1_0p333_0","0p667_0p667_0p333_0p333"],"t":10,"s":[70.857,83.714,100],"e":[0,109,100]},{"t":18}]}},"ao":0,"ip":0,"op":50,"st":0,"bm":0,"sr":1},{"ddd":0,"ind":20,"ty":2,"nm":"FIRESPARK-01.png","cl":"png","refId":"image_0","ks":{"o":{"a":0,"k":100},"r":{"a":0,"k":17.143},"p":{"a":1,"k":[{"i":{"x":0.667,"y":1},"o":{"x":0.167,"y":0.167},"n":"0p667_1_0p167_0p167","t":6,"s":[912,1207,0],"e":[912,1037,0],"to":[0,-28.3333339691162,0],"ti":[0,28.3333339691162,0]},{"t":18}]},"a":{"a":0,"k":[107.714,602.84,0]},"s":{"a":1,"k":[{"i":{"x":[0.667,0.667,0.667],"y":[1,1,0.667]},"o":{"x":[0.167,0.167,0.167],"y":[0.167,0.167,0.167]},"n":["0p667_1_0p167_0p167","0p667_1_0p167_0p167","0p667_0p667_0p167_0p167"],"t":5,"s":[50,0,100],"e":[70.857,83.714,100]},{"i":{"x":[0.667,0.667,0.667],"y":[1,1,0.667]},"o":{"x":[0.333,0.333,0.333],"y":[0,0,0.333]},"n":["0p667_1_0p333_0","0p667_1_0p333_0","0p667_0p667_0p333_0p333"],"t":11,"s":[70.857,83.714,100],"e":[0,109,100]},{"t":18}]}},"ao":0,"ip":0,"op":50,"st":0,"bm":0,"sr":1},{"ddd":0,"ind":21,"ty":2,"nm":"FIRESPARK-01.png","cl":"png","refId":"image_0","ks":{"o":{"a":0,"k":100},"r":{"a":0,"k":0},"p":{"a":1,"k":[{"i":{"x":0.667,"y":1},"o":{"x":0.167,"y":0.167},"n":"0p667_1_0p167_0p167","t":6,"s":[912,1207,0],"e":[912,1037,0],"to":[0,-28.3333339691162,0],"ti":[0,28.3333339691162,0]},{"t":18}]},"a":{"a":0,"k":[107.714,602.84,0]},"s":{"a":1,"k":[{"i":{"x":[0.667,0.667,0.667],"y":[1,1,0.667]},"o":{"x":[0.167,0.167,0.167],"y":[0.167,0.167,0.167]},"n":["0p667_1_0p167_0p167","0p667_1_0p167_0p167","0p667_0p667_0p167_0p167"],"t":5,"s":[50,0,100],"e":[70.857,83.714,100]},{"i":{"x":[0.667,0.667,0.667],"y":[1,1,0.667]},"o":{"x":[0.333,0.333,0.333],"y":[0,0,0.333]},"n":["0p667_1_0p333_0","0p667_1_0p333_0","0p667_0p667_0p333_0p333"],"t":10,"s":[70.857,83.714,100],"e":[0,109,100]},{"t":18}]}},"ao":0,"ip":0,"op":50,"st":0,"bm":0,"sr":1}]},{"id":"comp_2","layers":[{"ddd":0,"ind":1,"ty":0,"nm":"YEL","refId":"comp_3","ks":{"o":{"a":0,"k":100},"r":{"a":0,"k":0},"p":{"a":0,"k":[1082,783.5,0]},"a":{"a":0,"k":[1082,783.5,0]},"s":{"a":0,"k":[100,100,100]}},"ao":0,"w":2140,"h":1423,"ip":0,"op":50,"st":0,"bm":0,"sr":1},{"ddd":0,"ind":2,"ty":0,"nm":"YEL","refId":"comp_3","ks":{"o":{"a":0,"k":100},"r":{"a":0,"k":42},"p":{"a":0,"k":[1082,795.5,0]},"a":{"a":0,"k":[1082.892,801.798,0]},"s":{"a":0,"k":[100,100,100]}},"ao":0,"w":2140,"h":1423,"ip":3,"op":53,"st":3,"bm":0,"sr":1}]},{"id":"comp_3","layers":[{"ddd":0,"ind":1,"ty":2,"nm":"FIre.png","cl":"png","refId":"image_1","ks":{"o":{"a":0,"k":100},"r":{"a":0,"k":336},"p":{"a":0,"k":[1074,792.786,0]},"a":{"a":0,"k":[94.5,789.887,0]},"s":{"a":1,"k":[{"i":{"x":[0.667,0.667,0.667],"y":[1,1,0.667]},"o":{"x":[0.167,0.167,0.167],"y":[0.167,0.167,0.167]},"n":["0p667_1_0p167_0p167","0p667_1_0p167_0p167","0p667_0p667_0p167_0p167"],"t":5,"s":[50,0,100],"e":[0,80,100]},{"t":20}]}},"ao":0,"ip":0,"op":50,"st":0,"bm":0,"sr":1},{"ddd":0,"ind":2,"ty":2,"nm":"FIre.png","cl":"png","refId":"image_1","ks":{"o":{"a":0,"k":100},"r":{"a":0,"k":312},"p":{"a":0,"k":[1074,792.786,0]},"a":{"a":0,"k":[94.5,789.887,0]},"s":{"a":1,"k":[{"i":{"x":[0.667,0.667,0.667],"y":[1,1,0.667]},"o":{"x":[0.167,0.167,0.167],"y":[0.167,0.167,0.167]},"n":["0p667_1_0p167_0p167","0p667_1_0p167_0p167","0p667_0p667_0p167_0p167"],"t":5,"s":[50,0,100],"e":[0,80,100]},{"t":21}]}},"ao":0,"ip":0,"op":50,"st":0,"bm":0,"sr":1},{"ddd":0,"ind":3,"ty":2,"nm":"FIre.png","cl":"png","refId":"image_1","ks":{"o":{"a":0,"k":100},"r":{"a":0,"k":288},"p":{"a":0,"k":[1074,792.786,0]},"a":{"a":0,"k":[94.5,789.887,0]},"s":{"a":1,"k":[{"i":{"x":[0.667,0.667,0.667],"y":[1,1,0.667]},"o":{"x":[0.167,0.167,0.167],"y":[0.167,0.167,0.167]},"n":["0p667_1_0p167_0p167","0p667_1_0p167_0p167","0p667_0p667_0p167_0p167"],"t":5,"s":[50,0,100],"e":[0,80,100]},{"t":20}]}},"ao":0,"ip":0,"op":50,"st":0,"bm":0,"sr":1},{"ddd":0,"ind":4,"ty":2,"nm":"FIre.png","cl":"png","refId":"image_1","ks":{"o":{"a":0,"k":100},"r":{"a":0,"k":264},"p":{"a":0,"k":[1074,792.786,0]},"a":{"a":0,"k":[94.5,789.887,0]},"s":{"a":1,"k":[{"i":{"x":[0.667,0.667,0.667],"y":[1,1,0.667]},"o":{"x":[0.167,0.167,0.167],"y":[0.167,0.167,0.167]},"n":["0p667_1_0p167_0p167","0p667_1_0p167_0p167","0p667_0p667_0p167_0p167"],"t":5,"s":[50,0,100],"e":[0,80,100]},{"t":20}]}},"ao":0,"ip":0,"op":50,"st":0,"bm":0,"sr":1},{"ddd":0,"ind":5,"ty":2,"nm":"FIre.png","cl":"png","refId":"image_1","ks":{"o":{"a":0,"k":100},"r":{"a":0,"k":240},"p":{"a":0,"k":[1074,792.786,0]},"a":{"a":0,"k":[94.5,789.887,0]},"s":{"a":1,"k":[{"i":{"x":[0.667,0.667,0.667],"y":[1,1,0.667]},"o":{"x":[0.167,0.167,0.167],"y":[0.167,0.167,0.167]},"n":["0p667_1_0p167_0p167","0p667_1_0p167_0p167","0p667_0p667_0p167_0p167"],"t":5,"s":[50,0,100],"e":[0,80,100]},{"t":22}]}},"ao":0,"ip":0,"op":50,"st":0,"bm":0,"sr":1},{"ddd":0,"ind":6,"ty":2,"nm":"FIre.png","cl":"png","refId":"image_1","ks":{"o":{"a":0,"k":100},"r":{"a":0,"k":216},"p":{"a":0,"k":[1074,792.786,0]},"a":{"a":0,"k":[94.5,789.887,0]},"s":{"a":1,"k":[{"i":{"x":[0.667,0.667,0.667],"y":[1,1,0.667]},"o":{"x":[0.167,0.167,0.167],"y":[0.167,0.167,0.167]},"n":["0p667_1_0p167_0p167","0p667_1_0p167_0p167","0p667_0p667_0p167_0p167"],"t":5,"s":[50,0,100],"e":[0,80,100]},{"t":20}]}},"ao":0,"ip":0,"op":50,"st":0,"bm":0,"sr":1},{"ddd":0,"ind":7,"ty":2,"nm":"FIre.png","cl":"png","refId":"image_1","ks":{"o":{"a":0,"k":100},"r":{"a":0,"k":192},"p":{"a":0,"k":[1074,792.786,0]},"a":{"a":0,"k":[94.5,789.887,0]},"s":{"a":1,"k":[{"i":{"x":[0.667,0.667,0.667],"y":[1,1,0.667]},"o":{"x":[0.167,0.167,0.167],"y":[0.167,0.167,0.167]},"n":["0p667_1_0p167_0p167","0p667_1_0p167_0p167","0p667_0p667_0p167_0p167"],"t":5,"s":[50,0,100],"e":[0,80,100]},{"t":20}]}},"ao":0,"ip":0,"op":50,"st":0,"bm":0,"sr":1},{"ddd":0,"ind":8,"ty":2,"nm":"FIre.png","cl":"png","refId":"image_1","ks":{"o":{"a":0,"k":100},"r":{"a":0,"k":168},"p":{"a":0,"k":[1074,792.786,0]},"a":{"a":0,"k":[94.5,789.887,0]},"s":{"a":1,"k":[{"i":{"x":[0.667,0.667,0.667],"y":[1,1,0.667]},"o":{"x":[0.167,0.167,0.167],"y":[0.167,0.167,0.167]},"n":["0p667_1_0p167_0p167","0p667_1_0p167_0p167","0p667_0p667_0p167_0p167"],"t":5,"s":[50,0,100],"e":[0,80,100]},{"t":20}]}},"ao":0,"ip":0,"op":50,"st":0,"bm":0,"sr":1},{"ddd":0,"ind":9,"ty":2,"nm":"FIre.png","cl":"png","refId":"image_1","ks":{"o":{"a":0,"k":100},"r":{"a":0,"k":144},"p":{"a":0,"k":[1074,792.786,0]},"a":{"a":0,"k":[94.5,789.887,0]},"s":{"a":1,"k":[{"i":{"x":[0.667,0.667,0.667],"y":[1,1,0.667]},"o":{"x":[0.167,0.167,0.167],"y":[0.167,0.167,0.167]},"n":["0p667_1_0p167_0p167","0p667_1_0p167_0p167","0p667_0p667_0p167_0p167"],"t":5,"s":[50,0,100],"e":[0,80,100]},{"t":20}]}},"ao":0,"ip":0,"op":50,"st":0,"bm":0,"sr":1},{"ddd":0,"ind":10,"ty":2,"nm":"FIre.png","cl":"png","refId":"image_1","ks":{"o":{"a":0,"k":100},"r":{"a":0,"k":120},"p":{"a":0,"k":[1074,792.786,0]},"a":{"a":0,"k":[94.5,789.887,0]},"s":{"a":1,"k":[{"i":{"x":[0.667,0.667,0.667],"y":[1,1,0.667]},"o":{"x":[0.167,0.167,0.167],"y":[0.167,0.167,0.167]},"n":["0p667_1_0p167_0p167","0p667_1_0p167_0p167","0p667_0p667_0p167_0p167"],"t":5,"s":[50,0,100],"e":[0,80,100]},{"t":20}]}},"ao":0,"ip":0,"op":50,"st":0,"bm":0,"sr":1},{"ddd":0,"ind":11,"ty":2,"nm":"FIre.png","cl":"png","refId":"image_1","ks":{"o":{"a":0,"k":100},"r":{"a":0,"k":96},"p":{"a":0,"k":[1074,792.786,0]},"a":{"a":0,"k":[94.5,789.887,0]},"s":{"a":1,"k":[{"i":{"x":[0.667,0.667,0.667],"y":[1,1,0.667]},"o":{"x":[0.167,0.167,0.167],"y":[0.167,0.167,0.167]},"n":["0p667_1_0p167_0p167","0p667_1_0p167_0p167","0p667_0p667_0p167_0p167"],"t":5,"s":[50,0,100],"e":[0,80,100]},{"t":20}]}},"ao":0,"ip":0,"op":50,"st":0,"bm":0,"sr":1},{"ddd":0,"ind":12,"ty":2,"nm":"FIre.png","cl":"png","refId":"image_1","ks":{"o":{"a":0,"k":100},"r":{"a":0,"k":72},"p":{"a":0,"k":[1074,792.786,0]},"a":{"a":0,"k":[94.5,789.887,0]},"s":{"a":1,"k":[{"i":{"x":[0.667,0.667,0.667],"y":[1,1,0.667]},"o":{"x":[0.167,0.167,0.167],"y":[0.167,0.167,0.167]},"n":["0p667_1_0p167_0p167","0p667_1_0p167_0p167","0p667_0p667_0p167_0p167"],"t":5,"s":[50,0,100],"e":[0,80,100]},{"t":20}]}},"ao":0,"ip":0,"op":50,"st":0,"bm":0,"sr":1},{"ddd":0,"ind":13,"ty":2,"nm":"FIre.png","cl":"png","refId":"image_1","ks":{"o":{"a":0,"k":100},"r":{"a":0,"k":48},"p":{"a":0,"k":[1074,792.786,0]},"a":{"a":0,"k":[94.5,789.887,0]},"s":{"a":1,"k":[{"i":{"x":[0.667,0.667,0.667],"y":[1,1,0.667]},"o":{"x":[0.167,0.167,0.167],"y":[0.167,0.167,0.167]},"n":["0p667_1_0p167_0p167","0p667_1_0p167_0p167","0p667_0p667_0p167_0p167"],"t":5,"s":[50,0,100],"e":[0,80,100]},{"t":20}]}},"ao":0,"ip":0,"op":50,"st":0,"bm":0,"sr":1},{"ddd":0,"ind":14,"ty":2,"nm":"FIre.png","cl":"png","refId":"image_1","ks":{"o":{"a":0,"k":100},"r":{"a":0,"k":24},"p":{"a":0,"k":[1074,792.786,0]},"a":{"a":0,"k":[94.5,789.887,0]},"s":{"a":1,"k":[{"i":{"x":[0.667,0.667,0.667],"y":[1,1,0.667]},"o":{"x":[0.167,0.167,0.167],"y":[0.167,0.167,0.167]},"n":["0p667_1_0p167_0p167","0p667_1_0p167_0p167","0p667_0p667_0p167_0p167"],"t":5,"s":[50,0,100],"e":[0,80,100]},{"t":20}]}},"ao":0,"ip":0,"op":50,"st":0,"bm":0,"sr":1},{"ddd":0,"ind":15,"ty":2,"nm":"FIre.png","cl":"png","refId":"image_1","ks":{"o":{"a":0,"k":100},"r":{"a":0,"k":0},"p":{"a":0,"k":[1074,792.786,0]},"a":{"a":0,"k":[94.5,789.887,0]},"s":{"a":1,"k":[{"i":{"x":[0.667,0.667,0.667],"y":[1,1,0.667]},"o":{"x":[0.167,0.167,0.167],"y":[0.167,0.167,0.167]},"n":["0p667_1_0p167_0p167","0p667_1_0p167_0p167","0p667_0p667_0p167_0p167"],"t":5,"s":[50,0,100],"e":[0,80,100]},{"t":20}]}},"ao":0,"ip":0,"op":50,"st":0,"bm":0,"sr":1}]},{"id":"comp_4","layers":[{"ddd":0,"ind":1,"ty":2,"nm":"Fireworks-02.png","cl":"png","refId":"image_2","ks":{"o":{"a":1,"k":[{"i":{"x":[0.667],"y":[1]},"o":{"x":[0.333],"y":[0]},"n":["0p667_1_0p333_0"],"t":4,"s":[90],"e":[0]},{"i":{"x":[0.667],"y":[1]},"o":{"x":[0.333],"y":[0]},"n":["0p667_1_0p333_0"],"t":5,"s":[0],"e":[100]},{"t":6}],"x":"var $bm_rt;\n$bm_rt = wiggle(60, 20);"},"r":{"a":0,"k":0},"p":{"a":0,"k":[500,350,0]},"a":{"a":0,"k":[1208.5,1011.5,0]},"s":{"a":0,"k":[30,30,100]}},"ao":0,"ip":2,"op":143,"st":2,"bm":0,"sr":1},{"ddd":0,"ind":2,"ty":2,"nm":"Fireworks-03.png","cl":"png","refId":"image_3","ks":{"o":{"a":0,"k":100},"r":{"a":0,"k":0},"p":{"a":0,"k":[500,350,0]},"a":{"a":0,"k":[1208.5,1011.5,0]},"s":{"a":0,"k":[30,30,100]}},"ao":0,"ip":0,"op":150,"st":0,"bm":0,"sr":1},{"ddd":0,"ind":3,"ty":2,"nm":"Glow","refId":"image_2","ks":{"o":{"a":1,"k":[{"i":{"x":[0.667],"y":[1]},"o":{"x":[0.333],"y":[0]},"n":["0p667_1_0p333_0"],"t":4,"s":[90],"e":[0]},{"i":{"x":[0.667],"y":[1]},"o":{"x":[0.333],"y":[0]},"n":["0p667_1_0p333_0"],"t":5,"s":[0],"e":[100]},{"t":6}],"x":"var $bm_rt;\n$bm_rt = wiggle(60, 20);"},"r":{"a":0,"k":0},"p":{"a":0,"k":[500,350,0]},"a":{"a":0,"k":[1208.5,1011.5,0]},"s":{"a":0,"k":[30,30,100]}},"ao":0,"ef":[{"ty":5,"nm":"Fast Blur","mn":"ADBE Fast Blur","ix":1,"en":1,"ef":[{"ty":0,"nm":"Blurriness","mn":"ADBE Fast Blur-0001","ix":1,"v":{"a":0,"k":214}},{"ty":7,"nm":"Blur Dimensions","mn":"ADBE Fast Blur-0002","ix":2,"v":{"a":0,"k":1}},{"ty":7,"nm":"Repeat Edge Pixels","mn":"ADBE Fast Blur-0003","ix":3,"v":{"a":0,"k":0}}]}],"ip":2,"op":143,"st":2,"bm":3,"sr":1},{"ddd":0,"ind":4,"ty":2,"nm":"Frame","refId":"image_4","ks":{"o":{"a":0,"k":34},"r":{"a":0,"k":0},"p":{"a":0,"k":[500,350,0]},"a":{"a":0,"k":[1208.5,1011.5,0]},"s":{"a":0,"k":[30,30,100]}},"ao":0,"ip":0,"op":150,"st":0,"bm":0,"sr":1}]}],"layers":[{"ddd":0,"ind":1,"ty":0,"nm":"Fireworks_new-cluster","refId":"comp_0","ks":{"o":{"a":0,"k":100},"r":{"a":0,"k":19},"p":{"a":0,"k":[588,1984,0]},"a":{"a":0,"k":[908,1067,0]},"s":{"a":0,"k":[90.379,90.379,100]}},"ao":0,"w":1816,"h":2134,"ip":4,"op":154,"st":4,"bm":0,"sr":1},{"ddd":0,"ind":2,"ty":0,"nm":"Fireworks_new-cluster","refId":"comp_0","ks":{"o":{"a":0,"k":100},"r":{"a":0,"k":0},"p":{"a":0,"k":[532,624,0]},"a":{"a":0,"k":[908,1067,0]},"s":{"a":0,"k":[82.379,82.379,100]}},"ao":0,"w":1816,"h":2134,"ip":0,"op":150,"st":0,"bm":0,"sr":1},{"ddd":0,"ind":3,"ty":0,"nm":"Comp 1","refId":"comp_4","ks":{"o":{"a":0,"k":100},"r":{"a":0,"k":0},"p":{"a":0,"k":[552,938,0]},"a":{"a":0,"k":[500,350,0]},"s":{"a":0,"k":[126.462,126.462,100]}},"ao":0,"w":1000,"h":700,"ip":3,"op":153,"st":3,"bm":0,"sr":1},{"ddd":0,"ind":4,"ty":4,"nm":"Shape Layer 1","ks":{"o":{"a":0,"k":71},"r":{"a":0,"k":90},"p":{"a":0,"k":[540,960,0]},"a":{"a":0,"k":[0,0,0]},"s":{"a":0,"k":[189.705,178.933,100]}},"ao":0,"shapes":[{"ty":"gr","it":[{"ty":"rc","d":1,"s":{"a":0,"k":[3.719,6.578]},"p":{"a":0,"k":[0,0]},"r":{"a":0,"k":0},"nm":"Rectangle Path 1","mn":"ADBE Vector Shape - Rect"},{"ty":"gf","o":{"a":0,"k":100},"r":1,"g":{"p":3,"k":{"a":0,"k":[0.298,0.098,0.538,0.533,0.685,0.054,0.315,0.317,1,0.009,0.091,0.102]}},"s":{"a":0,"k":[-448.605,17.385]},"e":{"a":0,"k":[100,0]},"t":1,"nm":"Gradient Fill 1","mn":"ADBE Vector Graphic - G-Fill"},{"ty":"tr","p":{"a":0,"k":[349.859,-16.711],"ix":2},"a":{"a":0,"k":[0,0],"ix":1},"s":{"a":0,"k":[100,100],"ix":3},"r":{"a":0,"k":0,"ix":6},"o":{"a":0,"k":100,"ix":7},"sk":{"a":0,"k":0,"ix":4},"sa":{"a":0,"k":0,"ix":5},"nm":"Transform"}],"nm":"Rectangle 2","np":3,"cix":2,"ix":1,"mn":"ADBE Vector Group"},{"ty":"gr","it":[{"ty":"rc","d":1,"s":{"a":0,"k":[706.859,1095.531]},"p":{"a":0,"k":[0,0]},"r":{"a":0,"k":0},"nm":"Rectangle Path 1","mn":"ADBE Vector Shape - Rect"},{"ty":"gf","o":{"a":0,"k":100},"r":1,"g":{"p":3,"k":{"a":0,"k":[0.298,0.098,0.538,0.533,0.685,0.054,0.315,0.317,1,0.009,0.091,0.102]}},"s":{"a":0,"k":[-448.605,17.385]},"e":{"a":0,"k":[100,0]},"t":1,"nm":"Gradient Fill 1","mn":"ADBE Vector Graphic - G-Fill"},{"ty":"tr","p":{"a":0,"k":[-6.57,-8.234],"ix":2},"a":{"a":0,"k":[0,0],"ix":1},"s":{"a":0,"k":[148.939,62.2],"ix":3},"r":{"a":0,"k":0,"ix":6},"o":{"a":0,"k":100,"ix":7},"sk":{"a":0,"k":0,"ix":4},"sa":{"a":0,"k":0,"ix":5},"nm":"Transform"}],"nm":"Rectangle 1","np":3,"cix":2,"ix":2,"mn":"ADBE Vector Group"}],"ip":0,"op":150,"st":0,"bm":1,"sr":1}]}