{"v":"4.12.0","fr":29.9700012207031,"ip":0,"op":38.0000015477717,"w":1440,"h":1080,"nm":"DogRun","ddd":0,"assets":[{"id":"image_0","w":300,"h":203,"u":"images/","p":"img_0.png"},{"id":"image_1","w":300,"h":203,"u":"images/","p":"img_1.png"},{"id":"image_2","w":300,"h":203,"u":"images/","p":"img_2.png"},{"id":"image_3","w":300,"h":203,"u":"images/","p":"img_3.png"},{"id":"image_4","w":300,"h":203,"u":"images/","p":"img_4.png"},{"id":"image_5","w":300,"h":203,"u":"images/","p":"img_5.png"},{"id":"image_6","w":300,"h":203,"u":"images/","p":"img_6.png"},{"id":"image_7","w":300,"h":203,"u":"images/","p":"img_7.png"},{"id":"image_8","w":300,"h":203,"u":"images/","p":"img_8.png"},{"id":"image_9","w":300,"h":203,"u":"images/","p":"img_9.png"},{"id":"image_10","w":300,"h":203,"u":"images/","p":"img_10.png"},{"id":"image_11","w":300,"h":203,"u":"images/","p":"img_11.png"},{"id":"image_12","w":300,"h":203,"u":"images/","p":"img_12.png"},{"id":"image_13","w":300,"h":203,"u":"images/","p":"img_13.png"},{"id":"image_14","w":300,"h":203,"u":"images/","p":"img_14.png"},{"id":"image_15","w":300,"h":203,"u":"images/","p":"img_15.png"},{"id":"image_16","w":300,"h":203,"u":"images/","p":"img_16.png"},{"id":"image_17","w":300,"h":203,"u":"images/","p":"img_17.png"},{"id":"image_18","w":300,"h":203,"u":"images/","p":"img_18.png"},{"id":"image_19","w":300,"h":203,"u":"images/","p":"img_19.png"},{"id":"image_20","w":300,"h":203,"u":"images/","p":"img_20.png"}],"layers":[{"ddd":0,"ind":1,"ty":2,"nm":"img_0.png","cl":"png","refId":"image_0","sr":1,"ks":{"o":{"a":0,"k":100,"ix":11},"r":{"a":0,"k":0,"ix":10},"p":{"a":0,"k":[720,549.714,0],"ix":2},"a":{"a":0,"k":[150,101.5,0],"ix":1},"s":{"a":0,"k":[461,461,100],"ix":6}},"ao":0,"ip":0,"op":2.00000008146167,"st":0,"bm":0},{"ddd":0,"ind":2,"ty":2,"nm":"img_1.png","cl":"png","refId":"image_1","sr":1,"ks":{"o":{"a":0,"k":100,"ix":11},"r":{"a":0,"k":0,"ix":10},"p":{"a":0,"k":[720,549.714,0],"ix":2},"a":{"a":0,"k":[150,101.5,0],"ix":1},"s":{"a":0,"k":[461,461,100],"ix":6}},"ao":0,"ip":2.00000008146167,"op":4.00000016292334,"st":2.00000008146167,"bm":0},{"ddd":0,"ind":3,"ty":2,"nm":"img_2.png","cl":"png","refId":"image_2","sr":1,"ks":{"o":{"a":0,"k":100,"ix":11},"r":{"a":0,"k":0,"ix":10},"p":{"a":0,"k":[720,549.714,0],"ix":2},"a":{"a":0,"k":[150,101.5,0],"ix":1},"s":{"a":0,"k":[461,461,100],"ix":6}},"ao":0,"ip":4.00000016292334,"op":6.00000024438501,"st":4.00000016292334,"bm":0},{"ddd":0,"ind":4,"ty":2,"nm":"img_3.png","cl":"png","refId":"image_3","sr":1,"ks":{"o":{"a":0,"k":100,"ix":11},"r":{"a":0,"k":0,"ix":10},"p":{"a":0,"k":[720,549.714,0],"ix":2},"a":{"a":0,"k":[150,101.5,0],"ix":1},"s":{"a":0,"k":[461,461,100],"ix":6}},"ao":0,"ip":6.00000024438501,"op":8.00000032584668,"st":6.00000024438501,"bm":0},{"ddd":0,"ind":5,"ty":2,"nm":"img_4.png","cl":"png","refId":"image_4","sr":1,"ks":{"o":{"a":0,"k":100,"ix":11},"r":{"a":0,"k":0,"ix":10},"p":{"a":0,"k":[720,549.714,0],"ix":2},"a":{"a":0,"k":[150,101.5,0],"ix":1},"s":{"a":0,"k":[461,461,100],"ix":6}},"ao":0,"ip":8.00000032584668,"op":10.0000004073083,"st":8.00000032584668,"bm":0},{"ddd":0,"ind":6,"ty":2,"nm":"img_5.png","cl":"png","refId":"image_5","sr":1,"ks":{"o":{"a":0,"k":100,"ix":11},"r":{"a":0,"k":0,"ix":10},"p":{"a":0,"k":[720,549.714,0],"ix":2},"a":{"a":0,"k":[150,101.5,0],"ix":1},"s":{"a":0,"k":[461,461,100],"ix":6}},"ao":0,"ip":10.0000004073083,"op":12.00000048877,"st":10.0000004073083,"bm":0},{"ddd":0,"ind":7,"ty":2,"nm":"img_6.png","cl":"png","refId":"image_6","sr":1,"ks":{"o":{"a":0,"k":100,"ix":11},"r":{"a":0,"k":0,"ix":10},"p":{"a":0,"k":[720,549.714,0],"ix":2},"a":{"a":0,"k":[150,101.5,0],"ix":1},"s":{"a":0,"k":[461,461,100],"ix":6}},"ao":0,"ip":12.00000048877,"op":14.0000005702317,"st":12.00000048877,"bm":0},{"ddd":0,"ind":8,"ty":2,"nm":"img_7.png","cl":"png","refId":"image_7","sr":1,"ks":{"o":{"a":0,"k":100,"ix":11},"r":{"a":0,"k":0,"ix":10},"p":{"a":0,"k":[720,549.714,0],"ix":2},"a":{"a":0,"k":[150,101.5,0],"ix":1},"s":{"a":0,"k":[461,461,100],"ix":6}},"ao":0,"ip":14.0000005702317,"op":16.0000006516934,"st":14.0000005702317,"bm":0},{"ddd":0,"ind":9,"ty":2,"nm":"img_8.png","cl":"png","refId":"image_8","sr":1,"ks":{"o":{"a":0,"k":100,"ix":11},"r":{"a":0,"k":0,"ix":10},"p":{"a":0,"k":[720,549.714,0],"ix":2},"a":{"a":0,"k":[150,101.5,0],"ix":1},"s":{"a":0,"k":[461,461,100],"ix":6}},"ao":0,"ip":16.0000006516934,"op":18.000000733155,"st":16.0000006516934,"bm":0},{"ddd":0,"ind":10,"ty":2,"nm":"img_9.png","cl":"png","refId":"image_9","sr":1,"ks":{"o":{"a":0,"k":100,"ix":11},"r":{"a":0,"k":0,"ix":10},"p":{"a":0,"k":[720,549.714,0],"ix":2},"a":{"a":0,"k":[150,101.5,0],"ix":1},"s":{"a":0,"k":[461,461,100],"ix":6}},"ao":0,"ip":18.000000733155,"op":20.0000008146167,"st":18.000000733155,"bm":0},{"ddd":0,"ind":11,"ty":2,"nm":"img_10.png","cl":"png","refId":"image_10","sr":1,"ks":{"o":{"a":0,"k":100,"ix":11},"r":{"a":0,"k":0,"ix":10},"p":{"a":0,"k":[720,549.714,0],"ix":2},"a":{"a":0,"k":[150,101.5,0],"ix":1},"s":{"a":0,"k":[461,461,100],"ix":6}},"ao":0,"ip":20.0000008146167,"op":22.0000008960784,"st":20.0000008146167,"bm":0},{"ddd":0,"ind":12,"ty":2,"nm":"img_11.png","cl":"png","refId":"image_11","sr":1,"ks":{"o":{"a":0,"k":100,"ix":11},"r":{"a":0,"k":0,"ix":10},"p":{"a":0,"k":[720,549.714,0],"ix":2},"a":{"a":0,"k":[150,101.5,0],"ix":1},"s":{"a":0,"k":[461,461,100],"ix":6}},"ao":0,"ip":22.0000008960784,"op":24.00000097754,"st":22.0000008960784,"bm":0},{"ddd":0,"ind":13,"ty":2,"nm":"img_12.png","cl":"png","refId":"image_12","sr":1,"ks":{"o":{"a":0,"k":100,"ix":11},"r":{"a":0,"k":0,"ix":10},"p":{"a":0,"k":[720,549.714,0],"ix":2},"a":{"a":0,"k":[150,101.5,0],"ix":1},"s":{"a":0,"k":[461,461,100],"ix":6}},"ao":0,"ip":24.00000097754,"op":26.0000010590017,"st":24.00000097754,"bm":0},{"ddd":0,"ind":14,"ty":2,"nm":"img_13.png","cl":"png","refId":"image_13","sr":1,"ks":{"o":{"a":0,"k":100,"ix":11},"r":{"a":0,"k":0,"ix":10},"p":{"a":0,"k":[720,549.714,0],"ix":2},"a":{"a":0,"k":[150,101.5,0],"ix":1},"s":{"a":0,"k":[461,461,100],"ix":6}},"ao":0,"ip":26.0000010590017,"op":28.0000011404634,"st":26.0000010590017,"bm":0},{"ddd":0,"ind":15,"ty":2,"nm":"img_14.png","cl":"png","refId":"image_14","sr":1,"ks":{"o":{"a":0,"k":100,"ix":11},"r":{"a":0,"k":0,"ix":10},"p":{"a":0,"k":[720,549.714,0],"ix":2},"a":{"a":0,"k":[150,101.5,0],"ix":1},"s":{"a":0,"k":[461,461,100],"ix":6}},"ao":0,"ip":28.0000011404634,"op":30.0000012219251,"st":28.0000011404634,"bm":0},{"ddd":0,"ind":16,"ty":2,"nm":"img_15.png","cl":"png","refId":"image_15","sr":1,"ks":{"o":{"a":0,"k":100,"ix":11},"r":{"a":0,"k":0,"ix":10},"p":{"a":0,"k":[720,549.714,0],"ix":2},"a":{"a":0,"k":[150,101.5,0],"ix":1},"s":{"a":0,"k":[461,461,100],"ix":6}},"ao":0,"ip":30.0000012219251,"op":32.0000013033867,"st":30.0000012219251,"bm":0},{"ddd":0,"ind":17,"ty":2,"nm":"img_16.png","cl":"png","refId":"image_16","sr":1,"ks":{"o":{"a":0,"k":100,"ix":11},"r":{"a":0,"k":0,"ix":10},"p":{"a":0,"k":[720,549.714,0],"ix":2},"a":{"a":0,"k":[150,101.5,0],"ix":1},"s":{"a":0,"k":[461,461,100],"ix":6}},"ao":0,"ip":32.0000013033867,"op":34.0000013848484,"st":32.0000013033867,"bm":0},{"ddd":0,"ind":18,"ty":2,"nm":"img_17.png","cl":"png","refId":"image_17","sr":1,"ks":{"o":{"a":0,"k":100,"ix":11},"r":{"a":0,"k":0,"ix":10},"p":{"a":0,"k":[720,549.714,0],"ix":2},"a":{"a":0,"k":[150,101.5,0],"ix":1},"s":{"a":0,"k":[461,461,100],"ix":6}},"ao":0,"ip":34.0000013848484,"op":36.0000014663101,"st":34.0000013848484,"bm":0},{"ddd":0,"ind":19,"ty":2,"nm":"img_18.png","cl":"png","refId":"image_18","sr":1,"ks":{"o":{"a":0,"k":100,"ix":11},"r":{"a":0,"k":0,"ix":10},"p":{"a":0,"k":[720,549.714,0],"ix":2},"a":{"a":0,"k":[150,101.5,0],"ix":1},"s":{"a":0,"k":[461,461,100],"ix":6}},"ao":0,"ip":36.0000014663101,"op":38.0000015477717,"st":36.0000014663101,"bm":0},{"ddd":0,"ind":20,"ty":2,"nm":"img_19.png","cl":"png","refId":"image_19","sr":1,"ks":{"o":{"a":0,"k":100,"ix":11},"r":{"a":0,"k":0,"ix":10},"p":{"a":0,"k":[720,549.714,0],"ix":2},"a":{"a":0,"k":[150,101.5,0],"ix":1},"s":{"a":0,"k":[461,461,100],"ix":6}},"ao":0,"ip":38.0000015477717,"op":38.3027288328293,"st":38.0000015477717,"bm":0},{"ddd":0,"ind":21,"ty":2,"nm":"img_20.png","cl":"png","refId":"image_20","sr":1,"ks":{"o":{"a":0,"k":100,"ix":11},"r":{"a":0,"k":0,"ix":10},"p":{"a":0,"k":[720,549.714,0],"ix":2},"a":{"a":0,"k":[150,101.5,0],"ix":1},"s":{"a":0,"k":[461,461,100],"ix":6}},"ao":0,"ip":40.0000016292334,"op":40.302728914291,"st":40.0000016292334,"bm":0}]}