{"v":"4.10.1","fr":29.9700012207031,"ip":0,"op":60.0000024438501,"w":600,"h":600,"nm":"HamburgerToBackArrow","ddd":0,"assets":[],"layers":[{"ddd":0,"ind":1,"ty":4,"nm":"Icon 6","sr":1,"ks":{"o":{"a":0,"k":100,"ix":11},"r":{"a":0,"k":0,"ix":10},"p":{"a":0,"k":[276.082,301.096,0],"ix":2},"a":{"a":0,"k":[-143.625,-116.75,0],"ix":1},"s":{"a":0,"k":[100,100,100],"ix":6}},"ao":0,"shapes":[{"ty":"gr","it":[{"ty":"rc","d":1,"s":{"a":0,"k":[68,8],"ix":2},"p":{"a":0,"k":[0,-15],"ix":3},"r":{"a":0,"k":0,"ix":4},"nm":"Rectangle Path 1","mn":"ADBE Vector Shape - Rect","hd":false},{"ty":"fl","c":{"a":0,"k":[0.107781864703,0.107781864703,0.107781864703,1],"ix":4},"o":{"a":0,"k":100,"ix":5},"r":1,"nm":"Fill 1","mn":"ADBE Vector Graphic - Fill","hd":false},{"ty":"tr","p":{"a":0,"k":[-119.707,-117.727],"ix":2},"a":{"a":0,"k":[0,-14.881],"ix":1},"s":{"a":0,"k":[100,100],"ix":3},"r":{"a":0,"k":0,"ix":6},"o":{"a":0,"k":100,"ix":7},"sk":{"a":0,"k":0,"ix":4},"sa":{"a":0,"k":0,"ix":5},"nm":"Transform"}],"nm":"Rectangle 3","np":3,"cix":2,"ix":1,"mn":"ADBE Vector Group","hd":false},{"ty":"gr","it":[{"ty":"rc","d":1,"s":{"a":0,"k":[68,8],"ix":2},"p":{"a":1,"k":[{"i":{"x":0,"y":1},"o":{"x":0.333,"y":0},"n":"0_1_0p333_0","t":38,"s":[0,-15],"e":[0,10],"to":[0,4.16666650772095],"ti":[0,-4.16666650772095]},{"t":47.0000019143492}],"ix":3},"r":{"a":0,"k":0,"ix":4},"nm":"Rectangle Path 1","mn":"ADBE Vector Shape - Rect","hd":false},{"ty":"fl","c":{"a":0,"k":[0.106326594949,0.106326594949,0.106326594949,1],"ix":4},"o":{"a":0,"k":100,"ix":5},"r":1,"nm":"Fill 1","mn":"ADBE Vector Graphic - Fill","hd":false},{"ty":"tr","p":{"a":0,"k":[-119.707,-117.727],"ix":2},"a":{"a":0,"k":[0,-14.881],"ix":1},"s":{"a":0,"k":[100,100],"ix":3},"r":{"a":0,"k":0,"ix":6},"o":{"a":0,"k":100,"ix":7},"sk":{"a":0,"k":0,"ix":4},"sa":{"a":0,"k":0,"ix":5},"nm":"Transform"}],"nm":"Rectangle 2","np":3,"cix":2,"ix":2,"mn":"ADBE Vector Group","hd":false},{"ty":"gr","it":[{"ty":"rc","d":1,"s":{"a":0,"k":[68,8],"ix":2},"p":{"a":1,"k":[{"i":{"x":0,"y":1},"o":{"x":0.333,"y":0},"n":"0_1_0p333_0","t":38,"s":[0,15],"e":[0,-10],"to":[0,-4.16666650772095],"ti":[0,4.16666650772095]},{"t":47.0000019143492}],"ix":3},"r":{"a":0,"k":0,"ix":4},"nm":"Rectangle Path 1","mn":"ADBE Vector Shape - Rect","hd":false},{"ty":"fl","c":{"a":0,"k":[0.105147056282,0.105147056282,0.105147056282,1],"ix":4},"o":{"a":0,"k":100,"ix":5},"r":1,"nm":"Fill 1","mn":"ADBE Vector Graphic - Fill","hd":false},{"ty":"tr","p":{"a":0,"k":[-119.707,-117.724],"ix":2},"a":{"a":0,"k":[0,15.122],"ix":1},"s":{"a":0,"k":[100,100],"ix":3},"r":{"a":0,"k":0,"ix":6},"o":{"a":0,"k":100,"ix":7},"sk":{"a":0,"k":0,"ix":4},"sa":{"a":0,"k":0,"ix":5},"nm":"Transform"}],"nm":"Rectangle 1","np":3,"cix":2,"ix":3,"mn":"ADBE Vector Group","hd":false}],"ip":38.0000015477717,"op":61.0000024845809,"st":23.0000009368092,"bm":0},{"ddd":0,"ind":2,"ty":4,"nm":"Icon 5","sr":1,"ks":{"o":{"a":0,"k":100,"ix":11},"r":{"a":1,"k":[{"i":{"x":[0],"y":[1]},"o":{"x":[0.333],"y":[0]},"n":["0_1_0p333_0"],"t":30,"s":[-45],"e":[0]},{"t":38.0000015477717}],"ix":10},"p":{"a":1,"k":[{"i":{"x":0,"y":1},"o":{"x":0.333,"y":0},"n":"0_1_0p333_0","t":30,"s":[283,302.5,0],"e":[266,300,0],"to":[-2.83333325386047,-0.41666665673256,0],"ti":[2.83333325386047,0.41666665673256,0]},{"t":38.0000015477717}],"ix":2},"a":{"a":0,"k":[-153.707,-117.773,0],"ix":1},"s":{"a":1,"k":[{"i":{"x":[0,0,0.667],"y":[1,1,1]},"o":{"x":[0.333,0.333,0.333],"y":[0,0,0]},"n":["0_1_0p333_0","0_1_0p333_0","0p667_1_0p333_0"],"t":30,"s":[80,80,100],"e":[100,100,100]},{"t":38.0000015477717}],"ix":6}},"ao":0,"shapes":[{"ty":"gr","it":[{"ty":"rc","d":1,"s":{"a":1,"k":[{"i":{"x":[0,0],"y":[1,1]},"o":{"x":[0.333,0.333],"y":[0,0]},"n":["0_1_0p333_0","0_1_0p333_0"],"t":30,"s":[68,9.6],"e":[68,8]},{"t":38.0000015477717}],"ix":2},"p":{"a":0,"k":[0,-14.928],"ix":3},"r":{"a":0,"k":0,"ix":4},"nm":"Rectangle Path 1","mn":"ADBE Vector Shape - Rect","hd":false},{"ty":"fl","c":{"a":0,"k":[0.106326594949,0.106326594949,0.106326594949,1],"ix":4},"o":{"a":0,"k":100,"ix":5},"r":1,"nm":"Fill 1","mn":"ADBE Vector Graphic - Fill","hd":false},{"ty":"tr","p":{"a":0,"k":[-119.707,-117.727],"ix":2},"a":{"a":0,"k":[0,-14.881],"ix":1},"s":{"a":0,"k":[100,100],"ix":3},"r":{"a":0,"k":0,"ix":6},"o":{"a":0,"k":100,"ix":7},"sk":{"a":0,"k":0,"ix":4},"sa":{"a":0,"k":0,"ix":5},"nm":"Transform"}],"nm":"Rectangle 2","np":3,"cix":2,"ix":1,"mn":"ADBE Vector Group","hd":false}],"ip":30.0000012219251,"op":38.0000015477717,"st":-14.0000005702317,"bm":0},{"ddd":0,"ind":3,"ty":4,"nm":"Icon 4","sr":1,"ks":{"o":{"a":0,"k":100,"ix":11},"r":{"a":1,"k":[{"i":{"x":[0],"y":[1]},"o":{"x":[0.333],"y":[0]},"n":["0_1_0p333_0"],"t":30,"s":[45],"e":[0]},{"t":38.0000015477717}],"ix":10},"p":{"a":1,"k":[{"i":{"x":0,"y":1},"o":{"x":0.333,"y":0},"n":"0_1_0p333_0","t":30,"s":[283,297.5,0],"e":[266,300,0],"to":[-2.83333325386047,0.41666665673256,0],"ti":[2.83333325386047,-0.41666665673256,0]},{"t":38.0000015477717}],"ix":2},"a":{"a":0,"k":[-153.707,-117.846,0],"ix":1},"s":{"a":1,"k":[{"i":{"x":[0,0,0.667],"y":[1,1,1]},"o":{"x":[0.333,0.333,0.333],"y":[0,0,0]},"n":["0_1_0p333_0","0_1_0p333_0","0p667_1_0p333_0"],"t":30,"s":[80,80,100],"e":[100,100,100]},{"t":38.0000015477717}],"ix":6}},"ao":0,"shapes":[{"ty":"gr","it":[{"ty":"rc","d":1,"s":{"a":1,"k":[{"i":{"x":[0,0],"y":[1,1]},"o":{"x":[0.333,0.333],"y":[0,0]},"n":["0_1_0p333_0","0_1_0p333_0"],"t":30,"s":[68,9.6],"e":[68,8]},{"t":38.0000015477717}],"ix":2},"p":{"a":0,"k":[0,15],"ix":3},"r":{"a":0,"k":0,"ix":4},"nm":"Rectangle Path 1","mn":"ADBE Vector Shape - Rect","hd":false},{"ty":"fl","c":{"a":0,"k":[0.105147056282,0.105147056282,0.105147056282,1],"ix":4},"o":{"a":0,"k":100,"ix":5},"r":1,"nm":"Fill 1","mn":"ADBE Vector Graphic - Fill","hd":false},{"ty":"tr","p":{"a":0,"k":[-119.707,-117.724],"ix":2},"a":{"a":0,"k":[0,15.122],"ix":1},"s":{"a":0,"k":[100,100],"ix":3},"r":{"a":0,"k":0,"ix":6},"o":{"a":0,"k":100,"ix":7},"sk":{"a":0,"k":0,"ix":4},"sa":{"a":0,"k":0,"ix":5},"nm":"Transform"}],"nm":"Rectangle 1","np":3,"cix":2,"ix":1,"mn":"ADBE Vector Group","hd":false}],"ip":30.0000012219251,"op":38.0000015477717,"st":-14.0000005702317,"bm":0},{"ddd":0,"ind":4,"ty":4,"nm":"Icon 3","sr":1,"ks":{"o":{"a":0,"k":100,"ix":11},"r":{"a":1,"k":[{"i":{"x":[0],"y":[1]},"o":{"x":[0.333],"y":[0]},"n":["0_1_0p333_0"],"t":9,"s":[0],"e":[45]},{"t":17.0000006924242}],"ix":10},"p":{"a":1,"k":[{"i":{"x":0,"y":1},"o":{"x":0.333,"y":0},"n":"0_1_0p333_0","t":9,"s":[266,300,0],"e":[283,297.5,0],"to":[2.83333325386047,-0.41666665673256,0],"ti":[-2.83333325386047,0.41666665673256,0]},{"t":17.0000006924242}],"ix":2},"a":{"a":0,"k":[-153.707,-117.846,0],"ix":1},"s":{"a":1,"k":[{"i":{"x":[0,0,0.667],"y":[1,1,1]},"o":{"x":[0.333,0.333,0.333],"y":[0,0,0]},"n":["0_1_0p333_0","0_1_0p333_0","0p667_1_0p333_0"],"t":9,"s":[100,100,100],"e":[80,80,100]},{"t":17.0000006924242}],"ix":6}},"ao":0,"shapes":[{"ty":"gr","it":[{"ty":"rc","d":1,"s":{"a":1,"k":[{"i":{"x":[0,0],"y":[1,1]},"o":{"x":[0.333,0.333],"y":[0,0]},"n":["0_1_0p333_0","0_1_0p333_0"],"t":9,"s":[68,8],"e":[68,9.6]},{"t":17.0000006924242}],"ix":2},"p":{"a":0,"k":[0,15],"ix":3},"r":{"a":0,"k":0,"ix":4},"nm":"Rectangle Path 1","mn":"ADBE Vector Shape - Rect","hd":false},{"ty":"fl","c":{"a":0,"k":[0.105147056282,0.105147056282,0.105147056282,1],"ix":4},"o":{"a":0,"k":100,"ix":5},"r":1,"nm":"Fill 1","mn":"ADBE Vector Graphic - Fill","hd":false},{"ty":"tr","p":{"a":0,"k":[-119.707,-117.724],"ix":2},"a":{"a":0,"k":[0,15.122],"ix":1},"s":{"a":0,"k":[100,100],"ix":3},"r":{"a":0,"k":0,"ix":6},"o":{"a":0,"k":100,"ix":7},"sk":{"a":0,"k":0,"ix":4},"sa":{"a":0,"k":0,"ix":5},"nm":"Transform"}],"nm":"Rectangle 1","np":3,"cix":2,"ix":1,"mn":"ADBE Vector Group","hd":false}],"ip":9.00000036657752,"op":30.0000012219251,"st":-15.0000006109625,"bm":0},{"ddd":0,"ind":5,"ty":4,"nm":"Icon 2","sr":1,"ks":{"o":{"a":0,"k":100,"ix":11},"r":{"a":1,"k":[{"i":{"x":[0],"y":[1]},"o":{"x":[0.333],"y":[0]},"n":["0_1_0p333_0"],"t":9,"s":[0],"e":[-45]},{"t":17.0000006924242}],"ix":10},"p":{"a":1,"k":[{"i":{"x":0,"y":1},"o":{"x":0.333,"y":0},"n":"0_1_0p333_0","t":9,"s":[266,300,0],"e":[283,302.5,0],"to":[2.83333325386047,0.41666665673256,0],"ti":[-2.83333325386047,-0.41666665673256,0]},{"t":17.0000006924242}],"ix":2},"a":{"a":0,"k":[-153.707,-117.773,0],"ix":1},"s":{"a":1,"k":[{"i":{"x":[0,0,0.667],"y":[1,1,1]},"o":{"x":[0.333,0.333,0.333],"y":[0,0,0]},"n":["0_1_0p333_0","0_1_0p333_0","0p667_1_0p333_0"],"t":9,"s":[100,100,100],"e":[80,80,100]},{"t":17.0000006924242}],"ix":6}},"ao":0,"shapes":[{"ty":"gr","it":[{"ty":"rc","d":1,"s":{"a":1,"k":[{"i":{"x":[0,0],"y":[1,1]},"o":{"x":[0.333,0.333],"y":[0,0]},"n":["0_1_0p333_0","0_1_0p333_0"],"t":9,"s":[68,8],"e":[68,9.6]},{"t":17.0000006924242}],"ix":2},"p":{"a":0,"k":[0,-14.928],"ix":3},"r":{"a":0,"k":0,"ix":4},"nm":"Rectangle Path 1","mn":"ADBE Vector Shape - Rect","hd":false},{"ty":"fl","c":{"a":0,"k":[0.106326594949,0.106326594949,0.106326594949,1],"ix":4},"o":{"a":0,"k":100,"ix":5},"r":1,"nm":"Fill 1","mn":"ADBE Vector Graphic - Fill","hd":false},{"ty":"tr","p":{"a":0,"k":[-119.707,-117.727],"ix":2},"a":{"a":0,"k":[0,-14.881],"ix":1},"s":{"a":0,"k":[100,100],"ix":3},"r":{"a":0,"k":0,"ix":6},"o":{"a":0,"k":100,"ix":7},"sk":{"a":0,"k":0,"ix":4},"sa":{"a":0,"k":0,"ix":5},"nm":"Transform"}],"nm":"Rectangle 2","np":3,"cix":2,"ix":1,"mn":"ADBE Vector Group","hd":false}],"ip":9.00000036657752,"op":30.0000012219251,"st":-15.0000006109625,"bm":0},{"ddd":0,"ind":6,"ty":4,"nm":"Icon","sr":1,"ks":{"o":{"a":0,"k":100,"ix":11},"r":{"a":0,"k":0,"ix":10},"p":{"a":0,"k":[276.082,301.096,0],"ix":2},"a":{"a":0,"k":[-143.625,-116.75,0],"ix":1},"s":{"a":0,"k":[100,100,100],"ix":6}},"ao":0,"shapes":[{"ty":"gr","it":[{"ty":"rc","d":1,"s":{"a":0,"k":[68,8],"ix":2},"p":{"a":0,"k":[0,-15],"ix":3},"r":{"a":0,"k":0,"ix":4},"nm":"Rectangle Path 1","mn":"ADBE Vector Shape - Rect","hd":false},{"ty":"fl","c":{"a":0,"k":[0.107781864703,0.107781864703,0.107781864703,1],"ix":4},"o":{"a":0,"k":100,"ix":5},"r":1,"nm":"Fill 1","mn":"ADBE Vector Graphic - Fill","hd":false},{"ty":"tr","p":{"a":0,"k":[-119.707,-117.727],"ix":2},"a":{"a":0,"k":[0,-14.881],"ix":1},"s":{"a":0,"k":[100,100],"ix":3},"r":{"a":0,"k":0,"ix":6},"o":{"a":0,"k":100,"ix":7},"sk":{"a":0,"k":0,"ix":4},"sa":{"a":0,"k":0,"ix":5},"nm":"Transform"}],"nm":"Rectangle 3","np":3,"cix":2,"ix":1,"mn":"ADBE Vector Group","hd":false},{"ty":"gr","it":[{"ty":"rc","d":1,"s":{"a":0,"k":[68,8],"ix":2},"p":{"a":1,"k":[{"i":{"x":0,"y":1},"o":{"x":0.333,"y":0},"n":"0_1_0p333_0","t":0,"s":[0,10],"e":[0,-15],"to":[0,-4.16666650772095],"ti":[0,4.16666650772095]},{"t":9.00000036657752}],"ix":3},"r":{"a":0,"k":0,"ix":4},"nm":"Rectangle Path 1","mn":"ADBE Vector Shape - Rect","hd":false},{"ty":"fl","c":{"a":0,"k":[0.106326594949,0.106326594949,0.106326594949,1],"ix":4},"o":{"a":0,"k":100,"ix":5},"r":1,"nm":"Fill 1","mn":"ADBE Vector Graphic - Fill","hd":false},{"ty":"tr","p":{"a":0,"k":[-119.707,-117.727],"ix":2},"a":{"a":0,"k":[0,-14.881],"ix":1},"s":{"a":0,"k":[100,100],"ix":3},"r":{"a":0,"k":0,"ix":6},"o":{"a":0,"k":100,"ix":7},"sk":{"a":0,"k":0,"ix":4},"sa":{"a":0,"k":0,"ix":5},"nm":"Transform"}],"nm":"Rectangle 2","np":3,"cix":2,"ix":2,"mn":"ADBE Vector Group","hd":false},{"ty":"gr","it":[{"ty":"rc","d":1,"s":{"a":0,"k":[68,8],"ix":2},"p":{"a":1,"k":[{"i":{"x":0,"y":1},"o":{"x":0.333,"y":0},"n":"0_1_0p333_0","t":0,"s":[0,-10],"e":[0,15],"to":[0,4.16666650772095],"ti":[0,-4.16666650772095]},{"t":9.00000036657752}],"ix":3},"r":{"a":0,"k":0,"ix":4},"nm":"Rectangle Path 1","mn":"ADBE Vector Shape - Rect","hd":false},{"ty":"fl","c":{"a":0,"k":[0.105147056282,0.105147056282,0.105147056282,1],"ix":4},"o":{"a":0,"k":100,"ix":5},"r":1,"nm":"Fill 1","mn":"ADBE Vector Graphic - Fill","hd":false},{"ty":"tr","p":{"a":0,"k":[-119.707,-117.724],"ix":2},"a":{"a":0,"k":[0,15.122],"ix":1},"s":{"a":0,"k":[100,100],"ix":3},"r":{"a":0,"k":0,"ix":6},"o":{"a":0,"k":100,"ix":7},"sk":{"a":0,"k":0,"ix":4},"sa":{"a":0,"k":0,"ix":5},"nm":"Transform"}],"nm":"Rectangle 1","np":3,"cix":2,"ix":3,"mn":"ADBE Vector Group","hd":false}],"ip":0,"op":9.00000036657752,"st":-15.0000006109625,"bm":0}]}