{"v":"4.10.1","fr":60,"ip":0,"op":80,"w":800,"h":800,"nm":"PriceTag_Preview","ddd":0,"assets":[{"id":"comp_6","layers":[{"ddd":0,"ind":1,"ty":4,"nm":"Speed Lines","sr":1,"ks":{"o":{"a":0,"k":100,"ix":11},"r":{"a":0,"k":0,"ix":10},"p":{"a":0,"k":[75,75,0],"ix":2},"a":{"a":0,"k":[0,0,0],"ix":1},"s":{"a":0,"k":[100,100,100],"ix":6}},"ao":0,"shapes":[{"ty":"gr","it":[{"ind":0,"ty":"sh","ix":1,"ks":{"a":0,"k":{"i":[[0,0],[18,-16.833],[31.556,18.222]],"o":[[0,0],[-22.81,21.332],[-31.556,-18.222]],"v":[[40.833,-46],[38.083,-5.75],[-36.944,-4.778]],"c":false},"ix":2},"nm":"Path 1","mn":"ADBE Vector Shape - Group","hd":false},{"ty":"tm","s":{"a":1,"k":[{"i":{"x":[0.833],"y":[0.833]},"o":{"x":[0.167],"y":[0.167]},"n":["0p833_0p833_0p167_0p167"],"t":29,"s":[100],"e":[91]},{"i":{"x":[0.833],"y":[0.833]},"o":{"x":[0.167],"y":[0.167]},"n":["0p833_0p833_0p167_0p167"],"t":31.117,"s":[91],"e":[36.283]},{"i":{"x":[0.596],"y":[1]},"o":{"x":[0.167],"y":[0.167]},"n":["0p596_1_0p167_0p167"],"t":38,"s":[36.283],"e":[3]},{"t":40}],"ix":1},"e":{"a":1,"k":[{"i":{"x":[0.833],"y":[0.833]},"o":{"x":[0.167],"y":[0.167]},"n":["0p833_0p833_0p167_0p167"],"t":29,"s":[100],"e":[91]},{"i":{"x":[0.833],"y":[0.833]},"o":{"x":[0.167],"y":[0.167]},"n":["0p833_0p833_0p167_0p167"],"t":31.117,"s":[91],"e":[23.611]},{"i":{"x":[0],"y":[1]},"o":{"x":[0.167],"y":[0.167]},"n":["0_1_0p167_0p167"],"t":38,"s":[23.611],"e":[3]},{"t":40}],"ix":2},"o":{"a":0,"k":0,"ix":3},"m":1,"ix":2,"nm":"Trim Paths 1","mn":"ADBE Vector Filter - Trim","hd":false},{"ty":"tr","p":{"a":0,"k":[0,0],"ix":2},"a":{"a":0,"k":[0,0],"ix":1},"s":{"a":0,"k":[100,100],"ix":3},"r":{"a":0,"k":0,"ix":6},"o":{"a":0,"k":100,"ix":7},"sk":{"a":0,"k":0,"ix":4},"sa":{"a":0,"k":0,"ix":5},"nm":"Transform"}],"nm":"Shape 1","np":2,"cix":2,"ix":1,"mn":"ADBE Vector Group","hd":false},{"ty":"st","c":{"a":0,"k":[0,0,0,1],"ix":3},"o":{"a":0,"k":100,"ix":4},"w":{"a":0,"k":2,"ix":5},"lc":2,"lj":2,"nm":"Stroke 1","mn":"ADBE Vector Graphic - Stroke","hd":false}],"ip":31,"op":40,"st":-99,"bm":0},{"ddd":0,"ind":2,"ty":4,"nm":"Speed Lines","sr":1,"ks":{"o":{"a":0,"k":100,"ix":11},"r":{"a":0,"k":0,"ix":10},"p":{"a":0,"k":[75,75,0],"ix":2},"a":{"a":0,"k":[0,0,0],"ix":1},"s":{"a":0,"k":[100,100,100],"ix":6}},"ao":0,"shapes":[{"ty":"gr","it":[{"ind":0,"ty":"sh","ix":1,"ks":{"a":0,"k":{"i":[[0,0],[17,-17.333],[31.556,18.222]],"o":[[0,0],[-21.868,22.297],[-31.556,-18.222]],"v":[[40.833,-46],[45.75,1.083],[-45.444,6.222]],"c":false},"ix":2},"nm":"Path 1","mn":"ADBE Vector Shape - Group","hd":false},{"ty":"tm","s":{"a":1,"k":[{"i":{"x":[0.833],"y":[0.833]},"o":{"x":[0.167],"y":[0.167]},"n":["0p833_0p833_0p167_0p167"],"t":29,"s":[100],"e":[91]},{"i":{"x":[0.833],"y":[0.833]},"o":{"x":[0.167],"y":[0.167]},"n":["0p833_0p833_0p167_0p167"],"t":31.117,"s":[91],"e":[42.783]},{"i":{"x":[0.596],"y":[1]},"o":{"x":[0.167],"y":[0.167]},"n":["0p596_1_0p167_0p167"],"t":38,"s":[42.783],"e":[3]},{"t":40}],"ix":1},"e":{"a":1,"k":[{"i":{"x":[0.833],"y":[0.833]},"o":{"x":[0.167],"y":[0.167]},"n":["0p833_0p833_0p167_0p167"],"t":29,"s":[100],"e":[91]},{"i":{"x":[0.833],"y":[0.833]},"o":{"x":[0.167],"y":[0.167]},"n":["0p833_0p833_0p167_0p167"],"t":31.117,"s":[91],"e":[23.411]},{"i":{"x":[0],"y":[1]},"o":{"x":[0.167],"y":[0.167]},"n":["0_1_0p167_0p167"],"t":38,"s":[23.411],"e":[3]},{"t":40}],"ix":2},"o":{"a":0,"k":0,"ix":3},"m":1,"ix":2,"nm":"Trim Paths 1","mn":"ADBE Vector Filter - Trim","hd":false},{"ty":"tr","p":{"a":0,"k":[0,0],"ix":2},"a":{"a":0,"k":[0,0],"ix":1},"s":{"a":0,"k":[100,100],"ix":3},"r":{"a":0,"k":0,"ix":6},"o":{"a":0,"k":100,"ix":7},"sk":{"a":0,"k":0,"ix":4},"sa":{"a":0,"k":0,"ix":5},"nm":"Transform"}],"nm":"Shape 1","np":2,"cix":2,"ix":1,"mn":"ADBE Vector Group","hd":false},{"ty":"st","c":{"a":0,"k":[0,0,0,1],"ix":3},"o":{"a":0,"k":100,"ix":4},"w":{"a":0,"k":2,"ix":5},"lc":2,"lj":2,"nm":"Stroke 1","mn":"ADBE Vector Graphic - Stroke","hd":false}],"ip":31,"op":40,"st":-99,"bm":0},{"ddd":0,"ind":3,"ty":4,"nm":"Rope","parent":4,"sr":1,"ks":{"o":{"a":0,"k":100,"ix":11},"r":{"a":0,"k":-20,"ix":10},"p":{"a":0,"k":[41.61,117.656,0],"ix":2},"a":{"a":0,"k":[0,0,0],"ix":1},"s":{"a":0,"k":[100,100,100],"ix":6}},"ao":0,"shapes":[{"ty":"gr","it":[{"ind":0,"ty":"sh","ix":1,"ks":{"a":1,"k":[{"i":{"x":0,"y":1},"o":{"x":0.333,"y":0},"n":"0_1_0p333_0","t":1,"s":[{"i":[[3.25,2.006],[8.358,-5.75],[2.361,-4.12],[0,0],[-1.72,0.495],[-2.226,-0.304],[-3.881,0.601],[-1.074,3.274]],"o":[[-3.252,-2.007],[-5.943,4.089],[-0.943,1.645],[0,0],[3.869,-1.114],[2.226,0.304],[3.881,-0.601],[1.074,-3.274]],"v":[[38.45,-52.106],[20.916,-52.481],[10.333,-38.23],[7.179,-35.75],[11.297,-36.866],[20.854,-36.569],[30.898,-36.292],[38.976,-41.718]],"c":true}],"e":[{"i":[[3.25,2.006],[8.358,-5.75],[3.023,-3.662],[0,0],[-1.779,0.198],[-2.143,-0.676],[-3.881,0.601],[-1.074,3.274]],"o":[[-3.252,-2.007],[-5.943,4.089],[-1.207,1.462],[0,0],[4.001,-0.444],[2.143,0.676],[3.881,-0.601],[1.074,-3.274]],"v":[[38.45,-52.106],[21.429,-52.72],[9.051,-40.983],[5.524,-39.071],[9.771,-39.475],[19.141,-37.569],[30.898,-36.292],[38.976,-41.718]],"c":true}]},{"t":21}],"ix":2},"nm":"Path 1","mn":"ADBE Vector Shape - Group","hd":false},{"ty":"st","c":{"a":0,"k":[0,0,0,1],"ix":3},"o":{"a":0,"k":100,"ix":4},"w":{"a":0,"k":2,"ix":5},"lc":1,"lj":1,"ml":4,"nm":"Stroke 1","mn":"ADBE Vector Graphic - Stroke","hd":false},{"ty":"tr","p":{"a":0,"k":[0,0],"ix":2},"a":{"a":0,"k":[0,0],"ix":1},"s":{"a":0,"k":[100,100],"ix":3},"r":{"a":0,"k":0,"ix":6},"o":{"a":0,"k":100,"ix":7},"sk":{"a":0,"k":0,"ix":4},"sa":{"a":0,"k":0,"ix":5},"nm":"Transform"}],"nm":"Shape 1","np":3,"cix":2,"ix":1,"mn":"ADBE Vector Group","hd":false}],"ip":0,"op":41,"st":-236,"bm":0},{"ddd":0,"ind":4,"ty":1,"nm":"Roator","parent":6,"sr":1,"ks":{"o":{"a":0,"k":0,"ix":11},"r":{"a":1,"k":[{"i":{"x":[0],"y":[1]},"o":{"x":[0.333],"y":[0]},"n":["0_1_0p333_0"],"t":1,"s":[0],"e":[0]},{"i":{"x":[0.667],"y":[1]},"o":{"x":[1],"y":[0]},"n":["0p667_1_1_0"],"t":21,"s":[0],"e":[-127.1]},{"t":41}],"ix":10},"p":{"a":0,"k":[60,60,0],"ix":2},"a":{"a":0,"k":[60,60,0],"ix":1},"s":{"a":0,"k":[100,100,100],"ix":6}},"ao":0,"sw":120,"sh":120,"sc":"#ffffff","ip":0,"op":43,"st":-236,"bm":0},{"ddd":0,"ind":5,"ty":4,"nm":"Tag","parent":7,"sr":1,"ks":{"o":{"a":0,"k":100,"ix":11},"r":{"a":0,"k":0,"ix":10},"p":{"a":0,"k":[23,107.889,0],"ix":2},"a":{"a":0,"k":[75,75,0],"ix":1},"s":{"a":0,"k":[100,100,100],"ix":6}},"ao":0,"shapes":[{"ty":"gr","it":[{"ind":0,"ty":"sh","ix":1,"ks":{"a":0,"k":{"i":[[0,4.16],[4.16,0],[0,-4.16],[-4.16,0]],"o":[[0,-4.16],[-4.16,0],[0,4.16],[4.16,0]],"v":[[15.211,-11.441],[7.67,-18.981],[0.13,-11.441],[7.67,-3.9]],"c":true},"ix":2},"nm":"Path 2","mn":"ADBE Vector Shape - Group","hd":false},{"ind":1,"ty":"sh","ix":2,"ks":{"a":0,"k":{"i":[[0,0],[0,0],[1.95,1.17],[0,0],[-1.17,2.08],[0,0],[0,0],[0,0],[0,0],[0,0]],"o":[[0,0],[-1.17,2.08],[0,0],[-2.08,-1.171],[0,0],[0,0],[0,0],[0,0],[0,0],[0,0]],"v":[[26.001,5.98],[0.781,49.661],[-4.941,51.352],[-39.911,31.071],[-41.602,25.221],[-16.381,-18.461],[4.16,-31.331],[14.04,-25.741],[17.421,-23.791],[27.04,-18.201]],"c":true},"ix":2},"nm":"Path 3","mn":"ADBE Vector Shape - Group","hd":false},{"ty":"mm","mm":1,"nm":"Merge Paths 1","mn":"ADBE Vector Filter - Merge","hd":false},{"ty":"fl","c":{"a":0,"k":[0,0,0,1],"ix":4},"o":{"a":0,"k":100,"ix":5},"r":1,"nm":"Fill 1","mn":"ADBE Vector Graphic - Fill","hd":false},{"ty":"tr","p":{"a":0,"k":[77.212,68.727],"ix":2},"a":{"a":0,"k":[0,0],"ix":1},"s":{"a":0,"k":[100,100],"ix":3},"r":{"a":0,"k":0,"ix":6},"o":{"a":0,"k":100,"ix":7},"sk":{"a":0,"k":0,"ix":4},"sa":{"a":0,"k":0,"ix":5},"nm":"Transform"}],"nm":"Group 1","np":4,"cix":2,"ix":1,"mn":"ADBE Vector Group","hd":false}],"ip":0,"op":41,"st":-236,"bm":0},{"ddd":0,"ind":6,"ty":3,"nm":"Scaler","sr":1,"ks":{"o":{"a":0,"k":0,"ix":11},"r":{"a":0,"k":0,"ix":10},"p":{"a":0,"k":[112,27.111,0],"ix":2},"a":{"a":0,"k":[60,60,0],"ix":1},"s":{"a":1,"k":[{"i":{"x":[0,0,0],"y":[1,1,1]},"o":{"x":[0.333,0.333,0.333],"y":[0,0,0]},"n":["0_1_0p333_0","0_1_0p333_0","0_1_0p333_0"],"t":1,"s":[100,100,100],"e":[100,100,100]},{"i":{"x":[0.667,0.667,0.667],"y":[1,1,1]},"o":{"x":[1,1,1],"y":[0,0,0]},"n":["0p667_1_1_0","0p667_1_1_0","0p667_1_1_0"],"t":21,"s":[100,100,100],"e":[0,0,100]},{"t":41}],"ix":6}},"ao":0,"ip":0,"op":43,"st":-206,"bm":0},{"ddd":0,"ind":7,"ty":1,"nm":"Rotator","parent":6,"sr":1,"ks":{"o":{"a":0,"k":0,"ix":11},"r":{"a":1,"k":[{"i":{"x":[0],"y":[1]},"o":{"x":[0.333],"y":[0]},"n":["0_1_0p333_0"],"t":1,"s":[0],"e":[9.9]},{"i":{"x":[0.667],"y":[1]},"o":{"x":[1],"y":[0]},"n":["0p667_1_1_0"],"t":21,"s":[9.9],"e":[-127.1]},{"t":41}],"ix":10},"p":{"a":0,"k":[60,60,0],"ix":2},"a":{"a":0,"k":[60,60,0],"ix":1},"s":{"a":0,"k":[100,100,100],"ix":6}},"ao":0,"sw":120,"sh":120,"sc":"#ffffff","ip":0,"op":43,"st":-236,"bm":0}]},{"id":"comp_7","layers":[{"ddd":0,"ind":1,"ty":4,"nm":"Speed Lines","sr":1,"ks":{"o":{"a":0,"k":100,"ix":11},"r":{"a":0,"k":0,"ix":10},"p":{"a":0,"k":[74,75,0],"ix":2},"a":{"a":0,"k":[0,0,0],"ix":1},"s":{"a":0,"k":[100,100,100],"ix":6}},"ao":0,"shapes":[{"ty":"gr","it":[{"ind":0,"ty":"sh","ix":1,"ks":{"a":0,"k":{"i":[[0,0],[-13.34,7.781],[-5.5,26.5],[0,0]],"o":[[0,0],[10,-5.833],[5.5,-26.5],[0,0]],"v":[[11.333,26],[37,19.833],[62,-20.667],[47.556,-48.778]],"c":false},"ix":2},"nm":"Path 1","mn":"ADBE Vector Shape - Group","hd":false},{"ty":"tm","s":{"a":1,"k":[{"i":{"x":[0.833],"y":[0.833]},"o":{"x":[0.167],"y":[0.167]},"n":["0p833_0p833_0p167_0p167"],"t":1,"s":[100],"e":[91]},{"i":{"x":[0.833],"y":[0.833]},"o":{"x":[0.167],"y":[0.167]},"n":["0p833_0p833_0p167_0p167"],"t":3.117,"s":[91],"e":[51.2]},{"i":{"x":[0.596],"y":[1]},"o":{"x":[0.167],"y":[0.167]},"n":["0p596_1_0p167_0p167"],"t":14.766,"s":[51.2],"e":[15.6]},{"t":20}],"ix":1},"e":{"a":1,"k":[{"i":{"x":[0.833],"y":[0.833]},"o":{"x":[0.167],"y":[0.167]},"n":["0p833_0p833_0p167_0p167"],"t":1,"s":[100],"e":[91]},{"i":{"x":[0.833],"y":[0.833]},"o":{"x":[0.167],"y":[0.167]},"n":["0p833_0p833_0p167_0p167"],"t":3.117,"s":[91],"e":[24]},{"i":{"x":[0],"y":[1]},"o":{"x":[0.167],"y":[0.167]},"n":["0_1_0p167_0p167"],"t":14.766,"s":[24],"e":[15.6]},{"t":20}],"ix":2},"o":{"a":0,"k":0,"ix":3},"m":1,"ix":2,"nm":"Trim Paths 1","mn":"ADBE Vector Filter - Trim","hd":false},{"ty":"tr","p":{"a":0,"k":[0,0],"ix":2},"a":{"a":0,"k":[0,0],"ix":1},"s":{"a":0,"k":[100,100],"ix":3},"r":{"a":0,"k":0,"ix":6},"o":{"a":0,"k":100,"ix":7},"sk":{"a":0,"k":0,"ix":4},"sa":{"a":0,"k":0,"ix":5},"nm":"Transform"}],"nm":"Shape 1","np":2,"cix":2,"ix":1,"mn":"ADBE Vector Group","hd":false},{"ty":"st","c":{"a":0,"k":[0,0,0,1],"ix":3},"o":{"a":0,"k":100,"ix":4},"w":{"a":0,"k":2,"ix":5},"lc":2,"lj":2,"nm":"Stroke 1","mn":"ADBE Vector Graphic - Stroke","hd":false}],"ip":3,"op":21,"st":-127,"bm":0},{"ddd":0,"ind":2,"ty":4,"nm":"Speed Lines","sr":1,"ks":{"o":{"a":0,"k":100,"ix":11},"r":{"a":0,"k":0,"ix":10},"p":{"a":0,"k":[74,75,0],"ix":2},"a":{"a":0,"k":[0,0,0],"ix":1},"s":{"a":0,"k":[100,100,100],"ix":6}},"ao":0,"shapes":[{"ty":"gr","it":[{"ind":0,"ty":"sh","ix":1,"ks":{"a":0,"k":{"i":[[0,0],[-13.5,7.5],[-5.5,26.5],[0,0]],"o":[[0,0],[18.824,-10.458],[5.5,-26.5],[0,0]],"v":[[0,46],[31,38.5],[70,-13],[47.556,-48.778]],"c":false},"ix":2},"nm":"Path 1","mn":"ADBE Vector Shape - Group","hd":false},{"ty":"tm","s":{"a":1,"k":[{"i":{"x":[0.833],"y":[0.833]},"o":{"x":[0.167],"y":[0.167]},"n":["0p833_0p833_0p167_0p167"],"t":1,"s":[100],"e":[91]},{"i":{"x":[0.833],"y":[0.833]},"o":{"x":[0.167],"y":[0.167]},"n":["0p833_0p833_0p167_0p167"],"t":3.117,"s":[91],"e":[48.2]},{"i":{"x":[0.596],"y":[1]},"o":{"x":[0.167],"y":[0.167]},"n":["0p596_1_0p167_0p167"],"t":14.766,"s":[48.2],"e":[15.5]},{"t":20}],"ix":1},"e":{"a":1,"k":[{"i":{"x":[0.833],"y":[0.833]},"o":{"x":[0.167],"y":[0.167]},"n":["0p833_0p833_0p167_0p167"],"t":1,"s":[100],"e":[91]},{"i":{"x":[0.833],"y":[0.833]},"o":{"x":[0.167],"y":[0.167]},"n":["0p833_0p833_0p167_0p167"],"t":3.117,"s":[91],"e":[40.609]},{"i":{"x":[0.833],"y":[0.833]},"o":{"x":[0.167],"y":[0.167]},"n":["0p833_0p833_0p167_0p167"],"t":10,"s":[40.609],"e":[23]},{"i":{"x":[0],"y":[1]},"o":{"x":[0.167],"y":[0.167]},"n":["0_1_0p167_0p167"],"t":14.766,"s":[23],"e":[15.5]},{"t":20}],"ix":2},"o":{"a":0,"k":0,"ix":3},"m":1,"ix":2,"nm":"Trim Paths 1","mn":"ADBE Vector Filter - Trim","hd":false},{"ty":"tr","p":{"a":0,"k":[0,0],"ix":2},"a":{"a":0,"k":[0,0],"ix":1},"s":{"a":0,"k":[100,100],"ix":3},"r":{"a":0,"k":0,"ix":6},"o":{"a":0,"k":100,"ix":7},"sk":{"a":0,"k":0,"ix":4},"sa":{"a":0,"k":0,"ix":5},"nm":"Transform"}],"nm":"Shape 1","np":2,"cix":2,"ix":1,"mn":"ADBE Vector Group","hd":false},{"ty":"st","c":{"a":0,"k":[0,0,0,1],"ix":3},"o":{"a":0,"k":100,"ix":4},"w":{"a":0,"k":2,"ix":5},"lc":2,"lj":2,"nm":"Stroke 1","mn":"ADBE Vector Graphic - Stroke","hd":false}],"ip":3,"op":21,"st":-127,"bm":0},{"ddd":0,"ind":3,"ty":4,"nm":"Rope","parent":4,"sr":1,"ks":{"o":{"a":0,"k":100,"ix":11},"r":{"a":0,"k":-20,"ix":10},"p":{"a":0,"k":[41.61,117.656,0],"ix":2},"a":{"a":0,"k":[0,0,0],"ix":1},"s":{"a":0,"k":[100,100,100],"ix":6}},"ao":0,"shapes":[{"ty":"gr","it":[{"ind":0,"ty":"sh","ix":1,"ks":{"a":1,"k":[{"i":{"x":0,"y":1},"o":{"x":0.167,"y":0.167},"n":"0_1_0p167_0p167","t":1,"s":[{"i":[[3.25,2.006],[8.358,-5.75],[-2.256,-4.178],[0,0],[-0.486,1.722],[-4.963,0.95],[-4.605,2.064],[-1.074,3.274]],"o":[[-3.252,-2.007],[-5.943,4.089],[0.901,1.668],[0,0],[1.093,-3.875],[2.207,-0.423],[3.583,-1.606],[1.074,-3.274]],"v":[[38.45,-52.106],[20.916,-52.481],[11.531,-30.151],[11.977,-26.164],[13.199,-30.251],[23.46,-36.419],[31.582,-38.171],[39.126,-44.324]],"c":true}],"e":[{"i":[[3.25,2.006],[8.358,-5.75],[2.361,-4.12],[0,0],[-1.72,0.495],[-2.226,-0.304],[-3.881,0.601],[-1.074,3.274]],"o":[[-3.252,-2.007],[-5.943,4.089],[-0.943,1.645],[0,0],[3.869,-1.114],[2.226,0.304],[3.881,-0.601],[1.074,-3.274]],"v":[[38.45,-52.106],[20.916,-52.481],[10.333,-38.23],[7.179,-35.75],[11.297,-36.866],[20.854,-36.569],[30.898,-36.292],[38.976,-41.718]],"c":true}]},{"t":19}],"ix":2},"nm":"Path 1","mn":"ADBE Vector Shape - Group","hd":false},{"ty":"st","c":{"a":0,"k":[0,0,0,1],"ix":3},"o":{"a":0,"k":100,"ix":4},"w":{"a":0,"k":2,"ix":5},"lc":1,"lj":1,"ml":4,"nm":"Stroke 1","mn":"ADBE Vector Graphic - Stroke","hd":false},{"ty":"tr","p":{"a":0,"k":[0,0],"ix":2},"a":{"a":0,"k":[0,0],"ix":1},"s":{"a":0,"k":[100,100],"ix":3},"r":{"a":0,"k":0,"ix":6},"o":{"a":0,"k":100,"ix":7},"sk":{"a":0,"k":0,"ix":4},"sa":{"a":0,"k":0,"ix":5},"nm":"Transform"}],"nm":"Shape 1","np":3,"cix":2,"ix":1,"mn":"ADBE Vector Group","hd":false}],"ip":0,"op":37,"st":-127,"bm":0},{"ddd":0,"ind":4,"ty":1,"nm":"Roator","parent":6,"sr":1,"ks":{"o":{"a":0,"k":0,"ix":11},"r":{"a":1,"k":[{"i":{"x":[0],"y":[1]},"o":{"x":[0.167],"y":[0.167]},"n":["0_1_0p167_0p167"],"t":1,"s":[-90],"e":[0]},{"t":19}],"ix":10},"p":{"a":0,"k":[60,60,0],"ix":2},"a":{"a":0,"k":[60,60,0],"ix":1},"s":{"a":0,"k":[100,100,100],"ix":6}},"ao":0,"sw":120,"sh":120,"sc":"#ffffff","ip":0,"op":37,"st":-127,"bm":0},{"ddd":0,"ind":5,"ty":4,"nm":"Tag","parent":7,"sr":1,"ks":{"o":{"a":0,"k":100,"ix":11},"r":{"a":0,"k":0,"ix":10},"p":{"a":0,"k":[23,107.889,0],"ix":2},"a":{"a":0,"k":[75,75,0],"ix":1},"s":{"a":0,"k":[100,100,100],"ix":6}},"ao":0,"shapes":[{"ty":"gr","it":[{"ind":0,"ty":"sh","ix":1,"ks":{"a":0,"k":{"i":[[0,4.16],[4.16,0],[0,-4.16],[-4.16,0]],"o":[[0,-4.16],[-4.16,0],[0,4.16],[4.16,0]],"v":[[15.211,-11.441],[7.67,-18.981],[0.13,-11.441],[7.67,-3.9]],"c":true},"ix":2},"nm":"Path 2","mn":"ADBE Vector Shape - Group","hd":false},{"ind":1,"ty":"sh","ix":2,"ks":{"a":0,"k":{"i":[[0,0],[0,0],[1.95,1.17],[0,0],[-1.17,2.08],[0,0],[0,0],[0,0],[0,0],[0,0]],"o":[[0,0],[-1.17,2.08],[0,0],[-2.08,-1.171],[0,0],[0,0],[0,0],[0,0],[0,0],[0,0]],"v":[[26.001,5.98],[0.781,49.661],[-4.941,51.352],[-39.911,31.071],[-41.602,25.221],[-16.381,-18.461],[4.16,-31.331],[14.04,-25.741],[17.421,-23.791],[27.04,-18.201]],"c":true},"ix":2},"nm":"Path 3","mn":"ADBE Vector Shape - Group","hd":false},{"ty":"mm","mm":1,"nm":"Merge Paths 1","mn":"ADBE Vector Filter - Merge","hd":false},{"ty":"fl","c":{"a":0,"k":[0,0,0,1],"ix":4},"o":{"a":0,"k":100,"ix":5},"r":1,"nm":"Fill 1","mn":"ADBE Vector Graphic - Fill","hd":false},{"ty":"tr","p":{"a":0,"k":[77.212,68.727],"ix":2},"a":{"a":0,"k":[0,0],"ix":1},"s":{"a":0,"k":[100,100],"ix":3},"r":{"a":0,"k":0,"ix":6},"o":{"a":0,"k":100,"ix":7},"sk":{"a":0,"k":0,"ix":4},"sa":{"a":0,"k":0,"ix":5},"nm":"Transform"}],"nm":"Group 1","np":4,"cix":2,"ix":1,"mn":"ADBE Vector Group","hd":false}],"ip":0,"op":37,"st":-127,"bm":0},{"ddd":0,"ind":6,"ty":3,"nm":"Scaler","sr":1,"ks":{"o":{"a":0,"k":0,"ix":11},"r":{"a":0,"k":0,"ix":10},"p":{"a":0,"k":[112,27.111,0],"ix":2},"a":{"a":0,"k":[60,60,0],"ix":1},"s":{"a":1,"k":[{"i":{"x":[0,0,0],"y":[1,1,1]},"o":{"x":[0.167,0.167,0.167],"y":[0.167,0.167,0]},"n":["0_1_0p167_0p167","0_1_0p167_0p167","0_1_0p167_0"],"t":1,"s":[0,0,100],"e":[100,100,100]},{"t":19}],"ix":6}},"ao":0,"ip":0,"op":37,"st":-97,"bm":0},{"ddd":0,"ind":7,"ty":1,"nm":"Roator","parent":6,"sr":1,"ks":{"o":{"a":0,"k":0,"ix":11},"r":{"a":1,"k":[{"i":{"x":[0],"y":[1]},"o":{"x":[0.167],"y":[0.167]},"n":["0_1_0p167_0p167"],"t":1,"s":[-127.1],"e":[0]},{"t":19}],"ix":10},"p":{"a":0,"k":[60,60,0],"ix":2},"a":{"a":0,"k":[60,60,0],"ix":1},"s":{"a":0,"k":[100,100,100],"ix":6}},"ao":0,"sw":120,"sh":120,"sc":"#ffffff","ip":0,"op":37,"st":-127,"bm":0}]}],"layers":[{"ddd":0,"ind":1,"ty":0,"nm":"PriceTag_AnimOff","refId":"comp_6","sr":1,"ks":{"o":{"a":0,"k":100,"ix":11},"r":{"a":0,"k":0,"ix":10},"p":{"a":0,"k":[400,400,0],"ix":2},"a":{"a":0,"k":[75,75,0],"ix":1},"s":{"a":0,"k":[100,100,100],"ix":6}},"ao":0,"w":150,"h":150,"ip":37,"op":80,"st":37,"bm":0},{"ddd":0,"ind":2,"ty":0,"nm":"PriceTag_AnimOn","refId":"comp_7","sr":1,"ks":{"o":{"a":0,"k":100,"ix":11},"r":{"a":0,"k":0,"ix":10},"p":{"a":0,"k":[400,400,0],"ix":2},"a":{"a":0,"k":[75,75,0],"ix":1},"s":{"a":0,"k":[100,100,100],"ix":6}},"ao":0,"w":150,"h":150,"ip":0,"op":37,"st":0,"bm":0}]}