{"v":"5.1.8","fr":23.9759979248047,"ip":0,"op":73.9999935950762,"w":1920,"h":1080,"nm":"Completion","ddd":0,"assets":[],"layers":[{"ddd":0,"ind":1,"ty":4,"nm":"Check","sr":1,"ks":{"o":{"a":0,"k":35,"ix":11},"r":{"a":0,"k":0,"ix":10},"p":{"a":0,"k":[954,557,0],"ix":2},"a":{"a":0,"k":[0,0,0],"ix":1},"s":{"a":0,"k":[100,100,100],"ix":6}},"ao":0,"shapes":[{"ty":"gr","it":[{"ind":0,"ty":"sh","ix":1,"ks":{"a":0,"k":{"i":[[0,0],[0,0],[0,0],[0,0],[0,0],[0,0],[0,0]],"o":[[0,0],[0,0],[0,0],[0,0],[0,0],[0,0],[0,0]],"v":[[-18,-212],[-66,100],[-120,36],[-196,82],[-20,218],[-13,199],[98,-206]],"c":true},"ix":2},"nm":"Path 1","mn":"ADBE Vector Shape - Group","hd":false},{"ty":"fl","c":{"a":0,"k":[0.040939779843,0.087376216814,0.322875737209,1],"ix":4},"o":{"a":0,"k":100,"ix":5},"r":1,"nm":"Fill 1","mn":"ADBE Vector Graphic - Fill","hd":false},{"ty":"tr","p":{"a":0,"k":[23,-50],"ix":2},"a":{"a":0,"k":[0,0],"ix":1},"s":{"a":1,"k":[{"i":{"x":[0.667,0.667],"y":[1,1]},"o":{"x":[0.333,0.333],"y":[0,0]},"n":["0p667_1_0p333_0","0p667_1_0p333_0"],"t":7,"s":[0,0],"e":[125,125]},{"i":{"x":[0.667,0.667],"y":[1,1]},"o":{"x":[0.333,0.333],"y":[0,0]},"n":["0p667_1_0p333_0","0p667_1_0p333_0"],"t":13,"s":[125,125],"e":[118.601,118.601]},{"i":{"x":[0.833,0.833],"y":[1,1]},"o":{"x":[0.333,0.333],"y":[0,0]},"n":["0p833_1_0p333_0","0p833_1_0p333_0"],"t":16,"s":[118.601,118.601],"e":[118.601,118.601]},{"i":{"x":[0.562,0.562],"y":[1,1]},"o":{"x":[0.195,0.195],"y":[0,0]},"n":["0p562_1_0p195_0","0p562_1_0p195_0"],"t":49,"s":[118.601,118.601],"e":[128.601,128.601]},{"i":{"x":[0.843,0.843],"y":[1,1]},"o":{"x":[0.352,0.352],"y":[0,0]},"n":["0p843_1_0p352_0","0p843_1_0p352_0"],"t":51,"s":[128.601,128.601],"e":[0,0]},{"t":58.9999948933716}],"ix":3},"r":{"a":1,"k":[{"i":{"x":[0.468],"y":[0.787]},"o":{"x":[0.627],"y":[0]},"n":["0p468_0p787_0p627_0"],"t":5,"s":[22],"e":[406.872]},{"i":{"x":[0.594],"y":[0.977]},"o":{"x":[0.268],"y":[-0.283]},"n":["0p594_0p977_0p268_-0p283"],"t":12,"s":[406.872],"e":[302.497]},{"i":{"x":[0.044],"y":[1.018]},"o":{"x":[0.207],"y":[-0.037]},"n":["0p044_1p018_0p207_-0p037"],"t":17,"s":[302.497],"e":[382]},{"t":28.9999974899623}],"ix":6},"o":{"a":0,"k":100,"ix":7},"sk":{"a":0,"k":0,"ix":4},"sa":{"a":0,"k":0,"ix":5},"nm":"Transform"}],"nm":"Shape 1","np":2,"cix":2,"ix":1,"mn":"ADBE Vector Group","hd":false}],"ip":6.99999939412883,"op":73.9999935950762,"st":6.99999939412883,"bm":0},{"ddd":0,"ind":2,"ty":4,"nm":"Circle","sr":1,"ks":{"o":{"a":0,"k":100,"ix":11},"r":{"a":0,"k":0,"ix":10},"p":{"a":0,"k":[961.89,491.66,0],"ix":2},"a":{"a":0,"k":[-57,5,0],"ix":1},"s":{"a":0,"k":[102.934,102.934,100],"ix":6}},"ao":0,"shapes":[{"ty":"gr","it":[{"d":1,"ty":"el","s":{"a":0,"k":[606,606],"ix":2},"p":{"a":0,"k":[0,0],"ix":3},"nm":"Ellipse Path 1","mn":"ADBE Vector Shape - Ellipse","hd":false},{"ty":"tr","p":{"a":0,"k":[-57,5],"ix":2},"a":{"a":0,"k":[0,0],"ix":1},"s":{"a":1,"k":[{"i":{"x":[0.667,0.667],"y":[1,1]},"o":{"x":[0.333,0.333],"y":[0,0]},"n":["0p667_1_0p333_0","0p667_1_0p333_0"],"t":7,"s":[0,0],"e":[100,100]},{"i":{"x":[0.667,0.667],"y":[1,1]},"o":{"x":[0.333,0.333],"y":[0,0]},"n":["0p667_1_0p333_0","0p667_1_0p333_0"],"t":13,"s":[100,100],"e":[95,95]},{"i":{"x":[0.833,0.833],"y":[1,1]},"o":{"x":[0.333,0.333],"y":[0,0]},"n":["0p833_1_0p333_0","0p833_1_0p333_0"],"t":16,"s":[95,95],"e":[95,95]},{"i":{"x":[0.833,0.833],"y":[1,1]},"o":{"x":[0.167,0.167],"y":[0,0]},"n":["0p833_1_0p167_0","0p833_1_0p167_0"],"t":52,"s":[95,95],"e":[100,100]},{"i":{"x":[0.833,0.833],"y":[1,1]},"o":{"x":[0.167,0.167],"y":[0,0]},"n":["0p833_1_0p167_0","0p833_1_0p167_0"],"t":54,"s":[100,100],"e":[0,0]},{"t":64.0001944605891}],"ix":3},"r":{"a":0,"k":0,"ix":6},"o":{"a":0,"k":100,"ix":7},"sk":{"a":0,"k":0,"ix":4},"sa":{"a":0,"k":0,"ix":5},"nm":"Transform"}],"nm":"Circle","np":2,"cix":2,"ix":1,"mn":"ADBE Vector Group","hd":false},{"ty":"fl","c":{"a":0,"k":[0.746559113147,0.766772101907,0.869281125536,1],"ix":4},"o":{"a":0,"k":100,"ix":5},"r":1,"nm":"Fill 1","mn":"ADBE Vector Graphic - Fill","hd":false}],"ip":6.99999939412883,"op":73.9999935950762,"st":6.79919941150868,"bm":0},{"ddd":0,"ind":3,"ty":4,"nm":"Rings","sr":1,"ks":{"o":{"a":0,"k":100,"ix":11},"r":{"a":0,"k":0,"ix":10},"p":{"a":0,"k":[961.89,491.66,0],"ix":2},"a":{"a":0,"k":[-57,5,0],"ix":1},"s":{"a":0,"k":[102.934,102.934,100],"ix":6}},"ao":0,"shapes":[{"ty":"gr","it":[{"d":1,"ty":"el","s":{"a":0,"k":[606,606],"ix":2},"p":{"a":0,"k":[0,0],"ix":3},"nm":"Ellipse Path 1","mn":"ADBE Vector Shape - Ellipse","hd":false},{"ty":"st","c":{"a":0,"k":[0.6869199865,0.926796946806,0.705734013576,1],"ix":3},"o":{"a":0,"k":100,"ix":4},"w":{"a":0,"k":15,"ix":5},"lc":1,"lj":1,"ml":4,"nm":"Stroke 1","mn":"ADBE Vector Graphic - Stroke","hd":false},{"ty":"tr","p":{"a":0,"k":[-57,5],"ix":2},"a":{"a":0,"k":[0,0],"ix":1},"s":{"a":1,"k":[{"i":{"x":[0.667,0.667],"y":[1,1]},"o":{"x":[0.333,0.333],"y":[0,0]},"n":["0p667_1_0p333_0","0p667_1_0p333_0"],"t":0,"s":[0,0],"e":[135,135]},{"i":{"x":[0.667,0.667],"y":[1,1]},"o":{"x":[0.333,0.333],"y":[0,0]},"n":["0p667_1_0p333_0","0p667_1_0p333_0"],"t":8,"s":[135,135],"e":[124,124]},{"i":{"x":[0.833,0.833],"y":[1,1]},"o":{"x":[0.333,0.333],"y":[0,0]},"n":["0p833_1_0p333_0","0p833_1_0p333_0"],"t":10,"s":[124,124],"e":[124,124]},{"i":{"x":[0.564,0.564],"y":[1,1]},"o":{"x":[0.206,0.206],"y":[0,0]},"n":["0p564_1_0p206_0","0p564_1_0p206_0"],"t":46,"s":[124,124],"e":[130,130]},{"i":{"x":[0.843,0.843],"y":[1,1]},"o":{"x":[0.332,0.332],"y":[0,0]},"n":["0p843_1_0p332_0","0p843_1_0p332_0"],"t":48,"s":[130,130],"e":[0,0]},{"t":56.0001951530133}],"ix":3},"r":{"a":0,"k":0,"ix":6},"o":{"a":0,"k":75,"ix":7},"sk":{"a":0,"k":0,"ix":4},"sa":{"a":0,"k":0,"ix":5},"nm":"Transform"}],"nm":"OuterRing","np":2,"cix":2,"ix":1,"mn":"ADBE Vector Group","hd":false},{"ty":"gr","it":[{"d":1,"ty":"el","s":{"a":0,"k":[606,606],"ix":2},"p":{"a":0,"k":[0,0],"ix":3},"nm":"Ellipse Path 1","mn":"ADBE Vector Shape - Ellipse","hd":false},{"ty":"st","c":{"a":0,"k":[0.6869199865,0.926796946806,0.705734013576,1],"ix":3},"o":{"a":0,"k":100,"ix":4},"w":{"a":0,"k":42,"ix":5},"lc":1,"lj":1,"ml":4,"nm":"Stroke 1","mn":"ADBE Vector Graphic - Stroke","hd":false},{"ty":"tr","p":{"a":0,"k":[-57,5],"ix":2},"a":{"a":0,"k":[0,0],"ix":1},"s":{"a":1,"k":[{"i":{"x":[0.667,0.667],"y":[1,1]},"o":{"x":[0.333,0.333],"y":[0,0]},"n":["0p667_1_0p333_0","0p667_1_0p333_0"],"t":4,"s":[0,0],"e":[118,118]},{"i":{"x":[0.667,0.667],"y":[1,1]},"o":{"x":[0.333,0.333],"y":[0,0]},"n":["0p667_1_0p333_0","0p667_1_0p333_0"],"t":12,"s":[118,118],"e":[111,111]},{"i":{"x":[0.833,0.833],"y":[1,1]},"o":{"x":[0.167,0.167],"y":[0,0]},"n":["0p833_1_0p167_0","0p833_1_0p167_0"],"t":14,"s":[111,111],"e":[111,111]},{"i":{"x":[0.564,0.564],"y":[1,1]},"o":{"x":[0.206,0.206],"y":[0,0]},"n":["0p564_1_0p206_0","0p564_1_0p206_0"],"t":48,"s":[111,111],"e":[117,117]},{"i":{"x":[0.843,0.843],"y":[1,1]},"o":{"x":[0.332,0.332],"y":[0,0]},"n":["0p843_1_0p332_0","0p843_1_0p332_0"],"t":50,"s":[117,117],"e":[0,0]},{"t":58.0001949799073}],"ix":3},"r":{"a":0,"k":0,"ix":6},"o":{"a":0,"k":80,"ix":7},"sk":{"a":0,"k":0,"ix":4},"sa":{"a":0,"k":0,"ix":5},"nm":"Transform"}],"nm":"InnerRing","np":2,"cix":2,"ix":2,"mn":"ADBE Vector Group","hd":false}],"ip":0,"op":73.9999935950762,"st":-0.20079998262015,"bm":0}],"markers":[]}