<animated-vector xmlns:android="http://schemas.android.com/apk/res/android" xmlns:aapt="http://schemas.android.com/aapt"><aapt:attr name="android:drawable"><vector android:height="100dp" android:width="100dp" android:viewportHeight="100" android:viewportWidth="100"><group android:name="_R_G"><group android:name="_R_G_L_1_G" android:pivotX="50" android:pivotY="50" android:scaleX="1" android:scaleY="1"><group android:name="_R_G_L_1_G_D_0_P_0_G_0_T_0" android:translateX="38.375" android:translateY="49.5" android:scaleX="1" android:scaleY="1"><path android:name="_R_G_L_1_G_D_0_P_0" android:strokeColor="#f44d84" android:strokeLineCap="round" android:strokeLineJoin="round" android:strokeWidth="2" android:strokeAlpha="1" android:trimPathStart="0" android:trimPathEnd="0" android:trimPathOffset="0" android:pathData=" M7.58 26.5 C7.58,26.5 -7.58,26.5 -7.58,26.5 C-7.58,26.5 -7.58,-26.5 -7.58,-26.5 C-7.58,-26.5 7.58,-26.5 7.58,-26.5 C7.58,-26.5 7.58,26.5 7.58,26.5c "/></group><group android:name="_R_G_L_1_G_D_1_P_0_G_0_T_0" android:translateX="61.125" android:translateY="49.5" android:scaleX="1" android:scaleY="1"><path android:name="_R_G_L_1_G_D_1_P_0" android:strokeColor="#f44d84" android:strokeLineCap="round" android:strokeLineJoin="round" android:strokeWidth="2" android:strokeAlpha="1" android:trimPathStart="0" android:trimPathEnd="0" android:trimPathOffset="0" android:pathData=" M7.58 26.5 C7.58,26.5 -7.58,26.5 -7.58,26.5 C-7.58,26.5 -7.58,-26.5 -7.58,-26.5 C-7.58,-26.5 7.58,-26.5 7.58,-26.5 C7.58,-26.5 7.58,26.5 7.58,26.5c "/></group></group><group android:name="_R_G_L_0_G"><path android:name="_R_G_L_0_G_D_0_P_0" android:strokeColor="#f44d84" android:strokeLineCap="round" android:strokeLineJoin="round" android:strokeWidth="2" android:strokeAlpha="1" android:trimPathStart="0" android:trimPathEnd="0" android:trimPathOffset="0" android:pathData=" M30.79 76 C30.79,76 30.79,23 30.79,23 C30.79,23 68.5,49.75 68.5,49.75 C68.5,49.75 30.79,76 30.79,76c "/></group></group><group android:name="time_group"/></vector></aapt:attr><target android:name="_R_G_L_1_G_D_0_P_0_G_0_T_0"><aapt:attr name="android:animation"><set android:ordering="together"><objectAnimator android:propertyName="scaleX" android:duration="2533" android:startOffset="0" android:valueFrom="1" android:valueTo="1" android:valueType="floatType"><aapt:attr name="android:interpolator"><pathInterpolator android:pathData="M 0.0,0.0 c0.167,0.167 0.833,0.833 1.0,1.0"/></aapt:attr></objectAnimator><objectAnimator android:propertyName="scaleY" android:duration="2533" android:startOffset="0" android:valueFrom="1" android:valueTo="1" android:valueType="floatType"><aapt:attr name="android:interpolator"><pathInterpolator android:pathData="M 0.0,0.0 c0.167,0.167 0.833,0.833 1.0,1.0"/></aapt:attr></objectAnimator><objectAnimator android:propertyName="scaleX" android:duration="133" android:startOffset="2533" android:valueFrom="1" android:valueTo="0" android:valueType="floatType"><aapt:attr name="android:interpolator"><pathInterpolator android:pathData="M 0.0,0.0 c0.167,0.167 0.833,0.833 1.0,1.0"/></aapt:attr></objectAnimator><objectAnimator android:propertyName="scaleY" android:duration="133" android:startOffset="2533" android:valueFrom="1" android:valueTo="0" android:valueType="floatType"><aapt:attr name="android:interpolator"><pathInterpolator android:pathData="M 0.0,0.0 c0.167,0.167 0.833,0.833 1.0,1.0"/></aapt:attr></objectAnimator></set></aapt:attr></target><target android:name="_R_G_L_1_G_D_0_P_0"><aapt:attr name="android:animation"><set android:ordering="together"><objectAnimator android:propertyName="trimPathEnd" android:duration="400" android:startOffset="0" android:valueFrom="0" android:valueTo="1" android:valueType="floatType"><aapt:attr name="android:interpolator"><pathInterpolator android:pathData="M 0.0,0.0 c0.167,0.167 0.833,0.833 1.0,1.0"/></aapt:attr></objectAnimator></set></aapt:attr></target><target android:name="_R_G_L_1_G_D_1_P_0_G_0_T_0"><aapt:attr name="android:animation"><set android:ordering="together"><objectAnimator android:propertyName="scaleX" android:duration="2133" android:startOffset="0" android:valueFrom="1" android:valueTo="1" android:valueType="floatType"><aapt:attr name="android:interpolator"><pathInterpolator android:pathData="M 0.0,0.0 c0.167,0.167 0.833,0.833 1.0,1.0"/></aapt:attr></objectAnimator><objectAnimator android:propertyName="scaleY" android:duration="2133" android:startOffset="0" android:valueFrom="1" android:valueTo="1" android:valueType="floatType"><aapt:attr name="android:interpolator"><pathInterpolator android:pathData="M 0.0,0.0 c0.167,0.167 0.833,0.833 1.0,1.0"/></aapt:attr></objectAnimator><objectAnimator android:propertyName="scaleX" android:duration="267" android:startOffset="2133" android:valueFrom="1" android:valueTo="0" android:valueType="floatType"><aapt:attr name="android:interpolator"><pathInterpolator android:pathData="M 0.0,0.0 c0.167,0.167 0.833,0.833 1.0,1.0"/></aapt:attr></objectAnimator><objectAnimator android:propertyName="scaleY" android:duration="267" android:startOffset="2133" android:valueFrom="1" android:valueTo="0" android:valueType="floatType"><aapt:attr name="android:interpolator"><pathInterpolator android:pathData="M 0.0,0.0 c0.167,0.167 0.833,0.833 1.0,1.0"/></aapt:attr></objectAnimator></set></aapt:attr></target><target android:name="_R_G_L_1_G_D_1_P_0"><aapt:attr name="android:animation"><set android:ordering="together"><objectAnimator android:propertyName="trimPathEnd" android:duration="200" android:startOffset="0" android:valueFrom="0" android:valueTo="0" android:valueType="floatType"><aapt:attr name="android:interpolator"><pathInterpolator android:pathData="M 0.0,0.0 c0.167,0.167 0.833,0.833 1.0,1.0"/></aapt:attr></objectAnimator><objectAnimator android:propertyName="trimPathEnd" android:duration="533" android:startOffset="200" android:valueFrom="0" android:valueTo="1" android:valueType="floatType"><aapt:attr name="android:interpolator"><pathInterpolator android:pathData="M 0.0,0.0 c0.167,0.167 0.833,0.833 1.0,1.0"/></aapt:attr></objectAnimator></set></aapt:attr></target><target android:name="_R_G_L_1_G"><aapt:attr name="android:animation"><set android:ordering="together"><objectAnimator android:propertyName="scaleX" android:duration="1733" android:startOffset="0" android:valueFrom="1" android:valueTo="1" android:valueType="floatType"><aapt:attr name="android:interpolator"><pathInterpolator android:pathData="M 0.0,0.0 c0.167,0.167 0.833,0.833 1.0,1.0"/></aapt:attr></objectAnimator><objectAnimator android:propertyName="scaleY" android:duration="1733" android:startOffset="0" android:valueFrom="1" android:valueTo="1" android:valueType="floatType"><aapt:attr name="android:interpolator"><pathInterpolator android:pathData="M 0.0,0.0 c0.167,0.167 0.833,0.833 1.0,1.0"/></aapt:attr></objectAnimator><objectAnimator android:propertyName="scaleX" android:duration="267" android:startOffset="1733" android:valueFrom="1" android:valueTo="1.5" android:valueType="floatType"><aapt:attr name="android:interpolator"><pathInterpolator android:pathData="M 0.0,0.0 c0.167,0.167 0.833,0.833 1.0,1.0"/></aapt:attr></objectAnimator><objectAnimator android:propertyName="scaleY" android:duration="267" android:startOffset="1733" android:valueFrom="1" android:valueTo="1.5" android:valueType="floatType"><aapt:attr name="android:interpolator"><pathInterpolator android:pathData="M 0.0,0.0 c0.167,0.167 0.833,0.833 1.0,1.0"/></aapt:attr></objectAnimator><objectAnimator android:propertyName="scaleX" android:duration="133" android:startOffset="2000" android:valueFrom="1.5" android:valueTo="1" android:valueType="floatType"><aapt:attr name="android:interpolator"><pathInterpolator android:pathData="M 0.0,0.0 c0.167,0.167 0.833,0.833 1.0,1.0"/></aapt:attr></objectAnimator><objectAnimator android:propertyName="scaleY" android:duration="133" android:startOffset="2000" android:valueFrom="1.5" android:valueTo="1" android:valueType="floatType"><aapt:attr name="android:interpolator"><pathInterpolator android:pathData="M 0.0,0.0 c0.167,0.167 0.833,0.833 1.0,1.0"/></aapt:attr></objectAnimator></set></aapt:attr></target><target android:name="_R_G_L_0_G_D_0_P_0"><aapt:attr name="android:animation"><set android:ordering="together"><objectAnimator android:propertyName="trimPathEnd" android:duration="2533" android:startOffset="0" android:valueFrom="0" android:valueTo="0" android:valueType="floatType"><aapt:attr name="android:interpolator"><pathInterpolator android:pathData="M 0.0,0.0 c0.167,0.167 0.833,0.833 1.0,1.0"/></aapt:attr></objectAnimator><objectAnimator android:propertyName="trimPathEnd" android:duration="533" android:startOffset="2533" android:valueFrom="0" android:valueTo="1" android:valueType="floatType"><aapt:attr name="android:interpolator"><pathInterpolator android:pathData="M 0.0,0.0 c0.167,0.167 0.833,0.833 1.0,1.0"/></aapt:attr></objectAnimator></set></aapt:attr></target><target android:name="time_group"><aapt:attr name="android:animation"><set android:ordering="together"><objectAnimator android:propertyName="translateX" android:duration="5000" android:startOffset="0" android:valueFrom="0" android:valueTo="1" android:valueType="floatType"/></set></aapt:attr></target></animated-vector>