{"v":"5.1.8","fr":29.9700012207031,"ip":0,"op":374.000015233332,"w":350,"h":350,"nm":"main","ddd":1,"assets":[{"id":"image_0","w":296,"h":298,"u":"images/","p":"img_0.png"},{"id":"image_1","w":296,"h":298,"u":"images/","p":"img_1.png"},{"id":"comp_1","layers":[{"ddd":1,"ind":1,"ty":2,"nm":"head.png","cl":"png","refId":"image_0","sr":1,"ks":{"o":{"a":0,"k":100,"ix":11},"rx":{"a":0,"k":0,"ix":8},"ry":{"a":0,"k":0,"ix":9},"rz":{"a":0,"k":0,"ix":10},"or":{"a":0,"k":[0,0,0],"ix":7},"p":{"a":0,"k":[155,155,32],"ix":2},"a":{"a":0,"k":[148,149,0],"ix":1},"s":{"a":0,"k":[100,100,100],"ix":6}},"ao":0,"ip":0,"op":374.000015233332,"st":0,"bm":0},{"ddd":1,"ind":2,"ty":2,"nm":"tail.png","cl":"png","refId":"image_1","sr":1,"ks":{"o":{"a":0,"k":100,"ix":11},"rx":{"a":0,"k":0,"ix":8},"ry":{"a":0,"k":0,"ix":9},"rz":{"a":0,"k":0,"ix":10},"or":{"a":0,"k":[0,0,0],"ix":7},"p":{"a":0,"k":[155.087,154.903,-0.177],"ix":2},"a":{"a":0,"k":[148,149,0],"ix":1},"s":{"a":0,"k":[100,100,100],"ix":6}},"ao":0,"ip":0,"op":374.000015233332,"st":0,"bm":0},{"ddd":1,"ind":3,"ty":4,"nm":"Shape Layer 1","sr":1,"ks":{"o":{"a":0,"k":100,"ix":11},"rx":{"a":0,"k":0,"ix":8},"ry":{"a":0,"k":0,"ix":9},"rz":{"a":0,"k":0,"ix":10},"or":{"a":0,"k":[0,0,0],"ix":7},"p":{"a":0,"k":[154,163.125,0],"ix":2},"a":{"a":0,"k":[0,0,0],"ix":1},"s":{"a":0,"k":[100,100,100],"ix":6}},"ao":0,"shapes":[{"ty":"gr","it":[{"d":1,"ty":"el","s":{"a":0,"k":[298,297],"ix":2},"p":{"a":0,"k":[0,0],"ix":3},"nm":"Ellipse Path 1","mn":"ADBE Vector Shape - Ellipse","hd":false},{"ty":"fl","c":{"a":0,"k":[0.8,0.5721965715,0.062745094299,1],"ix":4},"o":{"a":0,"k":100,"ix":5},"r":1,"nm":"Fill 1","mn":"ADBE Vector Graphic - Fill","hd":false},{"ty":"tr","p":{"a":0,"k":[-1,-6.5],"ix":2},"a":{"a":0,"k":[0,0],"ix":1},"s":{"a":0,"k":[100,100],"ix":3},"r":{"a":0,"k":0,"ix":6},"o":{"a":0,"k":100,"ix":7},"sk":{"a":0,"k":0,"ix":4},"sa":{"a":0,"k":0,"ix":5},"nm":"Transform"}],"nm":"Ellipse 1","np":3,"cix":2,"ix":1,"mn":"ADBE Vector Group","hd":false}],"ip":0,"op":374.000015233332,"st":0,"bm":0}]}],"layers":[{"ddd":1,"ind":1,"ty":0,"nm":"coin1","refId":"comp_1","sr":1,"ks":{"o":{"a":0,"k":100,"ix":11},"rx":{"a":0,"k":0,"ix":8},"ry":{"a":1,"k":[{"i":{"x":[0.833],"y":[0.833]},"o":{"x":[0.64],"y":[0.712]},"n":["0p833_0p833_0p64_0p712"],"t":0,"s":[0],"e":[6480]},{"t":373.000015192601}],"ix":9},"rz":{"a":0,"k":0,"ix":10},"or":{"a":0,"k":[0,0,0],"ix":7},"p":{"a":0,"k":[175,175,0],"ix":2},"a":{"a":0,"k":[155,155,0],"ix":1},"s":{"a":0,"k":[100,100,100],"ix":6}},"ao":0,"w":310,"h":310,"ip":0,"op":374.000015233332,"st":0,"bm":0}],"markers":[]}