{"v":"5.1.8","fr":30,"ip":0,"op":123,"w":400,"h":350,"nm":"Comp 1","ddd":0,"assets":[],"layers":[{"ddd":0,"ind":1,"ty":4,"nm":"Shape Layer 4","sr":1,"ks":{"o":{"a":0,"k":100,"ix":11},"r":{"a":0,"k":0,"ix":10},"p":{"a":0,"k":[200,264,0],"ix":2},"a":{"a":0,"k":[0,0,0],"ix":1},"s":{"a":0,"k":[100,100,100],"ix":6}},"ao":0,"ef":[{"ty":5,"nm":"Bagliore","np":16,"mn":"ADBE Glo2","ix":1,"en":1,"ef":[{"ty":7,"nm":"Bagliore basato su","mn":"ADBE Glo2-0001","ix":1,"v":{"a":0,"k":2,"ix":1}},{"ty":0,"nm":"Soglia bagliore","mn":"ADBE Glo2-0002","ix":2,"v":{"a":0,"k":153,"ix":2}},{"ty":0,"nm":"Raggio bagliore","mn":"ADBE Glo2-0003","ix":3,"v":{"a":0,"k":10,"ix":3}},{"ty":0,"nm":"Intensità bagliore","mn":"ADBE Glo2-0004","ix":4,"v":{"a":0,"k":1,"ix":4}},{"ty":7,"nm":"Originale composito","mn":"ADBE Glo2-0005","ix":5,"v":{"a":0,"k":2,"ix":5}},{"ty":7,"nm":"Operazione bagliore","mn":"ADBE Glo2-0006","ix":6,"v":{"a":0,"k":3,"ix":6}},{"ty":7,"nm":"Colori bagliore","mn":"ADBE Glo2-0007","ix":7,"v":{"a":0,"k":1,"ix":7}},{"ty":7,"nm":"Ciclo continuo colore","mn":"ADBE Glo2-0008","ix":8,"v":{"a":0,"k":3,"ix":8}},{"ty":0,"nm":"Cicli continui colore","mn":"ADBE Glo2-0009","ix":9,"v":{"a":0,"k":1,"ix":9}},{"ty":0,"nm":"Fase colore","mn":"ADBE Glo2-0010","ix":10,"v":{"a":0,"k":0,"ix":10}},{"ty":0,"nm":"Punto medio A e B","mn":"ADBE Glo2-0011","ix":11,"v":{"a":0,"k":0.5,"ix":11}},{"ty":2,"nm":"Colore A","mn":"ADBE Glo2-0012","ix":12,"v":{"a":0,"k":[1,1,1,0],"ix":12}},{"ty":2,"nm":"Colore B","mn":"ADBE Glo2-0013","ix":13,"v":{"a":0,"k":[0.20000000298,1,1,1],"ix":13}},{"ty":7,"nm":"Dimensioni bagliore","mn":"ADBE Glo2-0014","ix":14,"v":{"a":0,"k":1,"ix":14}}]}],"shapes":[{"d":1,"ty":"el","s":{"a":1,"k":[{"i":{"x":[0.667,0.667],"y":[1,1]},"o":{"x":[0.333,0.333],"y":[0,0]},"n":["0p667_1_0p333_0","0p667_1_0p333_0"],"t":0,"s":[0,0],"e":[90.641,90.641]},{"t":30}],"ix":2},"p":{"a":0,"k":[0,0],"ix":3},"nm":"Ellipse Path 1","mn":"ADBE Vector Shape - Ellipse","hd":false},{"ty":"gf","o":{"a":0,"k":100,"ix":10},"r":1,"g":{"p":3,"k":{"a":0,"k":[0,0,0.741,1,0.5,0.163,0.843,0.92,1,0.325,0.945,0.839],"ix":9}},"s":{"a":0,"k":[-50,59],"ix":5},"e":{"a":0,"k":[60,-34],"ix":6},"t":2,"h":{"a":0,"k":0,"ix":7},"a":{"a":0,"k":0,"ix":8},"nm":"Gradient Fill 1","mn":"ADBE Vector Graphic - G-Fill","hd":false}],"ip":0,"op":124,"st":0,"bm":0},{"ddd":0,"ind":2,"ty":4,"nm":"Shape Layer 3","sr":1,"ks":{"o":{"a":0,"k":100,"ix":11},"r":{"a":0,"k":45,"ix":10},"p":{"a":0,"k":[200,280,0],"ix":2},"a":{"a":0,"k":[0,0,0],"ix":1},"s":{"a":0,"k":[100,100,100],"ix":6}},"ao":0,"ef":[{"ty":5,"nm":"Bagliore","np":16,"mn":"ADBE Glo2","ix":1,"en":1,"ef":[{"ty":7,"nm":"Bagliore basato su","mn":"ADBE Glo2-0001","ix":1,"v":{"a":0,"k":2,"ix":1}},{"ty":0,"nm":"Soglia bagliore","mn":"ADBE Glo2-0002","ix":2,"v":{"a":0,"k":153,"ix":2}},{"ty":0,"nm":"Raggio bagliore","mn":"ADBE Glo2-0003","ix":3,"v":{"a":0,"k":10,"ix":3}},{"ty":0,"nm":"Intensità bagliore","mn":"ADBE Glo2-0004","ix":4,"v":{"a":0,"k":1,"ix":4}},{"ty":7,"nm":"Originale composito","mn":"ADBE Glo2-0005","ix":5,"v":{"a":0,"k":2,"ix":5}},{"ty":7,"nm":"Operazione bagliore","mn":"ADBE Glo2-0006","ix":6,"v":{"a":0,"k":3,"ix":6}},{"ty":7,"nm":"Colori bagliore","mn":"ADBE Glo2-0007","ix":7,"v":{"a":0,"k":1,"ix":7}},{"ty":7,"nm":"Ciclo continuo colore","mn":"ADBE Glo2-0008","ix":8,"v":{"a":0,"k":3,"ix":8}},{"ty":0,"nm":"Cicli continui colore","mn":"ADBE Glo2-0009","ix":9,"v":{"a":0,"k":1,"ix":9}},{"ty":0,"nm":"Fase colore","mn":"ADBE Glo2-0010","ix":10,"v":{"a":0,"k":0,"ix":10}},{"ty":0,"nm":"Punto medio A e B","mn":"ADBE Glo2-0011","ix":11,"v":{"a":0,"k":0.5,"ix":11}},{"ty":2,"nm":"Colore A","mn":"ADBE Glo2-0012","ix":12,"v":{"a":0,"k":[1,1,1,0],"ix":12}},{"ty":2,"nm":"Colore B","mn":"ADBE Glo2-0013","ix":13,"v":{"a":0,"k":[0,0,0,0],"ix":13}},{"ty":7,"nm":"Dimensioni bagliore","mn":"ADBE Glo2-0014","ix":14,"v":{"a":0,"k":1,"ix":14}}]}],"shapes":[{"d":1,"ty":"el","s":{"a":0,"k":[215,215],"ix":2},"p":{"a":0,"k":[0,0],"ix":3},"nm":"Ellipse Path 1","mn":"ADBE Vector Shape - Ellipse","hd":false},{"ty":"tm","s":{"a":1,"k":[{"i":{"x":[0.667],"y":[1]},"o":{"x":[0.333],"y":[0]},"n":["0p667_1_0p333_0"],"t":30,"s":[87.5],"e":[75]},{"t":60}],"ix":1},"e":{"a":1,"k":[{"i":{"x":[0.667],"y":[1]},"o":{"x":[0.333],"y":[0]},"n":["0p667_1_0p333_0"],"t":30,"s":[87.5],"e":[100]},{"t":60}],"ix":2},"o":{"a":0,"k":0,"ix":3},"m":1,"ix":2,"nm":"Trim Paths 1","mn":"ADBE Vector Filter - Trim","hd":false},{"ty":"st","c":{"a":0,"k":[0.18431372549,0.858823529412,0.909803921569,1],"ix":3},"o":{"a":0,"k":100,"ix":4},"w":{"a":0,"k":2,"ix":5},"lc":1,"lj":1,"ml":4,"nm":"Stroke 1","mn":"ADBE Vector Graphic - Stroke","hd":false},{"ty":"st","c":{"a":0,"k":[0.18431372549,0.858823529412,0.909803921569,1],"ix":3},"o":{"a":0,"k":100,"ix":4},"w":{"a":0,"k":31,"ix":5},"lc":2,"lj":1,"ml":4,"nm":"Stroke 2","mn":"ADBE Vector Graphic - Stroke","hd":false}],"ip":0,"op":124,"st":0,"bm":0},{"ddd":0,"ind":3,"ty":4,"nm":"Shape Layer 2","sr":1,"ks":{"o":{"a":0,"k":100,"ix":11},"r":{"a":0,"k":45,"ix":10},"p":{"a":0,"k":[200,280,0],"ix":2},"a":{"a":0,"k":[0,0,0],"ix":1},"s":{"a":0,"k":[100,100,100],"ix":6}},"ao":0,"ef":[{"ty":5,"nm":"Bagliore","np":16,"mn":"ADBE Glo2","ix":1,"en":1,"ef":[{"ty":7,"nm":"Bagliore basato su","mn":"ADBE Glo2-0001","ix":1,"v":{"a":0,"k":2,"ix":1}},{"ty":0,"nm":"Soglia bagliore","mn":"ADBE Glo2-0002","ix":2,"v":{"a":0,"k":153,"ix":2}},{"ty":0,"nm":"Raggio bagliore","mn":"ADBE Glo2-0003","ix":3,"v":{"a":0,"k":10,"ix":3}},{"ty":0,"nm":"Intensità bagliore","mn":"ADBE Glo2-0004","ix":4,"v":{"a":0,"k":1,"ix":4}},{"ty":7,"nm":"Originale composito","mn":"ADBE Glo2-0005","ix":5,"v":{"a":0,"k":2,"ix":5}},{"ty":7,"nm":"Operazione bagliore","mn":"ADBE Glo2-0006","ix":6,"v":{"a":0,"k":3,"ix":6}},{"ty":7,"nm":"Colori bagliore","mn":"ADBE Glo2-0007","ix":7,"v":{"a":0,"k":1,"ix":7}},{"ty":7,"nm":"Ciclo continuo colore","mn":"ADBE Glo2-0008","ix":8,"v":{"a":0,"k":3,"ix":8}},{"ty":0,"nm":"Cicli continui colore","mn":"ADBE Glo2-0009","ix":9,"v":{"a":0,"k":1,"ix":9}},{"ty":0,"nm":"Fase colore","mn":"ADBE Glo2-0010","ix":10,"v":{"a":0,"k":0,"ix":10}},{"ty":0,"nm":"Punto medio A e B","mn":"ADBE Glo2-0011","ix":11,"v":{"a":0,"k":0.5,"ix":11}},{"ty":2,"nm":"Colore A","mn":"ADBE Glo2-0012","ix":12,"v":{"a":0,"k":[1,1,1,0],"ix":12}},{"ty":2,"nm":"Colore B","mn":"ADBE Glo2-0013","ix":13,"v":{"a":0,"k":[0,0,0,0],"ix":13}},{"ty":7,"nm":"Dimensioni bagliore","mn":"ADBE Glo2-0014","ix":14,"v":{"a":0,"k":1,"ix":14}}]}],"shapes":[{"d":1,"ty":"el","s":{"a":0,"k":[342,342],"ix":2},"p":{"a":0,"k":[0,0],"ix":3},"nm":"Ellipse Path 1","mn":"ADBE Vector Shape - Ellipse","hd":false},{"ty":"tm","s":{"a":1,"k":[{"i":{"x":[0.667],"y":[1]},"o":{"x":[0.333],"y":[0]},"n":["0p667_1_0p333_0"],"t":60,"s":[87.5],"e":[75]},{"t":90}],"ix":1},"e":{"a":1,"k":[{"i":{"x":[0.667],"y":[1]},"o":{"x":[0.333],"y":[0]},"n":["0p667_1_0p333_0"],"t":60,"s":[87.5],"e":[100]},{"t":90}],"ix":2},"o":{"a":0,"k":0,"ix":3},"m":1,"ix":2,"nm":"Trim Paths 1","mn":"ADBE Vector Filter - Trim","hd":false},{"ty":"st","c":{"a":0,"k":[0.18431372549,0.858823529412,0.909803921569,1],"ix":3},"o":{"a":0,"k":100,"ix":4},"w":{"a":0,"k":31,"ix":5},"lc":2,"lj":1,"ml":4,"nm":"Stroke 1","mn":"ADBE Vector Graphic - Stroke","hd":false}],"ip":0,"op":124,"st":0,"bm":0},{"ddd":0,"ind":4,"ty":4,"nm":"Shape Layer 1","sr":1,"ks":{"o":{"a":0,"k":100,"ix":11},"r":{"a":0,"k":45,"ix":10},"p":{"a":0,"k":[200,280,0],"ix":2},"a":{"a":0,"k":[0,0,0],"ix":1},"s":{"a":0,"k":[100,100,100],"ix":6}},"ao":0,"ef":[{"ty":5,"nm":"Bagliore","np":16,"mn":"ADBE Glo2","ix":1,"en":1,"ef":[{"ty":7,"nm":"Bagliore basato su","mn":"ADBE Glo2-0001","ix":1,"v":{"a":0,"k":2,"ix":1}},{"ty":0,"nm":"Soglia bagliore","mn":"ADBE Glo2-0002","ix":2,"v":{"a":0,"k":153,"ix":2}},{"ty":0,"nm":"Raggio bagliore","mn":"ADBE Glo2-0003","ix":3,"v":{"a":0,"k":10,"ix":3}},{"ty":0,"nm":"Intensità bagliore","mn":"ADBE Glo2-0004","ix":4,"v":{"a":0,"k":1,"ix":4}},{"ty":7,"nm":"Originale composito","mn":"ADBE Glo2-0005","ix":5,"v":{"a":0,"k":2,"ix":5}},{"ty":7,"nm":"Operazione bagliore","mn":"ADBE Glo2-0006","ix":6,"v":{"a":0,"k":3,"ix":6}},{"ty":7,"nm":"Colori bagliore","mn":"ADBE Glo2-0007","ix":7,"v":{"a":0,"k":1,"ix":7}},{"ty":7,"nm":"Ciclo continuo colore","mn":"ADBE Glo2-0008","ix":8,"v":{"a":0,"k":3,"ix":8}},{"ty":0,"nm":"Cicli continui colore","mn":"ADBE Glo2-0009","ix":9,"v":{"a":0,"k":1,"ix":9}},{"ty":0,"nm":"Fase colore","mn":"ADBE Glo2-0010","ix":10,"v":{"a":0,"k":0,"ix":10}},{"ty":0,"nm":"Punto medio A e B","mn":"ADBE Glo2-0011","ix":11,"v":{"a":0,"k":0.5,"ix":11}},{"ty":2,"nm":"Colore A","mn":"ADBE Glo2-0012","ix":12,"v":{"a":0,"k":[1,1,1,0],"ix":12}},{"ty":2,"nm":"Colore B","mn":"ADBE Glo2-0013","ix":13,"v":{"a":0,"k":[0,0,0,0],"ix":13}},{"ty":7,"nm":"Dimensioni bagliore","mn":"ADBE Glo2-0014","ix":14,"v":{"a":0,"k":1,"ix":14}}]}],"shapes":[{"d":1,"ty":"el","s":{"a":0,"k":[470,470],"ix":2},"p":{"a":0,"k":[0,0],"ix":3},"nm":"Ellipse Path 1","mn":"ADBE Vector Shape - Ellipse","hd":false},{"ty":"tm","s":{"a":1,"k":[{"i":{"x":[0.667],"y":[0.879]},"o":{"x":[0.333],"y":[0]},"n":["0p667_0p879_0p333_0"],"t":90,"s":[87.5],"e":[75.955]},{"i":{"x":[0.667],"y":[1]},"o":{"x":[0.333],"y":[0.844]},"n":["0p667_1_0p333_0p844"],"t":109,"s":[75.955],"e":[75]},{"t":120}],"ix":1},"e":{"a":1,"k":[{"i":{"x":[0.667],"y":[0.889]},"o":{"x":[0.333],"y":[0]},"n":["0p667_0p889_0p333_0"],"t":90,"s":[87.5],"e":[100]},{"i":{"x":[0.667],"y":[1]},"o":{"x":[0.333],"y":[0.806]},"n":["0p667_1_0p333_0p806"],"t":109,"s":[100],"e":[100]},{"t":120}],"ix":2},"o":{"a":0,"k":0,"ix":3},"m":1,"ix":2,"nm":"Trim Paths 1","mn":"ADBE Vector Filter - Trim","hd":false},{"ty":"st","c":{"a":0,"k":[0.196078431373,0.862745098039,0.901960784314,1],"ix":3},"o":{"a":0,"k":100,"ix":4},"w":{"a":0,"k":31,"ix":5},"lc":2,"lj":1,"ml":4,"nm":"Stroke 1","mn":"ADBE Vector Graphic - Stroke","hd":false}],"ip":0,"op":124,"st":0,"bm":0},{"ddd":0,"ind":5,"ty":4,"nm":"Shape Layer 8","sr":1,"ks":{"o":{"a":0,"k":100,"ix":11},"r":{"a":0,"k":0,"ix":10},"p":{"a":0,"k":[200,264,0],"ix":2},"a":{"a":0,"k":[0,0,0],"ix":1},"s":{"a":0,"k":[100,100,100],"ix":6}},"ao":0,"ef":[{"ty":5,"nm":"Bagliore","np":16,"mn":"ADBE Glo2","ix":1,"en":1,"ef":[{"ty":7,"nm":"Bagliore basato su","mn":"ADBE Glo2-0001","ix":1,"v":{"a":0,"k":2,"ix":1}},{"ty":0,"nm":"Soglia bagliore","mn":"ADBE Glo2-0002","ix":2,"v":{"a":0,"k":153,"ix":2}},{"ty":0,"nm":"Raggio bagliore","mn":"ADBE Glo2-0003","ix":3,"v":{"a":0,"k":10,"ix":3}},{"ty":0,"nm":"Intensità bagliore","mn":"ADBE Glo2-0004","ix":4,"v":{"a":0,"k":1,"ix":4}},{"ty":7,"nm":"Originale composito","mn":"ADBE Glo2-0005","ix":5,"v":{"a":0,"k":2,"ix":5}},{"ty":7,"nm":"Operazione bagliore","mn":"ADBE Glo2-0006","ix":6,"v":{"a":0,"k":3,"ix":6}},{"ty":7,"nm":"Colori bagliore","mn":"ADBE Glo2-0007","ix":7,"v":{"a":0,"k":1,"ix":7}},{"ty":7,"nm":"Ciclo continuo colore","mn":"ADBE Glo2-0008","ix":8,"v":{"a":0,"k":3,"ix":8}},{"ty":0,"nm":"Cicli continui colore","mn":"ADBE Glo2-0009","ix":9,"v":{"a":0,"k":1,"ix":9}},{"ty":0,"nm":"Fase colore","mn":"ADBE Glo2-0010","ix":10,"v":{"a":0,"k":0,"ix":10}},{"ty":0,"nm":"Punto medio A e B","mn":"ADBE Glo2-0011","ix":11,"v":{"a":0,"k":0.5,"ix":11}},{"ty":2,"nm":"Colore A","mn":"ADBE Glo2-0012","ix":12,"v":{"a":0,"k":[1,1,1,0],"ix":12}},{"ty":2,"nm":"Colore B","mn":"ADBE Glo2-0013","ix":13,"v":{"a":0,"k":[0,0,0,0],"ix":13}},{"ty":7,"nm":"Dimensioni bagliore","mn":"ADBE Glo2-0014","ix":14,"v":{"a":0,"k":1,"ix":14}}]}],"shapes":[{"d":1,"ty":"el","s":{"a":0,"k":[90.641,90.641],"ix":2},"p":{"a":0,"k":[0,0],"ix":3},"nm":"Ellipse Path 1","mn":"ADBE Vector Shape - Ellipse","hd":false},{"ty":"gf","o":{"a":0,"k":100,"ix":10},"r":1,"g":{"p":3,"k":{"a":0,"k":[0,1,1,1,0.5,1,1,1,1,1,1,1],"ix":9}},"s":{"a":0,"k":[-50,59],"ix":5},"e":{"a":0,"k":[60,-34],"ix":6},"t":2,"h":{"a":0,"k":0,"ix":7},"a":{"a":0,"k":0,"ix":8},"nm":"Gradient Fill 1","mn":"ADBE Vector Graphic - G-Fill","hd":false}],"ip":0,"op":124,"st":0,"bm":0},{"ddd":0,"ind":6,"ty":4,"nm":"Shape Layer 7","sr":1,"ks":{"o":{"a":0,"k":100,"ix":11},"r":{"a":0,"k":45,"ix":10},"p":{"a":0,"k":[200,280,0],"ix":2},"a":{"a":0,"k":[0,0,0],"ix":1},"s":{"a":0,"k":[100,100,100],"ix":6}},"ao":0,"ef":[{"ty":5,"nm":"Bagliore","np":16,"mn":"ADBE Glo2","ix":1,"en":1,"ef":[{"ty":7,"nm":"Bagliore basato su","mn":"ADBE Glo2-0001","ix":1,"v":{"a":0,"k":2,"ix":1}},{"ty":0,"nm":"Soglia bagliore","mn":"ADBE Glo2-0002","ix":2,"v":{"a":0,"k":153,"ix":2}},{"ty":0,"nm":"Raggio bagliore","mn":"ADBE Glo2-0003","ix":3,"v":{"a":0,"k":10,"ix":3}},{"ty":0,"nm":"Intensità bagliore","mn":"ADBE Glo2-0004","ix":4,"v":{"a":0,"k":1,"ix":4}},{"ty":7,"nm":"Originale composito","mn":"ADBE Glo2-0005","ix":5,"v":{"a":0,"k":2,"ix":5}},{"ty":7,"nm":"Operazione bagliore","mn":"ADBE Glo2-0006","ix":6,"v":{"a":0,"k":3,"ix":6}},{"ty":7,"nm":"Colori bagliore","mn":"ADBE Glo2-0007","ix":7,"v":{"a":0,"k":1,"ix":7}},{"ty":7,"nm":"Ciclo continuo colore","mn":"ADBE Glo2-0008","ix":8,"v":{"a":0,"k":3,"ix":8}},{"ty":0,"nm":"Cicli continui colore","mn":"ADBE Glo2-0009","ix":9,"v":{"a":0,"k":1,"ix":9}},{"ty":0,"nm":"Fase colore","mn":"ADBE Glo2-0010","ix":10,"v":{"a":0,"k":0,"ix":10}},{"ty":0,"nm":"Punto medio A e B","mn":"ADBE Glo2-0011","ix":11,"v":{"a":0,"k":0.5,"ix":11}},{"ty":2,"nm":"Colore A","mn":"ADBE Glo2-0012","ix":12,"v":{"a":0,"k":[1,1,1,0],"ix":12}},{"ty":2,"nm":"Colore B","mn":"ADBE Glo2-0013","ix":13,"v":{"a":0,"k":[0,0,0,0],"ix":13}},{"ty":7,"nm":"Dimensioni bagliore","mn":"ADBE Glo2-0014","ix":14,"v":{"a":0,"k":1,"ix":14}}]}],"shapes":[{"d":1,"ty":"el","s":{"a":0,"k":[215,215],"ix":2},"p":{"a":0,"k":[0,0],"ix":3},"nm":"Ellipse Path 1","mn":"ADBE Vector Shape - Ellipse","hd":false},{"ty":"tm","s":{"a":0,"k":75,"ix":1},"e":{"a":0,"k":100,"ix":2},"o":{"a":0,"k":0,"ix":3},"m":1,"ix":2,"nm":"Trim Paths 1","mn":"ADBE Vector Filter - Trim","hd":false},{"ty":"st","c":{"a":0,"k":[1,1,1,1],"ix":3},"o":{"a":0,"k":100,"ix":4},"w":{"a":0,"k":2,"ix":5},"lc":1,"lj":1,"ml":4,"nm":"Stroke 1","mn":"ADBE Vector Graphic - Stroke","hd":false},{"ty":"st","c":{"a":0,"k":[1,1,1,1],"ix":3},"o":{"a":0,"k":100,"ix":4},"w":{"a":0,"k":31,"ix":5},"lc":2,"lj":1,"ml":4,"nm":"Stroke 2","mn":"ADBE Vector Graphic - Stroke","hd":false}],"ip":0,"op":124,"st":0,"bm":0},{"ddd":0,"ind":7,"ty":4,"nm":"Shape Layer 6","sr":1,"ks":{"o":{"a":0,"k":100,"ix":11},"r":{"a":0,"k":45,"ix":10},"p":{"a":0,"k":[200,280,0],"ix":2},"a":{"a":0,"k":[0,0,0],"ix":1},"s":{"a":0,"k":[100,100,100],"ix":6}},"ao":0,"ef":[{"ty":5,"nm":"Bagliore","np":16,"mn":"ADBE Glo2","ix":1,"en":1,"ef":[{"ty":7,"nm":"Bagliore basato su","mn":"ADBE Glo2-0001","ix":1,"v":{"a":0,"k":2,"ix":1}},{"ty":0,"nm":"Soglia bagliore","mn":"ADBE Glo2-0002","ix":2,"v":{"a":0,"k":153,"ix":2}},{"ty":0,"nm":"Raggio bagliore","mn":"ADBE Glo2-0003","ix":3,"v":{"a":0,"k":10,"ix":3}},{"ty":0,"nm":"Intensità bagliore","mn":"ADBE Glo2-0004","ix":4,"v":{"a":0,"k":1,"ix":4}},{"ty":7,"nm":"Originale composito","mn":"ADBE Glo2-0005","ix":5,"v":{"a":0,"k":2,"ix":5}},{"ty":7,"nm":"Operazione bagliore","mn":"ADBE Glo2-0006","ix":6,"v":{"a":0,"k":3,"ix":6}},{"ty":7,"nm":"Colori bagliore","mn":"ADBE Glo2-0007","ix":7,"v":{"a":0,"k":1,"ix":7}},{"ty":7,"nm":"Ciclo continuo colore","mn":"ADBE Glo2-0008","ix":8,"v":{"a":0,"k":3,"ix":8}},{"ty":0,"nm":"Cicli continui colore","mn":"ADBE Glo2-0009","ix":9,"v":{"a":0,"k":1,"ix":9}},{"ty":0,"nm":"Fase colore","mn":"ADBE Glo2-0010","ix":10,"v":{"a":0,"k":0,"ix":10}},{"ty":0,"nm":"Punto medio A e B","mn":"ADBE Glo2-0011","ix":11,"v":{"a":0,"k":0.5,"ix":11}},{"ty":2,"nm":"Colore A","mn":"ADBE Glo2-0012","ix":12,"v":{"a":0,"k":[1,1,1,0],"ix":12}},{"ty":2,"nm":"Colore B","mn":"ADBE Glo2-0013","ix":13,"v":{"a":0,"k":[0,0,0,0],"ix":13}},{"ty":7,"nm":"Dimensioni bagliore","mn":"ADBE Glo2-0014","ix":14,"v":{"a":0,"k":1,"ix":14}}]}],"shapes":[{"d":1,"ty":"el","s":{"a":0,"k":[342,342],"ix":2},"p":{"a":0,"k":[0,0],"ix":3},"nm":"Ellipse Path 1","mn":"ADBE Vector Shape - Ellipse","hd":false},{"ty":"tm","s":{"a":0,"k":75,"ix":1},"e":{"a":0,"k":100,"ix":2},"o":{"a":0,"k":0,"ix":3},"m":1,"ix":2,"nm":"Trim Paths 1","mn":"ADBE Vector Filter - Trim","hd":false},{"ty":"st","c":{"a":0,"k":[1,1,1,1],"ix":3},"o":{"a":0,"k":100,"ix":4},"w":{"a":0,"k":31,"ix":5},"lc":2,"lj":1,"ml":4,"nm":"Stroke 1","mn":"ADBE Vector Graphic - Stroke","hd":false}],"ip":0,"op":124,"st":0,"bm":0},{"ddd":0,"ind":8,"ty":4,"nm":"Shape Layer 5","sr":1,"ks":{"o":{"a":0,"k":100,"ix":11},"r":{"a":0,"k":45,"ix":10},"p":{"a":0,"k":[200,280,0],"ix":2},"a":{"a":0,"k":[0,0,0],"ix":1},"s":{"a":0,"k":[100,100,100],"ix":6}},"ao":0,"ef":[{"ty":5,"nm":"Bagliore","np":16,"mn":"ADBE Glo2","ix":1,"en":1,"ef":[{"ty":7,"nm":"Bagliore basato su","mn":"ADBE Glo2-0001","ix":1,"v":{"a":0,"k":2,"ix":1}},{"ty":0,"nm":"Soglia bagliore","mn":"ADBE Glo2-0002","ix":2,"v":{"a":0,"k":153,"ix":2}},{"ty":0,"nm":"Raggio bagliore","mn":"ADBE Glo2-0003","ix":3,"v":{"a":0,"k":10,"ix":3}},{"ty":0,"nm":"Intensità bagliore","mn":"ADBE Glo2-0004","ix":4,"v":{"a":0,"k":1,"ix":4}},{"ty":7,"nm":"Originale composito","mn":"ADBE Glo2-0005","ix":5,"v":{"a":0,"k":2,"ix":5}},{"ty":7,"nm":"Operazione bagliore","mn":"ADBE Glo2-0006","ix":6,"v":{"a":0,"k":3,"ix":6}},{"ty":7,"nm":"Colori bagliore","mn":"ADBE Glo2-0007","ix":7,"v":{"a":0,"k":1,"ix":7}},{"ty":7,"nm":"Ciclo continuo colore","mn":"ADBE Glo2-0008","ix":8,"v":{"a":0,"k":3,"ix":8}},{"ty":0,"nm":"Cicli continui colore","mn":"ADBE Glo2-0009","ix":9,"v":{"a":0,"k":1,"ix":9}},{"ty":0,"nm":"Fase colore","mn":"ADBE Glo2-0010","ix":10,"v":{"a":0,"k":0,"ix":10}},{"ty":0,"nm":"Punto medio A e B","mn":"ADBE Glo2-0011","ix":11,"v":{"a":0,"k":0.5,"ix":11}},{"ty":2,"nm":"Colore A","mn":"ADBE Glo2-0012","ix":12,"v":{"a":0,"k":[1,1,1,0],"ix":12}},{"ty":2,"nm":"Colore B","mn":"ADBE Glo2-0013","ix":13,"v":{"a":0,"k":[0,0,0,0],"ix":13}},{"ty":7,"nm":"Dimensioni bagliore","mn":"ADBE Glo2-0014","ix":14,"v":{"a":0,"k":1,"ix":14}}]}],"shapes":[{"d":1,"ty":"el","s":{"a":0,"k":[470,470],"ix":2},"p":{"a":0,"k":[0,0],"ix":3},"nm":"Ellipse Path 1","mn":"ADBE Vector Shape - Ellipse","hd":false},{"ty":"tm","s":{"a":0,"k":75,"ix":1},"e":{"a":0,"k":100,"ix":2},"o":{"a":0,"k":0,"ix":3},"m":1,"ix":2,"nm":"Trim Paths 1","mn":"ADBE Vector Filter - Trim","hd":false},{"ty":"st","c":{"a":0,"k":[1,1,1,1],"ix":3},"o":{"a":0,"k":100,"ix":4},"w":{"a":0,"k":31,"ix":5},"lc":2,"lj":1,"ml":4,"nm":"Stroke 1","mn":"ADBE Vector Graphic - Stroke","hd":false}],"ip":0,"op":124,"st":0,"bm":0},{"ddd":0,"ind":9,"ty":1,"nm":"Dark Red Solid 1","hd":true,"sr":1,"ks":{"o":{"a":0,"k":100,"ix":11},"r":{"a":0,"k":0,"ix":10},"p":{"a":0,"k":[199,193,0],"ix":2},"a":{"a":0,"k":[960,540,0],"ix":1},"s":{"a":0,"k":[100,100,100],"ix":6}},"ao":0,"sw":1920,"sh":1080,"sc":"#030303","ip":0,"op":124,"st":0,"bm":0}],"markers":[]}