{"v":"4.6.9","fr":29.9700012207031,"ip":0,"op":150.000006109625,"w":800,"h":600,"nm":"Add","ddd":0,"assets":[],"layers":[{"ddd":0,"ind":1,"ty":4,"nm":"- Mask","td":1,"ks":{"o":{"a":0,"k":100},"r":{"a":0,"k":0},"p":{"a":0,"k":[400,300,0]},"a":{"a":0,"k":[0,0,0]},"s":{"a":0,"k":[100,100,100]}},"ao":0,"shapes":[{"ty":"gr","it":[{"ind":0,"ty":"sh","ix":1,"ks":{"a":0,"k":{"i":[[0,-24.301],[24.3,0],[0,24.3],[-24.301,0]],"o":[[0,24.3],[-24.301,0],[0,-24.301],[24.3,0]],"v":[[44,0],[0,44],[-44,0],[0,-44]],"c":true}},"nm":"Path 1","mn":"ADBE Vector Shape - Group"},{"ty":"fl","c":{"a":0,"k":[0.105882,0.105882,0.105882,1]},"o":{"a":0,"k":100},"r":1,"nm":"Fill 1","mn":"ADBE Vector Graphic - Fill"},{"ty":"tr","p":{"a":0,"k":[0,0],"ix":2},"a":{"a":0,"k":[0,0],"ix":1},"s":{"a":0,"k":[100,100],"ix":3},"r":{"a":0,"k":0,"ix":6},"o":{"a":0,"k":100,"ix":7},"sk":{"a":0,"k":0,"ix":4},"sa":{"a":0,"k":0,"ix":5},"nm":"Transform"}],"nm":"Shape 1","np":3,"cix":2,"ix":1,"mn":"ADBE Vector Group"}],"ip":0,"op":150.000006109625,"st":0,"bm":0,"sr":1},{"ddd":0,"ind":2,"ty":4,"nm":"Minus","tt":1,"ks":{"o":{"a":0,"k":100},"r":{"a":0,"k":0},"p":{"a":1,"k":[{"i":{"x":0,"y":1},"o":{"x":0.167,"y":0.167},"n":"0_1_0p167_0p167","t":30,"s":[185,300,0],"e":[290,300,0],"to":[17.4999980926514,0,0],"ti":[-17.4999980926514,0,0]},{"i":{"x":0.833,"y":0.833},"o":{"x":0.167,"y":0.167},"n":"0p833_0p833_0p167_0p167","t":45,"s":[290,300,0],"e":[290,300,0],"to":[0,0,0],"ti":[0,0,0]},{"i":{"x":0,"y":1},"o":{"x":0.167,"y":0.167},"n":"0_1_0p167_0p167","t":103,"s":[290,300,0],"e":[400,300,0],"to":[18.3333339691162,0,0],"ti":[-18.3333339691162,0,0]},{"t":118.000004806239}]},"a":{"a":0,"k":[0,0,0]},"s":{"a":0,"k":[100,100,100]}},"ao":0,"shapes":[{"ty":"gr","it":[{"ind":0,"ty":"sh","ix":1,"ks":{"a":0,"k":{"i":[[0,0],[0,0],[0,0],[0,0]],"o":[[0,0],[0,0],[0,0],[0,0]],"v":[[135,6],[85,6],[85,-6],[135,-6]],"c":true}},"nm":"Path 1","mn":"ADBE Vector Shape - Group"},{"ty":"fl","c":{"a":0,"k":[1,1,1,1]},"o":{"a":0,"k":100},"r":1,"nm":"Fill 1","mn":"ADBE Vector Graphic - Fill"},{"ty":"tr","p":{"a":0,"k":[0,0],"ix":2},"a":{"a":0,"k":[0,0],"ix":1},"s":{"a":0,"k":[100,100],"ix":3},"r":{"a":0,"k":0,"ix":6},"o":{"a":0,"k":100,"ix":7},"sk":{"a":0,"k":0,"ix":4},"sa":{"a":0,"k":0,"ix":5},"nm":"Transform"}],"nm":"Shape 1","np":3,"cix":2,"ix":1,"mn":"ADBE Vector Group"}],"ip":0,"op":150.000006109625,"st":0,"bm":0,"sr":1},{"ddd":0,"ind":3,"ty":4,"nm":"Black Rotation","ks":{"o":{"a":0,"k":100},"r":{"a":0,"k":0},"p":{"a":1,"k":[{"i":{"x":0,"y":1},"o":{"x":0.167,"y":0.167},"n":"0_1_0p167_0p167","t":30,"s":[375,300,0],"e":[400,300,0],"to":[4.16666650772095,0,0],"ti":[-4.16666650772095,0,0]},{"i":{"x":0.833,"y":0.833},"o":{"x":0.167,"y":0.167},"n":"0p833_0p833_0p167_0p167","t":45,"s":[400,300,0],"e":[400,300,0],"to":[0,0,0],"ti":[0,0,0]},{"i":{"x":0,"y":1},"o":{"x":0.167,"y":0.167},"n":"0_1_0p167_0p167","t":103,"s":[400,300,0],"e":[425,300,0],"to":[4.16666650772095,0,0],"ti":[-4.16666650772095,0,0]},{"t":118.000004806239}]},"a":{"a":0,"k":[0,0,0]},"s":{"a":0,"k":[100,100,100]}},"ao":0,"shapes":[{"ty":"gr","it":[{"ind":0,"ty":"sh","ix":1,"ks":{"a":1,"k":[{"i":{"x":0,"y":1},"o":{"x":0.167,"y":0.167},"n":"0_1_0p167_0p167","t":30,"s":[{"i":[[0,-27.614],[-27.667,0],[0,27.614],[-27.614,0]],"o":[[0,27.614],[-27.614,0],[0,-27.614],[-27.667,0]],"v":[[-25,0],[25,50],[-25,0],[25,-50]],"c":true}],"e":[{"i":[[0,-27.614],[27.614,0],[0,27.614],[-27.614,0]],"o":[[0,27.614],[-27.614,0],[0,-27.614],[27.614,0]],"v":[[50,0],[0,50],[-50,0],[0,-50]],"c":true}]},{"i":{"x":0.833,"y":0.833},"o":{"x":0.167,"y":0.167},"n":"0p833_0p833_0p167_0p167","t":45,"s":[{"i":[[0,-27.614],[27.614,0],[0,27.614],[-27.614,0]],"o":[[0,27.614],[-27.614,0],[0,-27.614],[27.614,0]],"v":[[50,0],[0,50],[-50,0],[0,-50]],"c":true}],"e":[{"i":[[0,-27.614],[27.614,0],[0,27.614],[-27.614,0]],"o":[[0,27.614],[-27.614,0],[0,-27.614],[27.614,0]],"v":[[50,0],[0,50],[-50,0],[0,-50]],"c":true}]},{"i":{"x":0,"y":1},"o":{"x":0.167,"y":0.167},"n":"0_1_0p167_0p167","t":103,"s":[{"i":[[0,-27.614],[27.614,0],[0,27.614],[-27.614,0]],"o":[[0,27.614],[-27.614,0],[0,-27.614],[27.614,0]],"v":[[50,0],[0,50],[-50,0],[0,-50]],"c":true}],"e":[{"i":[[0,-27.614],[27.614,0],[0,27.614],[27.667,0]],"o":[[0,27.614],[27.667,0],[0,-27.614],[27.614,0]],"v":[[25,0],[-25,50],[25,0],[-25,-50]],"c":true}]},{"t":118.000004806239}]},"nm":"Path 1","mn":"ADBE Vector Shape - Group"},{"ty":"fl","c":{"a":0,"k":[0.105882,0.105882,0.105882,1]},"o":{"a":0,"k":100},"r":1,"nm":"Fill 1","mn":"ADBE Vector Graphic - Fill"},{"ty":"tr","p":{"a":0,"k":[0,0],"ix":2},"a":{"a":0,"k":[0,0],"ix":1},"s":{"a":0,"k":[100,100],"ix":3},"r":{"a":0,"k":0,"ix":6},"o":{"a":0,"k":100,"ix":7},"sk":{"a":0,"k":0,"ix":4},"sa":{"a":0,"k":0,"ix":5},"nm":"Transform"}],"nm":"Shape 1","np":3,"cix":2,"ix":1,"mn":"ADBE Vector Group"}],"ip":0,"op":150.000006109625,"st":0,"bm":0,"sr":1},{"ddd":0,"ind":4,"ty":4,"nm":"+ Mask","td":1,"ks":{"o":{"a":0,"k":100},"r":{"a":0,"k":0},"p":{"a":0,"k":[400,300,0]},"a":{"a":0,"k":[0,0,0]},"s":{"a":0,"k":[100,100,100]}},"ao":0,"shapes":[{"ty":"gr","it":[{"ind":0,"ty":"sh","ix":1,"ks":{"a":0,"k":{"i":[[0,-24.301],[24.3,0],[0,24.3],[-24.301,0]],"o":[[0,24.3],[-24.301,0],[0,-24.301],[24.3,0]],"v":[[44,0],[0,44],[-44,0],[0,-44]],"c":true}},"nm":"Path 1","mn":"ADBE Vector Shape - Group"},{"ty":"fl","c":{"a":0,"k":[0.105882,0.105882,0.105882,1]},"o":{"a":0,"k":100},"r":1,"nm":"Fill 1","mn":"ADBE Vector Graphic - Fill"},{"ty":"tr","p":{"a":0,"k":[0,0],"ix":2},"a":{"a":0,"k":[0,0],"ix":1},"s":{"a":0,"k":[100,100],"ix":3},"r":{"a":0,"k":0,"ix":6},"o":{"a":0,"k":100,"ix":7},"sk":{"a":0,"k":0,"ix":4},"sa":{"a":0,"k":0,"ix":5},"nm":"Transform"}],"nm":"Shape 1","np":3,"cix":2,"ix":1,"mn":"ADBE Vector Group"}],"ip":0,"op":150.000006109625,"st":0,"bm":0,"sr":1},{"ddd":0,"ind":5,"ty":4,"nm":"Plus","tt":1,"ks":{"o":{"a":0,"k":100},"r":{"a":0,"k":0},"p":{"a":1,"k":[{"i":{"x":0,"y":1},"o":{"x":0.167,"y":0.167},"n":"0_1_0p167_0p167","t":30,"s":[400,300,0],"e":[500,300,0],"to":[16.6666660308838,0,0],"ti":[-16.6666660308838,0,0]},{"i":{"x":0.833,"y":0.833},"o":{"x":0.167,"y":0.167},"n":"0p833_0p833_0p167_0p167","t":45,"s":[500,300,0],"e":[500,300,0],"to":[0,0,0],"ti":[0,0,0]},{"i":{"x":0.833,"y":0.833},"o":{"x":0.167,"y":0.167},"n":"0p833_0p833_0p167_0p167","t":59,"s":[500,300,0],"e":[300,300,0],"to":[-33.3333320617676,0,0],"ti":[33.3333320617676,0,0]},{"i":{"x":0.833,"y":0.833},"o":{"x":0.167,"y":0.167},"n":"0p833_0p833_0p167_0p167","t":60,"s":[300,300,0],"e":[300,300,0],"to":[0,0,0],"ti":[0,0,0]},{"i":{"x":0,"y":1},"o":{"x":0.167,"y":0.167},"n":"0_1_0p167_0p167","t":103,"s":[300,300,0],"e":[400,300,0],"to":[16.6666660308838,0,0],"ti":[-16.6666660308838,0,0]},{"t":118.000004806239}]},"a":{"a":0,"k":[0,0,0]},"s":{"a":0,"k":[100,100,100]}},"ao":0,"shapes":[{"ty":"gr","it":[{"ind":0,"ty":"sh","ix":1,"ks":{"a":0,"k":{"i":[[0,0],[0,0],[0,0],[0,0],[0,0],[0,0],[0,0],[0,0],[0,0],[0,0],[0,0],[0,0]],"o":[[0,0],[0,0],[0,0],[0,0],[0,0],[0,0],[0,0],[0,0],[0,0],[0,0],[0,0],[0,0]],"v":[[25,-6],[6,-6],[6,-25],[-6,-25],[-6,-6],[-25,-6],[-25,6],[-6,6],[-6,25],[6,25],[6,6],[25,6]],"c":true}},"nm":"Path 1","mn":"ADBE Vector Shape - Group"},{"ty":"fl","c":{"a":0,"k":[0.105882,0.105882,0.105882,1]},"o":{"a":0,"k":100},"r":1,"nm":"Fill 1","mn":"ADBE Vector Graphic - Fill"},{"ty":"tr","p":{"a":0,"k":[0,0],"ix":2},"a":{"a":0,"k":[0,0],"ix":1},"s":{"a":0,"k":[100,100],"ix":3},"r":{"a":0,"k":0,"ix":6},"o":{"a":0,"k":100,"ix":7},"sk":{"a":0,"k":0,"ix":4},"sa":{"a":0,"k":0,"ix":5},"nm":"Transform"}],"nm":"Shape 1","np":3,"cix":2,"ix":1,"mn":"ADBE Vector Group"}],"ip":0,"op":150.000006109625,"st":0,"bm":0,"sr":1},{"ddd":0,"ind":6,"ty":4,"nm":"Circle","ks":{"o":{"a":0,"k":100},"r":{"a":0,"k":0},"p":{"a":0,"k":[400,300,0]},"a":{"a":0,"k":[0,0,0]},"s":{"a":0,"k":[100,100,100]}},"ao":0,"shapes":[{"ty":"gr","it":[{"ind":0,"ty":"sh","ix":1,"ks":{"a":0,"k":{"i":[[5.791,27],[-27,5.791],[-5.791,-27],[27,-5.791]],"o":[[-5.791,-27],[27,-5.791],[5.791,27],[-27,5.791]],"v":[[-48.888,10.486],[-10.486,-48.888],[48.888,-10.486],[10.486,48.888]],"c":true}},"nm":"Path 1","mn":"ADBE Vector Shape - Group"},{"ty":"st","c":{"a":0,"k":[0.105882,0.105882,0.105882,1]},"o":{"a":0,"k":100},"w":{"a":0,"k":12},"lc":1,"lj":1,"ml":4,"nm":"Stroke 1","mn":"ADBE Vector Graphic - Stroke"},{"ty":"tr","p":{"a":0,"k":[0,0],"ix":2},"a":{"a":0,"k":[0,0],"ix":1},"s":{"a":0,"k":[100,100],"ix":3},"r":{"a":0,"k":0,"ix":6},"o":{"a":0,"k":100,"ix":7},"sk":{"a":0,"k":0,"ix":4},"sa":{"a":0,"k":0,"ix":5},"nm":"Transform"}],"nm":"Shape 1","np":3,"cix":2,"ix":1,"mn":"ADBE Vector Group"}],"ip":0,"op":150.000006109625,"st":0,"bm":0,"sr":1}]}