{"v":"4.6.9","fr":29.9700012207031,"ip":0,"op":200.000008146167,"w":800,"h":600,"nm":"Pen Tool Button","ddd":0,"assets":[{"id":"comp_0","layers":[{"ddd":0,"ind":1,"ty":4,"nm":"Shape Layer 5","ks":{"o":{"a":0,"k":100},"r":{"a":0,"k":0},"p":{"a":1,"k":[{"i":{"x":0,"y":1},"o":{"x":0.167,"y":0.167},"n":"0_1_0p167_0p167","t":75,"s":[432.25,299.25,0],"e":[468,299.25,0],"to":[5.95833349227905,0,0],"ti":[-5.95833349227905,0,0]},{"i":{"x":0.833,"y":0.833},"o":{"x":0.167,"y":0.167},"n":"0p833_0p833_0p167_0p167","t":90,"s":[468,299.25,0],"e":[468,299.25,0],"to":[0,0,0],"ti":[0,0,0]},{"i":{"x":0,"y":1},"o":{"x":0.167,"y":0.167},"n":"0_1_0p167_0p167","t":165,"s":[468,299.25,0],"e":[432.25,299.25,0],"to":[-5.95833349227905,0,0],"ti":[5.95833349227905,0,0]},{"t":175.000007127896}]},"a":{"a":0,"k":[0,0,0]},"s":{"a":0,"k":[100,100,100]}},"ao":0,"shapes":[{"ty":"gr","it":[{"d":1,"ty":"el","s":{"a":1,"k":[{"i":{"x":[0.833,0.833],"y":[0.833,0.833]},"o":{"x":[0.167,0.167],"y":[0.167,0.167]},"n":["0p833_0p833_0p167_0p167","0p833_0p833_0p167_0p167"],"t":75,"s":[0,0],"e":[13,13]},{"i":{"x":[0.833,0.833],"y":[0.833,0.833]},"o":{"x":[0.167,0.167],"y":[0.167,0.167]},"n":["0p833_0p833_0p167_0p167","0p833_0p833_0p167_0p167"],"t":76,"s":[13,13],"e":[13,13]},{"i":{"x":[0,0],"y":[0.9,0.9]},"o":{"x":[0.167,0.167],"y":[0.167,0.167]},"n":["0_0p9_0p167_0p167","0_0p9_0p167_0p167"],"t":172,"s":[13,13],"e":[0,0]},{"t":173.000007046434}]},"p":{"a":0,"k":[0,0]},"nm":"Ellipse Path 1","mn":"ADBE Vector Shape - Ellipse"},{"ty":"fl","c":{"a":1,"k":[{"i":{"x":[0],"y":[1]},"o":{"x":[0.167],"y":[0.289]},"n":["0_1_0p167_0p289"],"t":163,"s":[0.105882,0.105882,0.105882,1],"e":[0.7764706,0.7764706,0.7764706,1]},{"t":177.000007209358}]},"o":{"a":0,"k":100},"r":1,"nm":"Fill 1","mn":"ADBE Vector Graphic - Fill"},{"ty":"tr","p":{"a":0,"k":[-31.666,0.834],"ix":2},"a":{"a":0,"k":[0,0],"ix":1},"s":{"a":0,"k":[100,100],"ix":3},"r":{"a":0,"k":0,"ix":6},"o":{"a":0,"k":100,"ix":7},"sk":{"a":0,"k":0,"ix":4},"sa":{"a":0,"k":0,"ix":5},"nm":"Transform"}],"nm":"Ellipse 1","np":3,"cix":2,"ix":1,"mn":"ADBE Vector Group"}],"ip":0,"op":300.00001221925,"st":0,"bm":0,"sr":1},{"ddd":0,"ind":2,"ty":4,"nm":"Shape Layer 4","ks":{"o":{"a":0,"k":100},"r":{"a":0,"k":0},"p":{"a":1,"k":[{"i":{"x":0,"y":1},"o":{"x":0.167,"y":0.167},"n":"0_1_0p167_0p167","t":75,"s":[432.25,299.25,0],"e":[396.25,299.25,0],"to":[-6,0,0],"ti":[6,0,0]},{"i":{"x":0.833,"y":0.833},"o":{"x":0.167,"y":0.167},"n":"0p833_0p833_0p167_0p167","t":90,"s":[396.25,299.25,0],"e":[396.25,299.25,0],"to":[0,0,0],"ti":[0,0,0]},{"i":{"x":0,"y":1},"o":{"x":0.167,"y":0.167},"n":"0_1_0p167_0p167","t":165,"s":[396.25,299.25,0],"e":[432.25,299.25,0],"to":[6,0,0],"ti":[-6,0,0]},{"t":175.000007127896}]},"a":{"a":0,"k":[0,0,0]},"s":{"a":0,"k":[100,100,100]}},"ao":0,"shapes":[{"ty":"gr","it":[{"d":1,"ty":"el","s":{"a":1,"k":[{"i":{"x":[0.833,0.833],"y":[0.833,0.833]},"o":{"x":[0.167,0.167],"y":[0.167,0.167]},"n":["0p833_0p833_0p167_0p167","0p833_0p833_0p167_0p167"],"t":75,"s":[0,0],"e":[13,13]},{"i":{"x":[0.833,0.833],"y":[0.833,0.833]},"o":{"x":[0.167,0.167],"y":[0.167,0.167]},"n":["0p833_0p833_0p167_0p167","0p833_0p833_0p167_0p167"],"t":76,"s":[13,13],"e":[13,13]},{"i":{"x":[0,0],"y":[0.9,0.9]},"o":{"x":[0.167,0.167],"y":[0.167,0.167]},"n":["0_0p9_0p167_0p167","0_0p9_0p167_0p167"],"t":172,"s":[13,13],"e":[0,0]},{"t":173.000007046434}]},"p":{"a":0,"k":[0,0]},"nm":"Ellipse Path 1","mn":"ADBE Vector Shape - Ellipse"},{"ty":"fl","c":{"a":1,"k":[{"i":{"x":[0],"y":[1]},"o":{"x":[0.167],"y":[0.289]},"n":["0_1_0p167_0p289"],"t":163,"s":[0.105882,0.105882,0.105882,1],"e":[0.7764706,0.7764706,0.7764706,1]},{"t":177.000007209358}]},"o":{"a":0,"k":100},"r":1,"nm":"Fill 1","mn":"ADBE Vector Graphic - Fill"},{"ty":"tr","p":{"a":0,"k":[-31.666,0.834],"ix":2},"a":{"a":0,"k":[0,0],"ix":1},"s":{"a":0,"k":[100,100],"ix":3},"r":{"a":0,"k":0,"ix":6},"o":{"a":0,"k":100,"ix":7},"sk":{"a":0,"k":0,"ix":4},"sa":{"a":0,"k":0,"ix":5},"nm":"Transform"}],"nm":"Ellipse 1","np":3,"cix":2,"ix":1,"mn":"ADBE Vector Group"}],"ip":0,"op":300.00001221925,"st":0,"bm":0,"sr":1},{"ddd":0,"ind":3,"ty":4,"nm":"Shape Layer 3","ks":{"o":{"a":0,"k":100},"r":{"a":0,"k":0},"p":{"a":0,"k":[400,300,0]},"a":{"a":0,"k":[0.655,3.28,0]},"s":{"a":1,"k":[{"i":{"x":[0.833,0.833,0.833],"y":[0.833,0.833,0.833]},"o":{"x":[1,1,0.333],"y":[0,0,0.333]},"n":["0p833_0p833_1_0","0p833_0p833_1_0","0p833_0p833_0p333_0p333"],"t":0,"s":[0,0,100],"e":[100,100,100]},{"i":{"x":[0.833,0.833,0.833],"y":[0.833,0.833,0.833]},"o":{"x":[0.167,0.167,0.167],"y":[0.167,0.167,0.167]},"n":["0p833_0p833_0p167_0p167","0p833_0p833_0p167_0p167","0p833_0p833_0p167_0p167"],"t":20,"s":[100,100,100],"e":[100,100,100]},{"i":{"x":[0,0,0.667],"y":[0.87,0.87,0.667]},"o":{"x":[0.167,0.167,0.167],"y":[0.167,0.167,0.167]},"n":["0_0p87_0p167_0p167","0_0p87_0p167_0p167","0p667_0p667_0p167_0p167"],"t":175,"s":[100,100,100],"e":[0,0,100]},{"t":185.000007535204}]}},"ao":0,"shapes":[{"ty":"gr","it":[{"ty":"rc","d":1,"s":{"a":0,"k":[20,20]},"p":{"a":0,"k":[0,0]},"r":{"a":0,"k":0},"nm":"Rectangle Path 1","mn":"ADBE Vector Shape - Rect"},{"ty":"fl","c":{"a":1,"k":[{"i":{"x":[0],"y":[1]},"o":{"x":[0.167],"y":[0.289]},"n":["0_1_0p167_0p289"],"t":163,"s":[0.105882,0.105882,0.105882,1],"e":[0.7764706,0.7764706,0.7764706,1]},{"t":177.000007209358}]},"o":{"a":0,"k":100},"r":1,"nm":"Fill 1","mn":"ADBE Vector Graphic - Fill"},{"ty":"tr","p":{"a":0,"k":[0.655,3.28],"ix":2},"a":{"a":0,"k":[0,0],"ix":1},"s":{"a":0,"k":[100,100],"ix":3},"r":{"a":0,"k":0,"ix":6},"o":{"a":0,"k":100,"ix":7},"sk":{"a":0,"k":0,"ix":4},"sa":{"a":0,"k":0,"ix":5},"nm":"Transform"}],"nm":"Rectangle 1","np":3,"cix":2,"ix":1,"mn":"ADBE Vector Group"}],"ip":0,"op":300.00001221925,"st":0,"bm":0,"sr":1},{"ddd":0,"ind":4,"ty":4,"nm":"Shape Layer 2","ks":{"o":{"a":0,"k":100},"r":{"a":0,"k":0},"p":{"a":0,"k":[400.375,300,0]},"a":{"a":0,"k":[0,0,0]},"s":{"a":0,"k":[100,100,100]}},"ao":0,"shapes":[{"ty":"gr","it":[{"ind":0,"ty":"sh","ix":1,"ks":{"a":0,"k":{"i":[[0,0],[0,0]],"o":[[0,0],[0,0]],"v":[[-31.368,0],[31.368,0]],"c":false}},"nm":"Path 1","mn":"ADBE Vector Shape - Group"},{"ty":"st","c":{"a":1,"k":[{"i":{"x":[0],"y":[1]},"o":{"x":[0.167],"y":[0.289]},"n":["0_1_0p167_0p289"],"t":163,"s":[0.105882,0.105882,0.105882,1],"e":[0.7764706,0.7764706,0.7764706,1]},{"t":177.000007209358}]},"o":{"a":0,"k":100},"w":{"a":0,"k":4},"lc":1,"lj":1,"ml":4,"nm":"Stroke 1","mn":"ADBE Vector Graphic - Stroke"},{"ty":"tr","p":{"a":0,"k":[0,0],"ix":2},"a":{"a":0,"k":[0,0],"ix":1},"s":{"a":0,"k":[100,100],"ix":3},"r":{"a":0,"k":0,"ix":6},"o":{"a":0,"k":100,"ix":7},"sk":{"a":0,"k":0,"ix":4},"sa":{"a":0,"k":0,"ix":5},"nm":"Transform"}],"nm":"Shape 1","np":3,"cix":2,"ix":1,"mn":"ADBE Vector Group"},{"ty":"tm","s":{"a":1,"k":[{"i":{"x":[0],"y":[1]},"o":{"x":[0.167],"y":[0.167]},"n":["0_1_0p167_0p167"],"t":75,"s":[50],"e":[0]},{"i":{"x":[0.833],"y":[0.833]},"o":{"x":[0.167],"y":[0.167]},"n":["0p833_0p833_0p167_0p167"],"t":90,"s":[0],"e":[0]},{"i":{"x":[0],"y":[1.26]},"o":{"x":[0.167],"y":[0.167]},"n":["0_1p26_0p167_0p167"],"t":165,"s":[0],"e":[50]},{"t":175.000007127896}],"ix":1},"e":{"a":1,"k":[{"i":{"x":[0],"y":[1]},"o":{"x":[0.167],"y":[0.167]},"n":["0_1_0p167_0p167"],"t":75,"s":[50],"e":[100]},{"i":{"x":[0.833],"y":[0.833]},"o":{"x":[0.167],"y":[0.167]},"n":["0p833_0p833_0p167_0p167"],"t":90,"s":[100],"e":[100]},{"i":{"x":[0],"y":[0.74]},"o":{"x":[0.167],"y":[0.167]},"n":["0_0p74_0p167_0p167"],"t":165,"s":[100],"e":[50]},{"t":175.000007127896}],"ix":2},"o":{"a":0,"k":0,"ix":3},"m":1,"ix":2,"nm":"Trim Paths 1","mn":"ADBE Vector Filter - Trim"}],"ip":0,"op":300.00001221925,"st":0,"bm":0,"sr":1}]}],"layers":[{"ddd":0,"ind":1,"ty":4,"nm":"Pen","ks":{"o":{"a":0,"k":100},"r":{"a":0,"k":0},"p":{"a":1,"k":[{"i":{"x":0,"y":1},"o":{"x":0.167,"y":0.167},"n":"0_1_0p167_0p167","t":30,"s":[400,300.375,0],"e":[400,303.375,0],"to":[0,0.5,0],"ti":[0,-0.5,0]},{"i":{"x":0.833,"y":0.833},"o":{"x":0.167,"y":0.167},"n":"0p833_0p833_0p167_0p167","t":45,"s":[400,303.375,0],"e":[400,303.375,0],"to":[0,0,0],"ti":[0,0,0]},{"i":{"x":0,"y":1},"o":{"x":0.167,"y":0.167},"n":"0_1_0p167_0p167","t":180,"s":[400,303.375,0],"e":[400,300.375,0],"to":[0,-0.5,0],"ti":[0,0.5,0]},{"t":200.000008146167}]},"a":{"a":0,"k":[0,0,0]},"s":{"a":0,"k":[100,100,100]}},"ao":0,"hasMask":true,"masksProperties":[{"inv":false,"mode":"s","pt":{"a":0,"k":{"i":[[0,0],[0,0],[0,0],[0,0]],"o":[[0,0],[0,0],[0,0],[0,0]],"v":[[-8.942,41.57],[-8.942,27.625],[-1.005,27.625],[-1.005,41.57]],"c":true}},"o":{"a":0,"k":100},"x":{"a":0,"k":0},"nm":"Mask 1"},{"inv":false,"mode":"s","pt":{"a":0,"k":{"i":[[1.512,1.461],[0,0],[0,0],[0,-1.394],[-3.058,0],[0,1.933],[1.179,0.563],[0,0],[0,0],[1.948,-3.949],[0.353,-2.005],[0,0],[2.144,3.821]],"o":[[0,0],[0,0],[-1.179,0.563],[0,1.933],[2.817,0],[0,-1.394],[0,0],[0,0],[-1.407,1.686],[-1.806,3.661],[0,0],[-0.375,-1.979],[-2.248,-4.007]],"v":[[-19.048,3.618],[-2.005,-33.153],[-2.005,-3.025],[-4.044,0.125],[0.12,4.68],[4.011,0.125],[2.011,-3.025],[2.011,-33.194],[20.159,2.753],[13.524,12.504],[10.501,22.593],[-8.604,22.593],[-12.072,12.433]],"c":true}},"o":{"a":0,"k":100},"x":{"a":0,"k":0},"nm":"Mask 2"}],"shapes":[{"ty":"gr","it":[{"ind":0,"ty":"sh","ix":1,"ks":{"a":0,"k":{"i":[[-2.068,4.194],[-0.043,0.049],[0.754,1.462],[0,0],[1.495,0],[0.017,0],[0.661,-1.363],[0,0],[-1.346,-1.188],[-2.491,-4.441],[-0.006,-0.046],[-0.018,-0.092],[0,0],[0,-1.65],[0,0],[-1.65,0],[0,0],[0,1.65],[0,0],[1.65,0],[0,0],[-0.011,0.094]],"o":[[2.147,-4.353],[1.085,-1.236],[0,0],[-0.687,-1.332],[-0.017,0],[-1.515,0.019],[0,0],[-0.783,1.616],[0.037,0.033],[2.422,4.317],[0.012,0.094],[0,0],[-1.65,0],[0,0],[0,1.65],[0,0],[1.65,0],[0,0],[0,-1.65],[0,0],[0.018,-0.092],[0.005,-0.043]],"v":[[17.958,14.436],[24.459,5.098],[25.009,0.625],[3.175,-41.709],[-0.38,-43.875],[-0.43,-43.875],[-3.979,-41.619],[-24.979,1.714],[-24.027,6.457],[-17.368,14.624],[-14.351,23.602],[-14.292,23.875],[-15.948,23.875],[-18.948,26.875],[-18.948,41.578],[-15.948,44.578],[16.951,44.578],[19.951,41.578],[19.951,26.875],[16.951,23.875],[15.199,23.875],[15.258,23.601]],"c":true}},"nm":"Path 1","mn":"ADBE Vector Shape - Group"},{"ty":"fl","c":{"a":1,"k":[{"i":{"x":[0],"y":[1]},"o":{"x":[0.167],"y":[-0.289]},"n":["0_1_0p167_-0p289"],"t":30,"s":[0.7764706,0.7764706,0.7764706,1],"e":[0.1058824,0.1058824,0.1058824,1]},{"i":{"x":[0.833],"y":[0.833]},"o":{"x":[0.167],"y":[0.167]},"n":["0p833_0p833_0p167_0p167"],"t":35,"s":[0.1058824,0.1058824,0.1058824,1],"e":[0.1058824,0.1058824,0.1058824,1]},{"i":{"x":[0],"y":[1]},"o":{"x":[0.167],"y":[0.289]},"n":["0_1_0p167_0p289"],"t":180,"s":[0.1058824,0.1058824,0.1058824,1],"e":[0.7764706,0.7764706,0.7764706,1]},{"t":195.000007942513}]},"o":{"a":0,"k":100},"r":1,"nm":"Fill 1","mn":"ADBE Vector Graphic - Fill"},{"ty":"tr","p":{"a":0,"k":[0,0],"ix":2},"a":{"a":0,"k":[0,0],"ix":1},"s":{"a":0,"k":[100,100],"ix":3},"r":{"a":0,"k":0,"ix":6},"o":{"a":0,"k":100,"ix":7},"sk":{"a":0,"k":0,"ix":4},"sa":{"a":0,"k":0,"ix":5},"nm":"Transform"}],"nm":"Shape 1","np":3,"cix":2,"ix":1,"mn":"ADBE Vector Group"}],"ip":0,"op":300.00001221925,"st":0,"bm":0,"sr":1},{"ddd":0,"ind":2,"ty":4,"nm":"Pen Mask","parent":1,"td":1,"ks":{"o":{"a":0,"k":100},"r":{"a":0,"k":0},"p":{"a":0,"k":[0.25,1.625,0]},"a":{"a":0,"k":[0,0,0]},"s":{"a":0,"k":[100,100,100]}},"ao":0,"shapes":[{"ty":"gr","it":[{"ind":0,"ty":"sh","ix":1,"ks":{"a":0,"k":{"i":[[0,0],[-2.417,4.9],[0,0],[0,0],[0,0],[0,0],[0,0],[0,0],[-2.875,-5.125],[0,0]],"o":[[0,0],[2.417,-4.9],[0,0],[0,0],[0,0],[0,0],[0,0],[0,0],[2.875,5.125],[0,0]],"v":[[11.25,21.5],[14.333,11.042],[21.417,0.833],[-0.417,-41.5],[-0.417,-2],[-0.417,-8],[-0.417,-41.5],[-21.417,1.833],[-13.917,11.042],[-10.417,21.5]],"c":true}},"nm":"Path 1","mn":"ADBE Vector Shape - Group"},{"ty":"fl","c":{"a":0,"k":[0.105882,0.105882,0.105882,1]},"o":{"a":0,"k":100},"r":1,"nm":"Fill 1","mn":"ADBE Vector Graphic - Fill"},{"ty":"tr","p":{"a":0,"k":[0,0],"ix":2},"a":{"a":0,"k":[0,0],"ix":1},"s":{"a":0,"k":[100,100],"ix":3},"r":{"a":0,"k":0,"ix":6},"o":{"a":0,"k":100,"ix":7},"sk":{"a":0,"k":0,"ix":4},"sa":{"a":0,"k":0,"ix":5},"nm":"Transform"}],"nm":"Shape 1","np":3,"cix":2,"ix":1,"mn":"ADBE Vector Group"}],"ip":0,"op":300.00001221925,"st":0,"bm":0,"sr":1},{"ddd":0,"ind":3,"ty":0,"nm":"Anchor Point","parent":1,"tt":2,"refId":"comp_0","ks":{"o":{"a":0,"k":100},"r":{"a":0,"k":0},"p":{"a":0,"k":[0,-41.375,0]},"a":{"a":0,"k":[400,300,0]},"s":{"a":0,"k":[100,100,100]}},"ao":0,"w":800,"h":600,"ip":17.0000006924242,"op":317.000012911675,"st":17.0000006924242,"bm":0,"sr":1},{"ddd":0,"ind":4,"ty":4,"nm":"Button Border 1","ks":{"o":{"a":0,"k":25},"r":{"a":0,"k":0},"p":{"a":0,"k":[400.5,300.5,0]},"a":{"a":0,"k":[0,0,0]},"s":{"a":0,"k":[100,100,100]}},"ao":0,"shapes":[{"ty":"gr","it":[{"ind":0,"ty":"sh","ix":1,"ks":{"a":0,"k":{"i":[[11,0],[0,0],[0,11],[0,0],[-11,0],[0,0],[0,-11],[0,0]],"o":[[0,0],[-11,0],[0,0],[0,-11],[0,0],[11,0],[0,0],[0,11]],"v":[[42.5,62.5],[-42.5,62.5],[-62.5,42.5],[-62.5,-42.5],[-42.5,-62.5],[42.5,-62.5],[62.5,-42.5],[62.5,42.5]],"c":true}},"nm":"Path 1","mn":"ADBE Vector Shape - Group"},{"ty":"st","c":{"a":0,"k":[0.105882,0.105882,0.105882,1]},"o":{"a":0,"k":100},"w":{"a":0,"k":2},"lc":1,"lj":1,"ml":4,"nm":"Stroke 1","mn":"ADBE Vector Graphic - Stroke"},{"ty":"tr","p":{"a":0,"k":[0,0],"ix":2},"a":{"a":0,"k":[0,0],"ix":1},"s":{"a":0,"k":[100,100],"ix":3},"r":{"a":0,"k":0,"ix":6},"o":{"a":0,"k":100,"ix":7},"sk":{"a":0,"k":0,"ix":4},"sa":{"a":0,"k":0,"ix":5},"nm":"Transform"}],"nm":"Shape 1","np":3,"cix":2,"ix":1,"mn":"ADBE Vector Group"}],"ip":0,"op":450.000018328876,"st":0,"bm":0,"sr":1},{"ddd":0,"ind":5,"ty":4,"nm":"Button Draw 1","ks":{"o":{"a":1,"k":[{"i":{"x":[0],"y":[1]},"o":{"x":[0.167],"y":[0.167]},"n":["0_1_0p167_0p167"],"t":180,"s":[100],"e":[0]},{"i":{"x":[0.833],"y":[0.833]},"o":{"x":[0.167],"y":[0.167]},"n":["0p833_0p833_0p167_0p167"],"t":195,"s":[0],"e":[0]},{"i":{"x":[0.833],"y":[0.833]},"o":{"x":[0.167],"y":[0.167]},"n":["0p833_0p833_0p167_0p167"],"t":299,"s":[0],"e":[100]},{"i":{"x":[0],"y":[1]},"o":{"x":[0.167],"y":[0.167]},"n":["0_1_0p167_0p167"],"t":315,"s":[100],"e":[0]},{"t":330.000013441176}]},"r":{"a":0,"k":0},"p":{"a":0,"k":[400.5,300.5,0]},"a":{"a":0,"k":[0,0,0]},"s":{"a":0,"k":[100,100,100]}},"ao":0,"shapes":[{"ty":"gr","it":[{"ind":0,"ty":"sh","ix":1,"ks":{"a":0,"k":{"i":[[11,0],[0,0],[0,11],[0,0],[-11,0],[0,0],[0,-11],[0,0]],"o":[[0,0],[-11,0],[0,0],[0,-11],[0,0],[11,0],[0,0],[0,11]],"v":[[42.5,62.5],[-42.5,62.5],[-62.5,42.5],[-62.5,-42.5],[-42.5,-62.5],[42.5,-62.5],[62.5,-42.5],[62.5,42.5]],"c":true}},"nm":"Path 1","mn":"ADBE Vector Shape - Group"},{"ty":"st","c":{"a":0,"k":[0.105882,0.105882,0.105882,1]},"o":{"a":0,"k":100},"w":{"a":1,"k":[{"i":{"x":[0],"y":[1]},"o":{"x":[0.167],"y":[0.167]},"n":["0_1_0p167_0p167"],"t":180,"s":[4],"e":[2]},{"i":{"x":[0.833],"y":[0.833]},"o":{"x":[0.167],"y":[0.167]},"n":["0p833_0p833_0p167_0p167"],"t":195,"s":[2],"e":[2]},{"i":{"x":[0.833],"y":[0.833]},"o":{"x":[0.167],"y":[0.167]},"n":["0p833_0p833_0p167_0p167"],"t":299,"s":[2],"e":[4]},{"i":{"x":[0],"y":[1]},"o":{"x":[0.167],"y":[0.167]},"n":["0_1_0p167_0p167"],"t":315,"s":[4],"e":[2]},{"t":330.000013441176}]},"lc":1,"lj":1,"ml":4,"nm":"Stroke 1","mn":"ADBE Vector Graphic - Stroke"},{"ty":"tr","p":{"a":0,"k":[0,0],"ix":2},"a":{"a":0,"k":[0,0],"ix":1},"s":{"a":0,"k":[100,100],"ix":3},"r":{"a":0,"k":0,"ix":6},"o":{"a":0,"k":100,"ix":7},"sk":{"a":0,"k":0,"ix":4},"sa":{"a":0,"k":0,"ix":5},"nm":"Transform"}],"nm":"Shape 1","np":3,"cix":2,"ix":1,"mn":"ADBE Vector Group"},{"ty":"tm","s":{"a":1,"k":[{"i":{"x":[0],"y":[1]},"o":{"x":[0.167],"y":[0.167]},"n":["0_1_0p167_0p167"],"t":30,"s":[100],"e":[0]},{"t":45.0000018328876}],"ix":1},"e":{"a":0,"k":100,"ix":2},"o":{"a":0,"k":-147,"ix":3},"m":1,"ix":2,"nm":"Trim Paths 1","mn":"ADBE Vector Filter - Trim"}],"ip":0,"op":450.000018328876,"st":0,"bm":0,"sr":1}]}