{"v":"5.1.1","fr":60,"ip":0,"op":198,"w":60,"h":60,"nm":"offline_online@3x","ddd":0,"assets":[],"layers":[{"ddd":0,"ind":1,"ty":4,"nm":"dot","sr":1,"ks":{"o":{"a":0,"k":100,"ix":11},"r":{"a":0,"k":0,"ix":10},"p":{"a":0,"k":[30,30,0],"ix":2},"a":{"a":0,"k":[0,0,0],"ix":1},"s":{"a":0,"k":[100,100,100],"ix":6}},"ao":0,"shapes":[{"ty":"gr","it":[{"d":1,"ty":"el","s":{"a":0,"k":[12,12],"ix":2},"p":{"a":0,"k":[0,0],"ix":3},"nm":"Ellipse Path 1","mn":"ADBE Vector Shape - Ellipse","hd":false},{"ty":"fl","c":{"a":1,"k":[{"i":{"x":[0.833],"y":[0.833]},"o":{"x":[0.167],"y":[0.167]},"n":["0p833_0p833_0p167_0p167"],"t":43,"s":[1,0.215686276555,0.341176480055,1],"e":[0.313725490196,0.686274509804,0.298039215686,1]},{"t":63}],"ix":4},"o":{"a":0,"k":100,"ix":5},"r":1,"nm":"Fill 1","mn":"ADBE Vector Graphic - Fill","hd":false},{"ty":"tr","p":{"a":0,"k":[0,0],"ix":2},"a":{"a":0,"k":[0,0],"ix":1},"s":{"a":1,"k":[{"i":{"x":[0.52,0.52],"y":[0.922,0.922]},"o":{"x":[0.48,0.48],"y":[0.078,0.078]},"n":["0p52_0p922_0p48_0p078","0p52_0p922_0p48_0p078"],"t":8,"s":[50,50],"e":[110,110]},{"i":{"x":[0.52,0.52],"y":[0.84,0.84]},"o":{"x":[0.48,0.48],"y":[0.16,0.16]},"n":["0p52_0p84_0p48_0p16","0p52_0p84_0p48_0p16"],"t":33,"s":[110,110],"e":[100,100]},{"i":{"x":[0.833,0.833],"y":[1,1]},"o":{"x":[0.167,0.167],"y":[0,0]},"n":["0p833_1_0p167_0","0p833_1_0p167_0"],"t":49,"s":[100,100],"e":[100,100]},{"i":{"x":[0.52,0.52],"y":[0.96,0.96]},"o":{"x":[0.48,0.48],"y":[0.04,0.04]},"n":["0p52_0p96_0p48_0p04","0p52_0p96_0p48_0p04"],"t":84,"s":[100,100],"e":[110,110]},{"i":{"x":[0.52,0.52],"y":[0.96,0.96]},"o":{"x":[0.48,0.48],"y":[0.04,0.04]},"n":["0p52_0p96_0p48_0p04","0p52_0p96_0p48_0p04"],"t":98,"s":[110,110],"e":[50,50]},{"t":123}],"ix":3},"r":{"a":0,"k":0,"ix":6},"o":{"a":1,"k":[{"i":{"x":[0.52],"y":[0.973]},"o":{"x":[0.48],"y":[0.027]},"n":["0p52_0p973_0p48_0p027"],"t":8,"s":[0],"e":[100]},{"i":{"x":[0.757],"y":[13.072]},"o":{"x":[0.16],"y":[0]},"n":["0p757_13p072_0p16_0"],"t":18,"s":[100],"e":[100]},{"i":{"x":[0.52],"y":[0.96]},"o":{"x":[0.48],"y":[0.04]},"n":["0p52_0p96_0p48_0p04"],"t":115,"s":[100],"e":[0]},{"t":123}],"ix":7},"sk":{"a":0,"k":0,"ix":4},"sa":{"a":0,"k":0,"ix":5},"nm":"Transform"}],"nm":"Ellipse 1","np":2,"cix":2,"ix":1,"mn":"ADBE Vector Group","hd":false}],"ip":0,"op":1200,"st":0,"bm":0},{"ddd":0,"ind":2,"ty":4,"nm":"offline_online_icon","sr":1,"ks":{"o":{"a":0,"k":100,"ix":11},"r":{"a":0,"k":0,"ix":10},"p":{"a":0,"k":[30,30.011,0],"ix":2},"a":{"a":0,"k":[30,30,0],"ix":1},"s":{"a":0,"k":[100,100,100],"ix":6}},"ao":0,"shapes":[{"ty":"gr","it":[{"ind":0,"ty":"sh","ix":1,"ks":{"a":0,"k":{"i":[[4.364,4.528],[0,6.464],[-13.249,0],[0,-13.249],[1.929,-3.456],[9.01,0]],"o":[[-4.157,-4.314],[0,-13.249],[13.249,0],[0,4.239],[-4.101,7.346],[-6.785,0]],"v":[[-17.276,16.644],[-23.989,0],[0,-23.989],[23.989,0],[20.961,11.676],[0,23.989]],"c":true},"ix":2},"nm":"Path 1","mn":"ADBE Vector Shape - Group","hd":false},{"ty":"tm","s":{"a":1,"k":[{"i":{"x":[0.667],"y":[1]},"o":{"x":[0.167],"y":[0.167]},"n":["0p667_1_0p167_0p167"],"t":93,"s":[0],"e":[24]},{"t":115}],"ix":1},"e":{"a":1,"k":[{"i":{"x":[0.667],"y":[1]},"o":{"x":[0.167],"y":[0]},"n":["0p667_1_0p167_0"],"t":93,"s":[0],"e":[0]},{"t":115}],"ix":2},"o":{"a":0,"k":0,"ix":3},"m":1,"ix":2,"nm":"Trim Paths 1","mn":"ADBE Vector Filter - Trim","hd":false},{"ty":"st","c":{"a":1,"k":[{"i":{"x":[0.833],"y":[0.833]},"o":{"x":[0.167],"y":[0.167]},"n":["0p833_0p833_0p167_0p167"],"t":43,"s":[1,0.216000007181,0.340999977261,1],"e":[0.313725501299,0.686274528503,0.298039227724,1]},{"i":{"x":[0.833],"y":[0.833]},"o":{"x":[0.167],"y":[0.167]},"n":["0p833_0p833_0p167_0p167"],"t":63,"s":[0.313725501299,0.686274528503,0.298039227724,1],"e":[0.313725501299,0.686274528503,0.298039227724,1]},{"i":{"x":[0.833],"y":[0.833]},"o":{"x":[0.167],"y":[0.167]},"n":["0p833_0p833_0p167_0p167"],"t":122,"s":[0.313725501299,0.686274528503,0.298039227724,1],"e":[1,0.216000007181,0.340999977261,1]},{"t":142}],"ix":3},"o":{"a":0,"k":100,"ix":4},"w":{"a":0,"k":3,"ix":5},"lc":2,"lj":2,"nm":"Stroke 1","mn":"ADBE Vector Graphic - Stroke","hd":false},{"ty":"tr","p":{"a":0,"k":[30,29.989],"ix":2},"a":{"a":0,"k":[0,0],"ix":1},"s":{"a":0,"k":[100,100],"ix":3},"r":{"a":0,"k":0,"ix":6},"o":{"a":0,"k":100,"ix":7},"sk":{"a":0,"k":0,"ix":4},"sa":{"a":0,"k":0,"ix":5},"nm":"Transform"}],"nm":"outer ring 3","np":3,"cix":2,"ix":1,"mn":"ADBE Vector Group","hd":false},{"ty":"gr","it":[{"ind":0,"ty":"sh","ix":1,"ks":{"a":0,"k":{"i":[[4.364,4.528],[0,6.464],[-13.249,0],[0,-13.249],[1.929,-3.456],[9.01,0]],"o":[[-4.157,-4.314],[0,-13.249],[13.249,0],[0,4.239],[-4.101,7.346],[-6.785,0]],"v":[[-17.276,16.644],[-23.989,0],[0,-23.989],[23.989,0],[20.961,11.676],[0,23.989]],"c":true},"ix":2},"nm":"Path 1","mn":"ADBE Vector Shape - Group","hd":false},{"ty":"tm","s":{"a":1,"k":[{"i":{"x":[0.389],"y":[1]},"o":{"x":[0.167],"y":[0.167]},"n":["0p389_1_0p167_0p167"],"t":12,"s":[70],"e":[100]},{"t":53,"s":[100],"h":1},{"i":{"x":[0.667],"y":[1]},"o":{"x":[0.167],"y":[0.167]},"n":["0p667_1_0p167_0p167"],"t":73,"s":[0],"e":[29]},{"t":115}],"ix":1},"e":{"a":1,"k":[{"i":{"x":[0.389],"y":[1]},"o":{"x":[0.167],"y":[0.167]},"n":["0p389_1_0p167_0p167"],"t":12,"s":[29],"e":[100]},{"t":53,"s":[100],"h":1},{"i":{"x":[0.667],"y":[1]},"o":{"x":[0.167],"y":[0.167]},"n":["0p667_1_0p167_0p167"],"t":73,"s":[0],"e":[70]},{"t":115}],"ix":2},"o":{"a":0,"k":0,"ix":3},"m":1,"ix":2,"nm":"Trim Paths 1","mn":"ADBE Vector Filter - Trim","hd":false},{"ty":"st","c":{"a":1,"k":[{"i":{"x":[0.833],"y":[0.833]},"o":{"x":[0.167],"y":[0.167]},"n":["0p833_0p833_0p167_0p167"],"t":43,"s":[1,0.216000007181,0.340999977261,1],"e":[0.313725501299,0.686274528503,0.298039227724,1]},{"i":{"x":[0.833],"y":[0.833]},"o":{"x":[0.167],"y":[0.167]},"n":["0p833_0p833_0p167_0p167"],"t":63,"s":[0.313725501299,0.686274528503,0.298039227724,1],"e":[0.313725501299,0.686274528503,0.298039227724,1]},{"i":{"x":[0.833],"y":[0.833]},"o":{"x":[0.167],"y":[0.167]},"n":["0p833_0p833_0p167_0p167"],"t":122,"s":[0.313725501299,0.686274528503,0.298039227724,1],"e":[1,0.216000007181,0.340999977261,1]},{"t":142}],"ix":3},"o":{"a":0,"k":100,"ix":4},"w":{"a":0,"k":3,"ix":5},"lc":2,"lj":2,"nm":"Stroke 1","mn":"ADBE Vector Graphic - Stroke","hd":false},{"ty":"tr","p":{"a":0,"k":[30,29.989],"ix":2},"a":{"a":0,"k":[0,0],"ix":1},"s":{"a":0,"k":[100,100],"ix":3},"r":{"a":0,"k":0,"ix":6},"o":{"a":0,"k":100,"ix":7},"sk":{"a":0,"k":0,"ix":4},"sa":{"a":0,"k":0,"ix":5},"nm":"Transform"}],"nm":"outer ring 2","np":3,"cix":2,"ix":2,"mn":"ADBE Vector Group","hd":false},{"ty":"gr","it":[{"ind":0,"ty":"sh","ix":1,"ks":{"a":0,"k":{"i":[[4.364,4.528],[0,6.464],[-13.249,0],[0,-13.249],[1.929,-3.456],[9.01,0]],"o":[[-4.157,-4.314],[0,-13.249],[13.249,0],[0,4.239],[-4.101,7.346],[-6.785,0]],"v":[[-17.276,16.644],[-23.989,0],[0,-23.989],[23.989,0],[20.961,11.676],[0,23.989]],"c":true},"ix":2},"nm":"Path 1","mn":"ADBE Vector Shape - Group","hd":false},{"ty":"tm","s":{"a":1,"k":[{"i":{"x":[0.389],"y":[1]},"o":{"x":[0.167],"y":[0.167]},"n":["0p389_1_0p167_0p167"],"t":12,"s":[24],"e":[74]},{"t":53,"s":[74],"h":1},{"i":{"x":[0.833],"y":[0.833]},"o":{"x":[0.167],"y":[0.167]},"n":["0p833_0p833_0p167_0p167"],"t":73,"s":[74],"e":[100]},{"t":93}],"ix":1},"e":{"a":1,"k":[{"i":{"x":[0.389],"y":[1]},"o":{"x":[0.167],"y":[0]},"n":["0p389_1_0p167_0"],"t":12,"s":[0],"e":[0]},{"t":53,"s":[0],"h":1},{"i":{"x":[0.702],"y":[1]},"o":{"x":[0.167],"y":[0.167]},"n":["0p702_1_0p167_0p167"],"t":73,"s":[0],"e":[100]},{"t":115}],"ix":2},"o":{"a":0,"k":0,"ix":3},"m":1,"ix":2,"nm":"Trim Paths 1","mn":"ADBE Vector Filter - Trim","hd":false},{"ty":"st","c":{"a":1,"k":[{"i":{"x":[0.833],"y":[0.833]},"o":{"x":[0.167],"y":[0.167]},"n":["0p833_0p833_0p167_0p167"],"t":43,"s":[1,0.216000007181,0.340999977261,1],"e":[0.313725501299,0.686274528503,0.298039227724,1]},{"i":{"x":[0.833],"y":[0.833]},"o":{"x":[0.167],"y":[0.167]},"n":["0p833_0p833_0p167_0p167"],"t":63,"s":[0.313725501299,0.686274528503,0.298039227724,1],"e":[0.313725501299,0.686274528503,0.298039227724,1]},{"i":{"x":[0.833],"y":[0.833]},"o":{"x":[0.167],"y":[0.167]},"n":["0p833_0p833_0p167_0p167"],"t":122,"s":[0.313725501299,0.686274528503,0.298039227724,1],"e":[1,0.216000007181,0.340999977261,1]},{"t":142}],"ix":3},"o":{"a":0,"k":100,"ix":4},"w":{"a":0,"k":3,"ix":5},"lc":2,"lj":2,"nm":"Stroke 1","mn":"ADBE Vector Graphic - Stroke","hd":false},{"ty":"tr","p":{"a":0,"k":[30,29.989],"ix":2},"a":{"a":0,"k":[0,0],"ix":1},"s":{"a":0,"k":[100,100],"ix":3},"r":{"a":0,"k":0,"ix":6},"o":{"a":0,"k":100,"ix":7},"sk":{"a":0,"k":0,"ix":4},"sa":{"a":0,"k":0,"ix":5},"nm":"Transform"}],"nm":"outer ring","np":3,"cix":2,"ix":3,"mn":"ADBE Vector Group","hd":false},{"ty":"gr","it":[{"ind":0,"ty":"sh","ix":1,"ks":{"a":0,"k":{"i":[[1.71,-1.53],[3.969,0],[0,8.56],[-8.56,0],[0,-8.56],[0.768,-1.838]],"o":[[-2.742,2.453],[-8.56,0],[0,-8.56],[8.56,0],[0,2.116],[-0.898,2.149]],"v":[[10.331,11.555],[0,15.5],[-15.5,0],[0,-15.5],[15.5,0],[14.308,5.971]],"c":true},"ix":2},"nm":"Path 1","mn":"ADBE Vector Shape - Group","hd":false},{"ty":"tm","s":{"a":1,"k":[{"i":{"x":[0.667],"y":[1]},"o":{"x":[0.167],"y":[0.167]},"n":["0p667_1_0p167_0p167"],"t":73,"s":[0],"e":[24]},{"t":115}],"ix":1},"e":{"a":1,"k":[{"i":{"x":[0.667],"y":[1]},"o":{"x":[0.167],"y":[0.167]},"n":["0p667_1_0p167_0p167"],"t":79,"s":[0],"e":[48]},{"t":115}],"ix":2},"o":{"a":0,"k":0,"ix":3},"m":1,"ix":2,"nm":"Trim Paths 1","mn":"ADBE Vector Filter - Trim","hd":false},{"ty":"st","c":{"a":1,"k":[{"i":{"x":[0.833],"y":[0.833]},"o":{"x":[0.167],"y":[0.167]},"n":["0p833_0p833_0p167_0p167"],"t":43,"s":[1,0.216000007181,0.340999977261,1],"e":[0.313725501299,0.686274528503,0.298039227724,1]},{"i":{"x":[0.833],"y":[0.833]},"o":{"x":[0.167],"y":[0.167]},"n":["0p833_0p833_0p167_0p167"],"t":63,"s":[0.313725501299,0.686274528503,0.298039227724,1],"e":[0.313725501299,0.686274528503,0.298039227724,1]},{"i":{"x":[0.833],"y":[0.833]},"o":{"x":[0.167],"y":[0.167]},"n":["0p833_0p833_0p167_0p167"],"t":122,"s":[0.313725501299,0.686274528503,0.298039227724,1],"e":[1,0.216000007181,0.340999977261,1]},{"t":142}],"ix":3},"o":{"a":0,"k":100,"ix":4},"w":{"a":0,"k":2.94,"ix":5},"lc":2,"lj":2,"nm":"Stroke 1","mn":"ADBE Vector Graphic - Stroke","hd":false},{"ty":"tr","p":{"a":0,"k":[30,30],"ix":2},"a":{"a":0,"k":[0,0],"ix":1},"s":{"a":0,"k":[100,100],"ix":3},"r":{"a":0,"k":0,"ix":6},"o":{"a":0,"k":100,"ix":7},"sk":{"a":0,"k":0,"ix":4},"sa":{"a":0,"k":0,"ix":5},"nm":"Transform"}],"nm":"inner ring 4","np":3,"cix":2,"ix":4,"mn":"ADBE Vector Group","hd":false},{"ty":"gr","it":[{"ind":0,"ty":"sh","ix":1,"ks":{"a":0,"k":{"i":[[1.71,-1.53],[3.969,0],[0,8.56],[-8.56,0],[0,-8.56],[0.768,-1.838]],"o":[[-2.742,2.453],[-8.56,0],[0,-8.56],[8.56,0],[0,2.116],[-0.898,2.149]],"v":[[10.331,11.555],[0,15.5],[-15.5,0],[0,-15.5],[15.5,0],[14.308,5.971]],"c":true},"ix":2},"nm":"Path 1","mn":"ADBE Vector Shape - Group","hd":false},{"ty":"tm","s":{"a":1,"k":[{"i":{"x":[0.667],"y":[1]},"o":{"x":[0.167],"y":[0.167]},"n":["0p667_1_0p167_0p167"],"t":73,"s":[0],"e":[90.7]},{"t":115}],"ix":1},"e":{"a":1,"k":[{"i":{"x":[0.667],"y":[1]},"o":{"x":[0.167],"y":[0.167]},"n":["0p667_1_0p167_0p167"],"t":79,"s":[0],"e":[55]},{"t":115}],"ix":2},"o":{"a":0,"k":0,"ix":3},"m":1,"ix":2,"nm":"Trim Paths 1","mn":"ADBE Vector Filter - Trim","hd":false},{"ty":"st","c":{"a":1,"k":[{"i":{"x":[0.833],"y":[0.833]},"o":{"x":[0.167],"y":[0.167]},"n":["0p833_0p833_0p167_0p167"],"t":43,"s":[1,0.216000007181,0.340999977261,1],"e":[0.313725501299,0.686274528503,0.298039227724,1]},{"i":{"x":[0.833],"y":[0.833]},"o":{"x":[0.167],"y":[0.167]},"n":["0p833_0p833_0p167_0p167"],"t":63,"s":[0.313725501299,0.686274528503,0.298039227724,1],"e":[0.313725501299,0.686274528503,0.298039227724,1]},{"i":{"x":[0.833],"y":[0.833]},"o":{"x":[0.167],"y":[0.167]},"n":["0p833_0p833_0p167_0p167"],"t":122,"s":[0.313725501299,0.686274528503,0.298039227724,1],"e":[1,0.216000007181,0.340999977261,1]},{"t":142}],"ix":3},"o":{"a":0,"k":100,"ix":4},"w":{"a":0,"k":2.94,"ix":5},"lc":2,"lj":2,"nm":"Stroke 1","mn":"ADBE Vector Graphic - Stroke","hd":false},{"ty":"tr","p":{"a":0,"k":[30,30],"ix":2},"a":{"a":0,"k":[0,0],"ix":1},"s":{"a":0,"k":[100,100],"ix":3},"r":{"a":0,"k":0,"ix":6},"o":{"a":0,"k":100,"ix":7},"sk":{"a":0,"k":0,"ix":4},"sa":{"a":0,"k":0,"ix":5},"nm":"Transform"}],"nm":"inner ring 3","np":3,"cix":2,"ix":5,"mn":"ADBE Vector Group","hd":false},{"ty":"gr","it":[{"ind":0,"ty":"sh","ix":1,"ks":{"a":0,"k":{"i":[[1.71,-1.53],[3.969,0],[0,8.56],[-8.56,0],[0,-8.56],[0.768,-1.838]],"o":[[-2.742,2.453],[-8.56,0],[0,-8.56],[8.56,0],[0,2.116],[-0.898,2.149]],"v":[[10.331,11.555],[0,15.5],[-15.5,0],[0,-15.5],[15.5,0],[14.308,5.971]],"c":true},"ix":2},"nm":"Path 1","mn":"ADBE Vector Shape - Group","hd":false},{"ty":"tm","s":{"a":1,"k":[{"i":{"x":[0.389],"y":[1]},"o":{"x":[0.167],"y":[0]},"n":["0p389_1_0p167_0"],"t":12,"s":[24],"e":[24]},{"t":53,"s":[24],"h":1},{"i":{"x":[0.833],"y":[0.833]},"o":{"x":[0.167],"y":[0.167]},"n":["0p833_0p833_0p167_0p167"],"t":73,"s":[24],"e":[100]},{"t":81}],"ix":1},"e":{"a":1,"k":[{"i":{"x":[0.389],"y":[1]},"o":{"x":[0.167],"y":[0.167]},"n":["0p389_1_0p167_0p167"],"t":12,"s":[48],"e":[98]},{"t":53,"s":[98],"h":1},{"i":{"x":[0.833],"y":[0.833]},"o":{"x":[0.167],"y":[0.167]},"n":["0p833_0p833_0p167_0p167"],"t":73,"s":[98],"e":[100]},{"t":81}],"ix":2},"o":{"a":0,"k":0,"ix":3},"m":1,"ix":2,"nm":"Trim Paths 1","mn":"ADBE Vector Filter - Trim","hd":false},{"ty":"st","c":{"a":1,"k":[{"i":{"x":[0.833],"y":[0.833]},"o":{"x":[0.167],"y":[0.167]},"n":["0p833_0p833_0p167_0p167"],"t":43,"s":[1,0.216000007181,0.340999977261,1],"e":[0.313725501299,0.686274528503,0.298039227724,1]},{"i":{"x":[0.833],"y":[0.833]},"o":{"x":[0.167],"y":[0.167]},"n":["0p833_0p833_0p167_0p167"],"t":63,"s":[0.313725501299,0.686274528503,0.298039227724,1],"e":[0.313725501299,0.686274528503,0.298039227724,1]},{"i":{"x":[0.833],"y":[0.833]},"o":{"x":[0.167],"y":[0.167]},"n":["0p833_0p833_0p167_0p167"],"t":122,"s":[0.313725501299,0.686274528503,0.298039227724,1],"e":[1,0.216000007181,0.340999977261,1]},{"t":142}],"ix":3},"o":{"a":0,"k":100,"ix":4},"w":{"a":0,"k":3,"ix":5},"lc":2,"lj":2,"nm":"Stroke 1","mn":"ADBE Vector Graphic - Stroke","hd":false},{"ty":"tr","p":{"a":0,"k":[30,30],"ix":2},"a":{"a":0,"k":[0,0],"ix":1},"s":{"a":0,"k":[100,100],"ix":3},"r":{"a":0,"k":0,"ix":6},"o":{"a":0,"k":100,"ix":7},"sk":{"a":0,"k":0,"ix":4},"sa":{"a":0,"k":0,"ix":5},"nm":"Transform"}],"nm":"inner ring 2","np":3,"cix":2,"ix":6,"mn":"ADBE Vector Group","hd":false},{"ty":"gr","it":[{"ind":0,"ty":"sh","ix":1,"ks":{"a":0,"k":{"i":[[2.762,2.548],[0,4.506],[-8.56,0],[0,-8.56],[0.768,-1.838],[1.641,-1.507],[4.04,0]],"o":[[-3.07,-2.832],[0,-8.56],[8.56,0],[0,2.116],[-0.872,2.087],[-2.759,2.533],[-4.054,0]],"v":[[-10.506,11.396],[-15.5,0],[0,-15.5],[15.5,0],[14.308,5.971],[10.479,11.421],[0,15.5]],"c":true},"ix":2},"nm":"Path 1","mn":"ADBE Vector Shape - Group","hd":false},{"ty":"tm","s":{"a":1,"k":[{"i":{"x":[0.389],"y":[1]},"o":{"x":[0.167],"y":[0.167]},"n":["0p389_1_0p167_0p167"],"t":12,"s":[32],"e":[100]},{"t":53,"s":[100],"h":1}],"ix":1},"e":{"a":1,"k":[{"i":{"x":[0.389],"y":[1]},"o":{"x":[0.167],"y":[0.167]},"n":["0p389_1_0p167_0p167"],"t":12,"s":[67],"e":[100]},{"t":53,"s":[100],"h":1}],"ix":2},"o":{"a":0,"k":0,"ix":3},"m":1,"ix":2,"nm":"Trim Paths 1","mn":"ADBE Vector Filter - Trim","hd":false},{"ty":"st","c":{"a":1,"k":[{"i":{"x":[0.833],"y":[0.833]},"o":{"x":[0.167],"y":[0.167]},"n":["0p833_0p833_0p167_0p167"],"t":43,"s":[1,0.216000007181,0.340999977261,1],"e":[0.313725501299,0.686274528503,0.298039227724,1]},{"t":63}],"ix":3},"o":{"a":0,"k":100,"ix":4},"w":{"a":0,"k":3,"ix":5},"lc":2,"lj":2,"nm":"Stroke 1","mn":"ADBE Vector Graphic - Stroke","hd":false},{"ty":"tr","p":{"a":0,"k":[30,30],"ix":2},"a":{"a":0,"k":[0,0],"ix":1},"s":{"a":0,"k":[100,100],"ix":3},"r":{"a":0,"k":0,"ix":6},"o":{"a":0,"k":100,"ix":7},"sk":{"a":0,"k":0,"ix":4},"sa":{"a":0,"k":0,"ix":5},"nm":"Transform"}],"nm":"inner ring","np":3,"cix":2,"ix":7,"mn":"ADBE Vector Group","hd":false},{"ty":"gr","it":[{"ind":0,"ty":"sh","ix":1,"ks":{"a":0,"k":{"i":[[0,0],[0,0]],"o":[[0,0],[0,0]],"v":[[-20.672,-20.672],[20.672,20.672]],"c":false},"ix":2},"nm":"Path 1","mn":"ADBE Vector Shape - Group","hd":false},{"ty":"tm","s":{"a":0,"k":0,"ix":1},"e":{"a":1,"k":[{"i":{"x":[0.667],"y":[1]},"o":{"x":[0.333],"y":[0]},"n":["0p667_1_0p333_0"],"t":107,"s":[0],"e":[100]},{"t":133}],"ix":2},"o":{"a":0,"k":0,"ix":3},"m":1,"ix":2,"nm":"Trim Paths 1","mn":"ADBE Vector Filter - Trim","hd":false},{"ty":"st","c":{"a":1,"k":[{"i":{"x":[0.833],"y":[0.833]},"o":{"x":[0.167],"y":[0.167]},"n":["0p833_0p833_0p167_0p167"],"t":122,"s":[0.313725501299,0.686274528503,0.298039227724,1],"e":[1,0.216000007181,0.340999977261,1]},{"t":142}],"ix":3},"o":{"a":0,"k":100,"ix":4},"w":{"a":0,"k":3,"ix":5},"lc":2,"lj":2,"nm":"Stroke 1","mn":"ADBE Vector Graphic - Stroke","hd":false},{"ty":"tr","p":{"a":0,"k":[30,30],"ix":2},"a":{"a":0,"k":[0,0],"ix":1},"s":{"a":0,"k":[100,100],"ix":3},"r":{"a":0,"k":0,"ix":6},"o":{"a":0,"k":100,"ix":7},"sk":{"a":0,"k":0,"ix":4},"sa":{"a":0,"k":0,"ix":5},"nm":"Transform"}],"nm":"cross 2","np":3,"cix":2,"ix":8,"mn":"ADBE Vector Group","hd":false},{"ty":"gr","it":[{"ind":0,"ty":"sh","ix":1,"ks":{"a":0,"k":{"i":[[0,0],[0,0]],"o":[[0,0],[0,0]],"v":[[-20.672,-20.672],[20.672,20.672]],"c":false},"ix":2},"nm":"Path 1","mn":"ADBE Vector Shape - Group","hd":false},{"ty":"tm","s":{"a":1,"k":[{"i":{"x":[0.32],"y":[1]},"o":{"x":[0.167],"y":[0.167]},"n":["0p32_1_0p167_0p167"],"t":0,"s":[0],"e":[100]},{"t":23}],"ix":1},"e":{"a":0,"k":100,"ix":2},"o":{"a":0,"k":0,"ix":3},"m":1,"ix":2,"nm":"Trim Paths 1","mn":"ADBE Vector Filter - Trim","hd":false},{"ty":"st","c":{"a":0,"k":[1,0.216000007181,0.340999977261,1],"ix":3},"o":{"a":0,"k":100,"ix":4},"w":{"a":0,"k":3,"ix":5},"lc":2,"lj":2,"nm":"Stroke 1","mn":"ADBE Vector Graphic - Stroke","hd":false},{"ty":"tr","p":{"a":0,"k":[30,30],"ix":2},"a":{"a":0,"k":[0,0],"ix":1},"s":{"a":0,"k":[100,100],"ix":3},"r":{"a":0,"k":0,"ix":6},"o":{"a":0,"k":100,"ix":7},"sk":{"a":0,"k":0,"ix":4},"sa":{"a":0,"k":0,"ix":5},"nm":"Transform"}],"nm":"cross","np":3,"cix":2,"ix":9,"mn":"ADBE Vector Group","hd":false}],"ip":-3,"op":1197,"st":-3,"bm":0}],"markers":[]}