{"v":"4.6.9","fr":29.9700012207031,"ip":0,"op":450.000018328876,"w":800,"h":600,"nm":"Search JSON","ddd":0,"assets":[],"fonts":{"list":[{"fName":"Gotham-Bold","fFamily":"Gotham","fStyle":"Bold","ascent":52.9995727539062}]},"layers":[{"ddd":0,"ind":1,"ty":4,"nm":"Shape Layer 5","td":1,"ks":{"o":{"a":0,"k":100},"r":{"a":0,"k":0},"p":{"a":1,"k":[{"i":{"x":0,"y":1},"o":{"x":0.167,"y":0.167},"n":"0_1_0p167_0p167","t":60,"s":[400,292.5,0],"e":[400,301,0],"to":[0,1.41666662693024,0],"ti":[0,-1.41666662693024,0]},{"i":{"x":0.833,"y":0.833},"o":{"x":0.167,"y":0.167},"n":"0p833_0p833_0p167_0p167","t":70,"s":[400,301,0],"e":[400,301,0],"to":[0,0,0],"ti":[0,0,0]},{"i":{"x":0,"y":1},"o":{"x":0.167,"y":0.167},"n":"0_1_0p167_0p167","t":240,"s":[400,301,0],"e":[400,292.5,0],"to":[0,-1.41666662693024,0],"ti":[0,1.41666662693024,0]},{"t":253.000010304901}]},"a":{"a":0,"k":[0,0,0]},"s":{"a":0,"k":[100,100,100]}},"ao":0,"shapes":[{"ty":"gr","it":[{"ind":0,"ty":"sh","ix":1,"ks":{"a":1,"k":[{"i":{"x":0,"y":1},"o":{"x":0.167,"y":0.167},"n":"0_1_0p167_0p167","t":60,"s":[{"i":[[15.133,0],[0,0],[0,15.133],[0,0],[-15.133,0],[0,0],[0,-15.133],[0,0]],"o":[[0,0],[-15.133,0],[0,0],[0,-15.133],[0,0],[15.133,0],[0,0],[0,15.133]],"v":[[0.017,27.514],[-0.017,27.514],[-27.531,0],[-27.531,0],[-0.017,-27.514],[0.017,-27.514],[27.531,0],[27.531,0]],"c":true}],"e":[{"i":[[27.5,0],[0,0],[0,27.5],[0,0],[-27.5,0],[0,0],[0,-27.5],[0,0]],"o":[[0,0],[-27.5,0],[0,0],[0,-27.5],[0,0],[27.5,0],[0,0],[0,27.5]],"v":[[0.031,50],[-0.031,50],[-50.031,0],[-50.031,0],[-0.031,-50],[0.031,-50],[50.031,0],[50.031,0]],"c":true}]},{"i":{"x":0,"y":1},"o":{"x":0.167,"y":0.167},"n":"0_1_0p167_0p167","t":70,"s":[{"i":[[27.5,0],[0,0],[0,27.5],[0,0],[-27.5,0],[0,0],[0,-27.5],[0,0]],"o":[[0,0],[-27.5,0],[0,0],[0,-27.5],[0,0],[27.5,0],[0,0],[0,27.5]],"v":[[0.031,50],[-0.031,50],[-50.031,0],[-50.031,0],[-0.031,-50],[0.031,-50],[50.031,0],[50.031,0]],"c":true}],"e":[{"i":[[27.5,0],[0,0],[0,27.5],[0,0],[-27.5,0],[0,0],[0,-27.5],[0,0]],"o":[[0,0],[-27.5,0],[0,0],[0,-27.5],[0,0],[27.5,0],[0,0],[0,27.5]],"v":[[175,50],[-175,50],[-225,0],[-225,0],[-175,-50],[175,-50],[225,0],[225,0]],"c":true}]},{"i":{"x":0.833,"y":0.833},"o":{"x":0.167,"y":0.167},"n":"0p833_0p833_0p167_0p167","t":90,"s":[{"i":[[27.5,0],[0,0],[0,27.5],[0,0],[-27.5,0],[0,0],[0,-27.5],[0,0]],"o":[[0,0],[-27.5,0],[0,0],[0,-27.5],[0,0],[27.5,0],[0,0],[0,27.5]],"v":[[175,50],[-175,50],[-225,0],[-225,0],[-175,-50],[175,-50],[225,0],[225,0]],"c":true}],"e":[{"i":[[27.5,0],[0,0],[0,27.5],[0,0],[-27.5,0],[0,0],[0,-27.5],[0,0]],"o":[[0,0],[-27.5,0],[0,0],[0,-27.5],[0,0],[27.5,0],[0,0],[0,27.5]],"v":[[175,50],[-175,50],[-225,0],[-225,0],[-175,-50],[175,-50],[225,0],[225,0]],"c":true}]},{"i":{"x":0,"y":1},"o":{"x":0.167,"y":0.167},"n":"0_1_0p167_0p167","t":240,"s":[{"i":[[27.5,0],[0,0],[0,27.5],[0,0],[-27.5,0],[0,0],[0,-27.5],[0,0]],"o":[[0,0],[-27.5,0],[0,0],[0,-27.5],[0,0],[27.5,0],[0,0],[0,27.5]],"v":[[175,50],[-175,50],[-225,0],[-225,0],[-175,-50],[175,-50],[225,0],[225,0]],"c":true}],"e":[{"i":[[15.133,0],[0,0],[0,15.133],[0,0],[-15.133,0],[0,0],[0,-15.133],[0,0]],"o":[[0,0],[-15.133,0],[0,0],[0,-15.133],[0,0],[15.133,0],[0,0],[0,15.133]],"v":[[0.017,27.514],[-0.017,27.514],[-27.531,0],[-27.531,0],[-0.017,-27.514],[0.017,-27.514],[27.531,0],[27.531,0]],"c":true}]},{"t":253.000010304901}]},"nm":"Path 1","mn":"ADBE Vector Shape - Group"},{"ty":"st","c":{"a":0,"k":[0,0,0,1]},"o":{"a":0,"k":100},"w":{"a":0,"k":10},"lc":1,"lj":1,"ml":4,"nm":"Stroke 1","mn":"ADBE Vector Graphic - Stroke"},{"ty":"fl","c":{"a":0,"k":[1,0,0,1]},"o":{"a":0,"k":100},"r":1,"nm":"Fill 1","mn":"ADBE Vector Graphic - Fill"},{"ty":"tr","p":{"a":0,"k":[0,0],"ix":2},"a":{"a":0,"k":[0,0],"ix":1},"s":{"a":0,"k":[100,100],"ix":3},"r":{"a":0,"k":0,"ix":6},"o":{"a":0,"k":100,"ix":7},"sk":{"a":0,"k":0,"ix":4},"sa":{"a":0,"k":0,"ix":5},"nm":"Transform"}],"nm":"Shape 1","np":3,"cix":2,"ix":1,"mn":"ADBE Vector Group"}],"ip":0,"op":450.000018328876,"st":0,"bm":0,"sr":1},{"ddd":0,"ind":2,"ty":5,"nm":"SEARCH","tt":1,"ks":{"o":{"a":0,"k":25},"r":{"a":0,"k":0},"p":{"a":1,"k":[{"i":{"x":0.833,"y":0.833},"o":{"x":0.167,"y":0.167},"n":"0p833_0p833_0p167_0p167","t":0,"s":[74,337.624,0],"e":[74,337.624,0],"to":[0,0,0],"ti":[0,0,0]},{"i":{"x":0,"y":1},"o":{"x":0.167,"y":0.167},"n":"0_1_0p167_0p167","t":70,"s":[74,337.624,0],"e":[214,337.624,0],"to":[23.3333339691162,0,0],"ti":[-23.3333339691162,0,0]},{"i":{"x":0.833,"y":0.833},"o":{"x":0.167,"y":0.167},"n":"0p833_0p833_0p167_0p167","t":90,"s":[214,337.624,0],"e":[214,337.624,0],"to":[0,0,0],"ti":[0,0,0]},{"i":{"x":0,"y":1},"o":{"x":0.167,"y":0.167},"n":"0_1_0p167_0p167","t":240,"s":[214,337.624,0],"e":[74,337.624,0],"to":[-23.3333339691162,0,0],"ti":[23.3333339691162,0,0]},{"t":253.000010304901}]},"a":{"a":0,"k":[0,0,0]},"s":{"a":0,"k":[100,100,100]}},"ao":0,"t":{"d":{"k":[{"s":{"s":50,"f":"Gotham-Bold","t":"SEARCH","j":0,"tr":0,"lh":60,"ls":20,"fc":[0.11,0.11,0.11]},"t":0}]},"p":{},"m":{"g":1,"a":{"a":0,"k":[0,0]}},"a":[]},"ip":0,"op":450.000018328876,"st":0,"bm":0,"sr":1},{"ddd":0,"ind":3,"ty":4,"nm":"Shape Layer 1","ks":{"o":{"a":0,"k":100},"r":{"a":0,"k":0},"p":{"a":1,"k":[{"i":{"x":0,"y":1},"o":{"x":0.167,"y":0.167},"n":"0_1_0p167_0p167","t":60,"s":[400,292.5,0],"e":[400,301,0],"to":[0,1.41666662693024,0],"ti":[0,-1.41666662693024,0]},{"i":{"x":0.833,"y":0.833},"o":{"x":0.167,"y":0.167},"n":"0p833_0p833_0p167_0p167","t":70,"s":[400,301,0],"e":[400,301,0],"to":[0,0,0],"ti":[0,0,0]},{"i":{"x":0.833,"y":0.833},"o":{"x":0.167,"y":0.167},"n":"0p833_0p833_0p167_0p167","t":90,"s":[400,301,0],"e":[400,301,0],"to":[0,0,0],"ti":[0,0,0]},{"i":{"x":0,"y":1},"o":{"x":0.167,"y":0.167},"n":"0_1_0p167_0p167","t":240,"s":[400,301,0],"e":[400,292.5,0],"to":[0,-1.41666662693024,0],"ti":[0,1.41666662693024,0]},{"t":253.000010304901}]},"a":{"a":0,"k":[0,0,0]},"s":{"a":0,"k":[100,100,100]}},"ao":0,"shapes":[{"ty":"gr","it":[{"ind":0,"ty":"sh","ix":1,"ks":{"a":1,"k":[{"i":{"x":0,"y":1},"o":{"x":0.167,"y":0.167},"n":"0_1_0p167_0p167","t":60,"s":[{"i":[[15.133,0],[0,0],[0,15.133],[0,0],[-15.133,0],[0,0],[0,-15.133],[0,0]],"o":[[0,0],[-15.133,0],[0,0],[0,-15.133],[0,0],[15.133,0],[0,0],[0,15.133]],"v":[[0.017,27.514],[-0.017,27.514],[-27.531,0],[-27.531,0],[-0.017,-27.514],[0.017,-27.514],[27.531,0],[27.531,0]],"c":true}],"e":[{"i":[[27.5,0],[0,0],[0,27.5],[0,0],[-27.5,0],[0,0],[0,-27.5],[0,0]],"o":[[0,0],[-27.5,0],[0,0],[0,-27.5],[0,0],[27.5,0],[0,0],[0,27.5]],"v":[[0.031,50],[-0.031,50],[-50.031,0],[-50.031,0],[-0.031,-50],[0.031,-50],[50.031,0],[50.031,0]],"c":true}]},{"i":{"x":0,"y":1},"o":{"x":0.167,"y":0.167},"n":"0_1_0p167_0p167","t":70,"s":[{"i":[[27.5,0],[0,0],[0,27.5],[0,0],[-27.5,0],[0,0],[0,-27.5],[0,0]],"o":[[0,0],[-27.5,0],[0,0],[0,-27.5],[0,0],[27.5,0],[0,0],[0,27.5]],"v":[[0.031,50],[-0.031,50],[-50.031,0],[-50.031,0],[-0.031,-50],[0.031,-50],[50.031,0],[50.031,0]],"c":true}],"e":[{"i":[[27.5,0],[0,0],[0,27.5],[0,0],[-27.5,0],[0,0],[0,-27.5],[0,0]],"o":[[0,0],[-27.5,0],[0,0],[0,-27.5],[0,0],[27.5,0],[0,0],[0,27.5]],"v":[[175,50],[-175,50],[-225,0],[-225,0],[-175,-50],[175,-50],[225,0],[225,0]],"c":true}]},{"i":{"x":0.833,"y":0.833},"o":{"x":0.167,"y":0.167},"n":"0p833_0p833_0p167_0p167","t":90,"s":[{"i":[[27.5,0],[0,0],[0,27.5],[0,0],[-27.5,0],[0,0],[0,-27.5],[0,0]],"o":[[0,0],[-27.5,0],[0,0],[0,-27.5],[0,0],[27.5,0],[0,0],[0,27.5]],"v":[[175,50],[-175,50],[-225,0],[-225,0],[-175,-50],[175,-50],[225,0],[225,0]],"c":true}],"e":[{"i":[[27.5,0],[0,0],[0,27.5],[0,0],[-27.5,0],[0,0],[0,-27.5],[0,0]],"o":[[0,0],[-27.5,0],[0,0],[0,-27.5],[0,0],[27.5,0],[0,0],[0,27.5]],"v":[[175,50],[-175,50],[-225,0],[-225,0],[-175,-50],[175,-50],[225,0],[225,0]],"c":true}]},{"i":{"x":0,"y":1},"o":{"x":0.167,"y":0.167},"n":"0_1_0p167_0p167","t":240,"s":[{"i":[[27.5,0],[0,0],[0,27.5],[0,0],[-27.5,0],[0,0],[0,-27.5],[0,0]],"o":[[0,0],[-27.5,0],[0,0],[0,-27.5],[0,0],[27.5,0],[0,0],[0,27.5]],"v":[[175,50],[-175,50],[-225,0],[-225,0],[-175,-50],[175,-50],[225,0],[225,0]],"c":true}],"e":[{"i":[[15.133,0],[0,0],[0,15.133],[0,0],[-15.133,0],[0,0],[0,-15.133],[0,0]],"o":[[0,0],[-15.133,0],[0,0],[0,-15.133],[0,0],[15.133,0],[0,0],[0,15.133]],"v":[[0.017,27.514],[-0.017,27.514],[-27.531,0],[-27.531,0],[-0.017,-27.514],[0.017,-27.514],[27.531,0],[27.531,0]],"c":true}]},{"t":253.000010304901}]},"nm":"Path 1","mn":"ADBE Vector Shape - Group"},{"ty":"st","c":{"a":0,"k":[0.1058824,0.1058824,0.1058824,1]},"o":{"a":0,"k":100},"w":{"a":0,"k":10},"lc":1,"lj":1,"ml":4,"nm":"Stroke 1","mn":"ADBE Vector Graphic - Stroke"},{"ty":"tr","p":{"a":0,"k":[0,0],"ix":2},"a":{"a":0,"k":[0,0],"ix":1},"s":{"a":0,"k":[100,100],"ix":3},"r":{"a":0,"k":0,"ix":6},"o":{"a":0,"k":100,"ix":7},"sk":{"a":0,"k":0,"ix":4},"sa":{"a":0,"k":0,"ix":5},"nm":"Transform"}],"nm":"Shape 1","np":3,"cix":2,"ix":1,"mn":"ADBE Vector Group"}],"ip":0,"op":450.000018328876,"st":0,"bm":0,"sr":1},{"ddd":0,"ind":4,"ty":4,"nm":"Shape Layer 4","ks":{"o":{"a":0,"k":100},"r":{"a":0,"k":0},"p":{"a":1,"k":[{"i":{"x":0,"y":1},"o":{"x":0.167,"y":0.167},"n":"0_1_0p167_0p167","t":60,"s":[354,280,0],"e":[354,357,0],"to":[0,12.8333330154419,0],"ti":[-0.03225602582097,0.3712794482708,0]},{"i":{"x":0,"y":1},"o":{"x":0.167,"y":0.167},"n":"0_1_0p167_0p167","t":70,"s":[354,357,0],"e":[514,350,0],"to":[0.01850428059697,-0.21299150586128,0],"ti":[-26.6666660308838,1.16666662693024,0]},{"i":{"x":0.833,"y":0.833},"o":{"x":0.167,"y":0.167},"n":"0p833_0p833_0p167_0p167","t":90,"s":[514,350,0],"e":[514,350,0],"to":[0,0,0],"ti":[0,0,0]},{"i":{"x":0,"y":1},"o":{"x":0.167,"y":0.167},"n":"0_1_0p167_0p167","t":240,"s":[514,350,0],"e":[354,357,0],"to":[-26.6666660308838,1.16666662693024,0],"ti":[-0.03225602582097,0.3712794482708,0]},{"t":247.000010060516}]},"a":{"a":0,"k":[0,0,0]},"s":{"a":0,"k":[100,-100,100]}},"ao":0,"shapes":[{"ty":"gr","it":[{"ind":0,"ty":"sh","ix":1,"ks":{"a":0,"k":{"i":[[0,0],[0,0]],"o":[[0,0],[0,0]],"v":[[28.886,28.886],[91.114,91.114]],"c":false}},"nm":"Path 1","mn":"ADBE Vector Shape - Group"},{"ty":"st","c":{"a":0,"k":[0.1058824,0.1058824,0.1058824,1]},"o":{"a":0,"k":100},"w":{"a":0,"k":10},"lc":1,"lj":1,"ml":4,"nm":"Stroke 1","mn":"ADBE Vector Graphic - Stroke"},{"ty":"tr","p":{"a":0,"k":[0,0],"ix":2},"a":{"a":0,"k":[0,0],"ix":1},"s":{"a":0,"k":[100,100],"ix":3},"r":{"a":0,"k":0,"ix":6},"o":{"a":0,"k":100,"ix":7},"sk":{"a":0,"k":0,"ix":4},"sa":{"a":0,"k":0,"ix":5},"nm":"Transform"}],"nm":"Shape 1","np":3,"cix":2,"ix":1,"mn":"ADBE Vector Group"},{"ty":"tm","s":{"a":1,"k":[{"i":{"x":[0],"y":[1]},"o":{"x":[0.167],"y":[0.167]},"n":["0_1_0p167_0p167"],"t":71,"s":[100],"e":[0]},{"i":{"x":[0.833],"y":[0.833]},"o":{"x":[0.167],"y":[0.167]},"n":["0p833_0p833_0p167_0p167"],"t":78,"s":[0],"e":[0]},{"i":{"x":[0],"y":[1]},"o":{"x":[0.167],"y":[0.167]},"n":["0_1_0p167_0p167"],"t":242,"s":[0],"e":[100]},{"t":247.000010060516}],"ix":1},"e":{"a":1,"k":[{"i":{"x":[0],"y":[1]},"o":{"x":[0.167],"y":[0.167]},"n":["0_1_0p167_0p167"],"t":77,"s":[100],"e":[64]},{"i":{"x":[0.833],"y":[0.833]},"o":{"x":[0.167],"y":[0.167]},"n":["0p833_0p833_0p167_0p167"],"t":87,"s":[64],"e":[64]},{"i":{"x":[0],"y":[1]},"o":{"x":[0.167],"y":[0.167]},"n":["0_1_0p167_0p167"],"t":240,"s":[64],"e":[100]},{"t":247.000010060516}],"ix":2},"o":{"a":0,"k":0,"ix":3},"m":1,"ix":2,"nm":"Trim Paths 1","mn":"ADBE Vector Filter - Trim"}],"ip":0,"op":450.000018328876,"st":0,"bm":0,"sr":1},{"ddd":0,"ind":5,"ty":4,"nm":"Shape Layer 3","ks":{"o":{"a":0,"k":100},"r":{"a":0,"k":0},"p":{"a":1,"k":[{"i":{"x":0,"y":1},"o":{"x":0.167,"y":0.167},"n":"0_1_0p167_0p167","t":60,"s":[356,249,0],"e":[353,255,0],"to":[-0.5,1,0],"ti":[-0.03225602582097,0.3712794482708,0]},{"i":{"x":0,"y":1},"o":{"x":0.167,"y":0.167},"n":"0_1_0p167_0p167","t":70,"s":[353,255,0],"e":[514,253,0],"to":[0.01850428059697,-0.21299150586128,0],"ti":[-26.8333339691162,0.33333334326744,0]},{"i":{"x":0.833,"y":0.833},"o":{"x":0.167,"y":0.167},"n":"0p833_0p833_0p167_0p167","t":90,"s":[514,253,0],"e":[514,253,0],"to":[0,0,0],"ti":[0,0,0]},{"i":{"x":0,"y":1},"o":{"x":0.167,"y":0.167},"n":"0_1_0p167_0p167","t":240,"s":[514,253,0],"e":[356,249,0],"to":[-26.3333339691162,-0.66666668653488,0],"ti":[26.3333339691162,0.66666668653488,0]},{"t":253.000010304901}]},"a":{"a":0,"k":[0,0,0]},"s":{"a":0,"k":[100,100,100]}},"ao":0,"shapes":[{"ty":"gr","it":[{"ind":0,"ty":"sh","ix":1,"ks":{"a":0,"k":{"i":[[0,0],[0,0]],"o":[[0,0],[0,0]],"v":[[28.886,28.886],[91.114,91.114]],"c":false}},"nm":"Path 1","mn":"ADBE Vector Shape - Group"},{"ty":"st","c":{"a":0,"k":[0.1058824,0.1058824,0.1058824,1]},"o":{"a":0,"k":100},"w":{"a":0,"k":10},"lc":1,"lj":1,"ml":4,"nm":"Stroke 1","mn":"ADBE Vector Graphic - Stroke"},{"ty":"tr","p":{"a":0,"k":[0,0],"ix":2},"a":{"a":0,"k":[0,0],"ix":1},"s":{"a":0,"k":[100,100],"ix":3},"r":{"a":0,"k":0,"ix":6},"o":{"a":0,"k":100,"ix":7},"sk":{"a":0,"k":0,"ix":4},"sa":{"a":0,"k":0,"ix":5},"nm":"Transform"}],"nm":"Shape 1","np":3,"cix":2,"ix":1,"mn":"ADBE Vector Group"},{"ty":"tm","s":{"a":1,"k":[{"i":{"x":[0],"y":[1]},"o":{"x":[0.167],"y":[0.167]},"n":["0_1_0p167_0p167"],"t":60,"s":[60],"e":[0]},{"i":{"x":[0.833],"y":[0.833]},"o":{"x":[0.167],"y":[0.167]},"n":["0p833_0p833_0p167_0p167"],"t":67,"s":[0],"e":[0]},{"i":{"x":[0],"y":[1]},"o":{"x":[0.167],"y":[0.167]},"n":["0_1_0p167_0p167"],"t":243,"s":[0],"e":[50]},{"t":250.000010182709}],"ix":1},"e":{"a":1,"k":[{"i":{"x":[0],"y":[1]},"o":{"x":[0.167],"y":[0.167]},"n":["0_1_0p167_0p167"],"t":67,"s":[100],"e":[64]},{"i":{"x":[0.833],"y":[0.833]},"o":{"x":[0.167],"y":[0.167]},"n":["0p833_0p833_0p167_0p167"],"t":77,"s":[64],"e":[64]},{"i":{"x":[0],"y":[1]},"o":{"x":[0.167],"y":[0.167]},"n":["0_1_0p167_0p167"],"t":240,"s":[64],"e":[100]},{"t":246.000010019785}],"ix":2},"o":{"a":0,"k":0,"ix":3},"m":1,"ix":2,"nm":"Trim Paths 1","mn":"ADBE Vector Filter - Trim"}],"ip":0,"op":450.000018328876,"st":0,"bm":0,"sr":1}],"chars":[{"ch":"S","size":50,"style":"Bold","w":63,"data":{"shapes":[{"ty":"gr","it":[{"ind":0,"ty":"sh","ix":1,"ks":{"a":0,"k":{"i":[[22.861,1.007],[59.418,-6.849],[59.418,-21.048],[51.362,-38.471],[21.854,-46.829],[21.854,-51.663],[24.975,-57.806],[43.002,-55.188],[57.303,-62.54],[41.391,-71.503],[6.445,-63.043],[6.445,-50.052],[15.61,-32.125],[44.009,-23.465],[44.009,-19.336],[40.183,-12.689],[19.135,-16.012],[3.625,-10.272]],"o":[[48.743,1.007],[59.418,-20.847],[59.418,-33.334],[24.875,-45.319],[21.854,-51.462],[21.854,-55.087],[36.859,-57.806],[49.246,-50.858],[50.153,-68.28],[16.718,-71.503],[6.445,-50.253],[6.445,-36.054],[41.593,-25.479],[44.009,-19.537],[44.009,-15.207],[25.781,-12.689],[12.79,-21.249],[12.084,-2.719]],"v":[[33.536,1.007],[59.418,-20.847],[59.418,-21.048],[37.061,-42.197],[21.854,-51.462],[21.854,-51.663],[30.917,-57.806],[49.246,-50.858],[57.303,-62.54],[31.119,-71.503],[6.445,-50.253],[6.445,-50.052],[29.81,-28.5],[44.009,-19.537],[44.009,-19.336],[33.838,-12.689],[12.79,-21.249],[3.625,-10.272]],"c":true}},"nm":"S","mn":"ADBE Vector Shape - Group"}],"nm":"S","np":3,"cix":2,"ix":1,"mn":"ADBE Vector Group"},{"ty":"gr","it":[{"ind":0,"ty":"sh","ix":1,"ks":{"a":0,"k":{"i":[[-10.675,0],[0,13.998],[0,0],[14.301,3.726],[0,4.633],[0,0],[-5.942,0],[-6.244,-4.33],[0,0],[10.272,0],[0,-12.79],[0,0],[-14.2,-3.625],[0,-3.928],[0,0],[6.345,0],[6.345,5.237],[0,0]],"o":[[15.207,0],[0,0],[0,-12.286],[-12.186,-3.122],[0,0],[0,-3.424],[5.942,0],[0,0],[-7.15,-5.74],[-14.401,0],[0,0],[0,13.998],[11.783,3.021],[0,0],[0,4.129],[-8.057,0],[0,0],[8.459,7.553]],"v":[[96.536,1.007],[122.418,-20.847],[122.418,-21.048],[100.061,-42.197],[84.854,-51.462],[84.854,-51.663],[93.918,-57.806],[112.247,-50.858],[120.303,-62.54],[94.119,-71.503],[69.446,-50.253],[69.446,-50.052],[92.81,-28.5],[107.01,-19.537],[107.01,-19.336],[96.838,-12.689],[75.79,-21.249],[66.626,-10.272]],"c":true}},"nm":"S","mn":"ADBE Vector Shape - Group"}],"nm":"S","np":3,"cix":2,"ix":2,"mn":"ADBE Vector Group"}]},"fFamily":"Gotham"},{"ch":"E","size":50,"style":"Bold","w":67,"data":{"shapes":[{"ty":"gr","it":[{"ind":0,"ty":"sh","ix":1,"ks":{"a":0,"k":{"i":[[8.459,0],[62.137,0],[62.137,-13.797],[23.868,-13.797],[23.868,-28.601],[57.101,-28.601],[57.101,-42.398],[23.868,-42.398],[23.868,-56.699],[61.633,-56.699],[61.633,-70.496],[8.459,-70.496]],"o":[[8.459,0],[62.137,0],[62.137,-13.797],[23.868,-13.797],[23.868,-28.601],[57.101,-28.601],[57.101,-42.398],[23.868,-42.398],[23.868,-56.699],[61.633,-56.699],[61.633,-70.496],[8.459,-70.496]],"v":[[8.459,0],[62.137,0],[62.137,-13.797],[23.868,-13.797],[23.868,-28.601],[57.101,-28.601],[57.101,-42.398],[23.868,-42.398],[23.868,-56.699],[61.633,-56.699],[61.633,-70.496],[8.459,-70.496]],"c":true}},"nm":"E","mn":"ADBE Vector Shape - Group"}],"nm":"E","np":3,"cix":2,"ix":1,"mn":"ADBE Vector Group"},{"ty":"gr","it":[{"ind":0,"ty":"sh","ix":1,"ks":{"a":0,"k":{"i":[[0,0],[0,0],[0,0],[0,0],[0,0],[0,0],[0,0],[0,0],[0,0],[0,0],[0,0],[0,0]],"o":[[0,0],[0,0],[0,0],[0,0],[0,0],[0,0],[0,0],[0,0],[0,0],[0,0],[0,0],[0,0]],"v":[[75.459,0],[129.137,0],[129.137,-13.797],[90.868,-13.797],[90.868,-28.601],[124.101,-28.601],[124.101,-42.398],[90.868,-42.398],[90.868,-56.699],[128.633,-56.699],[128.633,-70.496],[75.459,-70.496]],"c":true}},"nm":"E","mn":"ADBE Vector Shape - Group"}],"nm":"E","np":3,"cix":2,"ix":2,"mn":"ADBE Vector Group"}]},"fFamily":"Gotham"},{"ch":"A","size":50,"style":"Bold","w":77,"data":{"shapes":[{"ty":"gr","it":[{"ind":0,"ty":"sh","ix":1,"ks":{"a":0,"k":{"i":[[2.417,0],[18.228,0],[24.673,-15.811],[54.483,-15.811],[60.928,0],[77.142,0],[46.93,-70.999],[32.629,-70.999]],"o":[[2.417,0],[18.228,0],[24.673,-15.811],[54.483,-15.811],[60.928,0],[77.142,0],[46.93,-70.999],[32.629,-70.999]],"v":[[2.417,0],[18.228,0],[24.673,-15.811],[54.483,-15.811],[60.928,0],[77.142,0],[46.93,-70.999],[32.629,-70.999]],"c":true}},"nm":"A","mn":"ADBE Vector Shape - Group"},{"ind":1,"ty":"sh","ix":2,"ks":{"a":0,"k":{"i":[[30.212,-29.507],[39.578,-52.368],[48.944,-29.507]],"o":[[30.212,-29.507],[39.578,-52.368],[48.944,-29.507]],"v":[[30.212,-29.507],[39.578,-52.368],[48.944,-29.507]],"c":true}},"nm":"A","mn":"ADBE Vector Shape - Group"}],"nm":"A","np":5,"cix":2,"ix":1,"mn":"ADBE Vector Group"},{"ty":"gr","it":[{"ind":0,"ty":"sh","ix":1,"ks":{"a":0,"k":{"i":[[0,0],[0,0],[0,0],[0,0],[0,0],[0,0],[0,0],[0,0]],"o":[[0,0],[0,0],[0,0],[0,0],[0,0],[0,0],[0,0],[0,0]],"v":[[79.417,0],[95.229,0],[101.674,-15.811],[131.483,-15.811],[137.929,0],[154.143,0],[123.93,-70.999],[109.63,-70.999]],"c":true}},"nm":"A","mn":"ADBE Vector Shape - Group"},{"ind":1,"ty":"sh","ix":2,"ks":{"a":0,"k":{"i":[[0,0],[0,0],[0,0]],"o":[[0,0],[0,0],[0,0]],"v":[[107.213,-29.507],[116.579,-52.368],[125.945,-29.507]],"c":true}},"nm":"A","mn":"ADBE Vector Shape - Group"},{"ty":"mm","mm":1,"nm":"Merge Paths 1","mn":"ADBE Vector Filter - Merge"}],"nm":"A","np":5,"cix":2,"ix":2,"mn":"ADBE Vector Group"}]},"fFamily":"Gotham"},{"ch":"R","size":50,"style":"Bold","w":72.3,"data":{"shapes":[{"ty":"gr","it":[{"ind":0,"ty":"sh","ix":1,"ks":{"a":0,"k":{"i":[[8.459,0],[23.969,0],[23.969,-22.559],[36.154,-22.559],[51.26,0],[69.388,0],[52.167,-25.177],[67.273,-35.651],[67.273,-47.232],[65.158,-59.417],[49.649,-70.496],[8.459,-70.496]],"o":[[8.459,0],[23.969,0],[23.969,-22.559],[36.154,-22.559],[51.26,0],[69.388,0],[61.13,-28.5],[67.273,-47.031],[67.273,-53.879],[56.597,-67.978],[40.686,-70.496],[8.459,-70.496]],"v":[[8.459,0],[23.969,0],[23.969,-22.559],[36.154,-22.559],[51.26,0],[69.388,0],[52.167,-25.177],[67.273,-47.031],[67.273,-47.232],[61.23,-63.345],[40.686,-70.496],[8.459,-70.496]],"c":true}},"nm":"R","mn":"ADBE Vector Shape - Group"},{"ind":1,"ty":"sh","ix":2,"ks":{"a":0,"k":{"i":[[23.969,-36.255],[23.969,-56.497],[39.377,-56.497],[51.562,-53.073],[51.562,-46.225],[47.232,-36.255]],"o":[[23.969,-36.255],[23.969,-56.497],[46.93,-56.497],[51.562,-46.426],[51.562,-40.283],[39.679,-36.255]],"v":[[23.969,-36.255],[23.969,-56.497],[39.377,-56.497],[51.562,-46.426],[51.562,-46.225],[39.679,-36.255]],"c":true}},"nm":"R","mn":"ADBE Vector Shape - Group"}],"nm":"R","np":5,"cix":2,"ix":1,"mn":"ADBE Vector Group"},{"ty":"gr","it":[{"ind":0,"ty":"sh","ix":1,"ks":{"a":0,"k":{"i":[[0,0],[0,0],[0,0],[0,0],[0,0],[0,0],[0,0],[0,11.38],[0,0],[3.928,3.928],[8.963,0],[0,0]],"o":[[0,0],[0,0],[0,0],[0,0],[0,0],[0,0],[8.963,-3.323],[0,0],[0,-6.647],[-4.633,-4.633],[0,0],[0,0]],"v":[[80.759,0],[96.268,0],[96.268,-22.559],[108.453,-22.559],[123.56,0],[141.687,0],[124.466,-25.177],[139.572,-47.031],[139.572,-47.232],[133.53,-63.345],[112.985,-70.496],[80.759,-70.496]],"c":true}},"nm":"R","mn":"ADBE Vector Shape - Group"},{"ind":1,"ty":"sh","ix":2,"ks":{"a":0,"k":{"i":[[0,0],[0,0],[0,0],[0,-6.647],[0,0],[7.553,0]],"o":[[0,0],[0,0],[7.553,0],[0,0],[0,5.942],[0,0]],"v":[[96.268,-36.255],[96.268,-56.497],[111.676,-56.497],[123.862,-46.426],[123.862,-46.225],[111.978,-36.255]],"c":true}},"nm":"R","mn":"ADBE Vector Shape - Group"},{"ty":"mm","mm":1,"nm":"Merge Paths 1","mn":"ADBE Vector Filter - Merge"}],"nm":"R","np":5,"cix":2,"ix":2,"mn":"ADBE Vector Group"}]},"fFamily":"Gotham"},{"ch":"C","size":50,"style":"Bold","w":71.8,"data":{"shapes":[{"ty":"gr","it":[{"ind":0,"ty":"sh","ix":1,"ks":{"a":0,"k":{"i":[[20.746,1.208],[63.144,-3.625],[60.526,-21.35],[50.052,-13.092],[21.552,-23.163],[21.552,-35.449],[30.111,-57.404],[54.584,-54.383],[69.891,-60.828],[55.389,-71.704],[5.338,-55.289],[5.338,-35.046]],"o":[[55.088,1.208],[70.395,-11.38],[54.987,-16.315],[29.91,-13.092],[21.552,-35.248],[21.552,-47.534],[49.045,-57.404],[60.022,-49.448],[63.345,-67.273],[20.444,-71.704],[5.338,-35.248],[5.338,-14.804]],"v":[[41.492,1.208],[70.395,-11.38],[60.526,-21.35],[41.995,-13.092],[21.552,-35.248],[21.552,-35.449],[41.995,-57.404],[60.022,-49.448],[69.891,-60.828],[42.096,-71.704],[5.338,-35.248],[5.338,-35.046]],"c":true}},"nm":"C","mn":"ADBE Vector Shape - Group"}],"nm":"C","np":3,"cix":2,"ix":1,"mn":"ADBE Vector Group"},{"ty":"gr","it":[{"ind":0,"ty":"sh","ix":1,"ks":{"a":0,"k":{"i":[[-20.746,0],[-7.251,7.755],[0,0],[8.057,0],[0,12.085],[0,0],[-11.884,0],[-5.438,-4.935],[0,0],[13.293,0],[0,-20.041],[0,0]],"o":[[13.596,0],[0,0],[-5.539,5.035],[-12.085,0],[0,0],[0,-12.085],[7.05,0],[0,0],[-6.546,-6.445],[-21.652,0],[0,0],[0,20.242]],"v":[[113.292,1.208],[142.195,-11.38],[132.326,-21.35],[113.795,-13.092],[93.352,-35.248],[93.352,-35.449],[113.795,-57.404],[131.822,-49.448],[141.692,-60.828],[113.896,-71.704],[77.138,-35.248],[77.138,-35.046]],"c":true}},"nm":"C","mn":"ADBE Vector Shape - Group"}],"nm":"C","np":3,"cix":2,"ix":2,"mn":"ADBE Vector Group"}]},"fFamily":"Gotham"},{"ch":"H","size":50,"style":"Bold","w":76,"data":{"shapes":[{"ty":"gr","it":[{"ind":0,"ty":"sh","ix":1,"ks":{"a":0,"k":{"i":[[8.459,0],[23.969,0],[23.969,-28.299],[52.57,-28.299],[52.57,0],[68.079,0],[68.079,-70.496],[52.57,-70.496],[52.57,-42.599],[23.969,-42.599],[23.969,-70.496],[8.459,-70.496]],"o":[[8.459,0],[23.969,0],[23.969,-28.299],[52.57,-28.299],[52.57,0],[68.079,0],[68.079,-70.496],[52.57,-70.496],[52.57,-42.599],[23.969,-42.599],[23.969,-70.496],[8.459,-70.496]],"v":[[8.459,0],[23.969,0],[23.969,-28.299],[52.57,-28.299],[52.57,0],[68.079,0],[68.079,-70.496],[52.57,-70.496],[52.57,-42.599],[23.969,-42.599],[23.969,-70.496],[8.459,-70.496]],"c":true}},"nm":"H","mn":"ADBE Vector Shape - Group"}],"nm":"H","np":3,"cix":2,"ix":1,"mn":"ADBE Vector Group"},{"ty":"gr","it":[{"ind":0,"ty":"sh","ix":1,"ks":{"a":0,"k":{"i":[[0,0],[0,0],[0,0],[0,0],[0,0],[0,0],[0,0],[0,0],[0,0],[0,0],[0,0],[0,0]],"o":[[0,0],[0,0],[0,0],[0,0],[0,0],[0,0],[0,0],[0,0],[0,0],[0,0],[0,0],[0,0]],"v":[[84.459,0],[99.968,0],[99.968,-28.299],[128.569,-28.299],[128.569,0],[144.078,0],[144.078,-70.496],[128.569,-70.496],[128.569,-42.599],[99.968,-42.599],[99.968,-70.496],[84.459,-70.496]],"c":true}},"nm":"H","mn":"ADBE Vector Shape - Group"}],"nm":"H","np":3,"cix":2,"ix":2,"mn":"ADBE Vector Group"}]},"fFamily":"Gotham"}]}