{"v":"4.6.9","fr":29.9700012207031,"ip":0,"op":120.0000048877,"w":800,"h":600,"nm":"Delete Slash","ddd":0,"assets":[],"layers":[{"ddd":0,"ind":1,"ty":4,"nm":"X","ks":{"o":{"a":1,"k":[{"i":{"x":[0],"y":[1]},"o":{"x":[0.167],"y":[0.167]},"n":["0_1_0p167_0p167"],"t":30,"s":[25],"e":[100]},{"t":45.0000018328876}]},"r":{"a":1,"k":[{"i":{"x":[0],"y":[1]},"o":{"x":[0.167],"y":[0.167]},"n":["0_1_0p167_0p167"],"t":60,"s":[45],"e":[-180]},{"t":80.0000032584668}]},"p":{"a":0,"k":[636.303,299.763,0]},"a":{"a":0,"k":[182.116,-12.597,0]},"s":{"a":0,"k":[150,150,100]}},"ao":0,"shapes":[{"ty":"gr","it":[{"ty":"rc","d":1,"s":{"a":0,"k":[23,5]},"p":{"a":0,"k":[0,0]},"r":{"a":0,"k":0},"nm":"Rectangle Path 1","mn":"ADBE Vector Shape - Rect"},{"ty":"fl","c":{"a":1,"k":[{"i":{"x":[0],"y":[1]},"o":{"x":[0.167],"y":[0.175]},"n":["0_1_0p167_0p175"],"t":30,"s":[0.105882,0.105882,0.105882,1],"e":[0.9058824,0.2862745,0.2862745,1]},{"t":45.0000018328876}]},"o":{"a":1,"k":[{"i":{"x":[0.833],"y":[0.833]},"o":{"x":[0.167],"y":[0.167]},"n":["0p833_0p833_0p167_0p167"],"t":80,"s":[100],"e":[0]},{"t":81.0000032991976}]},"r":1,"nm":"Fill 1","mn":"ADBE Vector Graphic - Fill"},{"ty":"tr","p":{"a":0,"k":[182.327,-12.473],"ix":2},"a":{"a":0,"k":[0,0],"ix":1},"s":{"a":0,"k":[100,100],"ix":3},"r":{"a":1,"k":[{"i":{"x":[0],"y":[1]},"o":{"x":[0.167],"y":[0.167]},"n":["0_1_0p167_0p167"],"t":60,"s":[90],"e":[0]},{"t":80.0000032584668}],"ix":6},"o":{"a":0,"k":100,"ix":7},"sk":{"a":0,"k":0,"ix":4},"sa":{"a":0,"k":0,"ix":5},"nm":"Transform"}],"nm":"Rectangle 2","np":3,"cix":2,"ix":1,"mn":"ADBE Vector Group"},{"ty":"gr","it":[{"ty":"rc","d":1,"s":{"a":1,"k":[{"i":{"x":[0,0.667],"y":[1,0.667]},"o":{"x":[0.167,0.167],"y":[0.167,0.167]},"n":["0_1_0p167_0p167","0p667_0p667_0p167_0p167"],"t":80,"s":[23,5],"e":[350,5]},{"i":{"x":[0,0.667],"y":[1,0.667]},"o":{"x":[0.167,0.167],"y":[0.167,0.167]},"n":["0_1_0p167_0p167","0p667_0p667_0p167_0p167"],"t":92,"s":[350,5],"e":[0,5]},{"t":100.000004073084}]},"p":{"a":1,"k":[{"i":{"x":0,"y":1},"o":{"x":0.167,"y":0.222},"n":"0_1_0p167_0p222","t":80,"s":[0,0],"e":[163.5,0],"to":[27.25,0],"ti":[-56.4166679382324,0]},{"i":{"x":0,"y":1},"o":{"x":0.167,"y":0.222},"n":"0_1_0p167_0p222","t":92,"s":[163.5,0],"e":[338.5,0],"to":[56.4166679382324,0],"ti":[-29.1666660308838,0]},{"t":100.000004073084}]},"r":{"a":0,"k":0},"nm":"Rectangle Path 1","mn":"ADBE Vector Shape - Rect"},{"ty":"fl","c":{"a":1,"k":[{"i":{"x":[0],"y":[1]},"o":{"x":[0.167],"y":[0.175]},"n":["0_1_0p167_0p175"],"t":30,"s":[0.105882,0.105882,0.105882,1],"e":[0.9058824,0.2862745,0.2862745,1]},{"t":45.0000018328876}]},"o":{"a":0,"k":100},"r":1,"nm":"Fill 1","mn":"ADBE Vector Graphic - Fill"},{"ty":"tr","p":{"a":0,"k":[182.327,-12.473],"ix":2},"a":{"a":0,"k":[0,0],"ix":1},"s":{"a":0,"k":[100,100],"ix":3},"r":{"a":0,"k":0,"ix":6},"o":{"a":0,"k":100,"ix":7},"sk":{"a":0,"k":0,"ix":4},"sa":{"a":0,"k":0,"ix":5},"nm":"Transform"}],"nm":"Rectangle 1","np":3,"cix":2,"ix":2,"mn":"ADBE Vector Group"}],"ip":0,"op":195.000007942513,"st":0,"bm":0,"sr":1},{"ddd":0,"ind":2,"ty":4,"nm":"Circle","ks":{"o":{"a":0,"k":100},"r":{"a":0,"k":-90},"p":{"a":0,"k":[636.303,300,0]},"a":{"a":0,"k":[186.279,-26.721,0]},"s":{"a":0,"k":[150,150,100]}},"ao":0,"shapes":[{"ty":"gr","it":[{"d":1,"ty":"el","s":{"a":0,"k":[44,44]},"p":{"a":0,"k":[0,0]},"nm":"Ellipse Path 1","mn":"ADBE Vector Shape - Ellipse"},{"ty":"st","c":{"a":1,"k":[{"i":{"x":[0],"y":[1]},"o":{"x":[0.167],"y":[0.175]},"n":["0_1_0p167_0p175"],"t":30,"s":[0.105882,0.105882,0.105882,1],"e":[0.9058824,0.2862745,0.2862745,1]},{"t":45.0000018328876}]},"o":{"a":1,"k":[{"i":{"x":[0],"y":[1]},"o":{"x":[0.167],"y":[0.167]},"n":["0_1_0p167_0p167"],"t":30,"s":[25],"e":[100]},{"t":45.0000018328876}]},"w":{"a":0,"k":5},"lc":1,"lj":1,"ml":4,"nm":"Stroke 1","mn":"ADBE Vector Graphic - Stroke"},{"ty":"tr","p":{"a":0,"k":[186.279,-26.721],"ix":2},"a":{"a":0,"k":[0,0],"ix":1},"s":{"a":0,"k":[100,100],"ix":3},"r":{"a":0,"k":0,"ix":6},"o":{"a":0,"k":100,"ix":7},"sk":{"a":0,"k":0,"ix":4},"sa":{"a":0,"k":0,"ix":5},"nm":"Transform"}],"nm":"Ellipse 1","np":3,"cix":2,"ix":1,"mn":"ADBE Vector Group"},{"ty":"tm","s":{"a":0,"k":0,"ix":1},"e":{"a":1,"k":[{"i":{"x":[0],"y":[1]},"o":{"x":[0.167],"y":[0.167]},"n":["0_1_0p167_0p167"],"t":60,"s":[100],"e":[0]},{"t":80.0000032584668}],"ix":2},"o":{"a":0,"k":0,"ix":3},"m":1,"ix":2,"nm":"Trim Paths 1","mn":"ADBE Vector Filter - Trim"}],"ip":0,"op":195.000007942513,"st":0,"bm":0,"sr":1}]}