{"v":"5.1.1","fr":24,"ip":8,"op":115,"w":300,"h":300,"nm":"Rings-v1","ddd":0,"assets":[],"layers":[{"ddd":0,"ind":1,"ty":4,"nm":"ring 2","sr":1,"ks":{"o":{"a":0,"k":100,"ix":11},"r":{"a":0,"k":0,"ix":10},"p":{"a":0,"k":[150,150,0],"ix":2},"a":{"a":0,"k":[2.103,0.603,0],"ix":1},"s":{"a":0,"k":[100,100,100],"ix":6}},"ao":0,"shapes":[{"ty":"gr","it":[{"d":1,"ty":"el","s":{"a":1,"k":[{"i":{"x":[0.6,0.6],"y":[0.567,1]},"o":{"x":[0.42,0.42],"y":[0,0]},"n":["0p6_0p567_0p42_0","0p6_1_0p42_0"],"t":9,"s":[60,60],"e":[0,60]},{"i":{"x":[0.58,0.58],"y":[1,1]},"o":{"x":[0.26,0.26],"y":[0,0]},"n":["0p58_1_0p26_0","0p58_1_0p26_0"],"t":22,"s":[0,60],"e":[60,60]},{"i":{"x":[0.833,0.833],"y":[1,1]},"o":{"x":[0.167,0.167],"y":[0,0]},"n":["0p833_1_0p167_0","0p833_1_0p167_0"],"t":33,"s":[60,60],"e":[60,60]},{"i":{"x":[0.6,0.6],"y":[0.567,1]},"o":{"x":[0.42,0.42],"y":[0,0]},"n":["0p6_0p567_0p42_0","0p6_1_0p42_0"],"t":36,"s":[60,60],"e":[0,60]},{"i":{"x":[0.58,0.58],"y":[1,1]},"o":{"x":[0.26,0.26],"y":[0,0]},"n":["0p58_1_0p26_0","0p58_1_0p26_0"],"t":49,"s":[0,60],"e":[60,60]},{"i":{"x":[0.833,0.833],"y":[1,1]},"o":{"x":[0.167,0.167],"y":[0,0]},"n":["0p833_1_0p167_0","0p833_1_0p167_0"],"t":60,"s":[60,60],"e":[60,60]},{"i":{"x":[0.6,0.6],"y":[0.567,1]},"o":{"x":[0.42,0.42],"y":[0,0]},"n":["0p6_0p567_0p42_0","0p6_1_0p42_0"],"t":63,"s":[60,60],"e":[0,60]},{"i":{"x":[0.58,0.58],"y":[1,1]},"o":{"x":[0.26,0.26],"y":[0,0]},"n":["0p58_1_0p26_0","0p58_1_0p26_0"],"t":76,"s":[0,60],"e":[60,60]},{"i":{"x":[0.833,0.833],"y":[1,1]},"o":{"x":[0.167,0.167],"y":[0,0]},"n":["0p833_1_0p167_0","0p833_1_0p167_0"],"t":87,"s":[60,60],"e":[60,60]},{"i":{"x":[0.6,0.6],"y":[0.567,1]},"o":{"x":[0.42,0.42],"y":[0,0]},"n":["0p6_0p567_0p42_0","0p6_1_0p42_0"],"t":90,"s":[60,60],"e":[0,60]},{"i":{"x":[0.58,0.58],"y":[1,1]},"o":{"x":[0.26,0.26],"y":[0,0]},"n":["0p58_1_0p26_0","0p58_1_0p26_0"],"t":103,"s":[0,60],"e":[60,60]},{"t":114}],"ix":2},"p":{"a":0,"k":[0,0],"ix":3},"nm":"Ellipse Path 1","mn":"ADBE Vector Shape - Ellipse","hd":false},{"ty":"st","c":{"a":0,"k":[0.129411764706,0.129411764706,0.129411764706,1],"ix":3},"o":{"a":0,"k":100,"ix":4},"w":{"a":0,"k":6,"ix":5},"lc":2,"lj":2,"nm":"Stroke 1","mn":"ADBE Vector Graphic - Stroke","hd":false},{"ty":"tr","p":{"a":1,"k":[{"i":{"x":0.6,"y":0.381},"o":{"x":0.66,"y":0},"n":"0p6_0p381_0p66_0","t":9,"s":[2.103,0.603],"e":[9.103,0.603],"to":[1.16666662693024,0],"ti":[0,0]},{"i":{"x":0.58,"y":1},"o":{"x":0.42,"y":0},"n":"0p58_1_0p42_0","t":19,"s":[9.103,0.603],"e":[-4.436,0.603],"to":[0,0],"ti":[3.8543176651001,0]},{"i":{"x":0.554,"y":1},"o":{"x":0.24,"y":0.15},"n":"0p554_1_0p24_0p15","t":26,"s":[-4.436,0.603],"e":[2.103,0.603],"to":[-1.87795662879944,0],"ti":[0.14023251831532,0]},{"t":33,"s":[2.103,0.603],"h":1},{"i":{"x":0.6,"y":0.381},"o":{"x":0.66,"y":0},"n":"0p6_0p381_0p66_0","t":36,"s":[2.103,0.603],"e":[9.103,0.603],"to":[1.16666662693024,0],"ti":[0,0]},{"i":{"x":0.58,"y":1},"o":{"x":0.42,"y":0},"n":"0p58_1_0p42_0","t":46,"s":[9.103,0.603],"e":[-4.436,0.603],"to":[0,0],"ti":[3.8543176651001,0]},{"i":{"x":0.554,"y":1},"o":{"x":0.24,"y":0.15},"n":"0p554_1_0p24_0p15","t":53,"s":[-4.436,0.603],"e":[2.103,0.603],"to":[-1.87795662879944,0],"ti":[0.14023251831532,0]},{"t":60,"s":[2.103,0.603],"h":1},{"i":{"x":0.6,"y":0.381},"o":{"x":0.66,"y":0},"n":"0p6_0p381_0p66_0","t":63,"s":[2.103,0.603],"e":[9.103,0.603],"to":[1.16666662693024,0],"ti":[0,0]},{"i":{"x":0.58,"y":1},"o":{"x":0.42,"y":0},"n":"0p58_1_0p42_0","t":73,"s":[9.103,0.603],"e":[-4.436,0.603],"to":[0,0],"ti":[3.8543176651001,0]},{"i":{"x":0.554,"y":1},"o":{"x":0.24,"y":0.15},"n":"0p554_1_0p24_0p15","t":80,"s":[-4.436,0.603],"e":[2.103,0.603],"to":[-1.87795662879944,0],"ti":[0.14023251831532,0]},{"t":87,"s":[2.103,0.603],"h":1},{"i":{"x":0.6,"y":0.381},"o":{"x":0.66,"y":0},"n":"0p6_0p381_0p66_0","t":90,"s":[2.103,0.603],"e":[9.103,0.603],"to":[1.16666662693024,0],"ti":[0,0]},{"i":{"x":0.58,"y":1},"o":{"x":0.42,"y":0},"n":"0p58_1_0p42_0","t":100,"s":[9.103,0.603],"e":[-4.436,0.603],"to":[0,0],"ti":[3.8543176651001,0]},{"i":{"x":0.554,"y":1},"o":{"x":0.24,"y":0.15},"n":"0p554_1_0p24_0p15","t":107,"s":[-4.436,0.603],"e":[2.103,0.603],"to":[-1.87795662879944,0],"ti":[0.14023251831532,0]},{"t":114,"s":[2.103,0.603],"h":1}],"ix":2},"a":{"a":0,"k":[0,0],"ix":1},"s":{"a":0,"k":[100,100],"ix":3},"r":{"a":0,"k":0,"ix":6},"o":{"a":0,"k":100,"ix":7},"sk":{"a":0,"k":0,"ix":4},"sa":{"a":0,"k":0,"ix":5},"nm":"Transform"}],"nm":"Ellipse 1","np":2,"cix":2,"ix":1,"mn":"ADBE Vector Group","hd":false}],"ip":0,"op":2880,"st":0,"bm":0},{"ddd":0,"ind":2,"ty":4,"nm":"ring","sr":1,"ks":{"o":{"a":0,"k":100,"ix":11},"r":{"a":0,"k":0,"ix":10},"p":{"a":0,"k":[150,150,0],"ix":2},"a":{"a":0,"k":[2.103,0.603,0],"ix":1},"s":{"a":0,"k":[100,100,100],"ix":6}},"ao":0,"shapes":[{"ty":"gr","it":[{"d":1,"ty":"el","s":{"a":1,"k":[{"i":{"x":[0.6,0.6],"y":[0.632,1]},"o":{"x":[0.66,0.66],"y":[0,0]},"n":["0p6_0p632_0p66_0","0p6_1_0p66_0"],"t":8,"s":[90,90],"e":[0,90.205]},{"i":{"x":[0.34,0.34],"y":[1,1]},"o":{"x":[0.26,0.26],"y":[0,0]},"n":["0p34_1_0p26_0","0p34_1_0p26_0"],"t":19,"s":[0,90.205],"e":[90,90]},{"i":{"x":[0.833,0.833],"y":[1,1]},"o":{"x":[0.167,0.167],"y":[0,0]},"n":["0p833_1_0p167_0","0p833_1_0p167_0"],"t":30,"s":[90,90],"e":[90,90]},{"i":{"x":[0.6,0.6],"y":[0.632,1]},"o":{"x":[0.66,0.66],"y":[0,0]},"n":["0p6_0p632_0p66_0","0p6_1_0p66_0"],"t":35,"s":[90,90],"e":[0,90.205]},{"i":{"x":[0.34,0.34],"y":[1,1]},"o":{"x":[0.26,0.26],"y":[0,0]},"n":["0p34_1_0p26_0","0p34_1_0p26_0"],"t":46,"s":[0,90.205],"e":[90,90]},{"i":{"x":[0.833,0.833],"y":[1,1]},"o":{"x":[0.167,0.167],"y":[0,0]},"n":["0p833_1_0p167_0","0p833_1_0p167_0"],"t":57,"s":[90,90],"e":[90,90]},{"i":{"x":[0.6,0.6],"y":[0.632,1]},"o":{"x":[0.66,0.66],"y":[0,0]},"n":["0p6_0p632_0p66_0","0p6_1_0p66_0"],"t":62,"s":[90,90],"e":[0,90.205]},{"i":{"x":[0.34,0.34],"y":[1,1]},"o":{"x":[0.26,0.26],"y":[0,0]},"n":["0p34_1_0p26_0","0p34_1_0p26_0"],"t":73,"s":[0,90.205],"e":[90,90]},{"i":{"x":[0.833,0.833],"y":[1,1]},"o":{"x":[0.167,0.167],"y":[0,0]},"n":["0p833_1_0p167_0","0p833_1_0p167_0"],"t":84,"s":[90,90],"e":[90,90]},{"i":{"x":[0.6,0.6],"y":[0.632,1]},"o":{"x":[0.66,0.66],"y":[0,0]},"n":["0p6_0p632_0p66_0","0p6_1_0p66_0"],"t":89,"s":[90,90],"e":[0,90.205]},{"i":{"x":[0.34,0.34],"y":[1,1]},"o":{"x":[0.26,0.26],"y":[0,0]},"n":["0p34_1_0p26_0","0p34_1_0p26_0"],"t":100,"s":[0,90.205],"e":[90,90]},{"t":111}],"ix":2},"p":{"a":0,"k":[0,0],"ix":3},"nm":"Ellipse Path 1","mn":"ADBE Vector Shape - Ellipse","hd":false},{"ty":"st","c":{"a":0,"k":[0.129411764706,0.129411764706,0.129411764706,1],"ix":3},"o":{"a":0,"k":100,"ix":4},"w":{"a":0,"k":6,"ix":5},"lc":2,"lj":2,"nm":"Stroke 1","mn":"ADBE Vector Graphic - Stroke","hd":false},{"ty":"tr","p":{"a":1,"k":[{"i":{"x":0.6,"y":0.505},"o":{"x":0.66,"y":0},"n":"0p6_0p505_0p66_0","t":8,"s":[2.103,0.603],"e":[9.103,0.603],"to":[1.16666662693024,0],"ti":[0,0]},{"i":{"x":0.58,"y":1},"o":{"x":0.42,"y":0},"n":"0p58_1_0p42_0","t":16,"s":[9.103,0.603],"e":[-4.436,0.603],"to":[0,0],"ti":[3.8543176651001,0]},{"i":{"x":0.554,"y":1},"o":{"x":0.24,"y":0.15},"n":"0p554_1_0p24_0p15","t":23,"s":[-4.436,0.603],"e":[2.103,0.603],"to":[-1.87795662879944,0],"ti":[0.14023251831532,0]},{"t":30,"s":[2.103,0.603],"h":1},{"i":{"x":0.6,"y":0.505},"o":{"x":0.66,"y":0},"n":"0p6_0p505_0p66_0","t":35,"s":[2.103,0.603],"e":[9.103,0.603],"to":[1.16666662693024,0],"ti":[0,0]},{"i":{"x":0.58,"y":1},"o":{"x":0.42,"y":0},"n":"0p58_1_0p42_0","t":43,"s":[9.103,0.603],"e":[-4.436,0.603],"to":[0,0],"ti":[3.8543176651001,0]},{"i":{"x":0.554,"y":1},"o":{"x":0.24,"y":0.15},"n":"0p554_1_0p24_0p15","t":50,"s":[-4.436,0.603],"e":[2.103,0.603],"to":[-1.87795662879944,0],"ti":[0.14023251831532,0]},{"t":57,"s":[2.103,0.603],"h":1},{"i":{"x":0.6,"y":0.505},"o":{"x":0.66,"y":0},"n":"0p6_0p505_0p66_0","t":62,"s":[2.103,0.603],"e":[9.103,0.603],"to":[1.16666662693024,0],"ti":[0,0]},{"i":{"x":0.58,"y":1},"o":{"x":0.42,"y":0},"n":"0p58_1_0p42_0","t":70,"s":[9.103,0.603],"e":[-4.436,0.603],"to":[0,0],"ti":[3.8543176651001,0]},{"i":{"x":0.554,"y":1},"o":{"x":0.24,"y":0.15},"n":"0p554_1_0p24_0p15","t":77,"s":[-4.436,0.603],"e":[2.103,0.603],"to":[-1.87795662879944,0],"ti":[0.14023251831532,0]},{"t":84,"s":[2.103,0.603],"h":1},{"i":{"x":0.6,"y":0.505},"o":{"x":0.66,"y":0},"n":"0p6_0p505_0p66_0","t":89,"s":[2.103,0.603],"e":[9.103,0.603],"to":[1.16666662693024,0],"ti":[0,0]},{"i":{"x":0.58,"y":1},"o":{"x":0.42,"y":0},"n":"0p58_1_0p42_0","t":97,"s":[9.103,0.603],"e":[-4.436,0.603],"to":[0,0],"ti":[3.8543176651001,0]},{"i":{"x":0.554,"y":1},"o":{"x":0.24,"y":0.15},"n":"0p554_1_0p24_0p15","t":104,"s":[-4.436,0.603],"e":[2.103,0.603],"to":[-1.87795662879944,0],"ti":[0.14023251831532,0]},{"t":111,"s":[2.103,0.603],"h":1}],"ix":2},"a":{"a":0,"k":[0,0],"ix":1},"s":{"a":0,"k":[100,100],"ix":3},"r":{"a":0,"k":0,"ix":6},"o":{"a":0,"k":100,"ix":7},"sk":{"a":0,"k":0,"ix":4},"sa":{"a":0,"k":0,"ix":5},"nm":"Transform"}],"nm":"Ellipse 1","np":2,"cix":2,"ix":1,"mn":"ADBE Vector Group","hd":false}],"ip":0,"op":2880,"st":0,"bm":0}],"markers":[]}