{"v":"5.1.7","fr":29.9700012207031,"ip":0,"op":60.0000024438501,"w":512,"h":512,"nm":"emotion 2","ddd":0,"assets":[{"id":"image_0","w":94,"h":104,"u":"images/","p":"img_0.png"},{"id":"image_1","w":40,"h":40,"u":"images/","p":"img_1.png"},{"id":"image_2","w":37,"h":37,"u":"images/","p":"img_2.png"},{"id":"image_3","w":46,"h":46,"u":"images/","p":"img_3.png"},{"id":"image_4","w":46,"h":46,"u":"images/","p":"img_4.png"},{"id":"image_5","w":53,"h":53,"u":"images/","p":"img_5.png"},{"id":"image_6","w":52,"h":66,"u":"images/","p":"img_6.png"},{"id":"image_7","w":70,"h":69,"u":"images/","p":"img_7.png"},{"id":"image_8","w":53,"h":79,"u":"images/","p":"img_8.png"},{"id":"image_9","w":93,"h":82,"u":"images/","p":"img_9.png"},{"id":"image_10","w":89,"h":89,"u":"images/","p":"img_10.png"},{"id":"image_11","w":63,"h":76,"u":"images/","p":"img_11.png"},{"id":"image_12","w":225,"h":115,"u":"images/","p":"img_12.png"},{"id":"image_13","w":194,"h":80,"u":"images/","p":"img_13.png"},{"id":"image_14","w":143,"h":71,"u":"images/","p":"img_14.png"},{"id":"image_15","w":45,"h":33,"u":"images/","p":"img_15.png"},{"id":"image_16","w":285,"h":266,"u":"images/","p":"img_16.png"},{"id":"image_17","w":74,"h":121,"u":"images/","p":"img_17.png"},{"id":"image_18","w":141,"h":79,"u":"images/","p":"img_18.png"},{"id":"image_19","w":378,"h":217,"u":"images/","p":"img_19.png"}],"layers":[{"ddd":0,"ind":1,"ty":2,"nm":"Layer 125","parent":17,"refId":"image_0","sr":1,"ks":{"o":{"a":0,"k":100,"ix":11},"r":{"a":0,"k":0,"ix":10},"p":{"a":0,"k":[163.491,15.93,0],"ix":2},"a":{"a":0,"k":[46.994,51.993,0],"ix":1},"s":{"a":0,"k":[100,100,100],"ix":6}},"ao":0,"ip":0,"op":60.0000024438501,"st":0,"bm":0},{"ddd":0,"ind":2,"ty":2,"nm":"Layer 144","refId":"image_1","sr":1,"ks":{"o":{"a":0,"k":100,"ix":11},"r":{"a":1,"k":[{"i":{"x":[0.833],"y":[0.833]},"o":{"x":[0.167],"y":[0.167]},"n":["0p833_0p833_0p167_0p167"],"t":0,"s":[0],"e":[0]},{"t":59.0000024031193}],"ix":10},"p":{"a":1,"k":[{"i":{"x":0.833,"y":0.833},"o":{"x":0.167,"y":0.167},"n":"0p833_0p833_0p167_0p167","t":0,"s":[48.724,231.387,0],"e":[48.724,231.387,0],"to":[0,0,0],"ti":[0,0,0]},{"t":59.0000024031193}],"ix":2},"a":{"a":0,"k":[19.697,19.695,0],"ix":1},"s":{"a":1,"k":[{"i":{"x":[0.833,0.833,0.833],"y":[0.833,0.833,0.833]},"o":{"x":[0.167,0.167,0.167],"y":[0.167,0.167,0.167]},"n":["0p833_0p833_0p167_0p167","0p833_0p833_0p167_0p167","0p833_0p833_0p167_0p167"],"t":0,"s":[100,100,100],"e":[122.164,114.775,100]},{"i":{"x":[0.833,0.833,0.833],"y":[0.833,0.833,0.833]},"o":{"x":[0.167,0.167,0.167],"y":[0.167,0.167,0.167]},"n":["0p833_0p833_0p167_0p167","0p833_0p833_0p167_0p167","0p833_0p833_0p167_0p167"],"t":21,"s":[122.164,114.775,100],"e":[65.133,62.803,100]},{"i":{"x":[0.833,0.833,0.833],"y":[0.833,0.833,0.833]},"o":{"x":[0.167,0.167,0.167],"y":[0.167,0.167,0.167]},"n":["0p833_0p833_0p167_0p167","0p833_0p833_0p167_0p167","0p833_0p833_0p167_0p167"],"t":47,"s":[65.133,62.803,100],"e":[100,100,100]},{"t":59.0000024031193}],"ix":6}},"ao":0,"ip":0,"op":60.0000024438501,"st":0,"bm":0},{"ddd":0,"ind":3,"ty":2,"nm":"Layer 148","refId":"image_2","sr":1,"ks":{"o":{"a":0,"k":100,"ix":11},"r":{"a":0,"k":19.143,"ix":10},"p":{"a":1,"k":[{"i":{"x":0.833,"y":0.833},"o":{"x":0.167,"y":0.167},"n":"0p833_0p833_0p167_0p167","t":0,"s":[363.218,365.215,0],"e":[363.218,365.215,0],"to":[0,0,0],"ti":[0,0,0]},{"t":59.0000024031193}],"ix":2},"a":{"a":0,"k":[18.416,18.295,0],"ix":1},"s":{"a":1,"k":[{"i":{"x":[0.833,0.833,0.833],"y":[0.833,0.833,0.833]},"o":{"x":[0.167,0.167,0.167],"y":[0.167,0.167,0.167]},"n":["0p833_0p833_0p167_0p167","0p833_0p833_0p167_0p167","0p833_0p833_0p167_0p167"],"t":0,"s":[100,100,100],"e":[65.025,67.203,100]},{"i":{"x":[0.833,0.833,0.833],"y":[0.833,0.833,0.833]},"o":{"x":[0.167,0.167,0.167],"y":[0.167,0.167,0.167]},"n":["0p833_0p833_0p167_0p167","0p833_0p833_0p167_0p167","0p833_0p833_0p167_0p167"],"t":14,"s":[65.025,67.203,100],"e":[139.459,126.79,100]},{"i":{"x":[0.833,0.833,0.833],"y":[0.833,0.833,0.833]},"o":{"x":[0.167,0.167,0.167],"y":[0.167,0.167,0.167]},"n":["0p833_0p833_0p167_0p167","0p833_0p833_0p167_0p167","0p833_0p833_0p167_0p167"],"t":45,"s":[139.459,126.79,100],"e":[100,100,100]},{"t":59.0000024031193}],"ix":6}},"ao":0,"ip":0,"op":60.0000024438501,"st":0,"bm":0},{"ddd":0,"ind":4,"ty":2,"nm":"Layer 147","refId":"image_3","sr":1,"ks":{"o":{"a":0,"k":100,"ix":11},"r":{"a":1,"k":[{"i":{"x":[0.833],"y":[0.833]},"o":{"x":[0.167],"y":[0.167]},"n":["0p833_0p833_0p167_0p167"],"t":0,"s":[0],"e":[0]},{"t":59.0000024031193}],"ix":10},"p":{"a":1,"k":[{"i":{"x":0.833,"y":0.833},"o":{"x":0.167,"y":0.167},"n":"0p833_0p833_0p167_0p167","t":0,"s":[322.001,220.844,0],"e":[322.001,220.844,0],"to":[0,0,0],"ti":[0,0,0]},{"t":59.0000024031193}],"ix":2},"a":{"a":0,"k":[22.706,22.538,0],"ix":1},"s":{"a":1,"k":[{"i":{"x":[0.833,0.833,0.833],"y":[0.833,0.833,0.833]},"o":{"x":[0.167,0.167,0.167],"y":[0.167,0.167,0.167]},"n":["0p833_0p833_0p167_0p167","0p833_0p833_0p167_0p167","0p833_0p833_0p167_0p167"],"t":0,"s":[100,100,100],"e":[61.363,70.165,100]},{"i":{"x":[0.833,0.833,0.833],"y":[0.833,0.833,0.833]},"o":{"x":[0.167,0.167,0.167],"y":[0.167,0.167,0.167]},"n":["0p833_0p833_0p167_0p167","0p833_0p833_0p167_0p167","0p833_0p833_0p167_0p167"],"t":19,"s":[61.363,70.165,100],"e":[100.107,115.237,100]},{"i":{"x":[0.833,0.833,0.833],"y":[0.833,0.833,0.833]},"o":{"x":[0.167,0.167,0.167],"y":[0.167,0.167,0.167]},"n":["0p833_0p833_0p167_0p167","0p833_0p833_0p167_0p167","0p833_0p833_0p167_0p167"],"t":48,"s":[100.107,115.237,100],"e":[100,100,100]},{"t":59.0000024031193}],"ix":6}},"ao":0,"ip":0,"op":60.0000024438501,"st":0,"bm":0},{"ddd":0,"ind":5,"ty":2,"nm":"Layer 143","refId":"image_4","sr":1,"ks":{"o":{"a":0,"k":100,"ix":11},"r":{"a":1,"k":[{"i":{"x":[0.833],"y":[0.833]},"o":{"x":[0.167],"y":[0.167]},"n":["0p833_0p833_0p167_0p167"],"t":0,"s":[0],"e":[0]},{"t":59.0000024031193}],"ix":10},"p":{"a":1,"k":[{"i":{"x":0.833,"y":0.833},"o":{"x":0.167,"y":0.167},"n":"0p833_0p833_0p167_0p167","t":0,"s":[52.82,390.665,0],"e":[52.82,390.665,0],"to":[0,0,0],"ti":[0,0,0]},{"t":59.0000024031193}],"ix":2},"a":{"a":0,"k":[22.706,22.538,0],"ix":1},"s":{"a":1,"k":[{"i":{"x":[0.833,0.833,0.833],"y":[0.833,0.833,0.833]},"o":{"x":[0.167,0.167,0.167],"y":[0.167,0.167,0.167]},"n":["0p833_0p833_0p167_0p167","0p833_0p833_0p167_0p167","0p833_0p833_0p167_0p167"],"t":0,"s":[100,100,100],"e":[63.509,62.286,100]},{"i":{"x":[0.833,0.833,0.833],"y":[0.833,0.833,0.833]},"o":{"x":[0.167,0.167,0.167],"y":[0.167,0.167,0.167]},"n":["0p833_0p833_0p167_0p167","0p833_0p833_0p167_0p167","0p833_0p833_0p167_0p167"],"t":14,"s":[63.509,62.286,100],"e":[130.481,125.405,100]},{"i":{"x":[0.833,0.833,0.833],"y":[0.833,0.833,0.833]},"o":{"x":[0.167,0.167,0.167],"y":[0.167,0.167,0.167]},"n":["0p833_0p833_0p167_0p167","0p833_0p833_0p167_0p167","0p833_0p833_0p167_0p167"],"t":41,"s":[130.481,125.405,100],"e":[100,100,100]},{"t":59.0000024031193}],"ix":6}},"ao":0,"ip":0,"op":60.0000024438501,"st":0,"bm":0},{"ddd":0,"ind":6,"ty":2,"nm":"Layer 142","refId":"image_5","sr":1,"ks":{"o":{"a":0,"k":100,"ix":11},"r":{"a":0,"k":28.183,"ix":10},"p":{"a":1,"k":[{"i":{"x":0.833,"y":0.833},"o":{"x":0.167,"y":0.167},"n":"0p833_0p833_0p167_0p167","t":0,"s":[279.692,424.257,0],"e":[279.692,424.257,0],"to":[0,0,0],"ti":[0,0,0]},{"t":59.0000024031193}],"ix":2},"a":{"a":0,"k":[26.498,26.495,0],"ix":1},"s":{"a":1,"k":[{"i":{"x":[0.833,0.833,0.833],"y":[0.833,0.833,0.833]},"o":{"x":[0.167,0.167,0.167],"y":[0.167,0.167,0.167]},"n":["0p833_0p833_0p167_0p167","0p833_0p833_0p167_0p167","0p833_0p833_0p167_0p167"],"t":0,"s":[100,100,100],"e":[134.495,132.176,100]},{"i":{"x":[0.833,0.833,0.833],"y":[0.833,0.833,0.833]},"o":{"x":[0.167,0.167,0.167],"y":[0.167,0.167,0.167]},"n":["0p833_0p833_0p167_0p167","0p833_0p833_0p167_0p167","0p833_0p833_0p167_0p167"],"t":23,"s":[134.495,132.176,100],"e":[66.037,74.145,100]},{"i":{"x":[0.833,0.833,0.833],"y":[0.833,0.833,0.833]},"o":{"x":[0.167,0.167,0.167],"y":[0.167,0.167,0.167]},"n":["0p833_0p833_0p167_0p167","0p833_0p833_0p167_0p167","0p833_0p833_0p167_0p167"],"t":44,"s":[66.037,74.145,100],"e":[100,100,100]},{"t":59.0000024031193}],"ix":6}},"ao":0,"ip":0,"op":60.0000024438501,"st":0,"bm":0},{"ddd":0,"ind":7,"ty":2,"nm":"Layer 146","parent":17,"refId":"image_6","sr":1,"ks":{"o":{"a":0,"k":100,"ix":11},"r":{"a":1,"k":[{"i":{"x":[0.833],"y":[0.833]},"o":{"x":[0.167],"y":[0.167]},"n":["0p833_0p833_0p167_0p167"],"t":0,"s":[0],"e":[0]},{"t":59.0000024031193}],"ix":10},"p":{"a":1,"k":[{"i":{"x":0.833,"y":0.833},"o":{"x":0.167,"y":0.167},"n":"0p833_0p833_0p167_0p167","t":0,"s":[61.28,90.623,0],"e":[61.28,90.623,0],"to":[0,0,0],"ti":[0,0,0]},{"t":59.0000024031193}],"ix":2},"a":{"a":0,"k":[25.879,32.819,0],"ix":1},"s":{"a":1,"k":[{"i":{"x":[0.833,0.833,0.833],"y":[0.833,0.833,0.833]},"o":{"x":[0.167,0.167,0.167],"y":[0.167,0.167,0.167]},"n":["0p833_0p833_0p167_0p167","0p833_0p833_0p167_0p167","0p833_0p833_0p167_0p167"],"t":0,"s":[100,100,100],"e":[72.862,88.182,100]},{"i":{"x":[0.833,0.833,0.833],"y":[0.833,0.833,0.833]},"o":{"x":[0.167,0.167,0.167],"y":[0.167,0.167,0.167]},"n":["0p833_0p833_0p167_0p167","0p833_0p833_0p167_0p167","0p833_0p833_0p167_0p167"],"t":9,"s":[72.862,88.182,100],"e":[105.838,95.622,100]},{"i":{"x":[0.833,0.833,0.833],"y":[0.833,0.833,0.833]},"o":{"x":[0.167,0.167,0.167],"y":[0.167,0.167,0.167]},"n":["0p833_0p833_0p167_0p167","0p833_0p833_0p167_0p167","0p833_0p833_0p167_0p167"],"t":21,"s":[105.838,95.622,100],"e":[58.18,60.232,100]},{"i":{"x":[0.833,0.833,0.833],"y":[0.833,0.833,0.833]},"o":{"x":[0.167,0.167,0.167],"y":[0.167,0.167,0.167]},"n":["0p833_0p833_0p167_0p167","0p833_0p833_0p167_0p167","0p833_0p833_0p167_0p167"],"t":32,"s":[58.18,60.232,100],"e":[119.073,109.479,100]},{"i":{"x":[0.833,0.833,0.833],"y":[0.833,0.833,0.833]},"o":{"x":[0.167,0.167,0.167],"y":[0.167,0.167,0.167]},"n":["0p833_0p833_0p167_0p167","0p833_0p833_0p167_0p167","0p833_0p833_0p167_0p167"],"t":46,"s":[119.073,109.479,100],"e":[100,100,100]},{"t":59.0000024031193}],"ix":6}},"ao":0,"ip":0,"op":60.0000024438501,"st":0,"bm":0},{"ddd":0,"ind":8,"ty":2,"nm":"Layer 145","parent":17,"refId":"image_7","sr":1,"ks":{"o":{"a":0,"k":100,"ix":11},"r":{"a":1,"k":[{"i":{"x":[0.833],"y":[0.833]},"o":{"x":[0.167],"y":[0.167]},"n":["0p833_0p833_0p167_0p167"],"t":0,"s":[0],"e":[0]},{"t":59.0000024031193}],"ix":10},"p":{"a":1,"k":[{"i":{"x":0.833,"y":0.833},"o":{"x":0.167,"y":0.167},"n":"0p833_0p833_0p167_0p167","t":0,"s":[202.391,121.376,0],"e":[202.391,121.376,0],"to":[0,0,0],"ti":[0,0,0]},{"t":59.0000024031193}],"ix":2},"a":{"a":0,"k":[34.733,34.287,0],"ix":1},"s":{"a":1,"k":[{"i":{"x":[0.833,0.833,0.833],"y":[0.833,0.833,0.833]},"o":{"x":[0.167,0.167,0.167],"y":[0.167,0.167,0.167]},"n":["0p833_0p833_0p167_0p167","0p833_0p833_0p167_0p167","0p833_0p833_0p167_0p167"],"t":0,"s":[107.089,112.964,100],"e":[89.877,97.176,100]},{"i":{"x":[0.833,0.833,0.833],"y":[0.833,0.833,0.833]},"o":{"x":[0.167,0.167,0.167],"y":[0.167,0.167,0.167]},"n":["0p833_0p833_0p167_0p167","0p833_0p833_0p167_0p167","0p833_0p833_0p167_0p167"],"t":9,"s":[89.877,97.176,100],"e":[117.482,111.875,100]},{"i":{"x":[0.833,0.833,0.833],"y":[0.833,0.833,0.833]},"o":{"x":[0.167,0.167,0.167],"y":[0.167,0.167,0.167]},"n":["0p833_0p833_0p167_0p167","0p833_0p833_0p167_0p167","0p833_0p833_0p167_0p167"],"t":21,"s":[117.482,111.875,100],"e":[67.462,66.171,100]},{"i":{"x":[0.833,0.833,0.833],"y":[0.833,0.833,0.833]},"o":{"x":[0.167,0.167,0.167],"y":[0.167,0.167,0.167]},"n":["0p833_0p833_0p167_0p167","0p833_0p833_0p167_0p167","0p833_0p833_0p167_0p167"],"t":32,"s":[67.462,66.171,100],"e":[119.472,123.456,100]},{"i":{"x":[0.833,0.833,0.833],"y":[0.833,0.833,0.833]},"o":{"x":[0.167,0.167,0.167],"y":[0.167,0.167,0.167]},"n":["0p833_0p833_0p167_0p167","0p833_0p833_0p167_0p167","0p833_0p833_0p167_0p167"],"t":46,"s":[119.472,123.456,100],"e":[107.089,112.964,100]},{"t":59.0000024031193}],"ix":6}},"ao":0,"ip":0,"op":60.0000024438501,"st":0,"bm":0},{"ddd":0,"ind":9,"ty":2,"nm":"Layer 137","parent":17,"refId":"image_8","sr":1,"ks":{"o":{"a":0,"k":100,"ix":11},"r":{"a":0,"k":0,"ix":10},"p":{"a":0,"k":[57.316,100.022,0],"ix":2},"a":{"a":0,"k":[26.456,39.064,0],"ix":1},"s":{"a":0,"k":[100,100,100],"ix":6}},"ao":0,"ip":0,"op":60.0000024438501,"st":0,"bm":0},{"ddd":0,"ind":10,"ty":2,"nm":"Layer 136","parent":17,"refId":"image_9","sr":1,"ks":{"o":{"a":0,"k":100,"ix":11},"r":{"a":0,"k":0,"ix":10},"p":{"a":0,"k":[202.845,130.8,0],"ix":2},"a":{"a":0,"k":[46.364,40.757,0],"ix":1},"s":{"a":0,"k":[100,100,100],"ix":6}},"ao":0,"ip":0,"op":60.0000024438501,"st":0,"bm":0},{"ddd":0,"ind":11,"ty":2,"nm":"Layer 138","parent":17,"refId":"image_10","sr":1,"ks":{"o":{"a":0,"k":100,"ix":11},"r":{"a":0,"k":0,"ix":10},"p":{"a":0,"k":[202.073,127.715,0],"ix":2},"a":{"a":0,"k":[44.431,44.18,0],"ix":1},"s":{"a":0,"k":[100,100,100],"ix":6}},"ao":0,"ip":0,"op":60.0000024438501,"st":0,"bm":0},{"ddd":0,"ind":12,"ty":2,"nm":"Layer 139","parent":17,"refId":"image_11","sr":1,"ks":{"o":{"a":0,"k":100,"ix":11},"r":{"a":0,"k":0,"ix":10},"p":{"a":0,"k":[60.854,92.885,0],"ix":2},"a":{"a":0,"k":[31.163,37.806,0],"ix":1},"s":{"a":0,"k":[100,100,100],"ix":6}},"ao":0,"ip":0,"op":60.0000024438501,"st":0,"bm":0},{"ddd":0,"ind":13,"ty":2,"nm":"Layer 131","parent":17,"refId":"image_12","sr":1,"ks":{"o":{"a":0,"k":100,"ix":11},"r":{"a":0,"k":0,"ix":10},"p":{"a":0,"k":[140.282,116.524,0],"ix":2},"a":{"a":0,"k":[112.104,57.015,0],"ix":1},"s":{"a":0,"k":[100,100,100],"ix":6}},"ao":0,"ip":0,"op":60.0000024438501,"st":0,"bm":0},{"ddd":0,"ind":14,"ty":2,"nm":"Layer 130","parent":17,"refId":"image_13","sr":1,"ks":{"o":{"a":0,"k":100,"ix":11},"r":{"a":0,"k":0,"ix":10},"p":{"a":0,"k":[156.584,58.459,0],"ix":2},"a":{"a":0,"k":[96.717,39.578,0],"ix":1},"s":{"a":0,"k":[100,100,100],"ix":6}},"ao":0,"ip":0,"op":60.0000024438501,"st":0,"bm":0},{"ddd":0,"ind":15,"ty":2,"nm":"Layer 151","parent":17,"refId":"image_14","sr":1,"ks":{"o":{"a":0,"k":100,"ix":11},"r":{"a":0,"k":0,"ix":10},"p":{"a":0,"k":[104.546,186.347,0],"ix":2},"a":{"a":0,"k":[71.23,35.288,0],"ix":1},"s":{"a":0,"k":[100,100,100],"ix":6}},"ao":0,"ip":0,"op":60.0000024438501,"st":0,"bm":0},{"ddd":0,"ind":16,"ty":2,"nm":"Layer 134","parent":17,"refId":"image_15","sr":1,"ks":{"o":{"a":0,"k":100,"ix":11},"r":{"a":1,"k":[{"i":{"x":[0.833],"y":[0.833]},"o":{"x":[0.167],"y":[0.167]},"n":["0p833_0p833_0p167_0p167"],"t":0,"s":[0],"e":[0]},{"t":59.0000024031193}],"ix":10},"p":{"a":1,"k":[{"i":{"x":0.833,"y":0.833},"o":{"x":0.167,"y":0.167},"n":"0p833_0p833_0p167_0p167","t":0,"s":[87.126,222.346,0],"e":[87.126,222.346,0],"to":[0,0,0],"ti":[0,0,0]},{"t":59.0000024031193}],"ix":2},"a":{"a":0,"k":[22.025,16.179,0],"ix":1},"s":{"a":1,"k":[{"i":{"x":[0.833,0.833,0.833],"y":[0.833,0.833,0.833]},"o":{"x":[0.167,0.167,0.167],"y":[0.167,0.167,0.167]},"n":["0p833_0p833_0p167_0p167","0p833_0p833_0p167_0p167","0p833_0p833_0p167_0p167"],"t":0,"s":[100,100,100],"e":[75.043,125.814,100]},{"i":{"x":[0.833,0.833,0.833],"y":[0.833,0.833,0.833]},"o":{"x":[0.167,0.167,0.167],"y":[0.167,0.167,0.167]},"n":["0p833_0p833_0p167_0p167","0p833_0p833_0p167_0p167","0p833_0p833_0p167_0p167"],"t":31,"s":[75.043,125.814,100],"e":[100,100,100]},{"t":59.0000024031193}],"ix":6}},"ao":0,"ip":0,"op":60.0000024438501,"st":0,"bm":0},{"ddd":0,"ind":17,"ty":2,"nm":"Layer 150","refId":"image_16","sr":1,"ks":{"o":{"a":0,"k":100,"ix":11},"r":{"a":1,"k":[{"i":{"x":[0.833],"y":[0.833]},"o":{"x":[0.167],"y":[0.167]},"n":["0p833_0p833_0p167_0p167"],"t":0,"s":[0],"e":[0]},{"i":{"x":[0.833],"y":[0.833]},"o":{"x":[0.167],"y":[0.167]},"n":["0p833_0p833_0p167_0p167"],"t":59,"s":[0],"e":[0]},{"t":89.0000036250443}],"ix":10},"p":{"a":1,"k":[{"i":{"x":0.833,"y":0.833},"o":{"x":0.167,"y":0.167},"n":"0p833_0p833_0p167_0p167","t":0,"s":[197.867,307.86,0],"e":[200.867,307.86,0],"to":[0,0,0],"ti":[0,0,0]},{"i":{"x":0.833,"y":0.833},"o":{"x":0.167,"y":0.167},"n":"0p833_0p833_0p167_0p167","t":30,"s":[200.867,307.86,0],"e":[197.867,307.86,0],"to":[0,0,0],"ti":[0,0,0]},{"i":{"x":0.833,"y":0.833},"o":{"x":0.167,"y":0.167},"n":"0p833_0p833_0p167_0p167","t":59,"s":[197.867,307.86,0],"e":[197.867,307.86,0],"to":[0,0,0],"ti":[0,0,0]},{"t":89.0000036250443}],"ix":2},"a":{"a":0,"k":[142.009,132.864,0],"ix":1},"s":{"a":1,"k":[{"i":{"x":[0.833,0.833,0.833],"y":[0.833,0.833,0.833]},"o":{"x":[0.167,0.167,0.167],"y":[0.167,0.167,0.167]},"n":["0p833_0p833_0p167_0p167","0p833_0p833_0p167_0p167","0p833_0p833_0p167_0p167"],"t":0,"s":[100,100,100],"e":[97.887,103.763,100]},{"i":{"x":[0.833,0.833,0.833],"y":[0.833,0.833,0.833]},"o":{"x":[0.167,0.167,0.167],"y":[0.167,0.167,0.167]},"n":["0p833_0p833_0p167_0p167","0p833_0p833_0p167_0p167","0p833_0p833_0p167_0p167"],"t":30,"s":[97.887,103.763,100],"e":[100,100,100]},{"i":{"x":[0.833,0.833,0.833],"y":[0.833,0.833,0.833]},"o":{"x":[0.167,0.167,0.167],"y":[0.167,0.167,0.167]},"n":["0p833_0p833_0p167_0p167","0p833_0p833_0p167_0p167","0p833_0p833_0p167_0p167"],"t":59,"s":[100,100,100],"e":[100,100,100]},{"t":89.0000036250443}],"ix":6}},"ao":0,"ip":0,"op":60.0000024438501,"st":0,"bm":0},{"ddd":0,"ind":18,"ty":2,"nm":"Layer 153","parent":17,"refId":"image_17","sr":1,"ks":{"o":{"a":0,"k":100,"ix":11},"r":{"a":1,"k":[{"i":{"x":[0.833],"y":[0.833]},"o":{"x":[0.167],"y":[0.167]},"n":["0p833_0p833_0p167_0p167"],"t":0,"s":[0],"e":[-18]},{"i":{"x":[0.833],"y":[0.833]},"o":{"x":[0.167],"y":[0.167]},"n":["0p833_0p833_0p167_0p167"],"t":30,"s":[-18],"e":[0]},{"t":59.0000024031193}],"ix":10},"p":{"a":0,"k":[43.636,71.891,0],"ix":2},"a":{"a":0,"k":[41.802,69.48,0],"ix":1},"s":{"a":0,"k":[100,100,100],"ix":6}},"ao":0,"ip":0,"op":60.0000024438501,"st":0,"bm":0},{"ddd":0,"ind":19,"ty":2,"nm":"Layer 126","parent":17,"refId":"image_18","sr":1,"ks":{"o":{"a":0,"k":100,"ix":11},"r":{"a":1,"k":[{"i":{"x":[0.833],"y":[0.833]},"o":{"x":[0.167],"y":[0.167]},"n":["0p833_0p833_0p167_0p167"],"t":0,"s":[0],"e":[11]},{"i":{"x":[0.833],"y":[0.833]},"o":{"x":[0.167],"y":[0.167]},"n":["0p833_0p833_0p167_0p167"],"t":30,"s":[11],"e":[0]},{"t":59.0000024031193}],"ix":10},"p":{"a":0,"k":[274.68,143.07,0],"ix":2},"a":{"a":0,"k":[20.156,47.214,0],"ix":1},"s":{"a":0,"k":[100,100,100],"ix":6}},"ao":0,"ip":0,"op":60.0000024438501,"st":0,"bm":0},{"ddd":0,"ind":20,"ty":2,"nm":"Layer 127","parent":17,"refId":"image_19","sr":1,"ks":{"o":{"a":0,"k":100,"ix":11},"r":{"a":0,"k":0,"ix":10},"p":{"a":0,"k":[227.035,2.325,0],"ix":2},"a":{"a":0,"k":[188.658,108.049,0],"ix":1},"s":{"a":0,"k":[100,100,100],"ix":6}},"ao":0,"ip":0,"op":60.0000024438501,"st":0,"bm":0}],"markers":[]}