{"v":"5.1.16","fr":24,"ip":0,"op":44,"w":256,"h":256,"nm":"Comp 1","ddd":0,"assets":[],"layers":[{"ddd":0,"ind":1,"ty":4,"nm":"Shape Layer 1","parent":2,"sr":1,"ks":{"o":{"a":0,"k":100,"ix":11},"r":{"a":0,"k":0,"ix":10},"p":{"a":0,"k":[130,126,0],"ix":2},"a":{"a":0,"k":[0,0,0],"ix":1},"s":{"a":0,"k":[100,100,100],"ix":6}},"ao":0,"shapes":[{"ty":"gr","it":[{"ind":0,"ty":"sh","ix":1,"ks":{"a":0,"k":{"i":[[0,0],[0,0],[0,0]],"o":[[0,0],[0,0],[0,0]],"v":[[-54.5,-5.5],[-13,34.5],[56,-47]],"c":false},"ix":2},"nm":"Path 1","mn":"ADBE Vector Shape - Group","hd":false},{"ty":"st","c":{"a":0,"k":[0.896859980564,0.896859980564,0.896859980564,1],"ix":3},"o":{"a":0,"k":100,"ix":4},"w":{"a":0,"k":29,"ix":5},"lc":1,"lj":1,"ml":4,"nm":"Stroke 1","mn":"ADBE Vector Graphic - Stroke","hd":false},{"ty":"tr","p":{"a":0,"k":[0,0],"ix":2},"a":{"a":0,"k":[0,0],"ix":1},"s":{"a":0,"k":[100,100],"ix":3},"r":{"a":0,"k":0,"ix":6},"o":{"a":0,"k":100,"ix":7},"sk":{"a":0,"k":0,"ix":4},"sa":{"a":0,"k":0,"ix":5},"nm":"Transform"}],"nm":"Shape 1","np":3,"cix":2,"ix":1,"mn":"ADBE Vector Group","hd":false},{"ty":"tm","s":{"a":1,"k":[{"i":{"x":[0.6],"y":[1]},"o":{"x":[0.32],"y":[0.94]},"n":["0p6_1_0p32_0p94"],"t":6,"s":[0],"e":[12]},{"i":{"x":[0.6],"y":[1]},"o":{"x":[0.434],"y":[-0.017]},"n":["0p6_1_0p434_-0p017"],"t":19,"s":[12],"e":[0]},{"t":24}],"ix":1},"e":{"a":1,"k":[{"i":{"x":[0.648],"y":[0.788]},"o":{"x":[0.32],"y":[0.53]},"n":["0p648_0p788_0p32_0p53"],"t":6,"s":[0],"e":[100]},{"i":{"x":[0.633],"y":[1]},"o":{"x":[0.306],"y":[3.349]},"n":["0p633_1_0p306_3p349"],"t":17,"s":[100],"e":[100]},{"t":19}],"ix":2},"o":{"a":0,"k":0,"ix":3},"m":1,"ix":2,"nm":"Trim Paths 1","mn":"ADBE Vector Filter - Trim","hd":false}],"ip":6,"op":48,"st":6,"bm":0},{"ddd":0,"ind":2,"ty":4,"nm":"pin-anim Outlines","sr":1,"ks":{"o":{"a":0,"k":100,"ix":11},"r":{"a":0,"k":0,"ix":10},"p":{"a":1,"k":[{"i":{"x":0.6,"y":1},"o":{"x":0.32,"y":0.94},"n":"0p6_1_0p32_0p94","t":0,"s":[126.5,274.956,0],"e":[126.5,306.956,0],"to":[0,5.33333349227905,0],"ti":[0,-5.33333349227905,0]},{"i":{"x":0.6,"y":0.6},"o":{"x":0.32,"y":0.32},"n":"0p6_0p6_0p32_0p32","t":8,"s":[126.5,306.956,0],"e":[126.5,306.956,0],"to":[0,0,0],"ti":[0,0,0]},{"i":{"x":0.6,"y":1},"o":{"x":0.32,"y":0},"n":"0p6_1_0p32_0","t":36,"s":[126.5,306.956,0],"e":[126.5,274.956,0],"to":[0,-5.33333349227905,0],"ti":[0,5.33333349227905,0]},{"t":44}],"ix":2},"a":{"a":1,"k":[{"i":{"x":0.6,"y":0.6},"o":{"x":0.32,"y":0.32},"n":"0p6_0p6_0p32_0p32","t":0,"s":[130.5,301.956,0],"e":[130.5,301.956,0],"to":[0,0,0],"ti":[0,0,0]},{"t":44}],"ix":1},"s":{"a":1,"k":[{"i":{"x":[0.6,0.6,0.6],"y":[1,1,1]},"o":{"x":[0.32,0.32,0.32],"y":[0.94,0.94,0]},"n":["0p6_1_0p32_0p94","0p6_1_0p32_0p94","0p6_1_0p32_0"],"t":0,"s":[43,43,100],"e":[105,105,100]},{"i":{"x":[0.6,0.6,0.6],"y":[1,1,1]},"o":{"x":[0.32,0.32,0.32],"y":[0.94,0.94,0]},"n":["0p6_1_0p32_0p94","0p6_1_0p32_0p94","0p6_1_0p32_0"],"t":8,"s":[105,105,100],"e":[100,100,100]},{"i":{"x":[0.833,0.833,0.833],"y":[1,1,1]},"o":{"x":[0.32,0.32,0.32],"y":[0,0,0]},"n":["0p833_1_0p32_0","0p833_1_0p32_0","0p833_1_0p32_0"],"t":16,"s":[100,100,100],"e":[100,100,100]},{"i":{"x":[0.6,0.6,0.6],"y":[1,1,1]},"o":{"x":[0.167,0.167,0.167],"y":[0,0,0]},"n":["0p6_1_0p167_0","0p6_1_0p167_0","0p6_1_0p167_0"],"t":27,"s":[100,100,100],"e":[105,105,100]},{"i":{"x":[0.6,0.6,0.6],"y":[1,1,1]},"o":{"x":[0.32,0.32,0.32],"y":[0,0,0]},"n":["0p6_1_0p32_0","0p6_1_0p32_0","0p6_1_0p32_0"],"t":36,"s":[105,105,100],"e":[43,43,100]},{"t":44}],"ix":6}},"ao":0,"shapes":[{"ty":"gr","it":[{"ind":0,"ty":"sh","ix":1,"ks":{"a":0,"k":{"i":[[0,0],[0,44.797],[-54.52,0],[0,-54.52],[46.787,-7.751],[0,0]],"o":[[-40.887,-12.067],[0,-54.52],[54.52,0],[0,48.985],[0,0],[0,0]],"v":[[-27.991,73.91],[-98.717,-20.783],[0,-119.5],[98.717,-20.783],[16.253,76.603],[-5.196,119.5]],"c":true},"ix":2},"nm":"Path 1","mn":"ADBE Vector Shape - Group","hd":false},{"ty":"st","c":{"a":0,"k":[1,1,1,1],"ix":3},"o":{"a":0,"k":100,"ix":4},"w":{"a":0,"k":2,"ix":5},"lc":1,"lj":1,"ml":10,"nm":"Stroke 1","mn":"ADBE Vector Graphic - Stroke","hd":false},{"ty":"tr","p":{"a":0,"k":[130.5,130.5],"ix":2},"a":{"a":0,"k":[0,0],"ix":1},"s":{"a":0,"k":[100,100],"ix":3},"r":{"a":0,"k":0,"ix":6},"o":{"a":0,"k":100,"ix":7},"sk":{"a":0,"k":0,"ix":4},"sa":{"a":0,"k":0,"ix":5},"nm":"Transform"}],"nm":"Group 1","np":2,"cix":2,"ix":1,"mn":"ADBE Vector Group","hd":false},{"ty":"gr","it":[{"ind":0,"ty":"sh","ix":1,"ks":{"a":0,"k":{"i":[[0,0],[0,44.797],[-54.52,0],[0,-54.52],[46.787,-7.751],[0,0]],"o":[[-40.887,-12.066],[0,-54.52],[54.52,0],[0,48.985],[0,0],[0,0]],"v":[[-27.991,73.91],[-98.717,-20.783],[0,-119.5],[98.717,-20.783],[16.253,76.603],[-5.196,119.5]],"c":true},"ix":2},"nm":"Path 1","mn":"ADBE Vector Shape - Group","hd":false},{"ty":"st","c":{"a":0,"k":[0,0,0,1],"ix":3},"o":{"a":0,"k":100,"ix":4},"w":{"a":0,"k":0.5,"ix":5},"lc":1,"lj":1,"ml":10,"nm":"Stroke 1","mn":"ADBE Vector Graphic - Stroke","hd":false},{"ty":"tr","p":{"a":0,"k":[130.5,130.5],"ix":2},"a":{"a":0,"k":[0,0],"ix":1},"s":{"a":0,"k":[100,100],"ix":3},"r":{"a":0,"k":0,"ix":6},"o":{"a":0,"k":100,"ix":7},"sk":{"a":0,"k":0,"ix":4},"sa":{"a":0,"k":0,"ix":5},"nm":"Transform"}],"nm":"Group 2","np":2,"cix":2,"ix":2,"mn":"ADBE Vector Group","hd":false},{"ty":"gr","it":[{"ind":0,"ty":"sh","ix":1,"ks":{"a":0,"k":{"i":[[0,0],[0,0],[0,0],[0,0]],"o":[[0,0],[0,0],[0,0],[0,0]],"v":[[-150.674,171.456],[150.674,171.456],[150.674,-171.456],[-150.674,-171.456]],"c":true},"ix":2},"nm":"Path 1","mn":"ADBE Vector Shape - Group","hd":false},{"ty":"st","c":{"a":0,"k":[0,0,0,1],"ix":3},"o":{"a":0,"k":100,"ix":4},"w":{"a":0,"k":0.5,"ix":5},"lc":1,"lj":1,"ml":10,"nm":"Stroke 1","mn":"ADBE Vector Graphic - Stroke","hd":false},{"ty":"tr","p":{"a":0,"k":[130.5,130.499],"ix":2},"a":{"a":0,"k":[0,0],"ix":1},"s":{"a":0,"k":[100,100],"ix":3},"r":{"a":0,"k":0,"ix":6},"o":{"a":0,"k":100,"ix":7},"sk":{"a":0,"k":0,"ix":4},"sa":{"a":0,"k":0,"ix":5},"nm":"Transform"}],"nm":"Group 3","np":2,"cix":2,"ix":3,"mn":"ADBE Vector Group","hd":false},{"ty":"gr","it":[{"ind":0,"ty":"sh","ix":1,"ks":{"a":0,"k":{"i":[[0,-54.52],[-40.887,-12.066],[0,0],[0,0],[0,48.985],[54.52,0]],"o":[[0,44.798],[0,0],[0,0],[46.787,-7.751],[0,-54.52],[-54.52,0]],"v":[[-98.717,-20.783],[-27.991,73.91],[-5.196,119.5],[16.253,76.604],[98.717,-20.783],[0,-119.5]],"c":true},"ix":2},"nm":"Path 1","mn":"ADBE Vector Shape - Group","hd":false},{"ty":"fl","c":{"a":0,"k":[0.375999989229,0.6,0.128999986836,1],"ix":4},"o":{"a":0,"k":100,"ix":5},"r":1,"nm":"Fill 1","mn":"ADBE Vector Graphic - Fill","hd":false},{"ty":"tr","p":{"a":0,"k":[130.5,130.5],"ix":2},"a":{"a":0,"k":[0,0],"ix":1},"s":{"a":0,"k":[100,100],"ix":3},"r":{"a":0,"k":0,"ix":6},"o":{"a":0,"k":100,"ix":7},"sk":{"a":0,"k":0,"ix":4},"sa":{"a":0,"k":0,"ix":5},"nm":"Transform"}],"nm":"Group 4","np":2,"cix":2,"ix":4,"mn":"ADBE Vector Group","hd":false}],"ip":0,"op":48,"st":0,"bm":0}],"markers":[]}