<animated-vector xmlns:android="http://schemas.android.com/apk/res/android" xmlns:aapt="http://schemas.android.com/aapt"><aapt:attr name="android:drawable"><vector android:height="296dp" android:width="227dp" android:viewportHeight="296" android:viewportWidth="227"><group android:name="_R_G"><group android:name="_R_G_L_3_G" android:translateY="88.5" android:pivotX="113.5" android:pivotY="59.5" android:scaleX="0" android:scaleY="0"><path android:name="_R_G_L_3_G_D_0_P_0" android:fillColor="#fac54a" android:fillAlpha="1" android:fillType="nonZero" android:pathData=" M211.63 42.12 C211.63,42.12 213.72,46.13 213.49,49.75 C213.25,53.38 213.51,54.84 213.25,55.25 C212.99,55.66 206.67,56.42 206.67,56.42 C206.67,56.42 185.58,57.5 185.58,57.5 C185.58,57.5 182.25,52.15 182.25,52.15 C182.25,52.15 211.63,42.12 211.63,42.12c "/><path android:name="_R_G_L_3_G_D_1_P_0" android:fillColor="#fac54a" android:fillAlpha="1" android:fillType="nonZero" android:pathData=" M11.62 50.75 C11.62,50.75 9.98,58.15 10.49,62.26 C11,66.38 17.5,64 17.5,64 C17.5,64 25.87,60.87 25.87,60.87 C25.87,60.87 11.62,50.75 11.62,50.75c "/><path android:name="_R_G_L_3_G_D_2_P_0" android:fillColor="#fac54a" android:fillAlpha="1" android:fillType="nonZero" android:pathData=" M213.25 55.25 C209.5,63.3 109.56,92.44 109.56,92.44 C109.56,92.44 73.25,106 67,104.75 C61.88,103.73 12.25,70 10.75,64.5 C10.53,63.68 10.45,62.93 10.49,62.26 "/><path android:name="_R_G_L_3_G_D_3_P_0" android:strokeColor="#231f20" android:strokeLineCap="round" android:strokeLineJoin="round" android:strokeWidth="1" android:strokeAlpha="1" android:pathData=" M213.25 55.25 C209.5,63.3 109.56,92.44 109.56,92.44 C109.56,92.44 73.25,106 67,104.75 C61.88,103.73 12.25,70 10.75,64.5 C10.53,63.68 10.45,62.93 10.49,62.26 "/><path android:name="_R_G_L_3_G_D_4_P_0" android:fillColor="#ffffff" android:fillAlpha="1" android:fillType="nonZero" android:pathData=" M14.81 57.08 C16.33,56.31 18.12,55.65 20,55 C25.75,53 133,25 138.25,24 C143.5,23 148.48,23.27 155.5,26.25 C160.56,28.4 193.31,38.58 207.24,47.4 "/><path android:name="_R_G_L_3_G_D_5_P_0" android:strokeColor="#000000" android:strokeLineCap="round" android:strokeLineJoin="round" android:strokeWidth="1" android:strokeAlpha="1" android:pathData=" M14.81 57.08 C16.33,56.31 18.12,55.65 20,55 C25.75,53 133,25 138.25,24 C143.5,23 148.48,23.27 155.5,26.25 C160.56,28.4 193.31,38.58 207.24,47.4 "/><path android:name="_R_G_L_3_G_D_6_P_0" android:fillColor="#fac54a" android:fillAlpha="1" android:fillType="nonZero" android:pathData=" M109.56 80.44 C109.56,80.44 73.25,94 67,92.75 C61.88,91.73 12.25,58 10.75,52.5 C9.25,47 14.25,45 20,43 C25.75,41 133,13 138.25,12 C143.5,11 148.48,11.27 155.5,14.25 C162.21,17.1 217.54,34.05 213.25,43.25 C209.5,51.3 109.56,80.44 109.56,80.44c "/><path android:name="_R_G_L_3_G_D_7_P_0" android:strokeColor="#231f20" android:strokeLineCap="round" android:strokeLineJoin="round" android:strokeWidth="1" android:strokeAlpha="1" android:pathData=" M109.56 80.44 C109.56,80.44 73.25,94 67,92.75 C61.88,91.73 12.25,58 10.75,52.5 C9.25,47 14.25,45 20,43 C25.75,41 133,13 138.25,12 C143.5,11 148.48,11.27 155.5,14.25 C162.21,17.1 217.54,34.05 213.25,43.25 C209.5,51.3 109.56,80.44 109.56,80.44c "/><path android:name="_R_G_L_3_G_D_8_P_0" android:strokeColor="#000000" android:strokeLineCap="round" android:strokeLineJoin="round" android:strokeWidth="1" android:strokeAlpha="1" android:pathData=" M10.49 50.75 C10.49,50.75 10.49,62.49 10.49,62.49 "/><path android:name="_R_G_L_3_G_D_9_P_0" android:strokeColor="#000000" android:strokeLineCap="round" android:strokeLineJoin="round" android:strokeWidth="1" android:strokeAlpha="1" android:pathData=" M213.25 43.25 C213.25,43.25 213.25,55.25 213.25,55.25 "/><path android:name="_R_G_L_3_G_D_10_P_0" android:fillColor="#fce9c3" android:fillAlpha="1" android:fillType="nonZero" android:pathData=" M38.01 38.03 C38.01,38.03 133.53,13.13 133.53,13.13 C133.53,13.13 207.24,47.4 207.24,47.4 C207.24,47.4 164.52,63.4 159.57,65 C154.63,66.6 111.19,79.84 109.56,80.44 C109.56,80.44 38.01,38.03 38.01,38.03c "/><path android:name="_R_G_L_3_G_D_11_P_0" android:strokeColor="#231f20" android:strokeLineCap="round" android:strokeLineJoin="round" android:strokeWidth="1" android:strokeAlpha="1" android:pathData=" M109.6 80.61 C109.6,80.61 73.29,94.17 67.04,92.92 C61.92,91.9 12.29,58.17 10.79,52.67 C9.29,47.17 14.29,45.17 20.04,43.17 C25.79,41.17 133.04,13.17 138.29,12.17 C143.54,11.17 148.52,11.44 155.54,14.42 C162.25,17.27 217.58,34.22 213.29,43.42 C209.54,51.47 109.6,80.61 109.6,80.61c "/><path android:name="_R_G_L_3_G_D_12_P_0" android:strokeColor="#231f20" android:strokeLineCap="round" android:strokeLineJoin="round" android:strokeWidth="1" android:strokeAlpha="1" android:pathData=" M38.01 38.03 C38.01,38.03 109.56,80.44 109.56,80.44 "/><path android:name="_R_G_L_3_G_D_13_P_0" android:strokeColor="#231f20" android:strokeLineCap="round" android:strokeLineJoin="round" android:strokeWidth="1" android:strokeAlpha="1" android:pathData=" M133.53 13.13 C133.53,13.13 207.24,47.4 207.24,47.4 "/><path android:name="_R_G_L_3_G_D_14_P_0" android:strokeColor="#231f20" android:strokeLineCap="round" android:strokeLineJoin="round" android:strokeWidth="1" android:strokeAlpha="1" android:pathData=" M65 65 C65,69.14 60.3,72.5 54.51,72.5 C48.72,72.5 44.02,69.14 44.02,65 C44.02,60.86 48.72,57.5 54.51,57.5 C60.3,57.5 65,60.86 65,65c "/><path android:name="_R_G_L_3_G_D_15_P_0" android:strokeColor="#231f20" android:strokeLineCap="round" android:strokeLineJoin="round" android:strokeWidth="1" android:strokeAlpha="1" android:pathData=" M62.75 64.68 C62.75,67.94 59.06,70.58 54.51,70.58 C49.96,70.58 46.27,67.94 46.27,64.68 C46.27,61.43 49.96,58.79 54.51,58.79 C59.06,58.79 62.75,61.43 62.75,64.68c "/><path android:name="_R_G_L_3_G_D_16_P_0" android:strokeColor="#231f20" android:strokeLineCap="round" android:strokeLineJoin="round" android:strokeWidth="1" android:strokeAlpha="1" android:pathData=" M29.88 74.5 C29.88,74.5 42.01,82.44 42.01,82.44 "/><group android:name="_R_G_L_3_G_D_17_P_0_G_0_T_0" android:translateX="154.5" android:translateY="36.409" android:scaleX="0" android:scaleY="0"><path android:name="_R_G_L_3_G_D_17_P_0" android:fillColor="#f9dca7" android:fillAlpha="1" android:fillType="nonZero" android:pathData=" M-22.5 -17.74 C-22.5,-17.74 -38.5,-12.93 -38.5,-12.93 C-38.5,-12.93 17.83,17.74 17.83,17.74 C17.83,17.74 38.5,10.38 38.5,10.38 C38.5,10.38 -22.5,-17.74 -22.5,-17.74c "/></group><group android:name="_R_G_L_3_G_D_18_P_0_G_0_T_0" android:translateX="120.5" android:translateY="46.666" android:scaleX="0" android:scaleY="0"><path android:name="_R_G_L_3_G_D_18_P_0" android:fillColor="#f9dca7" android:fillAlpha="1" android:fillType="nonZero" android:pathData=" M-10.94 -21.33 C-10.94,-21.33 -48.17,-12 -48.17,-12 C-48.17,-12 10.5,21.33 10.5,21.33 C10.5,21.33 48.17,9.95 48.17,9.95 C48.17,9.95 -10.94,-21.33 -10.94,-21.33c "/></group><group android:name="_R_G_L_3_G_D_19_P_0_G_0_T_0" android:translateX="86.635" android:translateY="56.538" android:scaleX="0" android:scaleY="0"><path android:name="_R_G_L_3_G_D_19_P_0" android:fillColor="#f9dca7" android:fillAlpha="1" android:fillType="nonZero" android:pathData=" M-19.63 -20.13 C-19.63,-20.13 -40.37,-16.26 -40.37,-16.26 C-40.37,-16.26 21.03,20.13 21.03,20.13 C21.03,20.13 40.37,14.04 40.37,14.04 C40.37,14.04 -19.63,-20.13 -19.63,-20.13c "/></group><path android:name="_R_G_L_3_G_D_20_P_0" android:strokeColor="#231f20" android:strokeLineCap="round" android:strokeLineJoin="round" android:strokeWidth="1" android:strokeAlpha="1" android:pathData=" M205.24 54.15 C205.24,54.15 191.76,59.08 191.76,59.08 "/></group><group android:name="_R_G_L_2_G_M"><group android:name="_R_G_L_2_G" android:translateX="42.5" android:translateY="88.5" android:pivotX="57.5" android:pivotY="29" android:scaleX="0" android:scaleY="0"><path android:name="_R_G_L_2_G_D_0_P_0" android:fillColor="#fac54a" android:fillAlpha="1" android:fillType="nonZero" android:pathData=" M48.68 6.48 C48.68,6.48 11.45,15.81 11.45,15.81 C11.45,15.81 70.12,49.14 70.12,49.14 C70.12,49.14 107.79,37.76 107.79,37.76 C107.79,37.76 48.68,6.48 48.68,6.48c "/><path android:name="_R_G_L_2_G_D_1_P_0" android:strokeColor="#231f20" android:strokeLineCap="round" android:strokeLineJoin="round" android:strokeWidth="1" android:strokeAlpha="1" android:pathData=" M48.68 6.48 C48.68,6.48 11.45,15.81 11.45,15.81 C11.45,15.81 70.12,49.14 70.12,49.14 C70.12,49.14 107.79,37.76 107.79,37.76 C107.79,37.76 48.68,6.48 48.68,6.48c "/></group></group><group android:name="_R_G_L_1_G_M"><group android:name="_R_G_L_1_G" android:translateX="45.5" android:translateY="35" android:pivotX="72.5" android:pivotY="42" android:scaleX="0" android:scaleY="0"><path android:name="_R_G_L_1_G_D_0_P_0" android:fillColor="#ffffff" android:fillAlpha="1" android:fillType="nonZero" android:pathData=" M0 0 C0,0 145,0 145,0 C145,0 145,84 145,84 C145,84 0,84 0,84 C0,84 0,0 0,0c  M0 84 C0,84 145,84 145,84 C145,84 145,0 145,0 C145,0 0,0 0,0 C0,0 0,84 0,84c  M16 10.5 C13.25,10.5 11,12.75 11,15.5 C11,15.5 11,54.5 11,54.5 C11,57.25 13.25,59.5 16,59.5 C16,59.5 21,59.5 21,59.5 C23.75,59.5 27.12,61.45 28.49,63.84 C28.49,63.84 35.01,75.17 35.01,75.17 C36.38,77.55 38.51,77.49 39.74,75.03 C39.74,75.03 45.26,63.97 45.26,63.97 C46.49,61.51 49.75,59.5 52.5,59.5 C52.5,59.5 135.25,59.5 135.25,59.5 C138,59.5 140.25,57.25 140.25,54.5 C140.25,54.5 140.25,15.5 140.25,15.5 C140.25,12.75 138,10.5 135.25,10.5 C135.25,10.5 16,10.5 16,10.5c "/><path android:name="_R_G_L_1_G_D_1_P_0" android:strokeColor="#fac54a" android:strokeLineCap="round" android:strokeLineJoin="round" android:strokeWidth="1" android:strokeAlpha="1" android:pathData=" M16 10.5 C13.25,10.5 11,12.75 11,15.5 C11,15.5 11,54.5 11,54.5 C11,57.25 13.25,59.5 16,59.5 C16,59.5 21,59.5 21,59.5 C23.75,59.5 27.12,61.45 28.49,63.84 C28.49,63.84 35.01,75.17 35.01,75.17 C36.38,77.55 38.51,77.49 39.74,75.03 C39.74,75.03 45.26,63.97 45.26,63.97 C46.49,61.51 49.75,59.5 52.5,59.5 C52.5,59.5 135.25,59.5 135.25,59.5 C138,59.5 140.25,57.25 140.25,54.5 C140.25,54.5 140.25,15.5 140.25,15.5 C140.25,12.75 138,10.5 135.25,10.5 C135.25,10.5 16,10.5 16,10.5c "/></group></group><group android:name="_R_G_L_0_G" android:translateX="51" android:translateY="36.5"><group android:name="_R_G_L_0_G_D_0_P_0_G_0_T_0" android:translateX="34.057" android:translateY="31.704" android:scaleX="0" android:scaleY="0"><path android:name="_R_G_L_0_G_D_0_P_0" android:fillColor="#fac54a" android:fillAlpha="1" android:fillType="nonZero" android:pathData=" M-0.02 5.45 C-0.02,5.45 4.65,-12.36 4.65,-12.36 C4.65,-12.36 9.91,-12.36 9.91,-12.36 C9.91,-12.36 2.42,12.37 2.42,12.37 C2.42,12.37 -2.44,12.37 -2.44,12.37 C-2.44,12.37 -9.91,-12.36 -9.91,-12.36 C-9.91,-12.36 -4.64,-12.36 -4.64,-12.36 C-4.64,-12.36 -0.02,5.45 -0.02,5.45c "/></group><group android:name="_R_G_L_0_G_D_1_P_0_G_0_T_0" android:translateX="55.602" android:translateY="31.704" android:scaleX="0" android:scaleY="0"><path android:name="_R_G_L_0_G_D_1_P_0" android:fillColor="#fac54a" android:fillAlpha="1" android:fillType="nonZero" android:pathData=" M9.06 1.82 C9.06,3.4 8.85,4.87 8.43,6.2 C8.01,7.54 7.41,8.69 6.62,9.65 C5.82,10.61 4.86,11.36 3.72,11.9 C2.58,12.44 1.3,12.7 -0.13,12.7 C-1.56,12.7 -2.82,12.44 -3.93,11.9 C-5.04,11.36 -5.98,10.61 -6.73,9.64 C-7.49,8.67 -8.07,7.52 -8.47,6.19 C-8.86,4.86 -9.06,3.4 -9.06,1.82 C-9.06,1.82 -9.06,-1.78 -9.06,-1.78 C-9.06,-3.37 -8.86,-4.83 -8.47,-6.17 C-8.07,-7.5 -7.49,-8.65 -6.73,-9.62 C-5.98,-10.59 -5.04,-11.34 -3.94,-11.89 C-2.84,-12.43 -1.57,-12.7 -0.15,-12.7 C1.29,-12.7 2.58,-12.43 3.72,-11.89 C4.86,-11.34 5.82,-10.59 6.62,-9.62 C7.41,-8.65 8.01,-7.5 8.43,-6.17 C8.85,-4.83 9.06,-3.37 9.06,-1.78 C9.06,-1.78 9.06,1.82 9.06,1.82c "/></group><group android:name="_R_G_L_0_G_D_1_P_1_G_0_T_0" android:translateX="55.602" android:translateY="31.704" android:scaleX="0" android:scaleY="0"><path android:name="_R_G_L_0_G_D_1_P_1" android:fillColor="#fac54a" android:fillAlpha="1" android:fillType="nonZero" android:pathData=" M4.22 -1.82 C4.22,-2.82 4.14,-3.75 3.97,-4.6 C3.81,-5.45 3.55,-6.18 3.2,-6.79 C2.85,-7.4 2.4,-7.88 1.85,-8.23 C1.3,-8.57 0.64,-8.75 -0.15,-8.75 C-0.91,-8.75 -1.56,-8.57 -2.08,-8.23 C-2.6,-7.88 -3.02,-7.4 -3.34,-6.79 C-3.65,-6.18 -3.88,-5.45 -4.02,-4.6 C-4.15,-3.75 -4.22,-2.82 -4.22,-1.82 C-4.22,-1.82 -4.22,1.82 -4.22,1.82 C-4.22,2.81 -4.15,3.74 -4.02,4.59 C-3.88,5.44 -3.65,6.17 -3.34,6.8 C-3.02,7.42 -2.6,7.91 -2.08,8.25 C-1.56,8.61 -0.91,8.78 -0.13,8.78 C0.65,8.78 1.3,8.61 1.85,8.25 C2.4,7.91 2.85,7.42 3.19,6.8 C3.54,6.18 3.8,5.45 3.97,4.6 C4.14,3.75 4.22,2.83 4.22,1.82 C4.22,1.82 4.22,-1.82 4.22,-1.82c "/></group><group android:name="_R_G_L_0_G_D_2_P_0_G_0_T_0" android:translateX="78.551" android:translateY="31.704" android:scaleX="0" android:scaleY="0"><path android:name="_R_G_L_0_G_D_2_P_0" android:fillColor="#fac54a" android:fillAlpha="1" android:fillType="nonZero" android:pathData=" M9.97 -8.47 C9.97,-8.47 2.34,-8.47 2.34,-8.47 C2.34,-8.47 2.34,12.37 2.34,12.37 C2.34,12.37 -2.45,12.37 -2.45,12.37 C-2.45,12.37 -2.45,-8.47 -2.45,-8.47 C-2.45,-8.47 -9.97,-8.47 -9.97,-8.47 C-9.97,-8.47 -9.97,-12.36 -9.97,-12.36 C-9.97,-12.36 9.97,-12.36 9.97,-12.36 C9.97,-12.36 9.97,-8.47 9.97,-8.47c "/></group><group android:name="_R_G_L_0_G_D_3_P_0_G_0_T_0" android:translateX="100.512" android:translateY="31.704" android:scaleX="0" android:scaleY="0"><path android:name="_R_G_L_0_G_D_3_P_0" android:fillColor="#fac54a" android:fillAlpha="1" android:fillType="nonZero" android:pathData=" M6.62 1.53 C6.62,1.53 -3.54,1.53 -3.54,1.53 C-3.54,1.53 -3.54,8.51 -3.54,8.51 C-3.54,8.51 8.33,8.51 8.33,8.51 C8.33,8.51 8.33,12.37 8.33,12.37 C8.33,12.37 -8.33,12.37 -8.33,12.37 C-8.33,12.37 -8.33,-12.36 -8.33,-12.36 C-8.33,-12.36 8.28,-12.36 8.28,-12.36 C8.28,-12.36 8.28,-8.47 8.28,-8.47 C8.28,-8.47 -3.54,-8.47 -3.54,-8.47 C-3.54,-8.47 -3.54,-2.24 -3.54,-2.24 C-3.54,-2.24 6.62,-2.24 6.62,-2.24 C6.62,-2.24 6.62,1.53 6.62,1.53c "/></group></group></group><group android:name="time_group"/></vector></aapt:attr><target android:name="_R_G_L_3_G_D_17_P_0_G_0_T_0"><aapt:attr name="android:animation"><set android:ordering="together"><objectAnimator android:propertyName="scaleX" android:duration="500" android:startOffset="0" android:valueFrom="0" android:valueTo="0" android:valueType="floatType"><aapt:attr name="android:interpolator"><pathInterpolator android:pathData="M 0.0,0.0 c0.167,0.167 0.833,0.833 1.0,1.0"/></aapt:attr></objectAnimator><objectAnimator android:propertyName="scaleY" android:duration="500" android:startOffset="0" android:valueFrom="0" android:valueTo="0" android:valueType="floatType"><aapt:attr name="android:interpolator"><pathInterpolator android:pathData="M 0.0,0.0 c0.167,0.167 0.833,0.833 1.0,1.0"/></aapt:attr></objectAnimator><objectAnimator android:propertyName="scaleX" android:duration="333" android:startOffset="500" android:valueFrom="0" android:valueTo="1" android:valueType="floatType"><aapt:attr name="android:interpolator"><pathInterpolator android:pathData="M 0.0,0.0 c0.167,0.167 0.833,0.833 1.0,1.0"/></aapt:attr></objectAnimator><objectAnimator android:propertyName="scaleY" android:duration="333" android:startOffset="500" android:valueFrom="0" android:valueTo="1" android:valueType="floatType"><aapt:attr name="android:interpolator"><pathInterpolator android:pathData="M 0.0,0.0 c0.167,0.167 0.833,0.833 1.0,1.0"/></aapt:attr></objectAnimator></set></aapt:attr></target><target android:name="_R_G_L_3_G_D_18_P_0_G_0_T_0"><aapt:attr name="android:animation"><set android:ordering="together"><objectAnimator android:propertyName="scaleX" android:duration="500" android:startOffset="0" android:valueFrom="0" android:valueTo="0" android:valueType="floatType"><aapt:attr name="android:interpolator"><pathInterpolator android:pathData="M 0.0,0.0 c0.167,0.167 0.833,0.833 1.0,1.0"/></aapt:attr></objectAnimator><objectAnimator android:propertyName="scaleY" android:duration="500" android:startOffset="0" android:valueFrom="0" android:valueTo="0" android:valueType="floatType"><aapt:attr name="android:interpolator"><pathInterpolator android:pathData="M 0.0,0.0 c0.167,0.167 0.833,0.833 1.0,1.0"/></aapt:attr></objectAnimator><objectAnimator android:propertyName="scaleX" android:duration="500" android:startOffset="500" android:valueFrom="0" android:valueTo="1" android:valueType="floatType"><aapt:attr name="android:interpolator"><pathInterpolator android:pathData="M 0.0,0.0 c0.167,0.167 0.833,0.833 1.0,1.0"/></aapt:attr></objectAnimator><objectAnimator android:propertyName="scaleY" android:duration="500" android:startOffset="500" android:valueFrom="0" android:valueTo="1" android:valueType="floatType"><aapt:attr name="android:interpolator"><pathInterpolator android:pathData="M 0.0,0.0 c0.167,0.167 0.833,0.833 1.0,1.0"/></aapt:attr></objectAnimator></set></aapt:attr></target><target android:name="_R_G_L_3_G_D_19_P_0_G_0_T_0"><aapt:attr name="android:animation"><set android:ordering="together"><objectAnimator android:propertyName="scaleX" android:duration="500" android:startOffset="0" android:valueFrom="0" android:valueTo="0" android:valueType="floatType"><aapt:attr name="android:interpolator"><pathInterpolator android:pathData="M 0.0,0.0 c0.167,0.167 0.833,0.833 1.0,1.0"/></aapt:attr></objectAnimator><objectAnimator android:propertyName="scaleY" android:duration="500" android:startOffset="0" android:valueFrom="0" android:valueTo="0" android:valueType="floatType"><aapt:attr name="android:interpolator"><pathInterpolator android:pathData="M 0.0,0.0 c0.167,0.167 0.833,0.833 1.0,1.0"/></aapt:attr></objectAnimator><objectAnimator android:propertyName="scaleX" android:duration="667" android:startOffset="500" android:valueFrom="0" android:valueTo="1" android:valueType="floatType"><aapt:attr name="android:interpolator"><pathInterpolator android:pathData="M 0.0,0.0 c0.167,0.167 0.833,0.833 1.0,1.0"/></aapt:attr></objectAnimator><objectAnimator android:propertyName="scaleY" android:duration="667" android:startOffset="500" android:valueFrom="0" android:valueTo="1" android:valueType="floatType"><aapt:attr name="android:interpolator"><pathInterpolator android:pathData="M 0.0,0.0 c0.167,0.167 0.833,0.833 1.0,1.0"/></aapt:attr></objectAnimator></set></aapt:attr></target><target android:name="_R_G_L_3_G"><aapt:attr name="android:animation"><set android:ordering="together"><objectAnimator android:propertyName="scaleX" android:duration="500" android:startOffset="0" android:valueFrom="0" android:valueTo="1" android:valueType="floatType"><aapt:attr name="android:interpolator"><pathInterpolator android:pathData="M 0.0,0.0 c0.167,0.167 0.833,0.833 1.0,1.0"/></aapt:attr></objectAnimator><objectAnimator android:propertyName="scaleY" android:duration="500" android:startOffset="0" android:valueFrom="0" android:valueTo="1" android:valueType="floatType"><aapt:attr name="android:interpolator"><pathInterpolator android:pathData="M 0.0,0.0 c0.167,0.167 0.833,0.833 1.0,1.0"/></aapt:attr></objectAnimator></set></aapt:attr></target><target android:name="_R_G_L_2_G"><aapt:attr name="android:animation"><set android:ordering="together"><objectAnimator android:propertyName="scaleX" android:duration="1167" android:startOffset="0" android:valueFrom="0" android:valueTo="0" android:valueType="floatType"><aapt:attr name="android:interpolator"><pathInterpolator android:pathData="M 0.0,0.0 c0.167,0.167 0.833,0.833 1.0,1.0"/></aapt:attr></objectAnimator><objectAnimator android:propertyName="scaleY" android:duration="1167" android:startOffset="0" android:valueFrom="0" android:valueTo="0" android:valueType="floatType"><aapt:attr name="android:interpolator"><pathInterpolator android:pathData="M 0.0,0.0 c0.167,0.167 0.833,0.833 1.0,1.0"/></aapt:attr></objectAnimator><objectAnimator android:propertyName="scaleX" android:duration="333" android:startOffset="1167" android:valueFrom="0" android:valueTo="1" android:valueType="floatType"><aapt:attr name="android:interpolator"><pathInterpolator android:pathData="M 0.0,0.0 c0.167,0.167 0.833,0.833 1.0,1.0"/></aapt:attr></objectAnimator><objectAnimator android:propertyName="scaleY" android:duration="333" android:startOffset="1167" android:valueFrom="0" android:valueTo="1" android:valueType="floatType"><aapt:attr name="android:interpolator"><pathInterpolator android:pathData="M 0.0,0.0 c0.167,0.167 0.833,0.833 1.0,1.0"/></aapt:attr></objectAnimator></set></aapt:attr></target><target android:name="_R_G_L_2_G_M"><aapt:attr name="android:animation"><set android:ordering="together"><objectAnimator android:propertyName="scaleX" android:duration="0" android:startOffset="1167" android:valueFrom="0" android:valueTo="1" android:valueType="floatType"/></set></aapt:attr></target><target android:name="_R_G_L_1_G"><aapt:attr name="android:animation"><set android:ordering="together"><objectAnimator android:propertyName="scaleX" android:duration="1500" android:startOffset="0" android:valueFrom="0" android:valueTo="0" android:valueType="floatType"><aapt:attr name="android:interpolator"><pathInterpolator android:pathData="M 0.0,0.0 c0.167,0.167 0.833,0.833 1.0,1.0"/></aapt:attr></objectAnimator><objectAnimator android:propertyName="scaleY" android:duration="1500" android:startOffset="0" android:valueFrom="0" android:valueTo="0" android:valueType="floatType"><aapt:attr name="android:interpolator"><pathInterpolator android:pathData="M 0.0,0.0 c0.167,0.167 0.833,0.833 1.0,1.0"/></aapt:attr></objectAnimator><objectAnimator android:propertyName="scaleX" android:duration="333" android:startOffset="1500" android:valueFrom="0" android:valueTo="1" android:valueType="floatType"><aapt:attr name="android:interpolator"><pathInterpolator android:pathData="M 0.0,0.0 c0.167,0.167 0.833,0.833 1.0,1.0"/></aapt:attr></objectAnimator><objectAnimator android:propertyName="scaleY" android:duration="333" android:startOffset="1500" android:valueFrom="0" android:valueTo="1" android:valueType="floatType"><aapt:attr name="android:interpolator"><pathInterpolator android:pathData="M 0.0,0.0 c0.167,0.167 0.833,0.833 1.0,1.0"/></aapt:attr></objectAnimator></set></aapt:attr></target><target android:name="_R_G_L_1_G_M"><aapt:attr name="android:animation"><set android:ordering="together"><objectAnimator android:propertyName="scaleX" android:duration="0" android:startOffset="1500" android:valueFrom="0" android:valueTo="1" android:valueType="floatType"/></set></aapt:attr></target><target android:name="_R_G_L_0_G_D_0_P_0_G_0_T_0"><aapt:attr name="android:animation"><set android:ordering="together"><objectAnimator android:propertyName="scaleX" android:duration="1900" android:startOffset="0" android:valueFrom="0" android:valueTo="0" android:valueType="floatType"><aapt:attr name="android:interpolator"><pathInterpolator android:pathData="M 0.0,0.0 c0.167,0.167 0.833,0.833 1.0,1.0"/></aapt:attr></objectAnimator><objectAnimator android:propertyName="scaleY" android:duration="1900" android:startOffset="0" android:valueFrom="0" android:valueTo="0" android:valueType="floatType"><aapt:attr name="android:interpolator"><pathInterpolator android:pathData="M 0.0,0.0 c0.167,0.167 0.833,0.833 1.0,1.0"/></aapt:attr></objectAnimator><objectAnimator android:propertyName="scaleX" android:duration="100" android:startOffset="1900" android:valueFrom="0" android:valueTo="1.2" android:valueType="floatType"><aapt:attr name="android:interpolator"><pathInterpolator android:pathData="M 0.0,0.0 c0.167,0.167 0.833,0.833 1.0,1.0"/></aapt:attr></objectAnimator><objectAnimator android:propertyName="scaleY" android:duration="100" android:startOffset="1900" android:valueFrom="0" android:valueTo="1.2" android:valueType="floatType"><aapt:attr name="android:interpolator"><pathInterpolator android:pathData="M 0.0,0.0 c0.167,0.167 0.833,0.833 1.0,1.0"/></aapt:attr></objectAnimator><objectAnimator android:propertyName="scaleX" android:duration="167" android:startOffset="2000" android:valueFrom="1.2" android:valueTo="1" android:valueType="floatType"><aapt:attr name="android:interpolator"><pathInterpolator android:pathData="M 0.0,0.0 c0.167,0.167 0.833,0.833 1.0,1.0"/></aapt:attr></objectAnimator><objectAnimator android:propertyName="scaleY" android:duration="167" android:startOffset="2000" android:valueFrom="1.2" android:valueTo="1" android:valueType="floatType"><aapt:attr name="android:interpolator"><pathInterpolator android:pathData="M 0.0,0.0 c0.167,0.167 0.833,0.833 1.0,1.0"/></aapt:attr></objectAnimator></set></aapt:attr></target><target android:name="_R_G_L_0_G_D_1_P_0_G_0_T_0"><aapt:attr name="android:animation"><set android:ordering="together"><objectAnimator android:propertyName="scaleX" android:duration="2167" android:startOffset="0" android:valueFrom="0" android:valueTo="0" android:valueType="floatType"><aapt:attr name="android:interpolator"><pathInterpolator android:pathData="M 0.0,0.0 c0.167,0.167 0.833,0.833 1.0,1.0"/></aapt:attr></objectAnimator><objectAnimator android:propertyName="scaleY" android:duration="2167" android:startOffset="0" android:valueFrom="0" android:valueTo="0" android:valueType="floatType"><aapt:attr name="android:interpolator"><pathInterpolator android:pathData="M 0.0,0.0 c0.167,0.167 0.833,0.833 1.0,1.0"/></aapt:attr></objectAnimator><objectAnimator android:propertyName="scaleX" android:duration="167" android:startOffset="2167" android:valueFrom="0" android:valueTo="1.2" android:valueType="floatType"><aapt:attr name="android:interpolator"><pathInterpolator android:pathData="M 0.0,0.0 c0.167,0.167 0.833,0.833 1.0,1.0"/></aapt:attr></objectAnimator><objectAnimator android:propertyName="scaleY" android:duration="167" android:startOffset="2167" android:valueFrom="0" android:valueTo="1.2" android:valueType="floatType"><aapt:attr name="android:interpolator"><pathInterpolator android:pathData="M 0.0,0.0 c0.167,0.167 0.833,0.833 1.0,1.0"/></aapt:attr></objectAnimator><objectAnimator android:propertyName="scaleX" android:duration="167" android:startOffset="2333" android:valueFrom="1.2" android:valueTo="1" android:valueType="floatType"><aapt:attr name="android:interpolator"><pathInterpolator android:pathData="M 0.0,0.0 c0.167,0.167 0.833,0.833 1.0,1.0"/></aapt:attr></objectAnimator><objectAnimator android:propertyName="scaleY" android:duration="167" android:startOffset="2333" android:valueFrom="1.2" android:valueTo="1" android:valueType="floatType"><aapt:attr name="android:interpolator"><pathInterpolator android:pathData="M 0.0,0.0 c0.167,0.167 0.833,0.833 1.0,1.0"/></aapt:attr></objectAnimator></set></aapt:attr></target><target android:name="_R_G_L_0_G_D_1_P_1_G_0_T_0"><aapt:attr name="android:animation"><set android:ordering="together"><objectAnimator android:propertyName="scaleX" android:duration="2167" android:startOffset="0" android:valueFrom="0" android:valueTo="0" android:valueType="floatType"><aapt:attr name="android:interpolator"><pathInterpolator android:pathData="M 0.0,0.0 c0.167,0.167 0.833,0.833 1.0,1.0"/></aapt:attr></objectAnimator><objectAnimator android:propertyName="scaleY" android:duration="2167" android:startOffset="0" android:valueFrom="0" android:valueTo="0" android:valueType="floatType"><aapt:attr name="android:interpolator"><pathInterpolator android:pathData="M 0.0,0.0 c0.167,0.167 0.833,0.833 1.0,1.0"/></aapt:attr></objectAnimator><objectAnimator android:propertyName="scaleX" android:duration="167" android:startOffset="2167" android:valueFrom="0" android:valueTo="1.2" android:valueType="floatType"><aapt:attr name="android:interpolator"><pathInterpolator android:pathData="M 0.0,0.0 c0.167,0.167 0.833,0.833 1.0,1.0"/></aapt:attr></objectAnimator><objectAnimator android:propertyName="scaleY" android:duration="167" android:startOffset="2167" android:valueFrom="0" android:valueTo="1.2" android:valueType="floatType"><aapt:attr name="android:interpolator"><pathInterpolator android:pathData="M 0.0,0.0 c0.167,0.167 0.833,0.833 1.0,1.0"/></aapt:attr></objectAnimator><objectAnimator android:propertyName="scaleX" android:duration="167" android:startOffset="2333" android:valueFrom="1.2" android:valueTo="1" android:valueType="floatType"><aapt:attr name="android:interpolator"><pathInterpolator android:pathData="M 0.0,0.0 c0.167,0.167 0.833,0.833 1.0,1.0"/></aapt:attr></objectAnimator><objectAnimator android:propertyName="scaleY" android:duration="167" android:startOffset="2333" android:valueFrom="1.2" android:valueTo="1" android:valueType="floatType"><aapt:attr name="android:interpolator"><pathInterpolator android:pathData="M 0.0,0.0 c0.167,0.167 0.833,0.833 1.0,1.0"/></aapt:attr></objectAnimator></set></aapt:attr></target><target android:name="_R_G_L_0_G_D_2_P_0_G_0_T_0"><aapt:attr name="android:animation"><set android:ordering="together"><objectAnimator android:propertyName="scaleX" android:duration="2500" android:startOffset="0" android:valueFrom="0" android:valueTo="0" android:valueType="floatType"><aapt:attr name="android:interpolator"><pathInterpolator android:pathData="M 0.0,0.0 c0.167,0.167 0.833,0.833 1.0,1.0"/></aapt:attr></objectAnimator><objectAnimator android:propertyName="scaleY" android:duration="2500" android:startOffset="0" android:valueFrom="0" android:valueTo="0" android:valueType="floatType"><aapt:attr name="android:interpolator"><pathInterpolator android:pathData="M 0.0,0.0 c0.167,0.167 0.833,0.833 1.0,1.0"/></aapt:attr></objectAnimator><objectAnimator android:propertyName="scaleX" android:duration="167" android:startOffset="2500" android:valueFrom="0" android:valueTo="1.2" android:valueType="floatType"><aapt:attr name="android:interpolator"><pathInterpolator android:pathData="M 0.0,0.0 c0.167,0.167 0.833,0.833 1.0,1.0"/></aapt:attr></objectAnimator><objectAnimator android:propertyName="scaleY" android:duration="167" android:startOffset="2500" android:valueFrom="0" android:valueTo="1.2" android:valueType="floatType"><aapt:attr name="android:interpolator"><pathInterpolator android:pathData="M 0.0,0.0 c0.167,0.167 0.833,0.833 1.0,1.0"/></aapt:attr></objectAnimator><objectAnimator android:propertyName="scaleX" android:duration="167" android:startOffset="2667" android:valueFrom="1.2" android:valueTo="1" android:valueType="floatType"><aapt:attr name="android:interpolator"><pathInterpolator android:pathData="M 0.0,0.0 c0.167,0.167 0.833,0.833 1.0,1.0"/></aapt:attr></objectAnimator><objectAnimator android:propertyName="scaleY" android:duration="167" android:startOffset="2667" android:valueFrom="1.2" android:valueTo="1" android:valueType="floatType"><aapt:attr name="android:interpolator"><pathInterpolator android:pathData="M 0.0,0.0 c0.167,0.167 0.833,0.833 1.0,1.0"/></aapt:attr></objectAnimator></set></aapt:attr></target><target android:name="_R_G_L_0_G_D_3_P_0_G_0_T_0"><aapt:attr name="android:animation"><set android:ordering="together"><objectAnimator android:propertyName="scaleX" android:duration="2833" android:startOffset="0" android:valueFrom="0" android:valueTo="0" android:valueType="floatType"><aapt:attr name="android:interpolator"><pathInterpolator android:pathData="M 0.0,0.0 c0.167,0.167 0.833,0.833 1.0,1.0"/></aapt:attr></objectAnimator><objectAnimator android:propertyName="scaleY" android:duration="2833" android:startOffset="0" android:valueFrom="0" android:valueTo="0" android:valueType="floatType"><aapt:attr name="android:interpolator"><pathInterpolator android:pathData="M 0.0,0.0 c0.167,0.167 0.833,0.833 1.0,1.0"/></aapt:attr></objectAnimator><objectAnimator android:propertyName="scaleX" android:duration="167" android:startOffset="2833" android:valueFrom="0" android:valueTo="1.2" android:valueType="floatType"><aapt:attr name="android:interpolator"><pathInterpolator android:pathData="M 0.0,0.0 c0.167,0.167 0.833,0.833 1.0,1.0"/></aapt:attr></objectAnimator><objectAnimator android:propertyName="scaleY" android:duration="167" android:startOffset="2833" android:valueFrom="0" android:valueTo="1.2" android:valueType="floatType"><aapt:attr name="android:interpolator"><pathInterpolator android:pathData="M 0.0,0.0 c0.167,0.167 0.833,0.833 1.0,1.0"/></aapt:attr></objectAnimator><objectAnimator android:propertyName="scaleX" android:duration="167" android:startOffset="3000" android:valueFrom="1.2" android:valueTo="1" android:valueType="floatType"><aapt:attr name="android:interpolator"><pathInterpolator android:pathData="M 0.0,0.0 c0.167,0.167 0.833,0.833 1.0,1.0"/></aapt:attr></objectAnimator><objectAnimator android:propertyName="scaleY" android:duration="167" android:startOffset="3000" android:valueFrom="1.2" android:valueTo="1" android:valueType="floatType"><aapt:attr name="android:interpolator"><pathInterpolator android:pathData="M 0.0,0.0 c0.167,0.167 0.833,0.833 1.0,1.0"/></aapt:attr></objectAnimator></set></aapt:attr></target><target android:name="_R_G_L_0_G"><aapt:attr name="android:animation"><set android:ordering="together"><objectAnimator android:propertyName="scaleX" android:duration="0" android:startOffset="1900" android:valueFrom="0" android:valueTo="1" android:valueType="floatType"/></set></aapt:attr></target><target android:name="time_group"><aapt:attr name="android:animation"><set android:ordering="together"><objectAnimator android:propertyName="translateX" android:duration="3333" android:startOffset="0" android:valueFrom="0" android:valueTo="1" android:valueType="floatType"/></set></aapt:attr></target></animated-vector>