{"v":"4.6.9","fr":29.9700012207031,"ip":0,"op":330.000013441176,"w":800,"h":600,"nm":"Charging","ddd":0,"assets":[{"id":"comp_0","layers":[{"ddd":0,"ind":1,"ty":4,"nm":"Shape Layer 3","ks":{"o":{"a":0,"k":100},"r":{"a":0,"k":0},"p":{"a":0,"k":[400,300,0]},"a":{"a":0,"k":[0,0,0]},"s":{"a":0,"k":[100,100,100]}},"ao":0,"shapes":[{"ty":"gr","it":[{"ind":0,"ty":"sh","ix":1,"ks":{"a":0,"k":{"i":[[0,0],[0,0]],"o":[[0,0],[0,0]],"v":[[83,-13.833],[83,13.833]],"c":false}},"nm":"Path 1","mn":"ADBE Vector Shape - Group"},{"ty":"st","c":{"a":0,"k":[0.105882,0.105882,0.105882,1]},"o":{"a":0,"k":100},"w":{"a":0,"k":8},"lc":1,"lj":1,"ml":4,"nm":"Stroke 1","mn":"ADBE Vector Graphic - Stroke"},{"ty":"tr","p":{"a":0,"k":[0,0],"ix":2},"a":{"a":0,"k":[0,0],"ix":1},"s":{"a":0,"k":[100,100],"ix":3},"r":{"a":0,"k":0,"ix":6},"o":{"a":0,"k":100,"ix":7},"sk":{"a":0,"k":0,"ix":4},"sa":{"a":0,"k":0,"ix":5},"nm":"Transform"}],"nm":"Shape 1","np":3,"cix":2,"ix":1,"mn":"ADBE Vector Group"}],"ip":0,"op":420.000017106951,"st":0,"bm":0,"sr":1},{"ddd":0,"ind":2,"ty":4,"nm":"Shape Layer 2","td":1,"ks":{"o":{"a":0,"k":100},"r":{"a":0,"k":0},"p":{"a":0,"k":[400,300,0]},"a":{"a":0,"k":[0,0,0]},"s":{"a":0,"k":[100,100,100]}},"ao":0,"shapes":[{"ty":"gr","it":[{"ind":0,"ty":"sh","ix":1,"ks":{"a":0,"k":{"i":[[2.75,0],[0,0],[0,2.75],[0,0],[-2.75,0],[0,0],[0,-2.75],[0,0]],"o":[[0,0],[-2.75,0],[0,0],[0,-2.75],[0,0],[2.75,0],[0,0],[0,2.75]],"v":[[55,24],[-55,24],[-60,19],[-60,-19],[-55,-24],[55,-24],[60,-19],[60,19]],"c":true}},"nm":"Path 1","mn":"ADBE Vector Shape - Group"},{"ty":"fl","c":{"a":0,"k":[1,0,0,1]},"o":{"a":0,"k":100},"r":1,"nm":"Fill 1","mn":"ADBE Vector Graphic - Fill"},{"ty":"tr","p":{"a":0,"k":[0,0],"ix":2},"a":{"a":0,"k":[0,0],"ix":1},"s":{"a":0,"k":[100,100],"ix":3},"r":{"a":0,"k":0,"ix":6},"o":{"a":0,"k":100,"ix":7},"sk":{"a":0,"k":0,"ix":4},"sa":{"a":0,"k":0,"ix":5},"nm":"Transform"}],"nm":"Shape 1","np":3,"cix":2,"ix":1,"mn":"ADBE Vector Group"}],"ip":0,"op":420.000017106951,"st":0,"bm":0,"sr":1},{"ddd":0,"ind":3,"ty":4,"nm":"Shape Layer 4","tt":1,"ks":{"o":{"a":1,"k":[{"i":{"x":[0.667],"y":[1]},"o":{"x":[0.167],"y":[0.167]},"n":["0p667_1_0p167_0p167"],"t":110,"s":[100],"e":[50]},{"i":{"x":[0.833],"y":[0.833]},"o":{"x":[0.333],"y":[0]},"n":["0p833_0p833_0p333_0"],"t":125,"s":[50],"e":[100]},{"i":{"x":[0.667],"y":[1]},"o":{"x":[0.167],"y":[0.167]},"n":["0p667_1_0p167_0p167"],"t":140,"s":[100],"e":[50]},{"i":{"x":[0.833],"y":[0.833]},"o":{"x":[0.333],"y":[0]},"n":["0p833_0p833_0p333_0"],"t":155,"s":[50],"e":[100]},{"i":{"x":[0.667],"y":[1]},"o":{"x":[0.167],"y":[0.167]},"n":["0p667_1_0p167_0p167"],"t":170,"s":[100],"e":[50]},{"i":{"x":[0.833],"y":[0.833]},"o":{"x":[0.333],"y":[0]},"n":["0p833_0p833_0p333_0"],"t":185,"s":[50],"e":[100]},{"i":{"x":[0.667],"y":[1]},"o":{"x":[0.167],"y":[0.167]},"n":["0p667_1_0p167_0p167"],"t":200,"s":[100],"e":[50]},{"i":{"x":[0.833],"y":[0.833]},"o":{"x":[0.333],"y":[0]},"n":["0p833_0p833_0p333_0"],"t":215,"s":[50],"e":[100]},{"i":{"x":[0.667],"y":[1]},"o":{"x":[0.167],"y":[0.167]},"n":["0p667_1_0p167_0p167"],"t":230,"s":[100],"e":[50]},{"i":{"x":[0.833],"y":[0.833]},"o":{"x":[0.333],"y":[0]},"n":["0p833_0p833_0p333_0"],"t":245,"s":[50],"e":[100]},{"i":{"x":[0.667],"y":[1]},"o":{"x":[0.167],"y":[0.167]},"n":["0p667_1_0p167_0p167"],"t":260,"s":[100],"e":[50]},{"i":{"x":[0.833],"y":[0.833]},"o":{"x":[0.333],"y":[0]},"n":["0p833_0p833_0p333_0"],"t":275,"s":[50],"e":[100]},{"t":290.000011811942}]},"r":{"a":0,"k":0},"p":{"a":1,"k":[{"i":{"x":0.492,"y":1},"o":{"x":0.167,"y":0.167},"n":"0p492_1_0p167_0p167","t":0,"s":[400.273,308.633,0],"e":[290.273,308.633,0],"to":[-18.3333339691162,0,0],"ti":[18.3333339691162,0,0]},{"i":{"x":0.833,"y":0.833},"o":{"x":0.167,"y":0.167},"n":"0p833_0p833_0p167_0p167","t":60,"s":[290.273,308.633,0],"e":[290.273,308.633,0],"to":[0,0,0],"ti":[0,0,0]},{"i":{"x":0.667,"y":1},"o":{"x":0.167,"y":0.167},"n":"0p667_1_0p167_0p167","t":104,"s":[290.273,308.633,0],"e":[400.273,308.633,0],"to":[18.3333339691162,0,0],"ti":[-18.3333339691162,0,0]},{"t":300.00001221925}]},"a":{"a":0,"k":[0,0,0]},"s":{"a":0,"k":[100,100,100]}},"ao":0,"shapes":[{"ty":"gr","it":[{"ty":"rc","d":1,"s":{"a":0,"k":[120,120]},"p":{"a":0,"k":[0,0]},"r":{"a":0,"k":0},"nm":"Rectangle Path 1","mn":"ADBE Vector Shape - Rect"},{"ty":"fl","c":{"a":1,"k":[{"i":{"x":[0.667],"y":[1]},"o":{"x":[0.167],"y":[0.175]},"n":["0p667_1_0p167_0p175"],"t":36,"s":[0.1058824,0.1058824,0.1058824,1],"e":[0.9058824,0.2862745,0.2862745,1]},{"i":{"x":[0.833],"y":[0.833]},"o":{"x":[0.167],"y":[0.167]},"n":["0p833_0p833_0p167_0p167"],"t":46,"s":[0.9058824,0.2862745,0.2862745,1],"e":[0.9058824,0.2862745,0.2862745,1]},{"i":{"x":[0.667],"y":[1]},"o":{"x":[0.167],"y":[-0.175]},"n":["0p667_1_0p167_-0p175"],"t":126,"s":[0.9058824,0.2862745,0.2862745,1],"e":[0.1058824,0.1058824,0.1058824,1]},{"t":136.000005539394}]},"o":{"a":0,"k":100},"r":1,"nm":"Fill 1","mn":"ADBE Vector Graphic - Fill"},{"ty":"tr","p":{"a":0,"k":[-0.273,-8.633],"ix":2},"a":{"a":0,"k":[0,0],"ix":1},"s":{"a":0,"k":[100,100],"ix":3},"r":{"a":0,"k":0,"ix":6},"o":{"a":0,"k":100,"ix":7},"sk":{"a":0,"k":0,"ix":4},"sa":{"a":0,"k":0,"ix":5},"nm":"Transform"}],"nm":"Rectangle 1","np":3,"cix":2,"ix":1,"mn":"ADBE Vector Group"}],"ip":0,"op":420.000017106951,"st":0,"bm":0,"sr":1},{"ddd":0,"ind":4,"ty":4,"nm":"Shape Layer 1","ks":{"o":{"a":0,"k":100},"r":{"a":0,"k":0},"p":{"a":0,"k":[400,300,0]},"a":{"a":0,"k":[0,0,0]},"s":{"a":0,"k":[100,100,100]}},"ao":0,"shapes":[{"ty":"gr","it":[{"ind":0,"ty":"sh","ix":1,"ks":{"a":0,"k":{"i":[[5.5,0],[0,0],[0,5.5],[0,0],[-5.5,0],[0,0],[0,-5.5],[0,0]],"o":[[0,0],[-5.5,0],[0,0],[0,-5.5],[0,0],[5.5,0],[0,0],[0,5.5]],"v":[[60,34],[-60,34],[-70,24],[-70,-24],[-60,-34],[60,-34],[70,-24],[70,24]],"c":true}},"nm":"Path 1","mn":"ADBE Vector Shape - Group"},{"ty":"st","c":{"a":0,"k":[0.105882,0.105882,0.105882,1]},"o":{"a":0,"k":100},"w":{"a":0,"k":8},"lc":1,"lj":1,"ml":4,"nm":"Stroke 1","mn":"ADBE Vector Graphic - Stroke"},{"ty":"tr","p":{"a":0,"k":[0,0],"ix":2},"a":{"a":0,"k":[0,0],"ix":1},"s":{"a":0,"k":[100,100],"ix":3},"r":{"a":0,"k":0,"ix":6},"o":{"a":0,"k":100,"ix":7},"sk":{"a":0,"k":0,"ix":4},"sa":{"a":0,"k":0,"ix":5},"nm":"Transform"}],"nm":"Shape 1","np":3,"cix":2,"ix":1,"mn":"ADBE Vector Group"}],"ip":0,"op":420.000017106951,"st":0,"bm":0,"sr":1}]}],"layers":[{"ddd":0,"ind":1,"ty":4,"nm":"Bolt","ks":{"o":{"a":0,"k":100},"r":{"a":0,"k":0},"p":{"a":0,"k":[400,300,0]},"a":{"a":0,"k":[0,0,0]},"s":{"a":1,"k":[{"i":{"x":[0.667,0.667,0.667],"y":[1,1,0.667]},"o":{"x":[0.333,0.333,0.333],"y":[0,0,0.333]},"n":["0p667_1_0p333_0","0p667_1_0p333_0","0p667_0p667_0p333_0p333"],"t":100,"s":[0,0,100],"e":[110,110,100]},{"i":{"x":[0.667,0.667,0.667],"y":[1,1,0.667]},"o":{"x":[0.333,0.333,0.333],"y":[0,0,0.333]},"n":["0p667_1_0p333_0","0p667_1_0p333_0","0p667_0p667_0p333_0p333"],"t":105,"s":[110,110,100],"e":[90,90,100]},{"i":{"x":[0.667,0.667,0.667],"y":[1,1,0.667]},"o":{"x":[0.333,0.333,0.333],"y":[0,0,0.333]},"n":["0p667_1_0p333_0","0p667_1_0p333_0","0p667_0p667_0p333_0p333"],"t":110,"s":[90,90,100],"e":[100,100,100]},{"i":{"x":[0.833,0.833,0.833],"y":[0.833,0.833,0.833]},"o":{"x":[0.167,0.167,0.167],"y":[0.167,0.167,0.167]},"n":["0p833_0p833_0p167_0p167","0p833_0p833_0p167_0p167","0p833_0p833_0p167_0p167"],"t":113,"s":[100,100,100],"e":[100,100,100]},{"i":{"x":[0.833,0.833,0.833],"y":[1,1,0.833]},"o":{"x":[0.167,0.167,0.167],"y":[0,0,0.167]},"n":["0p833_1_0p167_0","0p833_1_0p167_0","0p833_0p833_0p167_0p167"],"t":300,"s":[100,100,100],"e":[0,0,100]},{"t":303.000012341443}]}},"ao":0,"shapes":[{"ty":"gr","it":[{"ind":0,"ty":"sh","ix":1,"ks":{"a":0,"k":{"i":[[3.058,0],[0,0],[0,0],[2.083,0],[0,0],[1.017,-1.848],[0,0],[-3.063,0],[0,0],[0,0],[-2.466,0],[0,0],[-1.012,1.881],[0,0]],"o":[[0,0],[0,0],[0,-2.47],[0,0],[-1.342,0],[0,0],[-0.986,2.9],[0,0],[0,0],[0,2.466],[0,0],[1.465,0],[0,0],[0.984,-2.896]],"v":[[18.085,-10.833],[5.015,-10.833],[5.015,-34.361],[2.543,-38.833],[2.218,-38.833],[-1.016,-35.8],[-22.31,3.923],[-18.076,9.833],[-5.016,9.833],[-5.016,34.369],[-2.552,38.833],[-2.215,38.833],[1.013,35.805],[22.312,-4.932]],"c":true}},"nm":"Path 1","mn":"ADBE Vector Shape - Group"},{"ty":"fl","c":{"a":0,"k":[0.1058824,0.1058824,0.1058824,1]},"o":{"a":0,"k":100},"r":1,"nm":"Fill 1","mn":"ADBE Vector Graphic - Fill"},{"ty":"tr","p":{"a":0,"k":[0,0],"ix":2},"a":{"a":0,"k":[0,0],"ix":1},"s":{"a":0,"k":[100,100],"ix":3},"r":{"a":0,"k":0,"ix":6},"o":{"a":0,"k":100,"ix":7},"sk":{"a":0,"k":0,"ix":4},"sa":{"a":0,"k":0,"ix":5},"nm":"Transform"}],"nm":"Shape 1","np":3,"cix":2,"ix":1,"mn":"ADBE Vector Group"}],"ip":0,"op":420.000017106951,"st":0,"bm":0,"sr":1},{"ddd":0,"ind":2,"ty":4,"nm":"Bolt Mask","td":1,"ks":{"o":{"a":0,"k":100},"r":{"a":0,"k":0},"p":{"a":0,"k":[400,300,0]},"a":{"a":0,"k":[0,0,0]},"s":{"a":1,"k":[{"i":{"x":[0.667,0.667,0.667],"y":[1,1,0.667]},"o":{"x":[0.333,0.333,0.333],"y":[0,0,0.333]},"n":["0p667_1_0p333_0","0p667_1_0p333_0","0p667_0p667_0p333_0p333"],"t":100,"s":[0,0,100],"e":[120,120,100]},{"i":{"x":[0.667,0.667,0.667],"y":[1,1,0.667]},"o":{"x":[0.333,0.333,0.333],"y":[0,0,0.333]},"n":["0p667_1_0p333_0","0p667_1_0p333_0","0p667_0p667_0p333_0p333"],"t":105,"s":[120,120,100],"e":[100,100,100]},{"i":{"x":[0.667,0.667,0.667],"y":[1,1,0.667]},"o":{"x":[0.333,0.333,0.333],"y":[0,0,0.333]},"n":["0p667_1_0p333_0","0p667_1_0p333_0","0p667_0p667_0p333_0p333"],"t":110,"s":[100,100,100],"e":[110,110,100]},{"i":{"x":[0.833,0.833,0.833],"y":[0.833,0.833,0.833]},"o":{"x":[0.167,0.167,0.167],"y":[0.167,0.167,0.167]},"n":["0p833_0p833_0p167_0p167","0p833_0p833_0p167_0p167","0p833_0p833_0p167_0p167"],"t":113,"s":[110,110,100],"e":[110,110,100]},{"i":{"x":[0.833,0.833,0.833],"y":[1,1,0.833]},"o":{"x":[0.167,0.167,0.167],"y":[0,0,0.167]},"n":["0p833_1_0p167_0","0p833_1_0p167_0","0p833_0p833_0p167_0p167"],"t":300,"s":[110,110,100],"e":[0,0,100]},{"t":303.000012341443}]}},"ao":0,"shapes":[{"ty":"gr","it":[{"ind":0,"ty":"sh","ix":1,"ks":{"a":0,"k":{"i":[[1.773,2.475],[3.045,0],[0,0],[0,0],[0.639,1.672],[3.195,0],[0,0],[0.623,-2.597],[0.033,-0.129],[0,0],[0,0],[-1.775,-2.477],[-3.047,0],[0,0],[0,0],[-0.637,-1.668],[-3.194,0],[0,0],[-1.124,4.704],[-0.036,0.137],[0,0],[0,0]],"o":[[-1.772,-2.475],[0,0],[0,0],[0,-1.535],[-1.083,-2.833],[0,0],[-4.47,0],[-0.028,0.116],[0,0],[0,0],[-0.98,2.885],[1.774,2.478],[0,0],[0,0],[0,1.532],[1.081,2.833],[0,0],[2.466,0],[0.028,-0.121],[0,0],[0,0],[0.979,-2.883]],"v":[[25.777,-11.881],[18.084,-15.833],[10.014,-15.833],[10.014,-34.362],[9.375,-39.308],[2.542,-43.833],[2.218,-43.833],[-4.555,-38.14],[-4.644,-37.772],[-26.897,1.877],[-27.045,2.314],[-25.776,10.877],[-18.077,14.833],[-10.017,14.833],[-10.017,34.371],[-9.38,39.309],[-2.552,43.833],[-2.215,43.833],[4.552,38.142],[4.646,37.754],[26.906,-2.913],[27.046,-3.324]],"c":true}},"nm":"Path 1","mn":"ADBE Vector Shape - Group"},{"ty":"fl","c":{"a":0,"k":[0.1058824,0.1058824,0.1058824,1]},"o":{"a":0,"k":100},"r":1,"nm":"Fill 1","mn":"ADBE Vector Graphic - Fill"},{"ty":"tr","p":{"a":0,"k":[0,0],"ix":2},"a":{"a":0,"k":[0,0],"ix":1},"s":{"a":0,"k":[100,100],"ix":3},"r":{"a":0,"k":0,"ix":6},"o":{"a":0,"k":100,"ix":7},"sk":{"a":0,"k":0,"ix":4},"sa":{"a":0,"k":0,"ix":5},"nm":"Transform"}],"nm":"Shape 1","np":3,"cix":2,"ix":1,"mn":"ADBE Vector Group"}],"ip":0,"op":420.000017106951,"st":0,"bm":0,"sr":1},{"ddd":0,"ind":3,"ty":0,"nm":"Battery","tt":2,"refId":"comp_0","ks":{"o":{"a":0,"k":100},"r":{"a":0,"k":0},"p":{"a":0,"k":[400,300,0]},"a":{"a":0,"k":[400,300,0]},"s":{"a":0,"k":[100,100,100]}},"ao":0,"w":800,"h":600,"ip":0,"op":420.000017106951,"st":0,"bm":0,"sr":1}]}