{"v":"5.1.1","fr":60,"ip":0,"op":240,"w":750,"h":750,"nm":"playIcon","ddd":0,"assets":[{"id":"image_0","w":1389,"h":1479,"u":"images/","p":"img_0.png"}],"layers":[{"ddd":0,"ind":1,"ty":4,"nm":"Shape Layer 6","sr":1,"ks":{"o":{"a":1,"k":[{"i":{"x":[0.667],"y":[1]},"o":{"x":[0.167],"y":[0.167]},"n":["0p667_1_0p167_0p167"],"t":140.109,"s":[0],"e":[100]},{"i":{"x":[0.667],"y":[1]},"o":{"x":[0.167],"y":[0]},"n":["0p667_1_0p167_0"],"t":142.111,"s":[100],"e":[100]},{"i":{"x":[0.667],"y":[1]},"o":{"x":[0.167],"y":[0.167]},"n":["0p667_1_0p167_0p167"],"t":158.129,"s":[100],"e":[0]},{"t":166.13671875}],"ix":11},"r":{"a":0,"k":0,"ix":10},"p":{"a":1,"k":[{"i":{"x":0.667,"y":1},"o":{"x":0.167,"y":0.167},"n":"0p667_1_0p167_0p167","t":140.109,"s":[290.375,172.5,0],"e":[295.75,169.375,0],"to":[0.89583331346512,-0.52083331346512,0],"ti":[-4.1875,5.00000041370185e-11,0]},{"i":{"x":0.667,"y":1},"o":{"x":0.167,"y":0.167},"n":"0p667_1_0p167_0p167","t":152.123,"s":[295.75,169.375,0],"e":[299.25,164.5,0],"to":[1.67113196849823,-1.9953816376983e-11,0],"ti":[-0.29477804899216,0.83520448207855,0]},{"t":166.13671875}],"ix":2},"a":{"a":0,"k":[0,0,0],"ix":1},"s":{"a":1,"k":[{"i":{"x":[0.667,0.667,0.667],"y":[1,1,1]},"o":{"x":[0.167,0.167,0.167],"y":[0.167,0.167,-3.117]},"n":["0p667_1_0p167_0p167","0p667_1_0p167_0p167","0p667_1_0p167_-3p117"],"t":140.109,"s":[14.779,14.779,100],"e":[15.779,15.779,100]},{"t":152.123046875}],"ix":6}},"ao":0,"shapes":[{"ty":"gr","it":[{"d":1,"ty":"el","s":{"a":0,"k":[27.484,27.484],"ix":2},"p":{"a":0,"k":[0,0],"ix":3},"nm":"Ellipse Path 1","mn":"ADBE Vector Shape - Ellipse","hd":false},{"ty":"st","c":{"a":0,"k":[0,0.741175991881,0.839215985466,1],"ix":3},"o":{"a":0,"k":100,"ix":4},"w":{"a":0,"k":3,"ix":5},"lc":1,"lj":1,"ml":4,"nm":"Stroke 1","mn":"ADBE Vector Graphic - Stroke","hd":false},{"ty":"fl","c":{"a":0,"k":[0,0.741175991881,0.839215985466,1],"ix":4},"o":{"a":0,"k":100,"ix":5},"r":1,"nm":"Fill 1","mn":"ADBE Vector Graphic - Fill","hd":false},{"ty":"tr","p":{"a":0,"k":[-1,0],"ix":2},"a":{"a":0,"k":[0,0],"ix":1},"s":{"a":0,"k":[100,100],"ix":3},"r":{"a":0,"k":0,"ix":6},"o":{"a":0,"k":100,"ix":7},"sk":{"a":0,"k":0,"ix":4},"sa":{"a":0,"k":0,"ix":5},"nm":"Transform"}],"nm":"Ellipse 1","np":3,"cix":2,"ix":1,"mn":"ADBE Vector Group","hd":false}],"ip":30,"op":210.18018018018,"st":30,"bm":0},{"ddd":0,"ind":2,"ty":4,"nm":"Shape Layer 5","sr":1,"ks":{"o":{"a":1,"k":[{"i":{"x":[0.833],"y":[0.833]},"o":{"x":[0.167],"y":[0.167]},"n":["0p833_0p833_0p167_0p167"],"t":136.105,"s":[0],"e":[100]},{"i":{"x":[0.833],"y":[0.833]},"o":{"x":[0.167],"y":[0.167]},"n":["0p833_0p833_0p167_0p167"],"t":138.107,"s":[100],"e":[100]},{"i":{"x":[0.833],"y":[0.833]},"o":{"x":[0.167],"y":[0.167]},"n":["0p833_0p833_0p167_0p167"],"t":154.125,"s":[100],"e":[0]},{"t":162.1328125}],"ix":11},"r":{"a":0,"k":0,"ix":10},"p":{"a":1,"k":[{"i":{"x":0.833,"y":0.833},"o":{"x":0.167,"y":0.167},"n":"0p833_0p833_0p167_0p167","t":136.105,"s":[287.375,183.25,0],"e":[294.25,178.875,0],"to":[1.14583337306976,-0.72916668653488,0],"ti":[-4.1875,5.00000041370185e-11,0]},{"i":{"x":0.833,"y":0.833},"o":{"x":0.167,"y":0.167},"n":"0p833_0p833_0p167_0p167","t":148.117,"s":[294.25,178.875,0],"e":[301.5,180.5,0],"to":[1.67113196849823,-1.9953816376983e-11,0],"ti":[-0.29477804899216,0.83520448207855,0]},{"t":162.1328125}],"ix":2},"a":{"a":0,"k":[0,0,0],"ix":1},"s":{"a":1,"k":[{"i":{"x":[0.833,0.833,0.833],"y":[0.833,0.833,0.833]},"o":{"x":[0.167,0.167,0.167],"y":[0.167,0.167,0.167]},"n":["0p833_0p833_0p167_0p167","0p833_0p833_0p167_0p167","0p833_0p833_0p167_0p167"],"t":136.105,"s":[14.779,14.779,100],"e":[15.779,15.779,100]},{"t":148.1171875}],"ix":6}},"ao":0,"shapes":[{"ty":"gr","it":[{"d":1,"ty":"el","s":{"a":0,"k":[27.484,27.484],"ix":2},"p":{"a":0,"k":[0,0],"ix":3},"nm":"Ellipse Path 1","mn":"ADBE Vector Shape - Ellipse","hd":false},{"ty":"st","c":{"a":0,"k":[0,0.741175991881,0.839215985466,1],"ix":3},"o":{"a":0,"k":100,"ix":4},"w":{"a":0,"k":3,"ix":5},"lc":1,"lj":1,"ml":4,"nm":"Stroke 1","mn":"ADBE Vector Graphic - Stroke","hd":false},{"ty":"fl","c":{"a":0,"k":[0,0.741175991881,0.839215985466,1],"ix":4},"o":{"a":0,"k":100,"ix":5},"r":1,"nm":"Fill 1","mn":"ADBE Vector Graphic - Fill","hd":false},{"ty":"tr","p":{"a":0,"k":[-1,0],"ix":2},"a":{"a":0,"k":[0,0],"ix":1},"s":{"a":0,"k":[100,100],"ix":3},"r":{"a":0,"k":0,"ix":6},"o":{"a":0,"k":100,"ix":7},"sk":{"a":0,"k":0,"ix":4},"sa":{"a":0,"k":0,"ix":5},"nm":"Transform"}],"nm":"Ellipse 1","np":3,"cix":2,"ix":1,"mn":"ADBE Vector Group","hd":false}],"ip":30,"op":210.18018018018,"st":30,"bm":0},{"ddd":0,"ind":3,"ty":4,"nm":"Shape Layer 4","sr":1,"ks":{"o":{"a":1,"k":[{"i":{"x":[0.833],"y":[0.833]},"o":{"x":[0.167],"y":[0.167]},"n":["0p833_0p833_0p167_0p167"],"t":130.1,"s":[0],"e":[100]},{"i":{"x":[0.833],"y":[0.833]},"o":{"x":[0.167],"y":[0.167]},"n":["0p833_0p833_0p167_0p167"],"t":132.102,"s":[100],"e":[100]},{"i":{"x":[0.833],"y":[0.833]},"o":{"x":[0.167],"y":[0.167]},"n":["0p833_0p833_0p167_0p167"],"t":148.117,"s":[100],"e":[0]},{"t":156.126953125}],"ix":11},"r":{"a":0,"k":0,"ix":10},"p":{"a":1,"k":[{"i":{"x":0.833,"y":0.833},"o":{"x":0.167,"y":0.167},"n":"0p833_0p833_0p167_0p167","t":130.1,"s":[287.375,183.25,0],"e":[283.25,175.125,0],"to":[-0.6875,-1.35416662693024,0],"ti":[0.14583332836628,2.45833325386047,0]},{"i":{"x":0.833,"y":0.833},"o":{"x":0.167,"y":0.167},"n":"0p833_0p833_0p167_0p167","t":142.111,"s":[283.25,175.125,0],"e":[286.5,168.5,0],"to":[-0.14583332836628,-2.45833325386047,0],"ti":[-0.54166668653488,1.10416662693024,0]},{"t":156.126953125}],"ix":2},"a":{"a":0,"k":[0,0,0],"ix":1},"s":{"a":1,"k":[{"i":{"x":[0.833,0.833,0.833],"y":[0.833,0.833,0.833]},"o":{"x":[0.167,0.167,0.167],"y":[0.167,0.167,0.167]},"n":["0p833_0p833_0p167_0p167","0p833_0p833_0p167_0p167","0p833_0p833_0p167_0p167"],"t":130.1,"s":[14.779,14.779,100],"e":[23,23,100]},{"t":142.111328125}],"ix":6}},"ao":0,"shapes":[{"ty":"gr","it":[{"d":1,"ty":"el","s":{"a":0,"k":[27.484,27.484],"ix":2},"p":{"a":0,"k":[0,0],"ix":3},"nm":"Ellipse Path 1","mn":"ADBE Vector Shape - Ellipse","hd":false},{"ty":"st","c":{"a":0,"k":[0,0.741175991881,0.839215985466,1],"ix":3},"o":{"a":0,"k":100,"ix":4},"w":{"a":0,"k":3,"ix":5},"lc":1,"lj":1,"ml":4,"nm":"Stroke 1","mn":"ADBE Vector Graphic - Stroke","hd":false},{"ty":"fl","c":{"a":0,"k":[0,0.741175991881,0.839215985466,1],"ix":4},"o":{"a":0,"k":100,"ix":5},"r":1,"nm":"Fill 1","mn":"ADBE Vector Graphic - Fill","hd":false},{"ty":"tr","p":{"a":0,"k":[-1,0],"ix":2},"a":{"a":0,"k":[0,0],"ix":1},"s":{"a":0,"k":[100,100],"ix":3},"r":{"a":0,"k":0,"ix":6},"o":{"a":0,"k":100,"ix":7},"sk":{"a":0,"k":0,"ix":4},"sa":{"a":0,"k":0,"ix":5},"nm":"Transform"}],"nm":"Ellipse 1","np":3,"cix":2,"ix":1,"mn":"ADBE Vector Group","hd":false}],"ip":30,"op":210.18018018018,"st":30,"bm":0},{"ddd":0,"ind":4,"ty":2,"nm":"graphic.png","cl":"png","refId":"image_0","sr":1,"ks":{"o":{"a":1,"k":[{"i":{"x":[0.667],"y":[1]},"o":{"x":[0.333],"y":[0]},"n":["0p667_1_0p333_0"],"t":136.105,"s":[0],"e":[100]},{"i":{"x":[0.609],"y":[1]},"o":{"x":[0.16],"y":[0]},"n":["0p609_1_0p16_0"],"t":176.146,"s":[100],"e":[75]},{"t":196.166015625}],"ix":11},"r":{"a":0,"k":0,"ix":10},"p":{"a":0,"k":[375,379,0],"ix":2},"a":{"a":0,"k":[694.5,739.5,0],"ix":1},"s":{"a":0,"k":[32.695,32.695,100],"ix":6}},"ao":0,"hasMask":true,"masksProperties":[{"inv":false,"mode":"a","pt":{"a":1,"k":[{"i":{"x":0.667,"y":1},"o":{"x":0.167,"y":0.167},"n":"0p667_1_0p167_0p167","t":136.002,"s":[{"i":[[103.558,0],[0,-102.987],[-103.557,0],[0,102.987]],"o":[[-103.558,0],[0,102.987],[103.557,0],[0,-102.987]],"v":[[699.685,526.077],[512.177,712.55],[699.685,899.024],[887.193,712.55]],"c":true}],"e":[{"i":[[236.734,-2.342],[-1.341,-224.049],[-236.734,2.342],[1.341,224.049]],"o":[[-236.734,2.342],[1.341,224.049],[236.734,-2.342],[-1.341,-224.049]],"v":[[1117.076,-16.693],[690.861,393.224],[1121.934,794.659],[1548.149,384.742]],"c":true}]},{"t":196.001953125}],"ix":1},"o":{"a":1,"k":[{"i":{"x":[0.667],"y":[1]},"o":{"x":[0.167],"y":[0.167]},"n":["0p667_1_0p167_0p167"],"t":136.002,"s":[0],"e":[99]},{"t":196.001953125}],"ix":3},"x":{"a":0,"k":0,"ix":4},"nm":"Mask 1"},{"inv":false,"mode":"a","pt":{"a":1,"k":[{"i":{"x":0.667,"y":1},"o":{"x":0.167,"y":0.167},"n":"0p667_1_0p167_0p167","t":138,"s":[{"i":[[103.558,0],[0,-102.987],[-103.557,0],[0,102.987]],"o":[[-103.558,0],[0,102.987],[103.557,0],[0,-102.987]],"v":[[699.685,526.077],[512.177,712.55],[699.685,899.024],[887.193,712.55]],"c":true}],"e":[{"i":[[236.734,-2.342],[-1.341,-224.049],[-236.734,2.342],[1.341,224.049]],"o":[[-236.734,2.342],[1.341,224.049],[236.734,-2.342],[-1.341,-224.049]],"v":[[477.076,-16.693],[50.861,393.224],[481.934,794.659],[908.149,384.742]],"c":true}]},{"t":198}],"ix":1},"o":{"a":1,"k":[{"i":{"x":[0.667],"y":[1]},"o":{"x":[0.167],"y":[0.167]},"n":["0p667_1_0p167_0p167"],"t":138,"s":[0],"e":[99]},{"t":198}],"ix":3},"x":{"a":0,"k":0,"ix":4},"nm":"Mask 2"},{"inv":false,"mode":"a","pt":{"a":1,"k":[{"i":{"x":0.667,"y":1},"o":{"x":0.167,"y":0.167},"n":"0p667_1_0p167_0p167","t":140,"s":[{"i":[[103.558,0],[0,-102.987],[-103.557,0],[0,102.987]],"o":[[-103.558,0],[0,102.987],[103.557,0],[0,-102.987]],"v":[[699.685,526.077],[512.177,712.55],[699.685,899.024],[887.193,712.55]],"c":true}],"e":[{"i":[[236.734,-2.342],[-1.341,-224.049],[-236.734,2.342],[1.341,224.049]],"o":[[-236.734,2.342],[1.341,224.049],[236.734,-2.342],[-1.341,-224.049]],"v":[[267.076,563.307],[-159.139,973.224],[271.934,1374.659],[698.149,964.742]],"c":true}]},{"t":200}],"ix":1},"o":{"a":1,"k":[{"i":{"x":[0.667],"y":[1]},"o":{"x":[0.167],"y":[0.167]},"n":["0p667_1_0p167_0p167"],"t":140,"s":[0],"e":[99]},{"t":200}],"ix":3},"x":{"a":0,"k":0,"ix":4},"nm":"Mask 3"},{"inv":false,"mode":"a","pt":{"a":1,"k":[{"i":{"x":0.667,"y":1},"o":{"x":0.167,"y":0.167},"n":"0p667_1_0p167_0p167","t":143,"s":[{"i":[[103.558,0],[0,-102.987],[-103.557,0],[0,102.987]],"o":[[-103.558,0],[0,102.987],[103.557,0],[0,-102.987]],"v":[[699.685,526.077],[512.177,712.55],[699.685,899.024],[887.193,712.55]],"c":true}],"e":[{"i":[[236.734,-2.342],[-1.341,-224.049],[-236.734,2.342],[1.341,224.049]],"o":[[-236.734,2.342],[1.341,224.049],[236.734,-2.342],[-1.341,-224.049]],"v":[[557.076,1023.307],[130.861,1433.224],[561.934,1834.659],[988.149,1424.742]],"c":true}]},{"t":203}],"ix":1},"o":{"a":1,"k":[{"i":{"x":[0.667],"y":[1]},"o":{"x":[0.167],"y":[0.167]},"n":["0p667_1_0p167_0p167"],"t":143,"s":[0],"e":[99]},{"t":203}],"ix":3},"x":{"a":0,"k":0,"ix":4},"nm":"Mask 4"},{"inv":false,"mode":"a","pt":{"a":1,"k":[{"i":{"x":0.667,"y":1},"o":{"x":0.167,"y":0.167},"n":"0p667_1_0p167_0p167","t":140,"s":[{"i":[[103.558,0],[0,-102.987],[-103.557,0],[0,102.987]],"o":[[-103.558,0],[0,102.987],[103.557,0],[0,-102.987]],"v":[[699.685,526.077],[512.177,712.55],[699.685,899.024],[887.193,712.55]],"c":true}],"e":[{"i":[[236.734,-2.342],[-1.341,-224.049],[-236.734,2.342],[1.341,224.049]],"o":[[-236.734,2.342],[1.341,224.049],[236.734,-2.342],[-1.341,-224.049]],"v":[[957.076,823.307],[530.861,1233.224],[961.934,1634.659],[1388.149,1224.742]],"c":true}]},{"t":200}],"ix":1},"o":{"a":1,"k":[{"i":{"x":[0.667],"y":[1]},"o":{"x":[0.167],"y":[0.167]},"n":["0p667_1_0p167_0p167"],"t":140,"s":[0],"e":[99]},{"t":200}],"ix":3},"x":{"a":0,"k":0,"ix":4},"nm":"Mask 5"},{"inv":false,"mode":"a","pt":{"a":1,"k":[{"i":{"x":0.667,"y":1},"o":{"x":0.167,"y":0.167},"n":"0p667_1_0p167_0p167","t":136.002,"s":[{"i":[[103.558,0],[0,-102.987],[-103.557,0],[0,102.987]],"o":[[-103.558,0],[0,102.987],[103.557,0],[0,-102.987]],"v":[[699.685,526.077],[512.177,712.55],[699.685,899.024],[887.193,712.55]],"c":true}],"e":[{"i":[[236.734,-2.342],[-1.341,-224.049],[-236.734,2.342],[1.341,224.048]],"o":[[-236.734,2.342],[1.341,224.049],[236.734,-2.342],[-1.341,-224.049]],"v":[[1217.076,523.307],[790.861,933.224],[1221.934,1334.659],[1648.149,924.742]],"c":true}]},{"t":196.001953125}],"ix":1},"o":{"a":1,"k":[{"i":{"x":[0.667],"y":[1]},"o":{"x":[0.167],"y":[0.167]},"n":["0p667_1_0p167_0p167"],"t":136.002,"s":[0],"e":[99]},{"t":196.001953125}],"ix":3},"x":{"a":0,"k":0,"ix":4},"nm":"Mask 6"}],"ip":30,"op":241,"st":30,"bm":0},{"ddd":0,"ind":5,"ty":4,"nm":"logo shape","sr":1,"ks":{"o":{"a":1,"k":[{"i":{"x":[0.833],"y":[0.833]},"o":{"x":[0.167],"y":[0.167]},"n":["0p833_0p833_0p167_0p167"],"t":30,"s":[0],"e":[100]},{"t":90.060546875}],"ix":11},"r":{"a":0,"k":0,"ix":10},"p":{"a":0,"k":[375.5,405.5,0],"ix":2},"a":{"a":0,"k":[0,0,0],"ix":1},"s":{"a":0,"k":[100,100,100],"ix":6}},"ao":0,"shapes":[{"ty":"gr","it":[{"ind":0,"ty":"sh","ix":1,"ks":{"a":0,"k":{"i":[[6.367,3.644],[0,-35.75],[0.117,-15.856],[-24.617,12.856],[-6.983,4.194],[20.883,13.856]],"o":[[-6.367,-3.644],[0,29.5],[-0.117,18.856],[18.883,-11.894],[11.383,-6.644],[-24.686,-15.359]],"v":[[-88,-234],[-128,-208.5],[-128,106],[-82.5,131.5],[169,-29],[168,-71]],"c":true},"ix":2},"nm":"Path 1","mn":"ADBE Vector Shape - Group","hd":false},{"ty":"st","c":{"a":0,"k":[0,0.741176470588,0.839215686275,1],"ix":3},"o":{"a":0,"k":100,"ix":4},"w":{"a":1,"k":[{"i":{"x":[0.667],"y":[1]},"o":{"x":[0.333],"y":[0]},"n":["0p667_1_0p333_0"],"t":30,"s":[0],"e":[2]},{"i":{"x":[0.667],"y":[1]},"o":{"x":[0.333],"y":[0.53]},"n":["0p667_1_0p333_0p53"],"t":42.012,"s":[2],"e":[8]},{"i":{"x":[0.833],"y":[1]},"o":{"x":[0.167],"y":[0]},"n":["0p833_1_0p167_0"],"t":136.105,"s":[8],"e":[0]},{"t":208.177734375}],"ix":5},"lc":2,"lj":1,"ml":4,"nm":"Stroke 1","mn":"ADBE Vector Graphic - Stroke","hd":false},{"ty":"tr","p":{"a":0,"k":[0.117,17.144],"ix":2},"a":{"a":0,"k":[0,0],"ix":1},"s":{"a":0,"k":[100,100],"ix":3},"r":{"a":0,"k":0,"ix":6},"o":{"a":0,"k":100,"ix":7},"sk":{"a":0,"k":0,"ix":4},"sa":{"a":0,"k":0,"ix":5},"nm":"Transform"}],"nm":"Shape 1","np":3,"cix":2,"ix":1,"mn":"ADBE Vector Group","hd":false},{"ty":"tm","s":{"a":1,"k":[{"i":{"x":[0.667],"y":[1]},"o":{"x":[0.333],"y":[0]},"n":["0p667_1_0p333_0"],"t":30,"s":[100],"e":[0]},{"t":136.10546875}],"ix":1},"e":{"a":0,"k":100,"ix":2},"o":{"a":1,"k":[{"i":{"x":[0.667],"y":[1]},"o":{"x":[0.333],"y":[0]},"n":["0p667_1_0p333_0"],"t":30,"s":[360],"e":[0]},{"t":96.06640625}],"ix":3},"m":1,"ix":2,"nm":"Trim Paths 1","mn":"ADBE Vector Filter - Trim","hd":false}],"ip":30,"op":210.18018018018,"st":30,"bm":0}],"markers":[]}