{"v":"5.1.1","fr":29.9700012207031,"ip":0,"op":227.0000092459,"w":1080,"h":1080,"nm":"Comp 1","ddd":0,"assets":[{"id":"image_0","w":385,"h":385,"u":"images/","p":"img_0.png"},{"id":"image_1","w":52,"h":63,"u":"images/","p":"img_1.png"},{"id":"image_2","w":25,"h":31,"u":"images/","p":"img_2.png"},{"id":"image_3","w":36,"h":36,"u":"images/","p":"img_3.png"},{"id":"image_4","w":36,"h":36,"u":"images/","p":"img_4.png"},{"id":"image_5","w":52,"h":63,"u":"images/","p":"img_5.png"},{"id":"image_6","w":25,"h":31,"u":"images/","p":"img_6.png"},{"id":"image_7","w":25,"h":31,"u":"images/","p":"img_7.png"},{"id":"comp_0","layers":[{"ddd":0,"ind":1,"ty":2,"nm":"phonepe.png","cl":"png","refId":"image_0","sr":1,"ks":{"o":{"a":0,"k":100,"ix":11},"r":{"a":0,"k":0,"ix":10},"p":{"a":0,"k":[540,540,0],"ix":2},"a":{"a":0,"k":[192.5,192.5,0],"ix":1},"s":{"a":0,"k":[240,240,100],"ix":6}},"ao":0,"ip":0,"op":900.000036657751,"st":0,"bm":0},{"ddd":0,"ind":2,"ty":4,"nm":"Shape Layer 1","sr":1,"ks":{"o":{"a":0,"k":100,"ix":11},"r":{"a":0,"k":0,"ix":10},"p":{"a":0,"k":[540,540,0],"ix":2},"a":{"a":0,"k":[0,0,0],"ix":1},"s":{"a":0,"k":[980,980,100],"ix":6}},"ao":0,"shapes":[{"d":1,"ty":"el","s":{"a":0,"k":[100,100],"ix":2},"p":{"a":0,"k":[0,0],"ix":3},"nm":"Ellipse Path 1","mn":"ADBE Vector Shape - Ellipse","hd":false},{"ty":"tm","s":{"a":0,"k":0,"ix":1},"e":{"a":1,"k":[{"i":{"x":[0.5],"y":[1]},"o":{"x":[0.672],"y":[0]},"n":["0p5_1_0p672_0"],"t":3,"s":[0],"e":[100]},{"t":34.0000013848484}],"ix":2},"o":{"a":0,"k":0,"ix":3},"m":1,"ix":2,"nm":"Trim Paths 1","mn":"ADBE Vector Filter - Trim","hd":false},{"ty":"st","c":{"a":0,"k":[0.258823529412,0.576470588235,0.129411764706,1],"ix":3},"o":{"a":0,"k":100,"ix":4},"w":{"a":0,"k":10,"ix":5},"lc":1,"lj":1,"ml":4,"nm":"Stroke 1","mn":"ADBE Vector Graphic - Stroke","hd":false}],"ip":0,"op":900.000036657751,"st":0,"bm":0}]},{"id":"comp_1","layers":[{"ddd":0,"ind":1,"ty":2,"nm":"blue-squiggle.ai","cl":"ai","refId":"image_1","sr":1,"ks":{"o":{"a":0,"k":100,"ix":11},"r":{"a":0,"k":-40,"ix":10},"p":{"a":1,"k":[{"i":{"x":0,"y":1},"o":{"x":0.151,"y":0.283},"n":"0_1_0p151_0p283","t":3,"s":[668,449,0],"e":[944,725,0],"to":[46,46,0],"ti":[-46,-46,0]},{"t":14.0000005702317}],"ix":2},"a":{"a":0,"k":[26,31.5,0],"ix":1},"s":{"a":0,"k":[100,100,100],"ix":6}},"ao":0,"ip":0,"op":900.000036657751,"st":0,"bm":0},{"ddd":0,"ind":2,"ty":2,"nm":"yellow-semi.ai","cl":"ai","refId":"image_2","sr":1,"ks":{"o":{"a":0,"k":100,"ix":11},"r":{"a":0,"k":0,"ix":10},"p":{"a":1,"k":[{"i":{"x":0,"y":1},"o":{"x":0.151,"y":0.66},"n":"0_1_0p151_0p66","t":3,"s":[534,186,0],"e":[514,20,0],"to":[-3.33333325386047,-27.6666660308838,0],"ti":[3.33333325386047,27.6666660308838,0]},{"t":14.0000005702317}],"ix":2},"a":{"a":0,"k":[12.5,15.5,0],"ix":1},"s":{"a":0,"k":[100,100,100],"ix":6}},"ao":0,"ip":0,"op":900.000036657751,"st":0,"bm":0},{"ddd":0,"ind":3,"ty":2,"nm":"blue-circle.ai","cl":"ai","refId":"image_3","sr":1,"ks":{"o":{"a":0,"k":100,"ix":11},"r":{"a":0,"k":0,"ix":10},"p":{"a":1,"k":[{"i":{"x":0,"y":1},"o":{"x":0.151,"y":0.206},"n":"0_1_0p151_0p206","t":3,"s":[392,552,0],"e":[102,1002,0],"to":[-48.3333320617676,75,0],"ti":[48.3333320617676,-75,0]},{"t":14.0000005702317}],"ix":2},"a":{"a":0,"k":[18,18,0],"ix":1},"s":{"a":0,"k":[100,100,100],"ix":6}},"ao":0,"ip":0,"op":900.000036657751,"st":0,"bm":0},{"ddd":0,"ind":4,"ty":2,"nm":"blue-circle.ai","cl":"ai","refId":"image_3","sr":1,"ks":{"o":{"a":0,"k":100,"ix":11},"r":{"a":0,"k":0,"ix":10},"p":{"a":1,"k":[{"i":{"x":0,"y":1},"o":{"x":0.151,"y":0.599},"n":"0_1_0p151_0p599","t":3,"s":[632,194,0],"e":[716,30,0],"to":[14,-27.3333339691162,0],"ti":[-14,27.3333339691162,0]},{"t":14.0000005702317}],"ix":2},"a":{"a":0,"k":[18,18,0],"ix":1},"s":{"a":0,"k":[100,100,100],"ix":6}},"ao":0,"ip":0,"op":900.000036657751,"st":0,"bm":0},{"ddd":0,"ind":5,"ty":2,"nm":"blue-circle.ai","cl":"ai","refId":"image_3","sr":1,"ks":{"o":{"a":0,"k":100,"ix":11},"r":{"a":0,"k":0,"ix":10},"p":{"a":1,"k":[{"i":{"x":0,"y":1},"o":{"x":0.151,"y":0.429},"n":"0_1_0p151_0p429","t":3,"s":[278,320,0],"e":[22,342,0],"to":[-42.6666679382324,3.66666674613953,0],"ti":[42.6666679382324,-3.66666674613953,0]},{"t":14.0000005702317}],"ix":2},"a":{"a":0,"k":[18,18,0],"ix":1},"s":{"a":0,"k":[100,100,100],"ix":6}},"ao":0,"ip":0,"op":900.000036657751,"st":0,"bm":0},{"ddd":0,"ind":6,"ty":2,"nm":"blue-circle.ai","cl":"ai","refId":"image_3","sr":1,"ks":{"o":{"a":0,"k":100,"ix":11},"r":{"a":0,"k":0,"ix":10},"p":{"a":1,"k":[{"i":{"x":0,"y":1},"o":{"x":0.151,"y":0.438},"n":"0_1_0p151_0p438","t":3,"s":[776,316,0],"e":[1026,344,0],"to":[41.6666679382324,4.66666650772095,0],"ti":[-41.6666679382324,-4.66666650772095,0]},{"t":14.0000005702317}],"ix":2},"a":{"a":0,"k":[18,18,0],"ix":1},"s":{"a":0,"k":[100,100,100],"ix":6}},"ao":0,"ip":0,"op":900.000036657751,"st":0,"bm":0},{"ddd":0,"ind":7,"ty":2,"nm":"blue-squiggle.ai","cl":"ai","refId":"image_1","sr":1,"ks":{"o":{"a":0,"k":100,"ix":11},"r":{"a":0,"k":-219,"ix":10},"p":{"a":1,"k":[{"i":{"x":0,"y":1},"o":{"x":0.151,"y":0.416},"n":"0_1_0p151_0p416","t":3,"s":[304,391,0],"e":[74,523,0],"to":[-38.3333320617676,22,0],"ti":[38.3333320617676,-22,0]},{"t":14.0000005702317}],"ix":2},"a":{"a":0,"k":[26,31.5,0],"ix":1},"s":{"a":0,"k":[100,100,100],"ix":6}},"ao":0,"ip":0,"op":900.000036657751,"st":0,"bm":0},{"ddd":0,"ind":8,"ty":2,"nm":"blue-squiggle.ai","cl":"ai","refId":"image_1","sr":1,"ks":{"o":{"a":0,"k":100,"ix":11},"r":{"a":0,"k":-108,"ix":10},"p":{"a":1,"k":[{"i":{"x":0,"y":1},"o":{"x":0.151,"y":0.456},"n":"0_1_0p151_0p456","t":3,"s":[824,162,0],"e":[1046,66,0],"to":[37,-16,0],"ti":[-37,16,0]},{"t":14.0000005702317}],"ix":2},"a":{"a":0,"k":[26,31.5,0],"ix":1},"s":{"a":0,"k":[100,100,100],"ix":6}},"ao":0,"ip":0,"op":900.000036657751,"st":0,"bm":0},{"ddd":0,"ind":9,"ty":2,"nm":"blue-squiggle.ai","cl":"ai","refId":"image_1","sr":1,"ks":{"o":{"a":0,"k":100,"ix":11},"r":{"a":0,"k":0,"ix":10},"p":{"a":1,"k":[{"i":{"x":0,"y":1},"o":{"x":0.151,"y":0.382},"n":"0_1_0p151_0p382","t":3,"s":[374,246,0],"e":[168,44,0],"to":[-34.3333320617676,-33.6666679382324,0],"ti":[34.3333320617676,33.6666679382324,0]},{"t":14.0000005702317}],"ix":2},"a":{"a":0,"k":[26,31.5,0],"ix":1},"s":{"a":0,"k":[100,100,100],"ix":6}},"ao":0,"ip":0,"op":900.000036657751,"st":0,"bm":0},{"ddd":0,"ind":10,"ty":2,"nm":"yellow-circle.ai","cl":"ai","refId":"image_4","sr":1,"ks":{"o":{"a":0,"k":100,"ix":11},"r":{"a":0,"k":0,"ix":10},"p":{"a":1,"k":[{"i":{"x":0,"y":1},"o":{"x":0.151,"y":0.443},"n":"0_1_0p151_0p443","t":3,"s":[388,472,0],"e":[214,650,0],"to":[-29,29.6666660308838,0],"ti":[29,-29.6666660308838,0]},{"t":14.0000005702317}],"ix":2},"a":{"a":0,"k":[18,18,0],"ix":1},"s":{"a":0,"k":[100,100,100],"ix":6}},"ao":0,"ip":0,"op":900.000036657751,"st":0,"bm":0},{"ddd":0,"ind":11,"ty":2,"nm":"yellow-circle.ai","cl":"ai","refId":"image_4","sr":1,"ks":{"o":{"a":0,"k":100,"ix":11},"r":{"a":0,"k":0,"ix":10},"p":{"a":1,"k":[{"i":{"x":0,"y":1},"o":{"x":0.151,"y":0.271},"n":"0_1_0p151_0p271","t":3,"s":[756,630,0],"e":[954,986,0],"to":[33,59.3333320617676,0],"ti":[-33,-59.3333320617676,0]},{"t":14.0000005702317}],"ix":2},"a":{"a":0,"k":[18,18,0],"ix":1},"s":{"a":0,"k":[100,100,100],"ix":6}},"ao":0,"ip":0,"op":900.000036657751,"st":0,"bm":0},{"ddd":0,"ind":12,"ty":2,"nm":"yellow-circle.ai","cl":"ai","refId":"image_4","sr":1,"ks":{"o":{"a":0,"k":100,"ix":11},"r":{"a":0,"k":0,"ix":10},"p":{"a":1,"k":[{"i":{"x":0,"y":1},"o":{"x":0.151,"y":0.515},"n":"0_1_0p151_0p515","t":3,"s":[438,230,0],"e":[328,46,0],"to":[-18.3333339691162,-30.6666660308838,0],"ti":[18.3333339691162,30.6666660308838,0]},{"t":14.0000005702317}],"ix":2},"a":{"a":0,"k":[18,18,0],"ix":1},"s":{"a":0,"k":[100,100,100],"ix":6}},"ao":0,"ip":0,"op":900.000036657751,"st":0,"bm":0},{"ddd":0,"ind":13,"ty":2,"nm":"yellow-circle.ai","cl":"ai","refId":"image_4","sr":1,"ks":{"o":{"a":0,"k":100,"ix":11},"r":{"a":0,"k":0,"ix":10},"p":{"a":1,"k":[{"i":{"x":0,"y":1},"o":{"x":0.151,"y":0.475},"n":"0_1_0p151_0p475","t":3,"s":[368,328,0],"e":[146,396,0],"to":[-37,11.3333330154419,0],"ti":[37,-11.3333330154419,0]},{"t":14.0000005702317}],"ix":2},"a":{"a":0,"k":[18,18,0],"ix":1},"s":{"a":0,"k":[100,100,100],"ix":6}},"ao":0,"ip":0,"op":900.000036657751,"st":0,"bm":0},{"ddd":0,"ind":14,"ty":2,"nm":"yellow-squiggle.ai","cl":"ai","refId":"image_5","sr":1,"ks":{"o":{"a":0,"k":100,"ix":11},"r":{"a":0,"k":-209,"ix":10},"p":{"a":1,"k":[{"i":{"x":0,"y":1},"o":{"x":0.151,"y":0.458},"n":"0_1_0p151_0p458","t":3,"s":[354,268,0],"e":[116,230,0],"to":[-39.6666679382324,-6.33333349227905,0],"ti":[39.6666679382324,6.33333349227905,0]},{"t":14.0000005702317}],"ix":2},"a":{"a":0,"k":[26,31.5,0],"ix":1},"s":{"a":0,"k":[100,100,100],"ix":6}},"ao":0,"ip":0,"op":900.000036657751,"st":0,"bm":0},{"ddd":0,"ind":15,"ty":2,"nm":"yellow-squiggle.ai","cl":"ai","refId":"image_5","sr":1,"ks":{"o":{"a":0,"k":100,"ix":11},"r":{"a":0,"k":-215,"ix":10},"p":{"a":1,"k":[{"i":{"x":0,"y":1},"o":{"x":0.151,"y":0.352},"n":"0_1_0p151_0p352","t":3,"s":[736,362,0],"e":[1018,498,0],"to":[47,22.6666660308838,0],"ti":[-47,-22.6666660308838,0]},{"t":14.0000005702317}],"ix":2},"a":{"a":0,"k":[26,31.5,0],"ix":1},"s":{"a":0,"k":[100,100,100],"ix":6}},"ao":0,"ip":0,"op":900.000036657751,"st":0,"bm":0},{"ddd":0,"ind":16,"ty":2,"nm":"yellow-squiggle.ai","cl":"ai","refId":"image_5","sr":1,"ks":{"o":{"a":0,"k":100,"ix":11},"r":{"a":0,"k":-40,"ix":10},"p":{"a":1,"k":[{"i":{"x":0,"y":1},"o":{"x":0.151,"y":0.276},"n":"0_1_0p151_0p276","t":3,"s":[394,498,0],"e":[152,816,0],"to":[-40.3333320617676,53,0],"ti":[40.3333320617676,-53,0]},{"t":14.0000005702317}],"ix":2},"a":{"a":0,"k":[26,31.5,0],"ix":1},"s":{"a":0,"k":[100,100,100],"ix":6}},"ao":0,"ip":0,"op":900.000036657751,"st":0,"bm":0},{"ddd":0,"ind":17,"ty":2,"nm":"yellow-squiggle.ai","cl":"ai","refId":"image_5","sr":1,"ks":{"o":{"a":0,"k":100,"ix":11},"r":{"a":0,"k":95,"ix":10},"p":{"a":1,"k":[{"i":{"x":0,"y":1},"o":{"x":0.151,"y":0.519},"n":"0_1_0p151_0p519","t":3,"s":[630,240,0],"e":[838,196,0],"to":[34.6666679382324,-7.33333349227905,0],"ti":[-34.6666679382324,7.33333349227905,0]},{"t":14.0000005702317}],"ix":2},"a":{"a":0,"k":[26,31.5,0],"ix":1},"s":{"a":0,"k":[100,100,100],"ix":6}},"ao":0,"ip":0,"op":900.000036657751,"st":0,"bm":0},{"ddd":0,"ind":18,"ty":2,"nm":"yellow-semi.ai","cl":"ai","refId":"image_6","sr":1,"ks":{"o":{"a":0,"k":100,"ix":11},"r":{"a":0,"k":-265,"ix":10},"p":{"a":1,"k":[{"i":{"x":0,"y":1},"o":{"x":0.151,"y":0.437},"n":"0_1_0p151_0p437","t":3,"s":[748,188,0],"e":[938,22,0],"to":[31.6666660308838,-27.6666660308838,0],"ti":[-31.6666660308838,27.6666660308838,0]},{"t":14.0000005702317}],"ix":2},"a":{"a":0,"k":[12.5,15.5,0],"ix":1},"s":{"a":0,"k":[100,100,100],"ix":6}},"ao":0,"ip":0,"op":900.000036657751,"st":0,"bm":0},{"ddd":0,"ind":19,"ty":2,"nm":"yellow-semi.ai","cl":"ai","refId":"image_6","sr":1,"ks":{"o":{"a":0,"k":100,"ix":11},"r":{"a":0,"k":0,"ix":10},"p":{"a":1,"k":[{"i":{"x":0,"y":1},"o":{"x":0.151,"y":0.248},"n":"0_1_0p151_0p248","t":3,"s":[604,426,0],"e":[686,864,0],"to":[13.6666669845581,73,0],"ti":[-13.6666669845581,-73,0]},{"t":14.0000005702317}],"ix":2},"a":{"a":0,"k":[12.5,15.5,0],"ix":1},"s":{"a":0,"k":[100,100,100],"ix":6}},"ao":0,"ip":0,"op":900.000036657751,"st":0,"bm":0},{"ddd":0,"ind":20,"ty":2,"nm":"yellow-semi.ai","cl":"ai","refId":"image_6","sr":1,"ks":{"o":{"a":0,"k":100,"ix":11},"r":{"a":0,"k":0,"ix":10},"p":{"a":1,"k":[{"i":{"x":0,"y":1},"o":{"x":0.151,"y":0.367},"n":"0_1_0p151_0p367","t":3,"s":[708,214,0],"e":[1008,200,0],"to":[50,-2.33333325386047,0],"ti":[-50,2.33333325386047,0]},{"t":14.0000005702317}],"ix":2},"a":{"a":0,"k":[12.5,15.5,0],"ix":1},"s":{"a":0,"k":[100,100,100],"ix":6}},"ao":0,"ip":0,"op":900.000036657751,"st":0,"bm":0},{"ddd":0,"ind":21,"ty":2,"nm":"blue-semi.ai","cl":"ai","refId":"image_7","sr":1,"ks":{"o":{"a":0,"k":100,"ix":11},"r":{"a":0,"k":-289,"ix":10},"p":{"a":1,"k":[{"i":{"x":0,"y":1},"o":{"x":0.151,"y":0.387},"n":"0_1_0p151_0p387","t":3,"s":[320,212,0],"e":[56,104,0],"to":[-44,-18,0],"ti":[44,18,0]},{"t":14.0000005702317}],"ix":2},"a":{"a":0,"k":[12.5,15.5,0],"ix":1},"s":{"a":0,"k":[100,100,100],"ix":6}},"ao":0,"ip":0,"op":900.000036657751,"st":0,"bm":0},{"ddd":0,"ind":22,"ty":2,"nm":"blue-semi.ai","cl":"ai","refId":"image_7","sr":1,"ks":{"o":{"a":0,"k":100,"ix":11},"r":{"a":0,"k":-103,"ix":10},"p":{"a":1,"k":[{"i":{"x":0,"y":1},"o":{"x":0.151,"y":0.25},"n":"0_1_0p151_0p25","t":3,"s":[512,542,0],"e":[396,968,0],"to":[-19.3333339691162,71,0],"ti":[19.3333339691162,-71,0]},{"t":14.0000005702317}],"ix":2},"a":{"a":0,"k":[12.5,15.5,0],"ix":1},"s":{"a":0,"k":[100,100,100],"ix":6}},"ao":0,"ip":0,"op":900.000036657751,"st":0,"bm":0},{"ddd":0,"ind":23,"ty":2,"nm":"blue-semi.ai","cl":"ai","refId":"image_7","sr":1,"ks":{"o":{"a":0,"k":100,"ix":11},"r":{"a":0,"k":0,"ix":10},"p":{"a":1,"k":[{"i":{"x":0,"y":1},"o":{"x":0.151,"y":0.618},"n":"0_1_0p151_0p618","t":3,"s":[476,228,0],"e":[306,174,0],"to":[-28.3333339691162,-9,0],"ti":[28.3333339691162,9,0]},{"t":14.0000005702317}],"ix":2},"a":{"a":0,"k":[12.5,15.5,0],"ix":1},"s":{"a":0,"k":[100,100,100],"ix":6}},"ao":0,"ip":0,"op":900.000036657751,"st":0,"bm":0}]}],"fonts":{"list":[{"fName":"Roboto-Bold","fFamily":"Roboto","fStyle":"Bold","ascent":75},{"fName":"Roboto-Regular","fFamily":"Roboto","fStyle":"Regular","ascent":75},{"fName":"Roboto-Medium","fFamily":"Roboto","fStyle":"Medium","ascent":75}]},"layers":[{"ddd":0,"ind":1,"ty":3,"nm":"Null 1","sr":1,"ks":{"o":{"a":0,"k":0,"ix":11},"r":{"a":0,"k":0,"ix":10},"p":{"a":0,"k":[540,640,0],"ix":2},"a":{"a":0,"k":[0,0,0],"ix":1},"s":{"a":0,"k":[100,100,100],"ix":6}},"ao":0,"ip":0,"op":900.000036657751,"st":0,"bm":0},{"ddd":0,"ind":2,"ty":5,"nm":"Keep winning.","parent":1,"sr":1,"ks":{"o":{"a":1,"k":[{"i":{"x":[0.833],"y":[0.833]},"o":{"x":[0.167],"y":[0.167]},"n":["0p833_0p833_0p167_0p167"],"t":175,"s":[0],"e":[100]},{"t":181.000007372281}],"ix":11},"r":{"a":0,"k":0,"ix":10},"p":{"a":0,"k":[0,220,0],"ix":2},"a":{"a":0,"k":[152,-11,0],"ix":1},"s":{"a":0,"k":[100,100,100],"ix":6}},"ao":0,"t":{"d":{"k":[{"s":{"s":48,"f":"Roboto-Medium","t":"Keep winning.","j":0,"tr":0,"lh":57.6,"ls":0,"fc":[0.26,0.58,0.13]},"t":0}]},"p":{},"m":{"g":1,"a":{"a":0,"k":[0,0],"ix":2}},"a":[]},"ip":175.000007127896,"op":910.00003706506,"st":10.0000004073083,"bm":0},{"ddd":0,"ind":3,"ty":5,"nm":"Keep playing. ","parent":1,"sr":1,"ks":{"o":{"a":1,"k":[{"i":{"x":[0.833],"y":[0.833]},"o":{"x":[0.167],"y":[0.167]},"n":["0p833_0p833_0p167_0p167"],"t":162,"s":[0],"e":[100]},{"t":168.00000684278}],"ix":11},"r":{"a":0,"k":0,"ix":10},"p":{"a":0,"k":[0,140,0],"ix":2},"a":{"a":0,"k":[145,-11,0],"ix":1},"s":{"a":0,"k":[100,100,100],"ix":6}},"ao":0,"t":{"d":{"k":[{"s":{"s":48,"f":"Roboto-Medium","t":"Keep playing.","j":0,"tr":0,"lh":57.6,"ls":0,"fc":[0.26,0.58,0.13]},"t":0}]},"p":{},"m":{"g":1,"a":{"a":0,"k":[0,0],"ix":2}},"a":[]},"ip":162.000006598395,"op":897.000036535559,"st":-3.00000012219251,"bm":0},{"ddd":0,"ind":4,"ty":5,"nm":"on PhonePe","parent":1,"sr":1,"ks":{"o":{"a":1,"k":[{"i":{"x":[0.833],"y":[0.861]},"o":{"x":[0.167],"y":[0.207]},"n":["0p833_0p861_0p167_0p207"],"t":111,"s":[0],"e":[100]},{"t":118.000004806239}],"ix":11},"r":{"a":0,"k":0,"ix":10},"p":{"a":1,"k":[{"i":{"x":0.833,"y":0.97},"o":{"x":0.167,"y":0.366},"n":"0p833_0p97_0p167_0p366","t":111,"s":[0,82,0],"e":[0,62,0],"to":[0,-3.33333325386047,0],"ti":[0,3.33333325386047,0]},{"i":{"x":0.833,"y":0.833},"o":{"x":0.167,"y":0.167},"n":"0p833_0p833_0p167_0p167","t":118,"s":[0,62,0],"e":[0,62,0],"to":[0,0,0],"ti":[0,0,0]},{"i":{"x":0,"y":0.545},"o":{"x":0.167,"y":0.356},"n":"0_0p545_0p167_0p356","t":156,"s":[0,62,0],"e":[0,18,0],"to":[0,-7.33333349227905,0],"ti":[0,7.33333349227905,0]},{"t":161.000006557664}],"ix":2},"a":{"a":0,"k":[130,-14,0],"ix":1},"s":{"a":1,"k":[{"i":{"x":[0.833,0.833,0.833],"y":[1,1,7.247]},"o":{"x":[0.167,0.167,0.167],"y":[0.474,0.474,-6.247]},"n":["0p833_1_0p167_0p474","0p833_1_0p167_0p474","0p833_7p247_0p167_-6p247"],"t":156,"s":[100,100,100],"e":[72,72,100]},{"t":161.000006557664}],"ix":6}},"ao":0,"t":{"d":{"k":[{"s":{"s":48,"f":"Roboto-Regular","t":"on PhonePe","j":0,"tr":0,"lh":57.6,"ls":0,"fc":[0,0,0]},"t":0}]},"p":{},"m":{"g":1,"a":{"a":0,"k":[0,0],"ix":2}},"a":[]},"ip":111.000004521123,"op":912.000037146522,"st":12.00000048877,"bm":0},{"ddd":0,"ind":5,"ty":5,"nm":"Rs 75 Cashback ","parent":1,"sr":1,"ks":{"o":{"a":1,"k":[{"i":{"x":[0.833],"y":[0.861]},"o":{"x":[0.167],"y":[0.207]},"n":["0p833_0p861_0p167_0p207"],"t":108,"s":[0],"e":[100]},{"t":115.000004684046}],"ix":11},"r":{"a":0,"k":0,"ix":10},"p":{"a":1,"k":[{"i":{"x":0.833,"y":0.97},"o":{"x":0.167,"y":0.366},"n":"0p833_0p97_0p167_0p366","t":108,"s":[0,10,0],"e":[0,-10,0],"to":[0,-3.33333325386047,0],"ti":[0,3.33333325386047,0]},{"i":{"x":0.833,"y":0.833},"o":{"x":0.167,"y":0.167},"n":"0p833_0p833_0p167_0p167","t":115,"s":[0,-10,0],"e":[0,-10,0],"to":[0,0,0],"ti":[0,0,0]},{"i":{"x":0,"y":1},"o":{"x":0.167,"y":0.272},"n":"0_1_0p167_0p272","t":156,"s":[0,-10,0],"e":[0,-34,0],"to":[0,-4,0],"ti":[0,4,0]},{"t":161.000006557664}],"ix":2},"a":{"a":0,"k":[218,-18,0],"ix":1},"s":{"a":1,"k":[{"i":{"x":[0.833,0.833,0.833],"y":[0.996,0.996,7.247]},"o":{"x":[0.167,0.167,0.167],"y":[0.467,0.467,-6.247]},"n":["0p833_0p996_0p167_0p467","0p833_0p996_0p167_0p467","0p833_7p247_0p167_-6p247"],"t":156,"s":[100,100,100],"e":[72,72,100]},{"t":161.000006557664}],"ix":6}},"ao":0,"t":{"d":{"k":[{"s":{"s":60,"f":"Roboto-Regular","t":"Rs 75 Cashback","j":0,"tr":0,"lh":72,"ls":0,"fc":[0,0,0]},"t":0}]},"p":{},"m":{"g":1,"a":{"a":0,"k":[0,0],"ix":2}},"a":[]},"ip":108.00000439893,"op":909.000037024329,"st":9.00000036657752,"bm":0},{"ddd":0,"ind":6,"ty":0,"nm":"prize","parent":1,"refId":"comp_0","sr":1,"ks":{"o":{"a":1,"k":[{"i":{"x":[0.833],"y":[0.833]},"o":{"x":[0.167],"y":[0.167]},"n":["0p833_0p833_0p167_0p167"],"t":60,"s":[0],"e":[100]},{"t":65.0000026475043}],"ix":11},"r":{"a":0,"k":0,"ix":10},"p":{"a":1,"k":[{"i":{"x":0.833,"y":0.833},"o":{"x":0.167,"y":0.167},"n":"0p833_0p833_0p167_0p167","t":60,"s":[0,-166,0],"e":[0,-166,0],"to":[0,0,0],"ti":[0,0,0]},{"i":{"x":0.674,"y":1},"o":{"x":0.527,"y":0.413},"n":"0p674_1_0p527_0p413","t":94,"s":[0,-166,0],"e":[0,-140.878,0],"to":[0,4.18704986572266,0],"ti":[0,6.14627599716187,0]},{"i":{"x":0.079,"y":0.822},"o":{"x":0.311,"y":0.301},"n":"0p079_0p822_0p311_0p301","t":99,"s":[0,-140.878,0],"e":[0,-202.878,0],"to":[0,-6.14627599716187,0],"ti":[0,10.3333263397217,0]},{"t":106.000004317469}],"ix":2},"a":{"a":0,"k":[540,548,0],"ix":1},"s":{"a":1,"k":[{"i":{"x":[0.503,0.503,1],"y":[1,1,1]},"o":{"x":[0.167,0.167,0.167],"y":[0.167,0.167,0]},"n":["0p503_1_0p167_0p167","0p503_1_0p167_0p167","1_1_0p167_0"],"t":60,"s":[15.521,15.521,100],"e":[28.255,28.255,100]},{"i":{"x":[0.623,0.623,0.867],"y":[1,1,1]},"o":{"x":[0.745,0.745,0],"y":[0,0,0]},"n":["0p623_1_0p745_0","0p623_1_0p745_0","0p867_1_0_0"],"t":66,"s":[28.255,28.255,100],"e":[24,24,100]},{"i":{"x":[0.833,0.833,0.833],"y":[0.833,0.833,1]},"o":{"x":[0.471,0.471,0.167],"y":[0,0,0]},"n":["0p833_0p833_0p471_0","0p833_0p833_0p471_0","0p833_1_0p167_0"],"t":73,"s":[24,24,100],"e":[25,25,100]},{"i":{"x":[0.767,0.767,1],"y":[1,1,1]},"o":{"x":[0.167,0.167,0.167],"y":[0.167,0.167,0]},"n":["0p767_1_0p167_0p167","0p767_1_0p167_0p167","1_1_0p167_0"],"t":77,"s":[25,25,100],"e":[25,25,100]},{"i":{"x":[0.571,0.571,0.929],"y":[1,1,1]},"o":{"x":[0.395,0.395,0],"y":[0,0,0]},"n":["0p571_1_0p395_0","0p571_1_0p395_0","0p929_1_0_0"],"t":99,"s":[25,25,100],"e":[19,19,100]},{"i":{"x":[0.833,0.833,0.833],"y":[0.833,0.833,1]},"o":{"x":[1,1,0.167],"y":[0,0,0]},"n":["0p833_0p833_1_0","0p833_0p833_1_0","0p833_1_0p167_0"],"t":107,"s":[19,19,100],"e":[20,20,100]},{"t":111.000004521123}],"ix":6}},"ao":0,"w":1080,"h":1080,"ip":60.0000024438501,"op":960.000039101602,"st":60.0000024438501,"bm":0},{"ddd":0,"ind":7,"ty":5,"nm":"You won","sr":1,"ks":{"o":{"a":1,"k":[{"i":{"x":[0.833],"y":[0.833]},"o":{"x":[0.167],"y":[0.167]},"n":["0p833_0p833_0p167_0p167"],"t":50,"s":[0],"e":[100]},{"t":55.0000022401959}],"ix":11},"r":{"a":0,"k":0,"ix":10},"p":{"a":0,"k":[540,246,0],"ix":2},"a":{"a":0,"k":[113,-18,0],"ix":1},"s":{"a":1,"k":[{"i":{"x":[0.618,0.618,0.833],"y":[1,1,0.916]},"o":{"x":[0.167,0.167,0.167],"y":[0.167,0.167,0.118]},"n":["0p618_1_0p167_0p167","0p618_1_0p167_0p167","0p833_0p916_0p167_0p118"],"t":50,"s":[140,140,100],"e":[100,100,100]},{"t":55.0000022401959}],"ix":6}},"ao":0,"t":{"d":{"k":[{"s":{"s":60,"f":"Roboto-Regular","t":"You won","j":0,"tr":0,"lh":72,"ls":0,"fc":[0,0,0]},"t":0}]},"p":{},"m":{"g":1,"a":{"a":0,"k":[0,0],"ix":2}},"a":[]},"ip":50.0000020365418,"op":950.000038694293,"st":50.0000020365418,"bm":0},{"ddd":0,"ind":8,"ty":5,"nm":"Congrats!","sr":1,"ks":{"o":{"a":1,"k":[{"i":{"x":[0],"y":[0.307]},"o":{"x":[0.167],"y":[0.167]},"n":["0_0p307_0p167_0p167"],"t":0,"s":[0],"e":[100]},{"t":7.00000028511585}],"ix":11},"r":{"a":1,"k":[{"i":{"x":[0.833],"y":[0.833]},"o":{"x":[0.167],"y":[0.066]},"n":["0p833_0p833_0p167_0p066"],"t":17,"s":[0],"e":[4]},{"i":{"x":[0.833],"y":[0.833]},"o":{"x":[0.167],"y":[-0.004]},"n":["0p833_0p833_0p167_-0p004"],"t":21,"s":[4],"e":[-4]},{"i":{"x":[0.833],"y":[0.833]},"o":{"x":[0.167],"y":[0.033]},"n":["0p833_0p833_0p167_0p033"],"t":25,"s":[-4],"e":[4]},{"i":{"x":[0.833],"y":[0.833]},"o":{"x":[0.167],"y":[-0.033]},"n":["0p833_0p833_0p167_-0p033"],"t":29,"s":[4],"e":[-4]},{"i":{"x":[0.833],"y":[0.833]},"o":{"x":[0.167],"y":[0.033]},"n":["0p833_0p833_0p167_0p033"],"t":33,"s":[-4],"e":[4]},{"i":{"x":[0.833],"y":[0.833]},"o":{"x":[0.167],"y":[-0.083]},"n":["0p833_0p833_0p167_-0p083"],"t":37,"s":[4],"e":[0]},{"t":42.0000017106951}],"ix":10},"p":{"a":1,"k":[{"i":{"x":0,"y":0.79},"o":{"x":0,"y":0},"n":"0_0p79_0_0","t":0,"s":[538,288,0],"e":[538,152,0],"to":[0,-22.6666660308838,0],"ti":[0,22.6666660308838,0]},{"t":7.00000028511585}],"ix":2},"a":{"a":0,"k":[158,-18,0],"ix":1},"s":{"a":1,"k":[{"i":{"x":[0.155,0.155,0.833],"y":[0.698,0.698,8.128]},"o":{"x":[0.408,0.408,0.167],"y":[0.36,0.36,-0.073]},"n":["0p155_0p698_0p408_0p36","0p155_0p698_0p408_0p36","0p833_8p128_0p167_-0p073"],"t":0,"s":[200.096,200.096,100],"e":[100,100,100]},{"i":{"x":[0.728,0.728,0.833],"y":[1,1,0.008]},"o":{"x":[0.397,0.397,0.167],"y":[0.876,0.876,0.283]},"n":["0p728_1_0p397_0p876","0p728_1_0p397_0p876","0p833_0p008_0p167_0p283"],"t":7,"s":[100,100,100],"e":[85,85,100]},{"i":{"x":[0.117,0.117,0.833],"y":[1,1,0.008]},"o":{"x":[0.167,0.167,0.167],"y":[0.006,0.006,-0.069]},"n":["0p117_1_0p167_0p006","0p117_1_0p167_0p006","0p833_0p008_0p167_-0p069"],"t":17,"s":[85,85,100],"e":[150,150,100]},{"i":{"x":[0.833,0.833,0.833],"y":[1,1,1]},"o":{"x":[0.167,0.167,0.167],"y":[0,0,1.488]},"n":["0p833_1_0p167_0","0p833_1_0p167_0","0p833_1_0p167_1p488"],"t":27,"s":[150,150,100],"e":[150,150,100]},{"i":{"x":[0.833,0.833,0.833],"y":[1,1,1]},"o":{"x":[0.167,0.167,0.167],"y":[0,0,0]},"n":["0p833_1_0p167_0","0p833_1_0p167_0","0p833_1_0p167_0"],"t":42,"s":[150,150,100],"e":[100,100,100]},{"t":50.0000020365418}],"ix":6}},"ao":0,"t":{"d":{"k":[{"s":{"s":72,"f":"Roboto-Bold","t":"Congrats!","j":0,"tr":0,"lh":86.4,"ls":0,"fc":[0,0,0]},"t":0}]},"p":{},"m":{"g":1,"a":{"a":0,"k":[0,0],"ix":2}},"a":[]},"ip":0,"op":900.000036657751,"st":0,"bm":0},{"ddd":0,"ind":9,"ty":0,"nm":"flourishes","refId":"comp_1","sr":1,"ks":{"o":{"a":1,"k":[{"i":{"x":[0.833],"y":[0.833]},"o":{"x":[0.167],"y":[0.167]},"n":["0p833_0p833_0p167_0p167"],"t":17,"s":[0],"e":[100]},{"i":{"x":[0.833],"y":[0.833]},"o":{"x":[0.167],"y":[0.167]},"n":["0p833_0p833_0p167_0p167"],"t":29,"s":[100],"e":[100]},{"i":{"x":[0.833],"y":[0.833]},"o":{"x":[0.167],"y":[0.167]},"n":["0p833_0p833_0p167_0p167"],"t":46,"s":[100],"e":[53]},{"t":67.0000027289659}],"ix":11},"r":{"a":0,"k":0,"ix":10},"p":{"a":0,"k":[540,540,0],"ix":2},"a":{"a":0,"k":[540,540,0],"ix":1},"s":{"a":0,"k":[100,100,100],"ix":6}},"ao":0,"w":1080,"h":1080,"ip":14.0000005702317,"op":914.000037227983,"st":14.0000005702317,"bm":0}],"markers":[],"chars":[{"ch":"C","size":72,"style":"Bold","w":65.43,"data":{"shapes":[{"ty":"gr","it":[{"ind":0,"ty":"sh","ix":1,"ks":{"a":0,"k":{"i":[[0,0],[2.229,-2.067],[4.524,0],[2.327,3.548],[0,7.683],[0,0],[-2.425,3.5],[-4.883,0],[-2.197,-2.067],[-0.359,-4.59],[0,0],[5.013,4.395],[8.203,0],[4.475,-2.783],[2.409,-5.208],[0,-6.836],[0,0],[-5.225,-6.136],[-9.115,0],[-5.095,4.395],[-0.554,7.65]],"o":[[-0.326,4.33],[-2.23,2.068],[-5.013,0],[-2.328,-3.548],[0,0],[0.065,-7.356],[2.425,-3.499],[4.492,0],[2.197,2.068],[0,0],[-0.781,-7.942],[-5.013,-4.395],[-5.925,0],[-4.476,2.783],[-2.409,5.209],[0,0],[0,10.71],[5.225,6.136],[8.333,0],[5.094,-4.395],[0,0]],"v":[[47.51,-23.682],[43.677,-14.087],[33.545,-10.986],[22.534,-16.309],[19.043,-33.154],[19.043,-38.525],[22.778,-54.81],[33.74,-60.059],[43.774,-56.958],[47.607,-46.973],[62.256,-46.973],[53.564,-65.479],[33.74,-72.07],[18.14,-67.896],[7.812,-55.908],[4.199,-37.842],[4.199,-33.496],[12.036,-8.228],[33.545,0.977],[53.687,-5.615],[62.158,-23.682]],"c":true},"ix":2},"nm":"C","mn":"ADBE Vector Shape - Group","hd":false}],"nm":"C","np":3,"cix":2,"ix":1,"mn":"ADBE Vector Group","hd":false}]},"fFamily":"Roboto"},{"ch":"o","size":72,"style":"Bold","w":56.54,"data":{"shapes":[{"ty":"gr","it":[{"ind":0,"ty":"sh","ix":1,"ks":{"a":0,"k":{"i":[[0,0],[-4.541,-4.883],[-7.617,0],[-4.525,4.9],[0,8.105],[0,0],[4.508,4.362],[7.129,0],[3.792,-2.246],[2.018,-4.102],[0,-5.241]],"o":[[0,8.398],[4.541,4.883],[7.617,0],[4.524,-4.899],[0,0],[-0.521,-7.487],[-4.509,-4.362],[-5.013,0],[-3.793,2.246],[-2.019,4.102],[0,0]],"v":[[3.223,-26.27],[10.034,-6.348],[28.271,0.977],[46.484,-6.372],[53.271,-25.879],[53.174,-29.492],[45.63,-47.266],[28.174,-53.809],[14.966,-50.439],[6.25,-40.918],[3.223,-26.904]],"c":true},"ix":2},"nm":"o","mn":"ADBE Vector Shape - Group","hd":false},{"ind":1,"ty":"sh","ix":2,"ks":{"a":0,"k":{"i":[[-1.888,2.69],[-3.451,0],[-1.921,-2.705],[0,-4.922],[1.92,-2.625],[3.418,0],[1.888,2.657],[0,5.021]],"o":[[1.888,-2.689],[3.483,0],[1.92,2.706],[0,5.771],[-1.921,2.625],[-3.516,0],[-1.888,-2.657],[0,-5.64]],"v":[[20.166,-38.397],[28.174,-42.432],[36.279,-38.373],[39.16,-26.929],[36.279,-14.337],[28.271,-10.4],[20.166,-14.386],[17.334,-25.903]],"c":true},"ix":2},"nm":"o","mn":"ADBE Vector Shape - Group","hd":false}],"nm":"o","np":5,"cix":2,"ix":1,"mn":"ADBE Vector Group","hd":false}]},"fFamily":"Roboto"},{"ch":"n","size":72,"style":"Bold","w":56.01,"data":{"shapes":[{"ty":"gr","it":[{"ind":0,"ty":"sh","ix":1,"ks":{"a":0,"k":{"i":[[0,0],[0,0],[0,0],[0,0],[-3.972,0],[-1.302,-1.35],[0,-2.995],[0,0],[0,0],[0,0],[2.734,3.288],[5.598,0],[3.776,-4.72],[0,0]],"o":[[0,0],[0,0],[0,0],[1.985,-3.385],[3.027,0],[1.302,1.351],[0,0],[0,0],[0,0],[-0.066,-6.543],[-2.734,-3.288],[-6.348,0],[0,0],[0,0]],"v":[[5.127,-52.832],[5.127,0],[19.238,0],[19.238,-37.256],[28.174,-42.334],[34.668,-40.308],[36.621,-33.789],[36.621,0],[50.732,0],[50.732,-34.131],[46.533,-48.877],[34.033,-53.809],[18.848,-46.729],[18.408,-52.832]],"c":true},"ix":2},"nm":"n","mn":"ADBE Vector Shape - Group","hd":false}],"nm":"n","np":3,"cix":2,"ix":1,"mn":"ADBE Vector Group","hd":false}]},"fFamily":"Roboto"},{"ch":"g","size":72,"style":"Bold","w":57.08,"data":{"shapes":[{"ty":"gr","it":[{"ind":0,"ty":"sh","ix":1,"ks":{"a":0,"k":{"i":[[0,0],[-3.923,-4.964],[-6.348,0],[-3.255,3.679],[0,0],[2.083,-2.002],[3.743,0],[3.516,3.938],[0,0],[-3.679,-1.546],[-3.874,0],[-3.809,1.79],[-2.1,3.418],[0,4.622],[0,0],[0,0],[0,0],[5.794,0],[3.857,-4.948],[0,-8.105]],"o":[[0,8.203],[3.922,4.964],[5.305,0],[0,0],[0,3.678],[-2.084,2.002],[-5.013,0],[0,0],[1.888,2.441],[3.678,1.546],[5.11,0],[3.809,-1.791],[2.1,-3.418],[0,0],[0,0],[0,0],[-3.223,-3.971],[-6.543,0],[-3.857,4.948],[0,0]],"v":[[3.369,-26.221],[9.253,-6.47],[24.658,0.977],[37.5,-4.541],[37.5,-1.709],[34.375,6.812],[25.635,9.814],[12.842,3.906],[6.592,12.5],[14.941,18.481],[26.27,20.801],[39.648,18.115],[48.511,10.303],[51.66,-1.758],[51.66,-52.832],[38.867,-52.832],[38.281,-47.852],[24.756,-53.809],[9.155,-46.387],[3.369,-26.807]],"c":true},"ix":2},"nm":"g","mn":"ADBE Vector Shape - Group","hd":false},{"ind":1,"ty":"sh","ix":2,"ks":{"a":0,"k":{"i":[[-1.937,2.771],[-3.386,0],[-1.888,-3.227],[0,0],[4.297,0],[1.92,2.722],[0,4.793]],"o":[[1.936,-2.771],[4.199,0],[0,0],[-1.855,3.228],[-3.353,0],[-1.921,-2.722],[0,-5.509]],"v":[[20.386,-38.177],[28.369,-42.334],[37.5,-37.492],[37.5,-15.242],[28.271,-10.4],[20.361,-14.484],[17.48,-25.756]],"c":true},"ix":2},"nm":"g","mn":"ADBE Vector Shape - Group","hd":false}],"nm":"g","np":5,"cix":2,"ix":1,"mn":"ADBE Vector Group","hd":false}]},"fFamily":"Roboto"},{"ch":"r","size":72,"style":"Bold","w":36.47,"data":{"shapes":[{"ty":"gr","it":[{"ind":0,"ty":"sh","ix":1,"ks":{"a":0,"k":{"i":[[0,0],[1.562,0],[2.832,-4.85],[0,0],[0,0],[0,0],[0,0],[0,0],[-5.339,0],[-1.921,-0.26]],"o":[[-1.367,-0.423],[-5.013,0],[0,0],[0,0],[0,0],[0,0],[0,0],[1.66,-3.613],[1.465,0],[0,0]],"v":[[35.303,-53.174],[30.908,-53.809],[19.141,-46.533],[18.75,-52.832],[5.42,-52.832],[5.42,0],[19.531,0],[19.531,-34.57],[30.029,-39.99],[35.107,-39.6]],"c":true},"ix":2},"nm":"r","mn":"ADBE Vector Shape - Group","hd":false}],"nm":"r","np":3,"cix":2,"ix":1,"mn":"ADBE Vector Group","hd":false}]},"fFamily":"Roboto"},{"ch":"a","size":72,"style":"Bold","w":53.61,"data":{"shapes":[{"ty":"gr","it":[{"ind":0,"ty":"sh","ix":1,"ks":{"a":0,"k":{"i":[[0,0],[0,0],[0.032,5.013],[0,0],[3.825,3.271],[6.51,0],[3.45,-1.481],[1.888,-2.604],[0,-3.059],[0,0],[-1.351,1.14],[-2.377,0],[-1.254,-1.465],[0,-2.441],[0,0],[0,0],[4.15,-2.995],[0,-5.598],[-3.402,-2.995],[-5.176,0],[-3.418,3.809],[-0.652,-1.27]],"o":[[0,0],[-1.367,-2.571],[0,0],[0,-5.924],[-3.825,-3.271],[-4.297,0],[-3.451,1.482],[-1.888,2.605],[0,0],[0,-1.985],[1.35,-1.139],[2.702,0],[1.253,1.465],[0,0],[0,0],[-7.845,0.033],[-4.15,2.995],[0,4.558],[3.401,2.995],[5.469,0],[0.293,1.888],[0,0]],"v":[[50.293,0],[50.293,-0.83],[48.193,-12.207],[48.193,-35.107],[42.456,-48.901],[26.953,-53.809],[15.332,-51.587],[7.324,-45.459],[4.492,-36.963],[18.604,-36.963],[20.63,-41.65],[26.221,-43.359],[32.153,-41.162],[34.033,-35.303],[34.033,-32.275],[27.539,-32.275],[9.546,-27.734],[3.32,-14.844],[8.423,-3.516],[21.289,0.977],[34.619,-4.736],[36.035,0]],"c":true},"ix":2},"nm":"a","mn":"ADBE Vector Shape - Group","hd":false},{"ind":1,"ty":"sh","ix":2,"ks":{"a":0,"k":{"i":[[1.237,1.14],[0,1.758],[0,0],[-7.064,0],[0,0],[0,0],[1.758,-0.928],[2.083,0]],"o":[[-1.237,-1.139],[0,0],[0.455,-4.883],[0,0],[0,0],[-0.847,1.562],[-1.758,0.928],[-2.148,0]],"v":[[19.287,-11.523],[17.432,-15.869],[17.48,-16.699],[28.76,-24.023],[34.033,-24.023],[34.033,-14.941],[30.127,-11.206],[24.365,-9.814]],"c":true},"ix":2},"nm":"a","mn":"ADBE Vector Shape - Group","hd":false}],"nm":"a","np":5,"cix":2,"ix":1,"mn":"ADBE Vector Group","hd":false}]},"fFamily":"Roboto"},{"ch":"t","size":72,"style":"Bold","w":33.79,"data":{"shapes":[{"ty":"gr","it":[{"ind":0,"ty":"sh","ix":1,"ks":{"a":0,"k":{"i":[[0,0],[0,0],[0,0],[0,0],[0,0],[0,0],[-9.896,0],[-2.767,0.846],[0,0],[1.562,0],[0.748,0.847],[0,1.953],[0,0],[0,0],[0,0],[0,0],[0,0]],"o":[[0,0],[0,0],[0,0],[0,0],[0,0],[0.195,9.994],[2.93,0],[0,0],[-1.205,0.228],[-2.116,0],[-0.749,-0.846],[0,0],[0,0],[0,0],[0,0],[0,0],[0,0]],"v":[[8.203,-65.82],[8.203,-52.832],[0.488,-52.832],[0.488,-42.48],[8.203,-42.48],[8.203,-14.014],[23.34,0.977],[31.885,-0.293],[31.885,-10.986],[27.734,-10.645],[23.438,-11.914],[22.314,-16.113],[22.314,-42.48],[31.348,-42.48],[31.348,-52.832],[22.314,-52.832],[22.314,-65.82]],"c":true},"ix":2},"nm":"t","mn":"ADBE Vector Shape - Group","hd":false}],"nm":"t","np":3,"cix":2,"ix":1,"mn":"ADBE Vector Group","hd":false}]},"fFamily":"Roboto"},{"ch":"s","size":72,"style":"Bold","w":51.42,"data":{"shapes":[{"ty":"gr","it":[{"ind":0,"ty":"sh","ix":1,"ks":{"a":0,"k":{"i":[[1.383,-1.025],[2.702,0],[1.725,1.335],[0.13,2.507],[0,0],[-1.953,-2.75],[-3.435,-1.579],[-4.427,0],[-4.134,2.979],[0,4.818],[7.454,2.734],[3.516,0.7],[1.481,0.961],[0,1.562],[-1.302,1.074],[-2.377,0],[-1.302,-1.318],[0,-2.018],[0,0],[4.02,3.158],[6.705,0],[3.889,-3.141],[0,-4.688],[-12.566,-2.637],[-1.709,-0.993],[0,-1.725]],"o":[[-1.384,1.025],[-2.898,0],[-1.726,-1.334],[0,0],[0,3.191],[1.953,2.751],[3.434,1.579],[6.543,0],[4.134,-2.979],[0,-6.738],[-2.409,-0.879],[-3.516,-0.7],[-1.482,-0.96],[0,-1.66],[1.302,-1.074],[2.766,0],[1.302,1.318],[0,0],[0,-5.045],[-4.021,-3.157],[-6.283,0],[-3.89,3.142],[0,8.041],[3.776,0.781],[1.709,0.993],[0,1.66]],"v":[[31.958,-10.571],[25.83,-9.033],[18.896,-11.035],[16.113,-16.797],[2.734,-16.797],[5.664,-7.886],[13.745,-1.392],[25.537,0.977],[41.553,-3.491],[47.754,-15.186],[36.572,-29.395],[27.686,-31.763],[20.19,-34.253],[17.969,-38.037],[19.922,-42.139],[25.439,-43.75],[31.543,-41.772],[33.496,-36.768],[47.607,-36.768],[41.577,-49.072],[25.488,-53.809],[10.229,-49.097],[4.395,-37.354],[23.242,-21.338],[31.47,-18.677],[34.033,-14.6]],"c":true},"ix":2},"nm":"s","mn":"ADBE Vector Shape - Group","hd":false}],"nm":"s","np":3,"cix":2,"ix":1,"mn":"ADBE Vector Group","hd":false}]},"fFamily":"Roboto"},{"ch":"!","size":72,"style":"Bold","w":27.2,"data":{"shapes":[{"ty":"gr","it":[{"ind":0,"ty":"sh","ix":1,"ks":{"a":0,"k":{"i":[[0,0],[0,0],[0,0],[0,0]],"o":[[0,0],[0,0],[0,0],[0,0]],"v":[[21.436,-71.094],[6.396,-71.094],[8.057,-21.826],[19.775,-21.826]],"c":true},"ix":2},"nm":"!","mn":"ADBE Vector Shape - Group","hd":false},{"ind":1,"ty":"sh","ix":2,"ks":{"a":0,"k":{"i":[[1.448,-1.416],[0,-2.148],[-1.449,-1.399],[-2.344,0],[-1.449,1.399],[0,2.148],[1.448,1.4],[2.376,0]],"o":[[-1.449,1.416],[0,2.148],[1.448,1.399],[2.376,0],[1.448,-1.399],[0,-2.18],[-1.449,-1.399],[-2.344,0]],"v":[[8.228,-11.987],[6.055,-6.641],[8.228,-1.318],[13.916,0.781],[19.653,-1.318],[21.826,-6.641],[19.653,-12.012],[13.916,-14.111]],"c":true},"ix":2},"nm":"!","mn":"ADBE Vector Shape - Group","hd":false}],"nm":"!","np":5,"cix":2,"ix":1,"mn":"ADBE Vector Group","hd":false}]},"fFamily":"Roboto"},{"ch":"Y","size":60,"style":"Regular","w":60.94,"data":{"shapes":[{"ty":"gr","it":[{"ind":0,"ty":"sh","ix":1,"ks":{"a":0,"k":{"i":[[0,0],[0,0],[0,0],[0,0],[0,0],[0,0],[0,0],[0,0],[0,0]],"o":[[0,0],[0,0],[0,0],[0,0],[0,0],[0,0],[0,0],[0,0],[0,0]],"v":[[11.475,-71.094],[0.732,-71.094],[25.244,-26.514],[25.244,0],[34.619,0],[34.619,-26.514],[59.131,-71.094],[48.486,-71.094],[29.932,-35.4]],"c":true},"ix":2},"nm":"Y","mn":"ADBE Vector Shape - Group","hd":false}],"nm":"Y","np":3,"cix":2,"ix":1,"mn":"ADBE Vector Group","hd":false}]},"fFamily":"Roboto"},{"ch":"o","size":60,"style":"Regular","w":57.03,"data":{"shapes":[{"ty":"gr","it":[{"ind":0,"ty":"sh","ix":1,"ks":{"a":0,"k":{"i":[[0,0],[-4.443,-4.98],[-7.162,0],[-3.662,2.279],[-1.97,4.086],[0,5.144],[0,0],[4.443,4.98],[7.194,0],[3.629,-2.246],[2.034,-4.134],[0,-5.176]],"o":[[0,8.203],[4.443,4.98],[4.752,0],[3.662,-2.278],[1.969,-4.085],[0,0],[0,-8.268],[-4.443,-4.98],[-4.655,0],[-3.63,2.246],[-2.035,4.134],[0,0]],"v":[[4.443,-26.27],[11.108,-6.494],[28.516,0.977],[41.138,-2.441],[49.585,-11.987],[52.539,-25.83],[52.539,-26.465],[45.874,-46.338],[28.418,-53.809],[15.991,-50.439],[7.495,-40.869],[4.443,-26.904]],"c":true},"ix":2},"nm":"o","mn":"ADBE Vector Shape - Group","hd":false},{"ind":1,"ty":"sh","ix":2,"ks":{"a":0,"k":{"i":[[-2.734,3.548],[-4.46,0],[-2.751,-3.596],[0,-5.794],[2.702,-3.596],[4.59,0],[2.718,3.548],[0,5.859]],"o":[[2.734,-3.548],[4.557,0],[2.75,3.597],[0,6.478],[-2.702,3.597],[-4.558,0],[-2.718,-3.548],[0,-6.608]],"v":[[17.627,-41.064],[28.418,-46.387],[39.38,-40.991],[43.506,-26.904],[39.453,-11.792],[28.516,-6.396],[17.603,-11.719],[13.525,-25.83]],"c":true},"ix":2},"nm":"o","mn":"ADBE Vector Shape - Group","hd":false}],"nm":"o","np":5,"cix":2,"ix":1,"mn":"ADBE Vector Group","hd":false}]},"fFamily":"Roboto"},{"ch":"u","size":60,"style":"Regular","w":55.13,"data":{"shapes":[{"ty":"gr","it":[{"ind":0,"ty":"sh","ix":1,"ks":{"a":0,"k":{"i":[[0,0],[0,0],[0,0],[0,0],[0,0],[6.901,0],[0,8.008],[0,0],[0,0],[0,0],[-2.946,-3.271],[-5.632,0],[-3.516,4.134]],"o":[[0,0],[0,0],[0,0],[0,0],[-2.279,5.144],[-6.511,0],[0,0],[0,0],[0,0],[0.032,6.413],[2.946,3.271],[6.803,0],[0,0]],"v":[[39.648,0],[48.242,0],[48.242,-52.832],[39.209,-52.832],[39.209,-14.404],[25.439,-6.689],[15.674,-18.701],[15.674,-52.832],[6.641,-52.832],[6.641,-18.457],[11.108,-3.931],[23.975,0.977],[39.453,-5.225]],"c":true},"ix":2},"nm":"u","mn":"ADBE Vector Shape - Group","hd":false}],"nm":"u","np":3,"cix":2,"ix":1,"mn":"ADBE Vector Group","hd":false}]},"fFamily":"Roboto"},{"ch":" ","size":60,"style":"Regular","w":24.76,"data":{},"fFamily":"Roboto"},{"ch":"w","size":60,"style":"Regular","w":75.15,"data":{"shapes":[{"ty":"gr","it":[{"ind":0,"ty":"sh","ix":1,"ks":{"a":0,"k":{"i":[[0,0],[0,0],[0,0],[0,0],[0,0],[0,0],[0,0],[0,0],[0,0],[0,0],[0,0],[0,0],[0,0]],"o":[[0,0],[0,0],[0,0],[0,0],[0,0],[0,0],[0,0],[0,0],[0,0],[0,0],[0,0],[0,0],[0,0]],"v":[[41.064,-52.832],[33.789,-52.832],[21.484,-13.281],[11.084,-52.832],[2.1,-52.832],[17.432,0],[24.756,0],[37.256,-40.039],[50.098,0],[57.422,0],[72.803,-52.832],[63.77,-52.832],[53.613,-12.451]],"c":true},"ix":2},"nm":"w","mn":"ADBE Vector Shape - Group","hd":false}],"nm":"w","np":3,"cix":2,"ix":1,"mn":"ADBE Vector Group","hd":false}]},"fFamily":"Roboto"},{"ch":"n","size":60,"style":"Regular","w":55.18,"data":{"shapes":[{"ty":"gr","it":[{"ind":0,"ty":"sh","ix":1,"ks":{"a":0,"k":{"i":[[0,0],[0,0],[0,0],[0,0],[-2.214,1.562],[-2.93,0],[-1.709,-1.823],[-0.033,-3.809],[0,0],[0,0],[0,0],[11.165,0],[4.036,-5.078],[0,0]],"o":[[0,0],[0,0],[0,0],[1.237,-2.539],[2.213,-1.562],[3.613,0],[1.709,1.823],[0,0],[0,0],[0,0],[-0.098,-12.598],[-6.511,0],[0,0],[0,0]],"v":[[6.836,-52.832],[6.836,0],[15.869,0],[15.869,-37.646],[21.045,-43.799],[28.76,-46.143],[36.743,-43.408],[39.355,-34.961],[39.355,0],[48.389,0],[48.389,-34.912],[31.494,-53.809],[15.674,-46.191],[15.381,-52.832]],"c":true},"ix":2},"nm":"n","mn":"ADBE Vector Shape - Group","hd":false}],"nm":"n","np":3,"cix":2,"ix":1,"mn":"ADBE Vector Group","hd":false}]},"fFamily":"Roboto"},{"ch":"R","size":60,"style":"Regular","w":61.57,"data":{"shapes":[{"ty":"gr","it":[{"ind":0,"ty":"sh","ix":1,"ks":{"a":0,"k":{"i":[[0,0],[0,0],[0,0],[0,0],[-2.393,3.288],[0,4.427],[4.313,3.646],[8.008,0],[0,0],[0,0],[0,0],[0,0],[0,0]],"o":[[0,0],[0,0],[0,0],[4.264,-1.627],[2.393,-3.288],[0,-6.966],[-4.314,-3.645],[0,0],[0,0],[0,0],[0,0],[0,0],[0,0]],"v":[[49.756,0],[59.814,0],[59.814,-0.586],[43.115,-30.762],[53.101,-38.135],[56.689,-49.707],[50.22,-65.625],[31.738,-71.094],[8.203,-71.094],[8.203,0],[17.627,0],[17.627,-28.76],[34.326,-28.76]],"c":true},"ix":2},"nm":"R","mn":"ADBE Vector Shape - Group","hd":false},{"ind":1,"ty":"sh","ix":2,"ks":{"a":0,"k":{"i":[[0,0],[0,0],[-2.621,-2.348],[0,-4.402],[2.75,-2.413],[4.655,0],[0,0]],"o":[[0,0],[4.948,0.033],[2.62,2.348],[0,4.044],[-2.751,2.413],[0,0],[0,0]],"v":[[17.627,-63.428],[31.982,-63.428],[43.335,-59.856],[47.266,-49.731],[43.14,-40.045],[32.031,-36.426],[17.627,-36.426]],"c":true},"ix":2},"nm":"R","mn":"ADBE Vector Shape - Group","hd":false}],"nm":"R","np":5,"cix":2,"ix":1,"mn":"ADBE Vector Group","hd":false}]},"fFamily":"Roboto"},{"ch":"s","size":60,"style":"Regular","w":51.56,"data":{"shapes":[{"ty":"gr","it":[{"ind":0,"ty":"sh","ix":1,"ks":{"a":0,"k":{"i":[[2.067,-1.383],[3.418,0],[2.262,1.775],[0.163,3.027],[0,0],[-1.839,-2.686],[-3.255,-1.497],[-4.232,0],[-3.777,2.849],[0,4.72],[1.35,1.97],[2.799,1.4],[4.508,1.009],[1.725,1.107],[0,2.181],[-1.855,1.433],[-3.288,0],[-2.1,-1.79],[0,-2.473],[0,0],[3.727,3.093],[5.989,0],[3.662,-2.995],[0,-4.329],[-1.286,-1.888],[-2.686,-1.367],[-4.574,-0.977],[-1.839,-1.35],[0,-2.441]],"o":[[-2.068,1.384],[-3.711,0],[-2.263,-1.774],[0,0],[0,3.125],[1.839,2.686],[3.255,1.497],[6.022,0],[3.776,-2.848],[0,-2.832],[-1.351,-1.969],[-2.8,-1.399],[-4.509,-1.009],[-1.726,-1.106],[0,-2.311],[1.855,-1.432],[3.19,0],[2.1,1.791],[0,0],[0,-4.817],[-3.728,-3.092],[-5.697,0],[-3.662,2.995],[0,2.605],[1.286,1.888],[2.686,1.367],[4.573,0.977],[1.839,1.351],[0,2.312]],"v":[[34.497,-8.472],[26.27,-6.396],[17.31,-9.058],[13.672,-16.26],[4.639,-16.26],[7.397,-7.544],[15.039,-1.27],[26.27,0.977],[40.967,-3.296],[46.631,-14.648],[44.604,-21.851],[38.379,-26.904],[27.417,-30.518],[18.066,-33.691],[15.479,-38.623],[18.262,-44.238],[25.977,-46.387],[33.911,-43.701],[37.061,-37.305],[46.143,-37.305],[40.552,-49.17],[25.977,-53.809],[11.938,-49.316],[6.445,-38.33],[8.374,-31.592],[14.331,-26.709],[25.22,-23.193],[34.839,-19.702],[37.598,-14.014]],"c":true},"ix":2},"nm":"s","mn":"ADBE Vector Shape - Group","hd":false}],"nm":"s","np":3,"cix":2,"ix":1,"mn":"ADBE Vector Group","hd":false}]},"fFamily":"Roboto"},{"ch":"7","size":60,"style":"Regular","w":56.15,"data":{"shapes":[{"ty":"gr","it":[{"ind":0,"ty":"sh","ix":1,"ks":{"a":0,"k":{"i":[[0,0],[0,0],[0,0],[0,0],[0,0],[0,0],[0,0]],"o":[[0,0],[0,0],[0,0],[0,0],[0,0],[0,0],[0,0]],"v":[[51.807,-71.094],[3.76,-71.094],[3.76,-63.672],[42.236,-63.672],[12.891,0],[22.363,0],[51.807,-66.016]],"c":true},"ix":2},"nm":"7","mn":"ADBE Vector Shape - Group","hd":false}],"nm":"7","np":3,"cix":2,"ix":1,"mn":"ADBE Vector Group","hd":false}]},"fFamily":"Roboto"},{"ch":"5","size":60,"style":"Regular","w":56.15,"data":{"shapes":[{"ty":"gr","it":[{"ind":0,"ty":"sh","ix":1,"ks":{"a":0,"k":{"i":[[0,0],[0,0],[-3.939,0],[-2.588,-2.881],[0,-4.752],[2.393,-2.864],[4.199,0],[2.344,2.068],[0.553,4.07],[0,0],[-3.972,-3.483],[-6.283,0],[-3.955,4.216],[0,7.324],[3.809,4.281],[6.477,0],[3.483,-2.051],[0,0],[0,0],[0,0],[0,0],[0,0]],"o":[[0,0],[2.246,-1.725],[4.297,0],[2.588,2.881],[0,5.046],[-2.393,2.865],[-3.841,0],[-2.344,-2.067],[0,0],[0.553,6.152],[3.971,3.484],[7.096,0],[3.955,-4.215],[0,-7.291],[-3.809,-4.28],[-4.427,0],[0,0],[0,0],[0,0],[0,0],[0,0],[0,0]],"v":[[17.285,-33.789],[19.678,-35.742],[28.955,-38.33],[39.282,-34.009],[43.164,-22.559],[39.575,-10.693],[29.688,-6.396],[20.41,-9.497],[16.064,-18.701],[7.52,-18.701],[14.307,-4.248],[29.688,0.977],[46.265,-5.347],[52.197,-22.656],[46.484,-40.015],[31.055,-46.436],[19.189,-43.359],[21.338,-62.744],[50.098,-62.744],[50.098,-71.094],[13.672,-71.094],[10.059,-35.645]],"c":true},"ix":2},"nm":"5","mn":"ADBE Vector Shape - Group","hd":false}],"nm":"5","np":3,"cix":2,"ix":1,"mn":"ADBE Vector Group","hd":false}]},"fFamily":"Roboto"},{"ch":"C","size":60,"style":"Regular","w":65.09,"data":{"shapes":[{"ty":"gr","it":[{"ind":0,"ty":"sh","ix":1,"ks":{"a":0,"k":{"i":[[0,0],[2.783,-2.36],[5.208,0],[3.223,4.561],[0,7.722],[0,0],[-3.402,4.431],[-5.99,0],[-2.718,-2.547],[-0.814,-5.681],[0,0],[4.557,4.216],[7.552,0],[4.329,-2.686],[2.36,-5.013],[0,-6.608],[0,0],[-5.062,-6.022],[-8.398,0],[-4.671,4.086],[-0.879,7.52]],"o":[[-0.912,5.859],[-2.783,2.361],[-5.795,0],[-3.223,-4.561],[0,0],[0,-8.177],[3.401,-4.431],[4.883,0],[2.718,2.547],[0,0],[-0.749,-7.454],[-4.558,-4.215],[-5.697,0],[-4.33,2.686],[-2.361,5.013],[0,0],[0,10.091],[5.061,6.023],[7.747,0],[4.671,-4.085],[0,0]],"v":[[51.123,-22.559],[45.581,-10.229],[33.594,-6.689],[20.068,-13.531],[15.234,-31.955],[15.234,-38.846],[20.337,-57.758],[34.424,-64.404],[45.825,-60.584],[51.123,-48.242],[60.547,-48.242],[52.588,-65.747],[34.424,-72.07],[19.385,-68.042],[9.351,-56.494],[5.811,-39.062],[5.811,-32.227],[13.403,-8.057],[33.594,0.977],[52.222,-5.151],[60.547,-22.559]],"c":true},"ix":2},"nm":"C","mn":"ADBE Vector Shape - Group","hd":false}],"nm":"C","np":3,"cix":2,"ix":1,"mn":"ADBE Vector Group","hd":false}]},"fFamily":"Roboto"},{"ch":"a","size":60,"style":"Regular","w":54.39,"data":{"shapes":[{"ty":"gr","it":[{"ind":0,"ty":"sh","ix":1,"ks":{"a":0,"k":{"i":[[0,0],[0,0],[0,4.851],[0,0],[3.45,3.044],[6.087,0],[3.206,-1.432],[1.871,-2.457],[0,-2.637],[0,0],[-2.181,1.628],[-3.223,0],[-1.888,-1.871],[0,-3.157],[0,0],[0,0],[4.182,-3.043],[0,-5.501],[-3.337,-2.946],[-5.209,0],[-4.199,4.362],[-0.521,-1.041]],"o":[[0,0],[-1.237,-2.864],[0,0],[-0.13,-5.338],[-3.451,-3.043],[-3.841,0],[-3.207,1.433],[-1.872,2.458],[0,0],[0,-2.311],[2.18,-1.627],[3.678,0],[1.888,1.872],[0,0],[0,0],[-7.585,0],[-4.183,3.044],[0,4.525],[3.336,2.946],[5.827,0],[0.325,2.67],[0,0]],"v":[[48.926,0],[48.926,-0.781],[47.07,-12.354],[47.07,-36.67],[41.699,-49.243],[27.393,-53.809],[16.821,-51.66],[9.204,-45.825],[6.396,-38.184],[15.479,-38.184],[18.75,-44.092],[26.855,-46.533],[35.205,-43.726],[38.037,-36.182],[38.037,-32.031],[29.248,-32.031],[11.597,-27.466],[5.322,-14.648],[10.327,-3.442],[23.145,0.977],[38.184,-5.566],[39.453,0]],"c":true},"ix":2},"nm":"a","mn":"ADBE Vector Shape - Group","hd":false},{"ind":1,"ty":"sh","ix":2,"ks":{"a":0,"k":{"i":[[1.888,1.595],[0,2.832],[-11.068,0],[0,0],[0,0],[2.539,-1.465],[2.832,0]],"o":[[-1.888,-1.595],[0,-6.477],[0,0],[0,0],[-1.14,2.344],[-2.539,1.465],[-2.962,0]],"v":[[17.188,-9.277],[14.355,-15.918],[30.957,-25.635],[38.037,-25.635],[38.037,-14.795],[32.52,-9.082],[24.463,-6.885]],"c":true},"ix":2},"nm":"a","mn":"ADBE Vector Shape - Group","hd":false}],"nm":"a","np":5,"cix":2,"ix":1,"mn":"ADBE Vector Group","hd":false}]},"fFamily":"Roboto"},{"ch":"h","size":60,"style":"Regular","w":55.08,"data":{"shapes":[{"ty":"gr","it":[{"ind":0,"ty":"sh","ix":1,"ks":{"a":0,"k":{"i":[[0,0],[0,0],[0,0],[0,0],[0,0],[-2.214,1.562],[-2.93,0],[-1.709,-1.823],[-0.033,-3.809],[0,0],[0,0],[0,0],[11.165,0],[4.004,-4.915]],"o":[[0,0],[0,0],[0,0],[0,0],[1.237,-2.539],[2.213,-1.562],[3.613,0],[1.709,1.823],[0,0],[0,0],[0,0],[-0.098,-12.598],[-6.413,0],[0,0]],"v":[[15.869,-75],[6.836,-75],[6.836,0],[15.869,0],[15.869,-37.646],[21.045,-43.799],[28.76,-46.143],[36.743,-43.408],[39.355,-34.961],[39.355,0],[48.389,0],[48.389,-34.912],[31.494,-53.809],[15.869,-46.436]],"c":true},"ix":2},"nm":"h","mn":"ADBE Vector Shape - Group","hd":false}],"nm":"h","np":3,"cix":2,"ix":1,"mn":"ADBE Vector Group","hd":false}]},"fFamily":"Roboto"},{"ch":"b","size":60,"style":"Regular","w":56.1,"data":{"shapes":[{"ty":"gr","it":[{"ind":0,"ty":"sh","ix":1,"ks":{"a":0,"k":{"i":[[0,0],[3.662,4.851],[6.413,0],[3.645,-4.524],[0,0],[0,0],[0,0],[0,0],[0,0],[-6.673,0],[-3.711,4.9],[0,8.073]],"o":[[0,-8.43],[-3.662,-4.85],[-6.413,0],[0,0],[0,0],[0,0],[0,0],[0,0],[3.645,4.72],[6.25,0],[3.711,-4.899],[0,0]],"v":[[51.562,-26.611],[46.069,-46.533],[30.957,-53.809],[15.869,-47.021],[15.869,-75],[6.836,-75],[6.836,0],[15.137,0],[15.576,-6.104],[31.055,0.977],[45.996,-6.372],[51.562,-25.83]],"c":true},"ix":2},"nm":"b","mn":"ADBE Vector Shape - Group","hd":false},{"ind":1,"ty":"sh","ix":2,"ks":{"a":0,"k":{"i":[[2.409,-3.352],[4.329,0],[2.766,5.534],[0,0],[-5.957,0],[-2.377,-3.352],[0,-6.152]],"o":[[-2.409,3.353],[-5.859,0],[0,0],[2.604,-5.534],[4.459,0],[2.376,3.353],[0,6.738]],"v":[[38.916,-11.719],[28.809,-6.689],[15.869,-14.99],[15.869,-37.842],[28.711,-46.143],[38.965,-41.113],[42.529,-26.855]],"c":true},"ix":2},"nm":"b","mn":"ADBE Vector Shape - Group","hd":false}],"nm":"b","np":5,"cix":2,"ix":1,"mn":"ADBE Vector Group","hd":false}]},"fFamily":"Roboto"},{"ch":"c","size":60,"style":"Regular","w":52.34,"data":{"shapes":[{"ty":"gr","it":[{"ind":0,"ty":"sh","ix":1,"ks":{"a":0,"k":{"i":[[2.506,3.288],[0,6.087],[0,0],[-2.523,3.304],[-4.59,0],[-2.328,-2.197],[-0.261,-3.418],[0,0],[3.922,3.548],[5.924,0],[3.532,-2.213],[1.888,-4.004],[0,-5.143],[0,0],[-4.248,-4.801],[-7.195,0],[-3.207,1.627],[-1.921,2.734],[-0.163,3.027],[0,0],[2.409,-1.953],[3.223,0]],"o":[[-2.507,-3.288],[0,0],[0,-6.25],[2.522,-3.304],[3.418,0],[2.327,2.197],[0,0],[-0.261,-5.664],[-3.923,-3.548],[-4.818,0],[-3.532,2.214],[-1.888,4.004],[0,0],[0,8.334],[4.248,4.802],[3.58,0],[3.206,-1.627],[1.92,-2.734],[0,0],[-0.261,2.93],[-2.409,1.953],[-4.655,0]],"v":[[17.285,-11.328],[13.525,-25.391],[13.525,-27.1],[17.31,-41.431],[27.979,-46.387],[36.597,-43.091],[40.479,-34.668],[49.023,-34.668],[42.749,-48.486],[27.979,-53.809],[15.454,-50.488],[7.324,-41.162],[4.492,-27.441],[4.492,-25.928],[10.864,-6.226],[28.027,0.977],[38.208,-1.465],[45.898,-8.008],[49.023,-16.65],[40.479,-16.65],[36.475,-9.326],[28.027,-6.396]],"c":true},"ix":2},"nm":"c","mn":"ADBE Vector Shape - Group","hd":false}],"nm":"c","np":3,"cix":2,"ix":1,"mn":"ADBE Vector Group","hd":false}]},"fFamily":"Roboto"},{"ch":"k","size":60,"style":"Regular","w":50.68,"data":{"shapes":[{"ty":"gr","it":[{"ind":0,"ty":"sh","ix":1,"ks":{"a":0,"k":{"i":[[0,0],[0,0],[0,0],[0,0],[0,0],[0,0],[0,0],[0,0],[0,0],[0,0],[0,0],[0,0],[0,0]],"o":[[0,0],[0,0],[0,0],[0,0],[0,0],[0,0],[0,0],[0,0],[0,0],[0,0],[0,0],[0,0],[0,0]],"v":[[39.99,0],[50.586,0],[27.637,-30.762],[48.193,-52.832],[37.207,-52.832],[20.752,-35.449],[15.918,-29.639],[15.918,-75],[6.885,-75],[6.885,0],[15.918,0],[15.918,-18.555],[21.582,-24.463]],"c":true},"ix":2},"nm":"k","mn":"ADBE Vector Shape - Group","hd":false}],"nm":"k","np":3,"cix":2,"ix":1,"mn":"ADBE Vector Group","hd":false}]},"fFamily":"Roboto"},{"ch":"P","size":48,"style":"Regular","w":63.09,"data":{"shapes":[{"ty":"gr","it":[{"ind":0,"ty":"sh","ix":1,"ks":{"a":0,"k":{"i":[[0,0],[-4.314,3.728],[0,6.902],[4.411,3.972],[7.78,0],[0,0],[0,0],[0,0],[0,0]],"o":[[8.04,0],[4.313,-3.727],[0,-6.543],[-4.411,-3.971],[0,0],[0,0],[0,0],[0,0],[0,0]],"v":[[34.375,-27.832],[52.905,-33.423],[59.375,-49.365],[52.759,-65.137],[34.473,-71.094],[8.252,-71.094],[8.252,0],[17.627,0],[17.627,-27.832]],"c":true},"ix":2},"nm":"P","mn":"ADBE Vector Shape - Group","hd":false},{"ind":1,"ty":"sh","ix":2,"ks":{"a":0,"k":{"i":[[0,0],[0,0],[-2.67,-2.544],[0,-4.239],[2.669,-2.364],[5.013,0],[0,0]],"o":[[0,0],[4.655,0.098],[2.669,2.544],[0,4.468],[-2.67,2.364],[0,0],[0,0]],"v":[[17.627,-63.428],[35.01,-63.428],[45.996,-59.466],[50,-49.292],[45.996,-39.044],[34.473,-35.498],[17.627,-35.498]],"c":true},"ix":2},"nm":"P","mn":"ADBE Vector Shape - Group","hd":false}],"nm":"P","np":5,"cix":2,"ix":1,"mn":"ADBE Vector Group","hd":false}]},"fFamily":"Roboto"},{"ch":"e","size":48,"style":"Regular","w":52.98,"data":{"shapes":[{"ty":"gr","it":[{"ind":0,"ty":"sh","ix":1,"ks":{"a":0,"k":{"i":[[-4.427,6.804],[0,0],[2.213,-1.302],[3.19,0],[2.913,3.207],[0.13,5.209],[0,0],[0,0],[3.809,4.525],[6.868,0],[3.596,-2.327],[2.002,-4.118],[0,-5.241],[0,0],[-4.492,-4.704],[-7.162,0]],"o":[[0,0],[-1.66,2.148],[-2.214,1.302],[-4.492,0],[-2.914,-3.206],[0,0],[0,0],[0,-8.43],[-3.809,-4.524],[-4.199,0],[-3.597,2.328],[-2.002,4.118],[0,0],[0,7.878],[4.492,4.704],[8.854,0]],"v":[[48.682,-9.229],[43.164,-13.525],[37.354,-8.35],[29.248,-6.396],[18.14,-11.206],[13.574,-23.828],[49.365,-23.828],[49.365,-27.588],[43.652,-47.021],[27.637,-53.809],[15.942,-50.317],[7.544,-40.649],[4.541,-26.611],[4.541,-24.951],[11.279,-6.079],[28.76,0.977]],"c":true},"ix":2},"nm":"e","mn":"ADBE Vector Shape - Group","hd":false},{"ind":1,"ty":"sh","ix":2,"ks":{"a":0,"k":{"i":[[-2.214,-2.522],[-0.261,-4.59],[0,0],[0,0],[-2.474,2.654],[-3.646,0]],"o":[[2.213,2.523],[0,0],[0,0],[0.586,-4.785],[2.473,-2.653],[3.776,0]],"v":[[36.621,-42.603],[40.332,-31.934],[40.332,-31.25],[13.867,-31.25],[18.457,-42.407],[27.637,-46.387]],"c":true},"ix":2},"nm":"e","mn":"ADBE Vector Shape - Group","hd":false}],"nm":"e","np":5,"cix":2,"ix":1,"mn":"ADBE Vector Group","hd":false}]},"fFamily":"Roboto"},{"ch":"K","size":48,"style":"Medium","w":63.04,"data":{"shapes":[{"ty":"gr","it":[{"ind":0,"ty":"sh","ix":1,"ks":{"a":0,"k":{"i":[[0,0],[0,0],[0,0],[0,0],[0,0],[0,0],[0,0],[0,0],[0,0],[0,0],[0,0],[0,0],[0,0]],"o":[[0,0],[0,0],[0,0],[0,0],[0,0],[0,0],[0,0],[0,0],[0,0],[0,0],[0,0],[0,0],[0,0]],"v":[[49.023,0],[63.672,0],[35.742,-39.6],[62.158,-71.094],[47.217,-71.094],[26.416,-46.191],[19.58,-37.744],[19.58,-71.094],[7.227,-71.094],[7.227,0],[19.58,0],[19.58,-22.168],[27.637,-30.713]],"c":true},"ix":2},"nm":"K","mn":"ADBE Vector Shape - Group","hd":false}],"nm":"K","np":3,"cix":2,"ix":1,"mn":"ADBE Vector Group","hd":false}]},"fFamily":"Roboto"},{"ch":"e","size":48,"style":"Medium","w":53.66,"data":{"shapes":[{"ty":"gr","it":[{"ind":0,"ty":"sh","ix":1,"ks":{"a":0,"k":{"i":[[-3.532,1.741],[-2.116,3.158],[0,0],[5.436,0],[2.555,2.539],[0.358,4.362],[0,0],[0,0],[3.922,4.59],[7.194,0],[3.678,-2.311],[2.034,-4.15],[0,-5.273],[0,0],[-4.671,-4.736],[-7.52,0]],"o":[[3.532,-1.741],[0,0],[-3.418,4.395],[-3.874,0],[-2.556,-2.539],[0,0],[0,0],[0,-8.398],[-3.923,-4.59],[-4.525,0],[-3.679,2.312],[-2.035,4.15],[0,0],[0,7.878],[4.671,4.736],[4.395,0]],"v":[[41.235,-1.636],[49.707,-8.984],[43.311,-15.088],[30.029,-8.496],[20.386,-12.305],[16.016,-22.656],[50.537,-22.656],[50.537,-27.441],[44.653,-46.924],[27.979,-53.809],[15.674,-50.342],[7.104,-40.649],[4.053,-26.514],[4.053,-25.049],[11.06,-6.128],[29.346,0.977]],"c":true},"ix":2},"nm":"e","mn":"ADBE Vector Shape - Group","hd":false},{"ind":1,"ty":"sh","ix":2,"ks":{"a":0,"k":{"i":[[-1.855,-2.034],[-0.261,-3.971],[0,0],[0,0],[-2.002,2.279],[-3.255,0]],"o":[[1.855,2.035],[0,0],[0,0],[0.553,-4.069],[2.002,-2.278],[3.288,0]],"v":[[35.645,-41.235],[38.818,-32.227],[38.818,-31.348],[16.211,-31.348],[20.044,-40.869],[27.93,-44.287]],"c":true},"ix":2},"nm":"e","mn":"ADBE Vector Shape - Group","hd":false}],"nm":"e","np":5,"cix":2,"ix":1,"mn":"ADBE Vector Group","hd":false}]},"fFamily":"Roboto"},{"ch":"p","size":48,"style":"Medium","w":56.3,"data":{"shapes":[{"ty":"gr","it":[{"ind":0,"ty":"sh","ix":1,"ks":{"a":0,"k":{"i":[[0,0],[3.662,4.802],[6.445,0],[3.483,-4.231],[0,0],[0,0],[0,0],[0,0],[0,0],[-5.795,0],[-3.711,4.867],[0,8.171]],"o":[[0,-8.528],[-3.662,-4.801],[-5.99,0],[0,0],[0,0],[0,0],[0,0],[0,0],[3.483,3.809],[6.25,0],[3.711,-4.866],[0,0]],"v":[[52.344,-26.611],[46.851,-46.606],[31.689,-53.809],[17.48,-47.461],[16.992,-52.832],[6.055,-52.832],[6.055,20.312],[17.92,20.312],[17.92,-4.736],[31.836,0.977],[46.777,-6.323],[52.344,-25.879]],"c":true},"ix":2},"nm":"p","mn":"ADBE Vector Shape - Group","hd":false},{"ind":1,"ty":"sh","ix":2,"ks":{"a":0,"k":{"i":[[2.132,-3.043],[3.776,0],[2.148,4.102],[0,0],[-4.851,0],[-2.1,-3.092],[0,-5.273]],"o":[[-2.132,3.044],[-4.883,0],[0,0],[2.116,-4.004],[3.906,0],[2.1,3.093],[0,6.185]],"v":[[37.329,-13.062],[28.467,-8.496],[17.92,-14.648],[17.92,-38.086],[28.369,-44.092],[37.378,-39.453],[40.527,-26.904]],"c":true},"ix":2},"nm":"p","mn":"ADBE Vector Shape - Group","hd":false}],"nm":"p","np":5,"cix":2,"ix":1,"mn":"ADBE Vector Group","hd":false}]},"fFamily":"Roboto"},{"ch":" ","size":48,"style":"Medium","w":24.9,"data":{},"fFamily":"Roboto"},{"ch":"l","size":48,"style":"Medium","w":25.54,"data":{"shapes":[{"ty":"gr","it":[{"ind":0,"ty":"sh","ix":1,"ks":{"a":0,"k":{"i":[[0,0],[0,0],[0,0],[0,0]],"o":[[0,0],[0,0],[0,0],[0,0]],"v":[[18.701,-75],[6.836,-75],[6.836,0],[18.701,0]],"c":true},"ix":2},"nm":"l","mn":"ADBE Vector Shape - Group","hd":false}],"nm":"l","np":3,"cix":2,"ix":1,"mn":"ADBE Vector Group","hd":false}]},"fFamily":"Roboto"},{"ch":"a","size":48,"style":"Medium","w":54.1,"data":{"shapes":[{"ty":"gr","it":[{"ind":0,"ty":"sh","ix":1,"ks":{"a":0,"k":{"i":[[0,0],[0,0],[0,4.753],[0,0],[3.678,3.109],[6.184,0],[3.304,-1.432],[1.92,-2.522],[0,-2.897],[0,0],[-1.726,1.351],[-2.702,0],[-1.53,-1.643],[0,-2.734],[0,0],[0,0],[4.182,-3.011],[0,-5.631],[-3.353,-3.027],[-5.306,0],[-3.777,3.939],[-0.521,-1.009]],"o":[[0,0],[-1.335,-2.832],[0,0],[-0.098,-5.631],[-3.679,-3.108],[-4.07,0],[-3.304,1.433],[-1.921,2.523],[0,0],[0,-2.083],[1.725,-1.35],[3.125,0],[1.53,1.644],[0,0],[0,0],[-7.78,0],[-4.183,3.011],[0,4.46],[3.352,3.027],[5.469,0],[0.391,2.279],[0,0]],"v":[[49.756,0],[49.756,-0.83],[47.754,-12.207],[47.754,-36.035],[42.09,-49.146],[27.295,-53.809],[16.235,-51.66],[8.398,-45.728],[5.518,-37.598],[17.383,-37.598],[19.971,-42.749],[26.611,-44.775],[33.594,-42.31],[35.889,-35.742],[35.889,-32.275],[28.613,-32.275],[10.669,-27.759],[4.395,-14.795],[9.424,-3.564],[22.412,0.977],[36.279,-4.932],[37.646,0]],"c":true},"ix":2},"nm":"a","mn":"ADBE Vector Shape - Group","hd":false},{"ind":1,"ty":"sh","ix":2,"ks":{"a":0,"k":{"i":[[1.514,1.351],[0,2.279],[-2.214,1.53],[-4.395,0],[0,0],[0,0],[2.067,-1.139],[2.344,0]],"o":[[-1.514,-1.35],[0,-2.799],[2.213,-1.53],[0,0],[0,0],[-1.042,1.921],[-2.068,1.14],[-2.539,0]],"v":[[18.53,-10.571],[16.26,-16.016],[19.58,-22.51],[29.492,-24.805],[35.889,-24.805],[35.889,-14.844],[31.226,-10.254],[24.609,-8.545]],"c":true},"ix":2},"nm":"a","mn":"ADBE Vector Shape - Group","hd":false}],"nm":"a","np":5,"cix":2,"ix":1,"mn":"ADBE Vector Group","hd":false}]},"fFamily":"Roboto"},{"ch":"y","size":48,"style":"Medium","w":48.68,"data":{"shapes":[{"ty":"gr","it":[{"ind":0,"ty":"sh","ix":1,"ks":{"a":0,"k":{"i":[[0,0],[0,0],[0,0],[0,0],[1.514,-1.09],[2.995,0],[0,0],[0,0],[-1.726,0],[-3.223,8.887],[0,0],[0,0],[0,0]],"o":[[0,0],[0,0],[0,0],[-0.879,2.57],[-1.514,1.089],[0,0],[0,0],[2.083,0.589],[7.715,0],[0,0],[0,0],[0,0],[0,0]],"v":[[13.379,-52.832],[0.586,-52.832],[19.141,-0.284],[17.432,4.253],[13.843,9.743],[7.08,11.377],[4.834,11.23],[4.834,20.454],[10.547,21.338],[26.953,8.008],[47.949,-52.832],[35.303,-52.832],[24.561,-16.992]],"c":true},"ix":2},"nm":"y","mn":"ADBE Vector Shape - Group","hd":false}],"nm":"y","np":3,"cix":2,"ix":1,"mn":"ADBE Vector Group","hd":false}]},"fFamily":"Roboto"},{"ch":"i","size":48,"style":"Medium","w":25.54,"data":{"shapes":[{"ty":"gr","it":[{"ind":0,"ty":"sh","ix":1,"ks":{"a":0,"k":{"i":[[0,0],[0,0],[0,0],[0,0]],"o":[[0,0],[0,0],[0,0],[0,0]],"v":[[18.701,-52.832],[6.836,-52.832],[6.836,0],[18.701,0]],"c":true},"ix":2},"nm":"i","mn":"ADBE Vector Shape - Group","hd":false},{"ind":1,"ty":"sh","ix":2,"ks":{"a":0,"k":{"i":[[-1.156,-1.188],[-2.148,0],[-1.172,1.189],[0,1.791],[1.172,1.205],[2.148,0],[1.155,-1.204],[0,-1.823]],"o":[[1.155,1.189],[2.148,0],[1.172,-1.188],[0,-1.823],[-1.172,-1.204],[-2.148,0],[-1.156,1.205],[0,1.791]],"v":[[7.837,-62.085],[12.793,-60.303],[17.773,-62.085],[19.531,-66.553],[17.773,-71.094],[12.793,-72.9],[7.837,-71.094],[6.104,-66.553]],"c":true},"ix":2},"nm":"i","mn":"ADBE Vector Shape - Group","hd":false}],"nm":"i","np":5,"cix":2,"ix":1,"mn":"ADBE Vector Group","hd":false}]},"fFamily":"Roboto"},{"ch":"n","size":48,"style":"Medium","w":55.62,"data":{"shapes":[{"ty":"gr","it":[{"ind":0,"ty":"sh","ix":1,"ks":{"a":0,"k":{"i":[[0,0],[0,0],[0,0],[0,0],[-4.785,0],[-1.449,-1.611],[0,-3.352],[0,0],[0,0],[0,0],[11.002,0],[3.906,-4.72],[0,0]],"o":[[0,0],[0,0],[0,0],[2.344,-4.329],[3.288,0],[1.448,1.611],[0,0],[0,0],[0,0],[-0.195,-12.598],[-6.348,0],[0,0],[0,0]],"v":[[5.908,-52.832],[5.908,0],[17.773,0],[17.773,-37.598],[28.467,-44.092],[35.571,-41.675],[37.744,-34.229],[37.744,0],[49.609,0],[49.609,-34.912],[32.812,-53.809],[17.432,-46.729],[17.09,-52.832]],"c":true},"ix":2},"nm":"n","mn":"ADBE Vector Shape - Group","hd":false}],"nm":"n","np":3,"cix":2,"ix":1,"mn":"ADBE Vector Group","hd":false}]},"fFamily":"Roboto"},{"ch":"g","size":48,"style":"Medium","w":56.69,"data":{"shapes":[{"ty":"gr","it":[{"ind":0,"ty":"sh","ix":1,"ks":{"a":0,"k":{"i":[[-3.923,-4.915],[-6.185,0],[-3.418,3.809],[0,0],[2.278,-2.132],[3.938,0],[3.645,4.329],[0,0],[-3.695,-1.611],[-3.874,0],[-4.314,4.004],[0,6.934],[0,0],[0,0],[0,0],[6.022,0],[3.857,-4.899],[0,-8.203]],"o":[[3.922,4.916],[5.696,0],[0,0],[0,4.134],[-2.279,2.132],[-5.339,0],[0,0],[1.92,2.604],[3.694,1.611],[7.324,0],[4.313,-4.004],[0,0],[0,0],[0,0],[-3.451,-4.199],[-6.38,0],[-3.857,4.9],[0,8.691]],"v":[[9.888,-6.396],[25.049,0.977],[38.721,-4.736],[38.721,-1.172],[35.303,8.228],[25.977,11.426],[12.5,4.932],[6.885,12.061],[15.308,18.384],[26.66,20.801],[44.116,14.795],[50.586,-1.611],[50.586,-52.832],[39.893,-52.832],[39.355,-47.51],[25.146,-53.809],[9.79,-46.46],[4.004,-26.807]],"c":true},"ix":2},"nm":"g","mn":"ADBE Vector Shape - Group","hd":false},{"ind":1,"ty":"sh","ix":2,"ks":{"a":0,"k":{"i":[[-2.165,3.093],[-3.906,0],[-2.246,-4.004],[0,0],[4.785,0],[2.164,3.044],[0,5.306]],"o":[[2.164,-3.092],[4.785,0],[0,0],[-2.312,4.102],[-3.841,0],[-2.165,-3.043],[0,-6.022]],"v":[[19.067,-39.453],[28.174,-44.092],[38.721,-38.086],[38.721,-14.844],[28.076,-8.691],[19.067,-13.257],[15.82,-25.781]],"c":true},"ix":2},"nm":"g","mn":"ADBE Vector Shape - Group","hd":false}],"nm":"g","np":5,"cix":2,"ix":1,"mn":"ADBE Vector Group","hd":false}]},"fFamily":"Roboto"},{"ch":".","size":48,"style":"Medium","w":27.93,"data":{"shapes":[{"ty":"gr","it":[{"ind":0,"ty":"sh","ix":1,"ks":{"a":0,"k":{"i":[[1.204,-1.253],[0,-1.888],[-1.237,-1.204],[-2.116,0],[-1.205,1.221],[0,1.855],[1.204,1.254],[2.213,0]],"o":[[-1.205,1.254],[0,1.888],[1.237,1.205],[2.213,0],[1.204,-1.221],[0,-1.888],[-1.205,-1.253],[-2.181,0]],"v":[[8.398,-10.62],[6.592,-5.908],[8.447,-1.27],[13.477,0.537],[18.604,-1.294],[20.41,-5.908],[18.604,-10.62],[13.477,-12.5]],"c":true},"ix":2},"nm":".","mn":"ADBE Vector Shape - Group","hd":false}],"nm":".","np":3,"cix":2,"ix":1,"mn":"ADBE Vector Group","hd":false}]},"fFamily":"Roboto"},{"ch":"w","size":48,"style":"Medium","w":74.32,"data":{"shapes":[{"ty":"gr","it":[{"ind":0,"ty":"sh","ix":1,"ks":{"a":0,"k":{"i":[[0,0],[0,0],[0,0],[0,0],[0,0],[0,0],[0,0],[0,0],[0,0],[0,0],[0,0],[0,0],[0,0]],"o":[[0,0],[0,0],[0,0],[0,0],[0,0],[0,0],[0,0],[0,0],[0,0],[0,0],[0,0],[0,0],[0,0]],"v":[[41.504,-52.832],[32.568,-52.832],[21.729,-16.748],[13.184,-52.832],[1.611,-52.832],[16.064,0],[25.83,0],[36.963,-36.279],[48.291,0],[58.057,0],[72.461,-52.832],[60.889,-52.832],[52.49,-16.357]],"c":true},"ix":2},"nm":"w","mn":"ADBE Vector Shape - Group","hd":false}],"nm":"w","np":3,"cix":2,"ix":1,"mn":"ADBE Vector Group","hd":false}]},"fFamily":"Roboto"}]}