{"assets":[{"id":"image_0","w":800,"h":600,"u":"images/","p":"img_0.png"},{"id":"image_1","w":800,"h":600,"u":"images/","p":"img_1.png"}],"layers":[{"ddd":0,"ind":0,"ty":2,"nm":"火箭.png","cl":"png","refId":"image_0","ks":{"o":{"k":100},"r":{"k":48.395},"p":{"k":[{"i":{"x":0.833,"y":0.833},"o":{"x":0.167,"y":0.167},"n":"0p833_0p833_0p167_0p167","t":0,"s":[475,267.731,0],"e":[477,267.731,0],"to":[0.33333334326744,0,0],"ti":[0,0,0]},{"i":{"x":0.833,"y":0.833},"o":{"x":0.167,"y":0.167},"n":"0p833_0p833_0p167_0p167","t":5,"s":[477,267.731,0],"e":[475,267.731,0],"to":[0,0,0],"ti":[0,0,0]},{"i":{"x":0.833,"y":0.833},"o":{"x":0.167,"y":0.167},"n":"0p833_0p833_0p167_0p167","t":10,"s":[475,267.731,0],"e":[477,267.731,0],"to":[0,0,0],"ti":[0,0,0]},{"i":{"x":0.833,"y":0.833},"o":{"x":0.167,"y":0.167},"n":"0p833_0p833_0p167_0p167","t":15,"s":[477,267.731,0],"e":[475,267.731,0],"to":[0,0,0],"ti":[0,0,0]},{"i":{"x":0.833,"y":0.833},"o":{"x":0.167,"y":0.167},"n":"0p833_0p833_0p167_0p167","t":20,"s":[475,267.731,0],"e":[477,267.731,0],"to":[0,0,0],"ti":[0,0,0]},{"i":{"x":0.833,"y":0.833},"o":{"x":0.167,"y":0.167},"n":"0p833_0p833_0p167_0p167","t":25,"s":[477,267.731,0],"e":[475,267.731,0],"to":[0,0,0],"ti":[0,0,0]},{"i":{"x":0.833,"y":0.833},"o":{"x":0.167,"y":0.167},"n":"0p833_0p833_0p167_0p167","t":30,"s":[475,267.731,0],"e":[477,267.731,0],"to":[0,0,0],"ti":[0,0,0]},{"i":{"x":0.833,"y":0.833},"o":{"x":0.167,"y":0.167},"n":"0p833_0p833_0p167_0p167","t":35,"s":[477,267.731,0],"e":[475,267.731,0],"to":[0,0,0],"ti":[0,0,0]},{"i":{"x":0.833,"y":0.833},"o":{"x":0.167,"y":0.167},"n":"0p833_0p833_0p167_0p167","t":40,"s":[475,267.731,0],"e":[477,267.731,0],"to":[0,0,0],"ti":[0,0,0]},{"i":{"x":0.833,"y":0.833},"o":{"x":0.167,"y":0.167},"n":"0p833_0p833_0p167_0p167","t":45,"s":[477,267.731,0],"e":[475,267.731,0],"to":[0,0,0],"ti":[0,0,0]},{"i":{"x":0.833,"y":0.833},"o":{"x":0.167,"y":0.167},"n":"0p833_0p833_0p167_0p167","t":50,"s":[475,267.731,0],"e":[477,267.731,0],"to":[0,0,0],"ti":[0,0,0]},{"i":{"x":0.833,"y":0.833},"o":{"x":0.167,"y":0.167},"n":"0p833_0p833_0p167_0p167","t":55,"s":[477,267.731,0],"e":[475,267.731,0],"to":[0,0,0],"ti":[0.33333334326744,0,0]},{"i":{"x":0.833,"y":0.833},"o":{"x":0.167,"y":0.167},"n":"0p833_0p833_0p167_0p167","t":59,"s":[475,267.731,0],"e":[475,267.731,0],"to":[0,0,0],"ti":[0,0,0]},{"t":60.0000305379566}]},"a":{"k":[400,300,0]},"s":{"k":[116.694,116.694,100]}},"ao":0,"ip":0,"op":60.0000305379566,"st":0,"bm":0,"sr":1},{"ddd":0,"ind":1,"ty":4,"nm":"circle","ks":{"o":{"k":100},"r":{"k":0},"p":{"k":[433.899,273.449,0]},"a":{"k":[0,0,0]},"s":{"k":[142.968,142.968,100]}},"ao":0,"shapes":[{"ty":"gr","it":[{"d":1,"ty":"el","s":{"k":[315.203,315.203]},"p":{"k":[0,0]},"nm":"椭圆路径 1","mn":"ADBE Vector Shape - Ellipse"},{"ty":"fl","c":{"k":[0.19,0.15,0.17,1]},"o":{"k":100},"nm":"填充 1","mn":"ADBE Vector Graphic - Fill"},{"ty":"tr","p":{"k":[-6,-4],"ix":2},"a":{"k":[0,0],"ix":1},"s":{"k":[100,100],"ix":3},"r":{"k":0,"ix":6},"o":{"k":100,"ix":7},"sk":{"k":0,"ix":4},"sa":{"k":0,"ix":5},"nm":"变换"}],"nm":"椭圆 1","np":3,"mn":"ADBE Vector Group"}],"ip":0,"op":60.0000305379566,"st":0,"bm":0,"sr":1},{"ddd":0,"ind":2,"ty":4,"nm":"火焰","ks":{"o":{"k":100},"r":{"k":0},"p":{"k":[{"i":{"x":0.833,"y":0.833},"o":{"x":0.167,"y":0.167},"n":"0p833_0p833_0p167_0p167","t":0,"s":[400,300,0],"e":[402,300,0],"to":[0.33333334326744,0,0],"ti":[0,0,0]},{"i":{"x":0.833,"y":0.833},"o":{"x":0.167,"y":0.167},"n":"0p833_0p833_0p167_0p167","t":5,"s":[402,300,0],"e":[400,300,0],"to":[0,0,0],"ti":[0,0,0]},{"i":{"x":0.833,"y":0.833},"o":{"x":0.167,"y":0.167},"n":"0p833_0p833_0p167_0p167","t":10,"s":[400,300,0],"e":[402,300,0],"to":[0,0,0],"ti":[0,0,0]},{"i":{"x":0.833,"y":0.833},"o":{"x":0.167,"y":0.167},"n":"0p833_0p833_0p167_0p167","t":15,"s":[402,300,0],"e":[400,300,0],"to":[0,0,0],"ti":[0,0,0]},{"i":{"x":0.833,"y":0.833},"o":{"x":0.167,"y":0.167},"n":"0p833_0p833_0p167_0p167","t":20,"s":[400,300,0],"e":[402,300,0],"to":[0,0,0],"ti":[0,0,0]},{"i":{"x":0.833,"y":0.833},"o":{"x":0.167,"y":0.167},"n":"0p833_0p833_0p167_0p167","t":25,"s":[402,300,0],"e":[400,300,0],"to":[0,0,0],"ti":[0,0,0]},{"i":{"x":0.833,"y":0.833},"o":{"x":0.167,"y":0.167},"n":"0p833_0p833_0p167_0p167","t":30,"s":[400,300,0],"e":[402,300,0],"to":[0,0,0],"ti":[0,0,0]},{"i":{"x":0.833,"y":0.833},"o":{"x":0.167,"y":0.167},"n":"0p833_0p833_0p167_0p167","t":35,"s":[402,300,0],"e":[400,300,0],"to":[0,0,0],"ti":[0,0,0]},{"i":{"x":0.833,"y":0.833},"o":{"x":0.167,"y":0.167},"n":"0p833_0p833_0p167_0p167","t":40,"s":[400,300,0],"e":[402,300,0],"to":[0,0,0],"ti":[0,0,0]},{"i":{"x":0.833,"y":0.833},"o":{"x":0.167,"y":0.167},"n":"0p833_0p833_0p167_0p167","t":45,"s":[402,300,0],"e":[400,300,0],"to":[0,0,0],"ti":[0,0,0]},{"i":{"x":0.833,"y":0.833},"o":{"x":0.167,"y":0.167},"n":"0p833_0p833_0p167_0p167","t":50,"s":[400,300,0],"e":[402,300,0],"to":[0,0,0],"ti":[0,0,0]},{"i":{"x":0.833,"y":0.833},"o":{"x":0.167,"y":0.167},"n":"0p833_0p833_0p167_0p167","t":55,"s":[402,300,0],"e":[400,300,0],"to":[0,0,0],"ti":[0.33333334326744,0,0]},{"t":60.0000305379566}]},"a":{"k":[0,0,0]},"s":{"k":[100,100,100]}},"ao":0,"shapes":[{"ty":"gr","it":[{"ind":0,"ty":"sh","ks":{"k":{"i":[[0,0],[0,0],[24,0],[0,0],[0.229,-0.621],[0,0],[0,0],[33.168,2.211]],"o":[[0,0],[0,0],[-17,0],[0,0],[-0.229,0.621],[0,0],[0,0],[-15,-1]],"v":[[-121,-33],[-147,-32],[-170,93],[-228,94],[-176.886,192.209],[-81.339,183.768],[-40,98],[-102,94]],"c":true}},"nm":"路径 1","mn":"ADBE Vector Shape - Group"},{"ty":"fl","c":{"k":[0.91,0.5,0.16,1]},"o":{"k":100},"nm":"填充 1","mn":"ADBE Vector Graphic - Fill"},{"ty":"tr","p":{"k":[89.75,98.328],"ix":2},"a":{"k":[0,0],"ix":1},"s":{"k":[100,100],"ix":3},"r":{"k":48.817,"ix":6},"o":{"k":100,"ix":7},"sk":{"k":0,"ix":4},"sa":{"k":0,"ix":5},"nm":"变换"}],"nm":"形状 1","np":3,"mn":"ADBE Vector Group"}],"ip":0,"op":60.0000305379566,"st":0,"bm":0,"sr":1},{"ddd":0,"ind":3,"ty":4,"nm":"烟雾左","ks":{"o":{"k":100},"r":{"k":[{"i":{"x":[0.833],"y":[0.833]},"o":{"x":[0.167],"y":[0.167]},"n":["0p833_0p833_0p167_0p167"],"t":0,"s":[0],"e":[-720]},{"t":59.0000300289907}]},"p":{"k":[226.029,329.873,0]},"a":{"k":[-251.111,85.996,0]},"s":{"k":[103.288,111.385,100]}},"ao":0,"shapes":[{"ty":"gr","it":[{"d":1,"ty":"el","s":{"k":[83.891,91.172]},"p":{"k":[0,0]},"nm":"椭圆路径 1","mn":"ADBE Vector Shape - Ellipse"},{"ty":"mm","mm":2,"nm":"合并路径 1","mn":"ADBE Vector Filter - Merge"},{"ty":"mm","mm":2,"nm":"合并路径 2","mn":"ADBE Vector Filter - Merge"},{"ty":"st","c":{"k":[0.87,0.31,0,1]},"o":{"k":100},"w":{"k":7},"lc":1,"lj":1,"ml":4,"nm":"描边 1","mn":"ADBE Vector Graphic - Stroke"},{"ty":"fl","c":{"k":[0.91,0.5,0.16,1]},"o":{"k":100},"nm":"填充 1","mn":"ADBE Vector Graphic - Fill"},{"ty":"tr","p":{"k":[-209.109,86.062],"ix":2},"a":{"k":[0,0],"ix":1},"s":{"k":[172.943,111.222],"ix":3},"r":{"k":0,"ix":6},"o":{"k":100,"ix":7},"sk":{"k":0,"ix":4},"sa":{"k":0,"ix":5},"nm":"变换"}],"nm":"椭圆 7","np":5,"mn":"ADBE Vector Group"},{"ty":"gr","it":[{"d":1,"ty":"el","s":{"k":[83.891,91.172]},"p":{"k":[0,0]},"nm":"椭圆路径 1","mn":"ADBE Vector Shape - Ellipse"},{"ty":"mm","mm":2,"nm":"合并路径 1","mn":"ADBE Vector Filter - Merge"},{"ty":"mm","mm":2,"nm":"合并路径 2","mn":"ADBE Vector Filter - Merge"},{"ty":"st","c":{"k":[0.87,0.31,0,1]},"o":{"k":100},"w":{"k":7},"lc":1,"lj":1,"ml":4,"nm":"描边 1","mn":"ADBE Vector Graphic - Stroke"},{"ty":"fl","c":{"k":[0.91,0.5,0.16,1]},"o":{"k":100},"nm":"填充 1","mn":"ADBE Vector Graphic - Fill"},{"ty":"tr","p":{"k":[-201.922,137.547],"ix":2},"a":{"k":[0,0],"ix":1},"s":{"k":[104.753,111.222],"ix":3},"r":{"k":0,"ix":6},"o":{"k":100,"ix":7},"sk":{"k":0,"ix":4},"sa":{"k":0,"ix":5},"nm":"变换"}],"nm":"椭圆 6","np":5,"mn":"ADBE Vector Group"},{"ty":"gr","it":[{"d":1,"ty":"el","s":{"k":[83.891,91.172]},"p":{"k":[0,0]},"nm":"椭圆路径 1","mn":"ADBE Vector Shape - Ellipse"},{"ty":"mm","mm":2,"nm":"合并路径 1","mn":"ADBE Vector Filter - Merge"},{"ty":"mm","mm":2,"nm":"合并路径 2","mn":"ADBE Vector Filter - Merge"},{"ty":"st","c":{"k":[0.87,0.31,0,1]},"o":{"k":100},"w":{"k":7},"lc":1,"lj":1,"ml":4,"nm":"描边 1","mn":"ADBE Vector Graphic - Stroke"},{"ty":"fl","c":{"k":[0.91,0.5,0.16,1]},"o":{"k":100},"nm":"填充 1","mn":"ADBE Vector Graphic - Fill"},{"ty":"tr","p":{"k":[-251.102,148.742],"ix":2},"a":{"k":[0,0],"ix":1},"s":{"k":[89.543,82.9],"ix":3},"r":{"k":0,"ix":6},"o":{"k":100,"ix":7},"sk":{"k":0,"ix":4},"sa":{"k":0,"ix":5},"nm":"变换"}],"nm":"椭圆 5","np":5,"mn":"ADBE Vector Group"},{"ty":"gr","it":[{"d":1,"ty":"el","s":{"k":[83.891,91.172]},"p":{"k":[0,0]},"nm":"椭圆路径 1","mn":"ADBE Vector Shape - Ellipse"},{"ty":"mm","mm":2,"nm":"合并路径 1","mn":"ADBE Vector Filter - Merge"},{"ty":"mm","mm":2,"nm":"合并路径 2","mn":"ADBE Vector Filter - Merge"},{"ty":"st","c":{"k":[0.87,0.31,0,1]},"o":{"k":100},"w":{"k":7},"lc":1,"lj":1,"ml":4,"nm":"描边 1","mn":"ADBE Vector Graphic - Stroke"},{"ty":"fl","c":{"k":[0.91,0.5,0.16,1]},"o":{"k":100},"nm":"填充 1","mn":"ADBE Vector Graphic - Fill"},{"ty":"tr","p":{"k":[-305.211,110.805],"ix":2},"a":{"k":[0,0],"ix":1},"s":{"k":[115.983,125.062],"ix":3},"r":{"k":0,"ix":6},"o":{"k":100,"ix":7},"sk":{"k":0,"ix":4},"sa":{"k":0,"ix":5},"nm":"变换"}],"nm":"椭圆 4","np":5,"mn":"ADBE Vector Group"},{"ty":"gr","it":[{"d":1,"ty":"el","s":{"k":[106.984,91.086]},"p":{"k":[0,0]},"nm":"椭圆路径 1","mn":"ADBE Vector Shape - Ellipse"},{"ty":"mm","mm":2,"nm":"合并路径 1","mn":"ADBE Vector Filter - Merge"},{"ty":"mm","mm":2,"nm":"合并路径 2","mn":"ADBE Vector Filter - Merge"},{"ty":"st","c":{"k":[0.87,0.31,0,1]},"o":{"k":100},"w":{"k":7},"lc":1,"lj":1,"ml":4,"nm":"描边 1","mn":"ADBE Vector Graphic - Stroke"},{"ty":"fl","c":{"k":[0.91,0.5,0.16,1]},"o":{"k":100},"nm":"填充 1","mn":"ADBE Vector Graphic - Fill"},{"ty":"tr","p":{"k":[-300.805,51.348],"ix":2},"a":{"k":[0,0],"ix":1},"s":{"k":[100,106.949],"ix":3},"r":{"k":-25.012,"ix":6},"o":{"k":100,"ix":7},"sk":{"k":0,"ix":4},"sa":{"k":0,"ix":5},"nm":"变换"}],"nm":"椭圆 3","np":5,"mn":"ADBE Vector Group"},{"ty":"gr","it":[{"d":1,"ty":"el","s":{"k":[93.547,93.547]},"p":{"k":[0,0]},"nm":"椭圆路径 1","mn":"ADBE Vector Shape - Ellipse"},{"ty":"mm","mm":2,"nm":"合并路径 1","mn":"ADBE Vector Filter - Merge"},{"ty":"mm","mm":2,"nm":"合并路径 2","mn":"ADBE Vector Filter - Merge"},{"ty":"st","c":{"k":[0.87,0.31,0,1]},"o":{"k":100},"w":{"k":7},"lc":1,"lj":1,"ml":4,"nm":"描边 1","mn":"ADBE Vector Graphic - Stroke"},{"ty":"fl","c":{"k":[0.91,0.5,0.16,1]},"o":{"k":100},"nm":"填充 1","mn":"ADBE Vector Graphic - Fill"},{"ty":"tr","p":{"k":[-204.344,47.773],"ix":2},"a":{"k":[0,0],"ix":1},"s":{"k":[100,100],"ix":3},"r":{"k":0,"ix":6},"o":{"k":100,"ix":7},"sk":{"k":0,"ix":4},"sa":{"k":0,"ix":5},"nm":"变换"}],"nm":"椭圆 2","np":5,"mn":"ADBE Vector Group"},{"ty":"gr","it":[{"d":1,"ty":"el","s":{"k":[68.453,69.352]},"p":{"k":[0,0]},"nm":"椭圆路径 1","mn":"ADBE Vector Shape - Ellipse"},{"ty":"mm","mm":2,"nm":"合并路径 1","mn":"ADBE Vector Filter - Merge"},{"ty":"mm","mm":2,"nm":"合并路径 2","mn":"ADBE Vector Filter - Merge"},{"ty":"st","c":{"k":[0.87,0.31,0,1]},"o":{"k":100},"w":{"k":7},"lc":1,"lj":1,"ml":4,"nm":"描边 1","mn":"ADBE Vector Graphic - Stroke"},{"ty":"fl","c":{"k":[0.91,0.5,0.16,1]},"o":{"k":100},"nm":"填充 1","mn":"ADBE Vector Graphic - Fill"},{"ty":"tr","p":{"k":[-243.773,22.676],"ix":2},"a":{"k":[0,0],"ix":1},"s":{"k":[100,100],"ix":3},"r":{"k":0,"ix":6},"o":{"k":100,"ix":7},"sk":{"k":0,"ix":4},"sa":{"k":0,"ix":5},"nm":"变换"}],"nm":"椭圆 1","np":5,"mn":"ADBE Vector Group"},{"ty":"mm","mm":2,"nm":"合并路径 1","mn":"ADBE Vector Filter - Merge"},{"ty":"st","c":{"k":[0.87,0.31,0,1]},"o":{"k":100},"w":{"k":7},"lc":1,"lj":1,"ml":4,"nm":"描边 1","mn":"ADBE Vector Graphic - Stroke"},{"ty":"fl","c":{"k":[0.91,0.5,0.16,1]},"o":{"k":100},"nm":"填充 1","mn":"ADBE Vector Graphic - Fill"}],"ip":0,"op":60.0000305379566,"st":0,"bm":0,"sr":1},{"ddd":0,"ind":4,"ty":4,"nm":"烟雾右","ks":{"o":{"k":100},"r":{"k":[{"i":{"x":[0.833],"y":[0.833]},"o":{"x":[0.167],"y":[0.167]},"n":["0p833_0p833_0p167_0p167"],"t":0,"s":[0],"e":[720]},{"i":{"x":[0.833],"y":[0.833]},"o":{"x":[0.167],"y":[0.167]},"n":["0p833_0p833_0p167_0p167"],"t":59,"s":[720],"e":[720]},{"t":3598.00183125947}]},"p":{"k":[370.348,463.74,0]},"a":{"k":[-236.58,81.664,0]},"s":{"k":[103.288,111.385,100]}},"ao":0,"shapes":[{"ty":"gr","it":[{"d":1,"ty":"el","s":{"k":[83.891,91.172]},"p":{"k":[0,0]},"nm":"椭圆路径 1","mn":"ADBE Vector Shape - Ellipse"},{"ty":"mm","mm":2,"nm":"合并路径 1","mn":"ADBE Vector Filter - Merge"},{"ty":"mm","mm":2,"nm":"合并路径 2","mn":"ADBE Vector Filter - Merge"},{"ty":"st","c":{"k":[0.87,0.31,0,1]},"o":{"k":100},"w":{"k":7},"lc":1,"lj":1,"ml":4,"nm":"描边 1","mn":"ADBE Vector Graphic - Stroke"},{"ty":"fl","c":{"k":[0.91,0.5,0.16,1]},"o":{"k":100},"nm":"填充 1","mn":"ADBE Vector Graphic - Fill"},{"ty":"tr","p":{"k":[-209.109,86.062],"ix":2},"a":{"k":[0,0],"ix":1},"s":{"k":[172.943,111.222],"ix":3},"r":{"k":0,"ix":6},"o":{"k":100,"ix":7},"sk":{"k":0,"ix":4},"sa":{"k":0,"ix":5},"nm":"变换"}],"nm":"椭圆 7","np":5,"mn":"ADBE Vector Group"},{"ty":"gr","it":[{"d":1,"ty":"el","s":{"k":[83.891,91.172]},"p":{"k":[0,0]},"nm":"椭圆路径 1","mn":"ADBE Vector Shape - Ellipse"},{"ty":"mm","mm":2,"nm":"合并路径 1","mn":"ADBE Vector Filter - Merge"},{"ty":"mm","mm":2,"nm":"合并路径 2","mn":"ADBE Vector Filter - Merge"},{"ty":"st","c":{"k":[0.87,0.31,0,1]},"o":{"k":100},"w":{"k":7},"lc":1,"lj":1,"ml":4,"nm":"描边 1","mn":"ADBE Vector Graphic - Stroke"},{"ty":"fl","c":{"k":[0.91,0.5,0.16,1]},"o":{"k":100},"nm":"填充 1","mn":"ADBE Vector Graphic - Fill"},{"ty":"tr","p":{"k":[-201.922,137.547],"ix":2},"a":{"k":[0,0],"ix":1},"s":{"k":[104.753,111.222],"ix":3},"r":{"k":0,"ix":6},"o":{"k":100,"ix":7},"sk":{"k":0,"ix":4},"sa":{"k":0,"ix":5},"nm":"变换"}],"nm":"椭圆 6","np":5,"mn":"ADBE Vector Group"},{"ty":"gr","it":[{"d":1,"ty":"el","s":{"k":[83.891,91.172]},"p":{"k":[0,0]},"nm":"椭圆路径 1","mn":"ADBE Vector Shape - Ellipse"},{"ty":"mm","mm":2,"nm":"合并路径 1","mn":"ADBE Vector Filter - Merge"},{"ty":"mm","mm":2,"nm":"合并路径 2","mn":"ADBE Vector Filter - Merge"},{"ty":"st","c":{"k":[0.87,0.31,0,1]},"o":{"k":100},"w":{"k":7},"lc":1,"lj":1,"ml":4,"nm":"描边 1","mn":"ADBE Vector Graphic - Stroke"},{"ty":"fl","c":{"k":[0.91,0.5,0.16,1]},"o":{"k":100},"nm":"填充 1","mn":"ADBE Vector Graphic - Fill"},{"ty":"tr","p":{"k":[-251.102,148.742],"ix":2},"a":{"k":[0,0],"ix":1},"s":{"k":[89.543,82.9],"ix":3},"r":{"k":0,"ix":6},"o":{"k":100,"ix":7},"sk":{"k":0,"ix":4},"sa":{"k":0,"ix":5},"nm":"变换"}],"nm":"椭圆 5","np":5,"mn":"ADBE Vector Group"},{"ty":"gr","it":[{"d":1,"ty":"el","s":{"k":[83.891,91.172]},"p":{"k":[0,0]},"nm":"椭圆路径 1","mn":"ADBE Vector Shape - Ellipse"},{"ty":"mm","mm":2,"nm":"合并路径 1","mn":"ADBE Vector Filter - Merge"},{"ty":"mm","mm":2,"nm":"合并路径 2","mn":"ADBE Vector Filter - Merge"},{"ty":"st","c":{"k":[0.87,0.31,0,1]},"o":{"k":100},"w":{"k":7},"lc":1,"lj":1,"ml":4,"nm":"描边 1","mn":"ADBE Vector Graphic - Stroke"},{"ty":"fl","c":{"k":[0.91,0.5,0.16,1]},"o":{"k":100},"nm":"填充 1","mn":"ADBE Vector Graphic - Fill"},{"ty":"tr","p":{"k":[-305.211,110.805],"ix":2},"a":{"k":[0,0],"ix":1},"s":{"k":[115.983,125.062],"ix":3},"r":{"k":0,"ix":6},"o":{"k":100,"ix":7},"sk":{"k":0,"ix":4},"sa":{"k":0,"ix":5},"nm":"变换"}],"nm":"椭圆 4","np":5,"mn":"ADBE Vector Group"},{"ty":"gr","it":[{"d":1,"ty":"el","s":{"k":[106.984,91.086]},"p":{"k":[0,0]},"nm":"椭圆路径 1","mn":"ADBE Vector Shape - Ellipse"},{"ty":"mm","mm":2,"nm":"合并路径 1","mn":"ADBE Vector Filter - Merge"},{"ty":"mm","mm":2,"nm":"合并路径 2","mn":"ADBE Vector Filter - Merge"},{"ty":"st","c":{"k":[0.87,0.31,0,1]},"o":{"k":100},"w":{"k":7},"lc":1,"lj":1,"ml":4,"nm":"描边 1","mn":"ADBE Vector Graphic - Stroke"},{"ty":"fl","c":{"k":[0.91,0.5,0.16,1]},"o":{"k":100},"nm":"填充 1","mn":"ADBE Vector Graphic - Fill"},{"ty":"tr","p":{"k":[-300.805,51.348],"ix":2},"a":{"k":[0,0],"ix":1},"s":{"k":[100,106.949],"ix":3},"r":{"k":-25.012,"ix":6},"o":{"k":100,"ix":7},"sk":{"k":0,"ix":4},"sa":{"k":0,"ix":5},"nm":"变换"}],"nm":"椭圆 3","np":5,"mn":"ADBE Vector Group"},{"ty":"gr","it":[{"d":1,"ty":"el","s":{"k":[93.547,93.547]},"p":{"k":[0,0]},"nm":"椭圆路径 1","mn":"ADBE Vector Shape - Ellipse"},{"ty":"mm","mm":2,"nm":"合并路径 1","mn":"ADBE Vector Filter - Merge"},{"ty":"mm","mm":2,"nm":"合并路径 2","mn":"ADBE Vector Filter - Merge"},{"ty":"st","c":{"k":[0.87,0.31,0,1]},"o":{"k":100},"w":{"k":7},"lc":1,"lj":1,"ml":4,"nm":"描边 1","mn":"ADBE Vector Graphic - Stroke"},{"ty":"fl","c":{"k":[0.91,0.5,0.16,1]},"o":{"k":100},"nm":"填充 1","mn":"ADBE Vector Graphic - Fill"},{"ty":"tr","p":{"k":[-204.344,47.773],"ix":2},"a":{"k":[0,0],"ix":1},"s":{"k":[100,100],"ix":3},"r":{"k":0,"ix":6},"o":{"k":100,"ix":7},"sk":{"k":0,"ix":4},"sa":{"k":0,"ix":5},"nm":"变换"}],"nm":"椭圆 2","np":5,"mn":"ADBE Vector Group"},{"ty":"gr","it":[{"d":1,"ty":"el","s":{"k":[68.453,69.352]},"p":{"k":[0,0]},"nm":"椭圆路径 1","mn":"ADBE Vector Shape - Ellipse"},{"ty":"mm","mm":2,"nm":"合并路径 1","mn":"ADBE Vector Filter - Merge"},{"ty":"mm","mm":2,"nm":"合并路径 2","mn":"ADBE Vector Filter - Merge"},{"ty":"st","c":{"k":[0.87,0.31,0,1]},"o":{"k":100},"w":{"k":7},"lc":1,"lj":1,"ml":4,"nm":"描边 1","mn":"ADBE Vector Graphic - Stroke"},{"ty":"fl","c":{"k":[0.91,0.5,0.16,1]},"o":{"k":100},"nm":"填充 1","mn":"ADBE Vector Graphic - Fill"},{"ty":"tr","p":{"k":[-243.773,22.676],"ix":2},"a":{"k":[0,0],"ix":1},"s":{"k":[100,100],"ix":3},"r":{"k":0,"ix":6},"o":{"k":100,"ix":7},"sk":{"k":0,"ix":4},"sa":{"k":0,"ix":5},"nm":"变换"}],"nm":"椭圆 1","np":5,"mn":"ADBE Vector Group"},{"ty":"mm","mm":2,"nm":"合并路径 1","mn":"ADBE Vector Filter - Merge"},{"ty":"st","c":{"k":[0.87,0.31,0,1]},"o":{"k":100},"w":{"k":7},"lc":1,"lj":1,"ml":4,"nm":"描边 1","mn":"ADBE Vector Graphic - Stroke"},{"ty":"fl","c":{"k":[0.91,0.5,0.16,1]},"o":{"k":100},"nm":"填充 1","mn":"ADBE Vector Graphic - Fill"}],"ip":0,"op":60.0000305379566,"st":0,"bm":0,"sr":1},{"ddd":0,"ind":5,"ty":4,"nm":"火焰下","ks":{"o":{"k":100},"r":{"k":0},"p":{"k":[400,300,0]},"a":{"k":[0,0,0]},"s":{"k":[100,100,100]}},"ao":0,"shapes":[{"ty":"gr","it":[{"ind":0,"ty":"sh","ks":{"k":{"i":[[9,8.5],[0,0],[0,0],[-59.5,55.5]],"o":[[-81,70.5],[0,0],[0,0],[2.194,-2.046]],"v":[[13.5,-37.5],[-94,32],[-47,87],[37,-10]],"c":true}},"nm":"路径 1","mn":"ADBE Vector Shape - Group"},{"ty":"fl","c":{"k":[0.87,0.32,0,1]},"o":{"k":100},"nm":"填充 1","mn":"ADBE Vector Graphic - Fill"},{"ty":"tr","p":{"k":[0,0],"ix":2},"a":{"k":[0,0],"ix":1},"s":{"k":[100,100],"ix":3},"r":{"k":0,"ix":6},"o":{"k":100,"ix":7},"sk":{"k":0,"ix":4},"sa":{"k":0,"ix":5},"nm":"变换"}],"nm":"形状 1","np":3,"mn":"ADBE Vector Group"}],"ip":0,"op":60.0000305379566,"st":0,"bm":0,"sr":1},{"ddd":0,"ind":6,"ty":2,"nm":"bg1.png","cl":"png","refId":"image_1","ks":{"o":{"k":100},"r":{"k":43.589},"p":{"k":[{"i":{"x":0.833,"y":0.833},"o":{"x":0.167,"y":0.167},"n":"0p833_0p833_0p167_0p167","t":0,"s":[593.904,162.144,0],"e":[402.001,364.554,0],"to":[-31.9837951660156,33.7351036071777,0],"ti":[31.9837951660156,-33.7351036071777,0]},{"t":59.0000300289907}]},"a":{"k":[400,300,0]},"s":{"k":[100,100,100]}},"ao":0,"ip":0,"op":59.9599914550781,"st":0,"bm":0,"sr":1},{"ddd":0,"ind":7,"ty":4,"nm":"bg","ks":{"o":{"k":100},"r":{"k":0},"p":{"k":[400,300,0]},"a":{"k":[0,0,0]},"s":{"k":[100,100,100]}},"ao":0,"shapes":[{"ty":"gr","it":[{"ty":"rc","d":1,"s":{"k":[800,600]},"p":{"k":[0,0]},"r":{"k":0},"nm":"矩形路径 1","mn":"ADBE Vector Shape - Rect"},{"ty":"fl","c":{"k":[0.14,0.17,0.22,1]},"o":{"k":100},"nm":"填充 1","mn":"ADBE Vector Graphic - Fill"},{"ty":"tr","p":{"k":[0,0],"ix":2},"a":{"k":[0,0],"ix":1},"s":{"k":[100,100],"ix":3},"r":{"k":0,"ix":6},"o":{"k":100,"ix":7},"sk":{"k":0,"ix":4},"sa":{"k":0,"ix":5},"nm":"变换"}],"nm":"矩形 1","np":3,"mn":"ADBE Vector Group"}],"ip":0,"op":60.0000305379566,"st":0,"bm":0,"sr":1}],"v":"4.5.4","ddd":0,"ip":0,"op":60.0000305379566,"fr":29.9799957275391,"w":800,"h":600}