{"v":"4.7.0","fr":60,"ip":0,"op":116,"w":1920,"h":1080,"nm":"Comp 1","ddd":0,"assets":[],"layers":[{"ddd":0,"ind":1,"ty":4,"nm":"Shape Layer 2","ks":{"o":{"a":0,"k":100},"r":{"a":0,"k":0},"p":{"a":1,"k":[{"i":{"x":0.833,"y":0.833},"o":{"x":0.167,"y":0.167},"n":"0p833_0p833_0p167_0p167","t":0,"s":[-160,540,0],"e":[960,540,0],"to":[0,0,0],"ti":[0,0,0]},{"t":36}]},"a":{"a":0,"k":[0,0,0]},"s":{"a":0,"k":[100,100,100]}},"ao":0,"shapes":[{"d":1,"ty":"el","s":{"a":0,"k":[357,357]},"p":{"a":0,"k":[0,0]},"nm":"Ellipse Path 1","mn":"ADBE Vector Shape - Ellipse"},{"ty":"gf","o":{"a":0,"k":100},"r":1,"g":{"p":3,"k":{"a":0,"k":[0,0.83,0.805,0.851,0.5,0.898,0.523,0.781,1,0.966,0.241,0.711]}},"s":{"a":0,"k":[0,0]},"e":{"a":0,"k":[100,0]},"t":2,"h":{"a":0,"k":0},"a":{"a":0,"k":0},"nm":"Gradient Fill 1","mn":"ADBE Vector Graphic - G-Fill"}],"ip":0,"op":116,"st":0,"bm":0,"sr":1},{"ddd":0,"ind":2,"ty":4,"nm":"Shape Layer 1","ks":{"o":{"a":0,"k":100},"r":{"a":0,"k":0},"p":{"a":1,"k":[{"i":{"x":0.833,"y":0.833},"o":{"x":0.167,"y":0.167},"n":"0p833_0p833_0p167_0p167","t":36,"s":[1312,540,0],"e":[2152,540,0],"to":[0,0,0],"ti":[0,0,0]},{"t":105}]},"a":{"a":0,"k":[0,0,0]},"s":{"a":1,"k":[{"i":{"x":[0.833,0.833,0.833],"y":[0.833,0.833,0.833]},"o":{"x":[0.167,0.167,0.167],"y":[0.167,0.167,0.167]},"n":["0p833_0p833_0p167_0p167","0p833_0p833_0p167_0p167","0p833_0p833_0p167_0p167"],"t":0,"s":[0,0,100],"e":[100,100,100]},{"t":36}]}},"ao":0,"shapes":[{"d":1,"ty":"el","s":{"a":0,"k":[357,357]},"p":{"a":0,"k":[0,0]},"nm":"Ellipse Path 1","mn":"ADBE Vector Shape - Ellipse"},{"ty":"gf","o":{"a":0,"k":100},"r":1,"g":{"p":3,"k":{"a":0,"k":[0,0.851,0.805,0.827,0.5,0.546,0.754,0.897,1,0.241,0.702,0.966]}},"s":{"a":0,"k":[0,0]},"e":{"a":0,"k":[100,0]},"t":2,"h":{"a":0,"k":0},"a":{"a":0,"k":0},"nm":"Gradient Fill 1","mn":"ADBE Vector Graphic - G-Fill"}],"ip":0,"op":116,"st":0,"bm":0,"sr":1}]}