{"v":"5.1.18","fr":29.9700012207031,"ip":0,"op":91.000003706506,"w":1210,"h":800,"nm":"Footer Section","ddd":0,"assets":[{"id":"image_0","w":1210,"h":800,"u":"images/","p":"img_0.png","e":0},{"id":"image_1","w":1210,"h":800,"u":"images/","p":"img_1.png","e":0},{"id":"image_2","w":1210,"h":800,"u":"images/","p":"img_2.png","e":0},{"id":"image_3","w":1210,"h":800,"u":"images/","p":"img_3.png","e":0},{"id":"image_4","w":1210,"h":800,"u":"images/","p":"img_4.png","e":0},{"id":"image_5","w":1210,"h":800,"u":"images/","p":"img_5.png","e":0},{"id":"image_6","w":1210,"h":800,"u":"images/","p":"img_6.png","e":0},{"id":"image_7","w":1210,"h":800,"u":"images/","p":"img_7.png","e":0},{"id":"image_8","w":1210,"h":800,"u":"images/","p":"img_8.png","e":0},{"id":"image_9","w":1210,"h":800,"u":"images/","p":"img_9.png","e":0},{"id":"image_10","w":1210,"h":800,"u":"images/","p":"img_10.png","e":0},{"id":"image_11","w":1210,"h":800,"u":"images/","p":"img_11.png","e":0},{"id":"image_12","w":1210,"h":800,"u":"images/","p":"img_12.png","e":0},{"id":"image_13","w":1210,"h":800,"u":"images/","p":"img_13.png","e":0},{"id":"image_14","w":1210,"h":800,"u":"images/","p":"img_14.png","e":0},{"id":"image_15","w":1210,"h":800,"u":"images/","p":"img_15.png","e":0},{"id":"image_16","w":1210,"h":800,"u":"images/","p":"img_16.png","e":0},{"id":"image_17","w":1210,"h":800,"u":"images/","p":"img_17.png","e":0},{"id":"image_18","w":1210,"h":800,"u":"images/","p":"img_18.png","e":0},{"id":"image_19","w":1210,"h":800,"u":"images/","p":"img_19.png","e":0},{"id":"image_20","w":1210,"h":800,"u":"images/","p":"img_20.png","e":0},{"id":"image_21","w":1210,"h":800,"u":"images/","p":"img_21.png","e":0},{"id":"image_22","w":1210,"h":800,"u":"images/","p":"img_22.png","e":0},{"id":"comp_0","layers":[{"ddd":0,"ind":1,"ty":2,"nm":"JellyFish/footerAnimation.psd","cl":"psd","refId":"image_0","sr":1,"ks":{"o":{"a":0,"k":100,"ix":11},"r":{"a":0,"k":0,"ix":10},"p":{"a":0,"k":[605,400,0],"ix":2},"a":{"a":0,"k":[341,287,0],"ix":1},"s":{"a":0,"k":[100,100,100],"ix":6}},"ao":0,"ef":[{"ty":5,"nm":"Wave Warp","np":10,"mn":"ADBE Wave Warp","ix":1,"en":1,"ef":[{"ty":7,"nm":"Wave Type","mn":"ADBE Wave Warp-0001","ix":1,"v":{"a":0,"k":1,"ix":1}},{"ty":0,"nm":"Wave Height","mn":"ADBE Wave Warp-0002","ix":2,"v":{"a":0,"k":6,"ix":2}},{"ty":0,"nm":"Wave Width","mn":"ADBE Wave Warp-0003","ix":3,"v":{"a":0,"k":56.6,"ix":3}},{"ty":0,"nm":"Direction","mn":"ADBE Wave Warp-0004","ix":4,"v":{"a":0,"k":152,"ix":4}},{"ty":7,"nm":"Wave Speed","mn":"ADBE Wave Warp-0005","ix":5,"v":{"a":1,"k":[{"t":0,"s":[1],"h":1},{"t":60.0000024438501,"s":[0],"h":1}],"ix":5}},{"ty":7,"nm":"Pinning","mn":"ADBE Wave Warp-0006","ix":6,"v":{"a":0,"k":3,"ix":6}},{"ty":0,"nm":"Phase","mn":"ADBE Wave Warp-0007","ix":7,"v":{"a":0,"k":0,"ix":7}},{"ty":7,"nm":"Antialiasing (Best Quality)","mn":"ADBE Wave Warp-0008","ix":8,"v":{"a":0,"k":2,"ix":8}}]}],"ip":0,"op":900.000036657751,"st":0,"bm":0}]},{"id":"comp_1","layers":[{"ddd":0,"ind":1,"ty":2,"nm":"Vector Smart Object","refId":"image_2","sr":1,"ks":{"o":{"a":1,"k":[{"i":{"x":[0.833],"y":[0.833]},"o":{"x":[0.167],"y":[0.167]},"n":["0p833_0p833_0p167_0p167"],"t":0,"s":[0],"e":[100]},{"t":88.0000035843135}],"ix":11},"r":{"a":0,"k":0,"ix":10},"p":{"a":1,"k":[{"i":{"x":0.667,"y":1},"o":{"x":0.167,"y":0.167},"n":"0p667_1_0p167_0p167","t":0,"s":[605,420,0],"e":[605,400,0],"to":[0,-3.33333325386047,0],"ti":[0,3.33333325386047,0]},{"t":88.0000035843135}],"ix":2},"a":{"a":0,"k":[605,400,0],"ix":1},"s":{"a":0,"k":[100,100,100],"ix":6}},"ao":0,"ip":0,"op":900.000036657751,"st":0,"bm":0},{"ddd":0,"ind":2,"ty":2,"nm":"Vector Smart Object","refId":"image_3","sr":1,"ks":{"o":{"a":1,"k":[{"i":{"x":[0.833],"y":[0.833]},"o":{"x":[0.167],"y":[0.167]},"n":["0p833_0p833_0p167_0p167"],"t":19,"s":[0],"e":[100]},{"t":107.000004358199}],"ix":11},"r":{"a":0,"k":0,"ix":10},"p":{"a":1,"k":[{"i":{"x":0.667,"y":1},"o":{"x":0.167,"y":0.167},"n":"0p667_1_0p167_0p167","t":19,"s":[605,420,0],"e":[605,400,0],"to":[0,-3.33333325386047,0],"ti":[0,3.33333325386047,0]},{"t":107.000004358199}],"ix":2},"a":{"a":0,"k":[605,400,0],"ix":1},"s":{"a":0,"k":[100,100,100],"ix":6}},"ao":0,"ip":19.0000007738859,"op":919.000037431637,"st":19.0000007738859,"bm":0},{"ddd":0,"ind":3,"ty":2,"nm":"Vector Smart Object","refId":"image_4","sr":1,"ks":{"o":{"a":1,"k":[{"i":{"x":[0.833],"y":[0.833]},"o":{"x":[0.167],"y":[0.167]},"n":["0p833_0p833_0p167_0p167"],"t":9,"s":[0],"e":[100]},{"t":97.000003950891}],"ix":11},"r":{"a":0,"k":0,"ix":10},"p":{"a":1,"k":[{"i":{"x":0.667,"y":1},"o":{"x":0.167,"y":0.167},"n":"0p667_1_0p167_0p167","t":9,"s":[605,440,0],"e":[605,400,0],"to":[0,-6.66666650772095,0],"ti":[0,6.66666650772095,0]},{"t":97.000003950891}],"ix":2},"a":{"a":0,"k":[605,400,0],"ix":1},"s":{"a":0,"k":[100,100,100],"ix":6}},"ao":0,"ip":9.00000036657752,"op":909.000037024329,"st":9.00000036657752,"bm":0},{"ddd":0,"ind":4,"ty":2,"nm":"Vector Smart Object","refId":"image_5","sr":1,"ks":{"o":{"a":1,"k":[{"i":{"x":[0.833],"y":[0.833]},"o":{"x":[0.167],"y":[0.167]},"n":["0p833_0p833_0p167_0p167"],"t":0,"s":[0],"e":[100]},{"t":88.0000035843135}],"ix":11},"r":{"a":0,"k":0,"ix":10},"p":{"a":1,"k":[{"i":{"x":0.667,"y":1},"o":{"x":0.167,"y":0.167},"n":"0p667_1_0p167_0p167","t":0,"s":[605,460,0],"e":[605,400,0],"to":[0,-10,0],"ti":[0,10,0]},{"t":88.0000035843135}],"ix":2},"a":{"a":0,"k":[605,400,0],"ix":1},"s":{"a":0,"k":[100,100,100],"ix":6}},"ao":0,"ip":0,"op":900.000036657751,"st":0,"bm":0},{"ddd":0,"ind":5,"ty":2,"nm":"Vector Smart Object","refId":"image_6","sr":1,"ks":{"o":{"a":1,"k":[{"i":{"x":[0.833],"y":[0.833]},"o":{"x":[0.167],"y":[0.167]},"n":["0p833_0p833_0p167_0p167"],"t":21,"s":[0],"e":[100]},{"t":109.000004439661}],"ix":11},"r":{"a":0,"k":0,"ix":10},"p":{"a":1,"k":[{"i":{"x":0.667,"y":1},"o":{"x":0.167,"y":0.167},"n":"0p667_1_0p167_0p167","t":21,"s":[605,420,0],"e":[605,400,0],"to":[0,-3.33333325386047,0],"ti":[0,3.33333325386047,0]},{"t":109.000004439661}],"ix":2},"a":{"a":0,"k":[605,400,0],"ix":1},"s":{"a":0,"k":[100,100,100],"ix":6}},"ao":0,"ip":21.0000008553475,"op":921.000037513099,"st":21.0000008553475,"bm":0},{"ddd":0,"ind":6,"ty":2,"nm":"Vector Smart Object","refId":"image_7","sr":1,"ks":{"o":{"a":1,"k":[{"i":{"x":[0.833],"y":[0.833]},"o":{"x":[0.167],"y":[0.167]},"n":["0p833_0p833_0p167_0p167"],"t":9,"s":[0],"e":[100]},{"t":97.000003950891}],"ix":11},"r":{"a":0,"k":0,"ix":10},"p":{"a":1,"k":[{"i":{"x":0.667,"y":1},"o":{"x":0.167,"y":0.167},"n":"0p667_1_0p167_0p167","t":9,"s":[605,412,0],"e":[605,400,0],"to":[0,-2,0],"ti":[0,2,0]},{"t":97.000003950891}],"ix":2},"a":{"a":0,"k":[605,400,0],"ix":1},"s":{"a":0,"k":[100,100,100],"ix":6}},"ao":0,"ip":9.00000036657752,"op":909.000037024329,"st":9.00000036657752,"bm":0},{"ddd":0,"ind":7,"ty":2,"nm":"Vector Smart Object","refId":"image_8","sr":1,"ks":{"o":{"a":1,"k":[{"i":{"x":[0.833],"y":[0.833]},"o":{"x":[0.167],"y":[0.167]},"n":["0p833_0p833_0p167_0p167"],"t":0,"s":[0],"e":[100]},{"t":88.0000035843135}],"ix":11},"r":{"a":0,"k":0,"ix":10},"p":{"a":1,"k":[{"i":{"x":0.667,"y":1},"o":{"x":0.167,"y":0.167},"n":"0p667_1_0p167_0p167","t":0,"s":[605,480,0],"e":[605,400,0],"to":[0,-13.3333330154419,0],"ti":[0,13.3333330154419,0]},{"t":88.0000035843135}],"ix":2},"a":{"a":0,"k":[605,400,0],"ix":1},"s":{"a":0,"k":[100,100,100],"ix":6}},"ao":0,"ip":0,"op":900.000036657751,"st":0,"bm":0},{"ddd":0,"ind":8,"ty":2,"nm":"Vector Smart Object","refId":"image_9","sr":1,"ks":{"o":{"a":1,"k":[{"i":{"x":[0.833],"y":[0.833]},"o":{"x":[0.167],"y":[0.167]},"n":["0p833_0p833_0p167_0p167"],"t":9,"s":[0],"e":[100]},{"t":97.000003950891}],"ix":11},"r":{"a":0,"k":0,"ix":10},"p":{"a":1,"k":[{"i":{"x":0.667,"y":1},"o":{"x":0.167,"y":0.167},"n":"0p667_1_0p167_0p167","t":9,"s":[605,460,0],"e":[605,400,0],"to":[0,-10,0],"ti":[0,10,0]},{"t":97.000003950891}],"ix":2},"a":{"a":0,"k":[605,400,0],"ix":1},"s":{"a":0,"k":[100,100,100],"ix":6}},"ao":0,"ip":9.00000036657752,"op":909.000037024329,"st":9.00000036657752,"bm":0},{"ddd":0,"ind":9,"ty":2,"nm":"Vector Smart Object","refId":"image_10","sr":1,"ks":{"o":{"a":1,"k":[{"i":{"x":[0.833],"y":[0.833]},"o":{"x":[0.167],"y":[0.167]},"n":["0p833_0p833_0p167_0p167"],"t":28,"s":[0],"e":[100]},{"t":116.000004724777}],"ix":11},"r":{"a":0,"k":0,"ix":10},"p":{"a":1,"k":[{"i":{"x":0.667,"y":1},"o":{"x":0.167,"y":0.167},"n":"0p667_1_0p167_0p167","t":28,"s":[605,440,0],"e":[605,400,0],"to":[0,-6.66666650772095,0],"ti":[0,6.66666650772095,0]},{"t":116.000004724777}],"ix":2},"a":{"a":0,"k":[605,400,0],"ix":1},"s":{"a":0,"k":[100,100,100],"ix":6}},"ao":0,"ip":28.0000011404634,"op":928.000037798215,"st":28.0000011404634,"bm":0},{"ddd":0,"ind":10,"ty":2,"nm":"Vector Smart Object","refId":"image_11","sr":1,"ks":{"o":{"a":1,"k":[{"i":{"x":[0.833],"y":[0.833]},"o":{"x":[0.167],"y":[0.167]},"n":["0p833_0p833_0p167_0p167"],"t":21,"s":[0],"e":[100]},{"t":109.000004439661}],"ix":11},"r":{"a":0,"k":0,"ix":10},"p":{"a":1,"k":[{"i":{"x":0.667,"y":1},"o":{"x":0.167,"y":0.167},"n":"0p667_1_0p167_0p167","t":21,"s":[605,460,0],"e":[605,400,0],"to":[0,-10,0],"ti":[0,10,0]},{"t":109.000004439661}],"ix":2},"a":{"a":0,"k":[605,400,0],"ix":1},"s":{"a":0,"k":[100,100,100],"ix":6}},"ao":0,"ip":21.0000008553475,"op":921.000037513099,"st":21.0000008553475,"bm":0},{"ddd":0,"ind":11,"ty":2,"nm":"Vector Smart Object","refId":"image_12","sr":1,"ks":{"o":{"a":1,"k":[{"i":{"x":[0.833],"y":[0.833]},"o":{"x":[0.167],"y":[0.167]},"n":["0p833_0p833_0p167_0p167"],"t":0,"s":[0],"e":[100]},{"t":88.0000035843135}],"ix":11},"r":{"a":0,"k":0,"ix":10},"p":{"a":1,"k":[{"i":{"x":0.667,"y":1},"o":{"x":0.167,"y":0.167},"n":"0p667_1_0p167_0p167","t":0,"s":[605,480,0],"e":[605,400,0],"to":[0,-13.3333330154419,0],"ti":[0,13.3333330154419,0]},{"t":88.0000035843135}],"ix":2},"a":{"a":0,"k":[605,400,0],"ix":1},"s":{"a":0,"k":[100,100,100],"ix":6}},"ao":0,"ip":0,"op":900.000036657751,"st":0,"bm":0}]},{"id":"comp_2","layers":[{"ddd":0,"ind":1,"ty":2,"nm":"Vector Smart Object1","refId":"image_13","sr":1,"ks":{"o":{"a":1,"k":[{"i":{"x":[0.667],"y":[1]},"o":{"x":[0.167],"y":[0.167]},"n":["0p667_1_0p167_0p167"],"t":5,"s":[0],"e":[100]},{"t":75.0000030548126}],"ix":11},"r":{"a":0,"k":0,"ix":10},"p":{"a":1,"k":[{"i":{"x":0.667,"y":1},"o":{"x":0.167,"y":0.167},"n":"0p667_1_0p167_0p167","t":5,"s":[525,400,0],"e":[605,400,0],"to":[13.3333330154419,0,0],"ti":[-13.3333330154419,0,0]},{"t":75.0000030548126}],"ix":2},"a":{"a":0,"k":[605,400,0],"ix":1},"s":{"a":0,"k":[100,100,100],"ix":6}},"ao":0,"ip":5.00000020365417,"op":905.000036861406,"st":5.00000020365417,"bm":0},{"ddd":0,"ind":2,"ty":2,"nm":"Vector Smart Object1","refId":"image_14","sr":1,"ks":{"o":{"a":1,"k":[{"i":{"x":[0.667],"y":[1]},"o":{"x":[0.167],"y":[0.167]},"n":["0p667_1_0p167_0p167"],"t":11,"s":[0],"e":[100]},{"t":115.000004684046}],"ix":11},"r":{"a":0,"k":0,"ix":10},"p":{"a":1,"k":[{"i":{"x":0.667,"y":1},"o":{"x":0.167,"y":0.167},"n":"0p667_1_0p167_0p167","t":11,"s":[525,400,0],"e":[605,400,0],"to":[13.3333330154419,0,0],"ti":[-13.3333330154419,0,0]},{"t":115.000004684046}],"ix":2},"a":{"a":0,"k":[605,400,0],"ix":1},"s":{"a":0,"k":[100,100,100],"ix":6}},"ao":0,"ip":11.0000004480392,"op":911.000037105791,"st":11.0000004480392,"bm":0},{"ddd":0,"ind":3,"ty":2,"nm":"Vector Smart Object1","refId":"image_15","sr":1,"ks":{"o":{"a":1,"k":[{"i":{"x":[0.667],"y":[1]},"o":{"x":[0.167],"y":[0.167]},"n":["0p667_1_0p167_0p167"],"t":0,"s":[0],"e":[100]},{"t":85.000003462121}],"ix":11},"r":{"a":0,"k":0,"ix":10},"p":{"a":1,"k":[{"i":{"x":0.667,"y":1},"o":{"x":0.167,"y":0.167},"n":"0p667_1_0p167_0p167","t":0,"s":[525,400,0],"e":[605,400,0],"to":[13.3333330154419,0,0],"ti":[-13.3333330154419,0,0]},{"t":85.000003462121}],"ix":2},"a":{"a":0,"k":[605,400,0],"ix":1},"s":{"a":0,"k":[100,100,100],"ix":6}},"ao":0,"ip":0,"op":900.000036657751,"st":0,"bm":0},{"ddd":0,"ind":4,"ty":2,"nm":"Vector Smart Object1","refId":"image_16","sr":1,"ks":{"o":{"a":1,"k":[{"i":{"x":[0.667],"y":[1]},"o":{"x":[0.167],"y":[0.167]},"n":["0p667_1_0p167_0p167"],"t":17,"s":[0],"e":[100]},{"t":90.0000036657751}],"ix":11},"r":{"a":0,"k":0,"ix":10},"p":{"a":1,"k":[{"i":{"x":0.667,"y":1},"o":{"x":0.167,"y":0.167},"n":"0p667_1_0p167_0p167","t":17,"s":[525,400,0],"e":[605,400,0],"to":[13.3333330154419,0,0],"ti":[-13.3333330154419,0,0]},{"t":90.0000036657751}],"ix":2},"a":{"a":0,"k":[605,400,0],"ix":1},"s":{"a":0,"k":[100,100,100],"ix":6}},"ao":0,"ip":17.0000006924242,"op":917.000037350176,"st":17.0000006924242,"bm":0}]},{"id":"comp_3","layers":[{"ddd":0,"ind":1,"ty":2,"nm":"Vector Smart Object1","refId":"image_17","sr":1,"ks":{"o":{"a":1,"k":[{"i":{"x":[0.833],"y":[0.833]},"o":{"x":[0.167],"y":[0.167]},"n":["0p833_0p833_0p167_0p167"],"t":0,"s":[0],"e":[100]},{"t":89.0000036250443}],"ix":11},"r":{"a":0,"k":0,"ix":10},"p":{"a":1,"k":[{"i":{"x":0.667,"y":1},"o":{"x":0.167,"y":0.167},"n":"0p667_1_0p167_0p167","t":0,"s":[585,400,0],"e":[605,400,0],"to":[3.33333325386047,0,0],"ti":[-3.33333325386047,0,0]},{"t":90.0000036657751}],"ix":2},"a":{"a":0,"k":[605,400,0],"ix":1},"s":{"a":0,"k":[100,100,100],"ix":6}},"ao":0,"ip":0,"op":900.000036657751,"st":0,"bm":0},{"ddd":0,"ind":2,"ty":2,"nm":"Vector Smart Object1","refId":"image_18","sr":1,"ks":{"o":{"a":1,"k":[{"i":{"x":[0.833],"y":[0.833]},"o":{"x":[0.167],"y":[0.167]},"n":["0p833_0p833_0p167_0p167"],"t":14,"s":[0],"e":[100]},{"t":103.000004195276}],"ix":11},"r":{"a":0,"k":0,"ix":10},"p":{"a":1,"k":[{"i":{"x":0.667,"y":1},"o":{"x":0.167,"y":0.167},"n":"0p667_1_0p167_0p167","t":14,"s":[505,400,0],"e":[605,400,0],"to":[16.6666660308838,0,0],"ti":[-16.6666660308838,0,0]},{"t":104.000004236007}],"ix":2},"a":{"a":0,"k":[605,400,0],"ix":1},"s":{"a":0,"k":[100,100,100],"ix":6}},"ao":0,"ip":14.0000005702317,"op":914.000037227983,"st":14.0000005702317,"bm":0},{"ddd":0,"ind":3,"ty":2,"nm":"Vector Smart Object1","refId":"image_19","sr":1,"ks":{"o":{"a":1,"k":[{"i":{"x":[0.833],"y":[0.833]},"o":{"x":[0.167],"y":[0.167]},"n":["0p833_0p833_0p167_0p167"],"t":7,"s":[0],"e":[100]},{"t":96.0000039101602}],"ix":11},"r":{"a":0,"k":0,"ix":10},"p":{"a":1,"k":[{"i":{"x":0.667,"y":1},"o":{"x":0.167,"y":0.167},"n":"0p667_1_0p167_0p167","t":7,"s":[573,400,0],"e":[605,400,0],"to":[5.33333349227905,0,0],"ti":[-5.33333349227905,0,0]},{"t":97.000003950891}],"ix":2},"a":{"a":0,"k":[605,400,0],"ix":1},"s":{"a":0,"k":[100,100,100],"ix":6}},"ao":0,"ip":7.00000028511585,"op":907.000036942867,"st":7.00000028511585,"bm":0},{"ddd":0,"ind":4,"ty":2,"nm":"Vector Smart Object1","refId":"image_20","sr":1,"ks":{"o":{"a":1,"k":[{"i":{"x":[0.833],"y":[0.833]},"o":{"x":[0.167],"y":[0.167]},"n":["0p833_0p833_0p167_0p167"],"t":35,"s":[0],"e":[100]},{"t":124.000005050624}],"ix":11},"r":{"a":0,"k":0,"ix":10},"p":{"a":1,"k":[{"i":{"x":0.667,"y":1},"o":{"x":0.167,"y":0.167},"n":"0p667_1_0p167_0p167","t":35,"s":[525,400,0],"e":[605,400,0],"to":[13.3333330154419,0,0],"ti":[-13.3333330154419,0,0]},{"t":125.000005091354}],"ix":2},"a":{"a":0,"k":[605,400,0],"ix":1},"s":{"a":0,"k":[100,100,100],"ix":6}},"ao":0,"ip":35.0000014255792,"op":935.000038083331,"st":35.0000014255792,"bm":0},{"ddd":0,"ind":5,"ty":2,"nm":"Vector Smart Object1","refId":"image_21","sr":1,"ks":{"o":{"a":1,"k":[{"i":{"x":[0.833],"y":[0.833]},"o":{"x":[0.167],"y":[0.167]},"n":["0p833_0p833_0p167_0p167"],"t":43,"s":[0],"e":[100]},{"t":132.00000537647}],"ix":11},"r":{"a":0,"k":0,"ix":10},"p":{"a":1,"k":[{"i":{"x":0.667,"y":1},"o":{"x":0.167,"y":0.167},"n":"0p667_1_0p167_0p167","t":43,"s":[545,400,0],"e":[605,400,0],"to":[10,0,0],"ti":[-10,0,0]},{"t":133.000005417201}],"ix":2},"a":{"a":0,"k":[605,400,0],"ix":1},"s":{"a":0,"k":[100,100,100],"ix":6}},"ao":0,"ip":43.0000017514259,"op":943.000038409177,"st":43.0000017514259,"bm":0}]}],"layers":[{"ddd":0,"ind":1,"ty":0,"nm":"JellyFish","refId":"comp_0","sr":1,"ks":{"o":{"a":1,"k":[{"i":{"x":[0.667],"y":[1]},"o":{"x":[0.167],"y":[0.167]},"n":["0p667_1_0p167_0p167"],"t":13,"s":[0],"e":[100]},{"t":72.0000029326201}],"ix":11},"r":{"a":0,"k":0,"ix":10},"p":{"a":1,"k":[{"i":{"x":0.667,"y":1},"o":{"x":0.167,"y":0.167},"n":"0p667_1_0p167_0p167","t":13,"s":[394.555,404.642,0],"e":[323.375,294.778,0],"to":[-11.8633146286011,-18.3107681274414,0],"ti":[11.8633146286011,18.3107681274414,0]},{"t":72.0000029326201}],"ix":2},"a":{"a":0,"k":[605,400,0],"ix":1},"s":{"a":1,"k":[{"i":{"x":[0.667,0.667,0.667],"y":[1,1,1]},"o":{"x":[0.167,0.167,0.167],"y":[0.167,0.167,-0.282]},"n":["0p667_1_0p167_0p167","0p667_1_0p167_0p167","0p667_1_0p167_-0p282"],"t":13,"s":[60,60,100],"e":[100,100,100]},{"t":72.0000029326201}],"ix":6}},"ao":0,"w":1210,"h":800,"ip":13.0000005295009,"op":913.000037187252,"st":13.0000005295009,"bm":0},{"ddd":0,"ind":2,"ty":2,"nm":"Squid","refId":"image_1","sr":1,"ks":{"o":{"a":1,"k":[{"i":{"x":[0.667],"y":[1]},"o":{"x":[0.167],"y":[0.167]},"n":["0p667_1_0p167_0p167"],"t":0,"s":[0],"e":[100]},{"t":57.0000023216576}],"ix":11},"r":{"a":1,"k":[{"i":{"x":[0.667],"y":[1]},"o":{"x":[0.167],"y":[0]},"n":["0p667_1_0p167_0"],"t":0,"s":[31],"e":[0]},{"t":57.0000023216576}],"ix":10},"p":{"a":1,"k":[{"i":{"x":0.667,"y":1},"o":{"x":0.167,"y":0.167},"n":"0p667_1_0p167_0p167","t":0,"s":[637.495,526.886,0],"e":[605,400,0],"to":[-44.1005821228027,-41.2637062072754,0],"ti":[-6.96325922012329,36.6215400695801,0]},{"t":57.0000023216576}],"ix":2},"a":{"a":0,"k":[605,400,0],"ix":1},"s":{"a":1,"k":[{"i":{"x":[0.667,0.667,0.667],"y":[1,1,1]},"o":{"x":[0.167,0.167,0.167],"y":[0.167,0.167,0.379]},"n":["0p667_1_0p167_0p167","0p667_1_0p167_0p167","0p667_1_0p167_0p379"],"t":0,"s":[43,43,100],"e":[100,100,100]},{"t":57.0000023216576}],"ix":6}},"ao":0,"ip":0,"op":900.000036657751,"st":0,"bm":0},{"ddd":0,"ind":3,"ty":0,"nm":"Bubble","refId":"comp_1","sr":1,"ks":{"o":{"a":0,"k":100,"ix":11},"r":{"a":0,"k":0,"ix":10},"p":{"a":0,"k":[605,400,0],"ix":2},"a":{"a":0,"k":[605,400,0],"ix":1},"s":{"a":0,"k":[100,100,100],"ix":6}},"ao":0,"w":1210,"h":800,"ip":0,"op":900.000036657751,"st":0,"bm":0},{"ddd":0,"ind":4,"ty":0,"nm":"Fire Right","refId":"comp_2","sr":1,"ks":{"o":{"a":0,"k":100,"ix":11},"r":{"a":0,"k":0,"ix":10},"p":{"a":0,"k":[605,400,0],"ix":2},"a":{"a":0,"k":[605,400,0],"ix":1},"s":{"a":0,"k":[100,100,100],"ix":6}},"ao":0,"w":1210,"h":800,"ip":0,"op":900.000036657751,"st":0,"bm":0},{"ddd":0,"ind":5,"ty":0,"nm":"Fish Left","refId":"comp_3","sr":1,"ks":{"o":{"a":0,"k":100,"ix":11},"r":{"a":0,"k":0,"ix":10},"p":{"a":0,"k":[605,400,0],"ix":2},"a":{"a":0,"k":[605,400,0],"ix":1},"s":{"a":0,"k":[100,100,100],"ix":6}},"ao":0,"w":1210,"h":800,"ip":0,"op":900.000036657751,"st":0,"bm":0},{"ddd":0,"ind":8,"ty":2,"nm":"logo copy","refId":"image_22","sr":1,"ks":{"o":{"a":0,"k":100,"ix":11},"r":{"a":0,"k":0,"ix":10},"p":{"a":0,"k":[605,400,0],"ix":2},"a":{"a":0,"k":[605,400,0],"ix":1},"s":{"a":0,"k":[100,100,100],"ix":6}},"ao":0,"ip":0,"op":900.000036657751,"st":0,"bm":0}],"markers":[]}